Speed_Mach,Altitude_meters,GPS_Signal_Strength_dBm,Inertial_Accel_m_s2,Doppler_Shift_Hz,Fault_Event
2.091332735730765,43265.89598873683,-67.24128513607388,1.4044484399791357,10.095906196513376,1
4.451041890874176,39723.75389457759,-107.98593480039116,1.420469687893874,9.42492197994786,0
7.414422252684274,35107.91672844093,-108.39821075185964,1.9021704476969303,-18.618610135941964,0
6.959395104851287,38799.39136607136,-111.34563215282247,1.0700424998999516,16.534619002590638,0
8.583636585003825,28618.81843823512,-107.97183073001108,2.6670553737330382,-19.64665157857668,0
7.550725049503729,35066.48351641447,-77.4722246836232,1.207849753655028,-4.745765582368762,0
2.582141182022641,34382.62477187765,-100.10953147632078,1.5048809692076193,-33.45717331558777,1
6.145161440145997,41796.91443369607,-66.64820605523333,0.2362115586401161,31.354058124450265,1
8.928807046006067,33558.17544204615,-100.82852045420748,2.8159693524462224,11.046228066364634,0
5.724964608533519,46582.27900155677,-79.01318791421107,0.520922329620894,14.913444700388595,0
4.43513958957691,20148.91141169715,-110.941296337895,2.9301769947161365,-15.559868730797948,1
7.974282566633006,35941.90373670562,-99.19546967085527,2.482169494721721,-1.3006161316024285,0
4.0437819698751145,29361.264590730545,-111.626209748781,4.438636969878407,23.08462154650765,1
9.298475672350882,48159.17457520319,-81.05217062342778,0.998933331811742,-0.7179437274640748,0
3.8780045850431897,45566.49887233204,-76.16145643831099,0.3741089168844901,19.528031662052555,1
8.28929865269607,42649.7090236495,-103.10220661202592,2.3434535471387585,-20.76240156884861,0
3.2248661093494317,30629.263850553467,-79.04990966413098,1.5454877232861164,-15.37857456234612,0
7.6865231574455,41457.235434495495,-93.4417391362638,1.6624725205422068,1.2034884405226158,0
5.931108757637052,29682.27646726536,-78.34541863769621,1.8014850172182315,-9.944606154628827,0
8.252390526309245,38409.75432223646,-99.37073988126602,2.40288274205977,16.726323459237634,0
7.6873956404942865,53967.09066058483,-91.42592846988563,3.806764158431736,15.960630809444105,1
3.905626698640547,36341.225104590754,-102.9412969599276,0.661694902167083,32.34901696747178,1
3.789607990784115,29832.576609028143,-101.08257965686144,3.4939873655404496,-29.225734033049758,1
2.229377240052064,35432.41961423705,-76.11550449606882,1.4025281882438971,25.682972117732696,1
5.710220005059828,29456.20979393557,-88.1163801895438,2.333269268145962,9.575680904033334,0
8.927034674221584,28763.05329234094,-92.52715026414585,3.1451006401455945,17.660789719594177,0
8.497949281174435,46671.98250965285,-110.0538306386458,0.7807336346149526,18.40865548108385,0
6.697733074063893,21679.796959111107,-94.80713985676172,2.557466952728913,33.88742627145376,1
8.48784656184473,33089.72028262093,-114.12348415025711,2.2598275252736286,20.86120737405593,0
4.330185739700449,43837.7752471853,-99.89436723238468,2.5739048084350595,-10.042243827932657,0
5.101092386726419,23540.17651331258,-109.85705912462696,1.3227688982200976,-6.38023229722776,1
9.4692966467128,44681.92164347957,-81.41061475084781,2.3676425483385017,20.955836174830655,0
5.504046463073894,32296.183782408025,-99.48801762486426,0.7540985507855675,20.056802242821654,0
6.658533024046845,36108.15495540666,-108.47422233003826,1.4952689590806152,-17.274333818328063,0
4.174317125998604,39977.565164718006,-107.80249774297356,2.1641653056569297,15.02564859177771,0
5.850815766667536,37716.67978214719,-91.47676489374057,3.334304297857128,-20.15506989052015,0
4.2137973403162725,29372.69772443097,-103.23550695745828,3.389836909518463,14.90959504691002,0
3.8918488580207136,20850.37971729153,-95.0780036785607,2.589863936133989,23.930488520782998,1
8.518692589915283,28200.148443438015,-87.79802510173667,3.43654501930282,-11.566756437078658,0
5.011700756745436,38557.98853404028,-93.0527732852034,0.7057693096151745,24.14068026675605,0
4.635354102323121,31705.29062564687,-104.1499519721414,1.3668408824749398,0.6758955224760719,0
9.108561549517429,33829.34288213293,-93.11869533517958,1.7868785700942813,-16.9989437406227,0
6.682696801743433,42496.381175510935,-114.70245186413104,2.849620040450524,22.71447861589505,0
7.151085729869869,33915.55021933788,-109.354157061111,1.8150812210256984,1.4462198062986609,0
7.448451788107641,40589.729706906255,-94.6571651371424,2.9739555831048654,-5.7228249087639504,0
7.616673443324746,37326.44054556453,-107.17740877070965,2.1512937116691733,1.5598208258866215,0
4.71954343170433,37247.14151679596,-91.85215343129242,1.5465775900863976,7.091295541466295,0
7.439715380170969,46138.46046726238,-105.8506990331924,1.833999242076691,10.039001311377111,0
8.519670052304914,41199.24793194284,-87.91442668436464,0.9930622785521096,24.19502352941389,0
6.012436922336977,25671.00036725766,-114.902133001678,1.2880310706832123,22.80132980665386,0
8.714187983316856,37296.51941504991,-76.6690294753478,2.2652696716940826,-4.734115142335881,0
2.938199672829796,25088.539149435084,-105.33849203174552,2.251362337061968,-23.81309011246882,1
5.081432857172557,47092.38679182554,-97.4751559364566,1.161088774272166,26.283842177539952,1
5.626527192886906,49216.99881717335,-100.85552166527728,2.9161122696086084,23.74928796920542,0
5.050598709711737,49693.51635032665,-83.96752869454127,2.314294546289684,7.54566502609002,1
5.88799003525176,40169.07540793272,-98.99339236640792,2.337777036293456,-20.931538437182475,0
8.361602937438306,30605.167710707025,-107.23361840646884,2.384383252781189,-19.001111061219103,0
6.1765468276079565,27066.76564466167,-113.7655717742798,2.7831698556362725,-10.39550452206467,0
8.772436048605616,30347.02711735424,-65.02514584527881,2.1716324603283543,4.86288912928854,1
5.63185688159421,31518.21011297534,-87.62122968419507,3.2479913829538374,-15.669910411149171,0
3.615930779575654,29857.979351983875,-87.06539734353528,2.913173490181028,0.1024227781587434,0
4.895564583282496,49555.20976924008,-99.40476591686247,1.564028246987053,12.514648353183624,0
8.67536317802751,42868.36933482056,-110.6815814278576,1.140031385610485,10.985722544652404,0
7.64288713704482,38207.72022363165,-98.11981809842489,1.4475504507107066,-21.824471552726305,0
6.916021345911792,44085.45892358323,-92.94055868613376,3.040747801718702,-12.02092006861762,0
6.5168198972658224,47018.19017935958,-92.11680235500036,2.0351048359333688,-21.429699822475555,1
6.617465298722408,26753.621289674003,-93.9945195939189,1.1060355086222582,9.758542334806414,1
3.322267882618092,27861.16407338545,-113.45992887489334,2.553324151934367,18.028513878698973,0
3.7626617380523246,43820.59420414574,-111.7035097527154,1.058734022362375,10.792959871313428,1
9.20744259124179,41219.44336643102,-84.32624988018642,3.1783641080953893,-17.17296269458931,0
4.789374265119259,39031.60793763814,-102.64783930005976,1.82013140122898,23.861449866224905,0
7.3130693794747295,46509.22043533481,-101.99194733374084,1.9284642219661208,23.749077272004733,0
2.9028427681363587,44167.708286157766,-71.22222112986815,4.421058396843421,28.358078964173608,1
6.551386692853841,46708.788363533626,-96.97692201597896,3.1506142218498696,12.973660610365414,0
4.154570638891623,54949.80626967497,-105.97378169999268,1.454058358320418,-7.297104627013056,1
6.687898580266448,44919.49405275668,-107.28809002530753,2.5348122613484403,-12.927906225969938,0
6.08074646385405,25157.216648531736,-104.72658714461528,1.2346352206258993,-22.310321039240662,0
6.073366042444849,42036.058001446334,-102.51562537663722,1.4691895654487186,6.458212706534965,0
4.496781066302127,40598.000439468495,-105.43923840500528,2.703758532591501,22.6294114495265,0
5.859410316181626,36660.98751816968,-76.36458028592955,1.9406237297745736,17.216266526508484,0
8.111973197964923,51192.27944852911,-116.95414368740111,1.5427333630104507,-29.918602947084104,1
8.521425396414276,32161.68978125525,-90.5770910368772,0.9946832806492882,-17.04039998427698,0
5.072579202317482,40847.64254708859,-107.14296684315828,0.8492191756195887,-20.830689565824045,0
7.9280703913440895,31400.64953531792,-102.73010843721752,1.1708814853998142,-19.94856253547852,0
6.179129278784272,41526.00136865012,-111.35452489797284,2.132378087659041,-15.755938972897637,0
8.117930665071643,42489.04180860552,-92.27075240752131,2.2832843892815253,13.066136889167495,0
6.320830571604977,40489.71308695569,-98.33777266249383,1.4004389145648417,-11.669948148454534,0
6.131107153910922,48590.162446334376,-108.02475688118628,1.6724444939072354,-11.073643626847929,0
3.043729163799662,31197.720355429254,-77.42493948121262,1.9722575602895205,-18.974201116404963,0
3.0645548078857723,44576.80934924247,-91.11485445542336,0.7334261400116312,8.398124418589973,0
6.706793990089054,32224.4007711777,-91.75787338647568,3.3895404633853685,-6.251568026137345,0
9.2966215726586,29264.40287694495,-104.2300768422188,4.361564245652893,-0.3261941195365452,1
6.408459951341371,45735.20039652854,-114.60715254614114,1.7489088292246855,-17.48254616912699,0
8.42202207939393,34377.84854796229,-97.24190149678805,2.7318271365952813,11.995638239601384,0
3.8880954891904422,25933.956360725155,-75.35144796385882,1.1963215515552674,23.865752140844684,0
5.71935398565104,35533.45913062896,-96.45108404144035,1.1685401786228933,-12.565654801585342,1
7.348551081971978,38329.46506190025,-84.17851898600553,2.067154882460167,17.906679560898816,0
4.197504173320952,40953.78829620983,-111.54311911592342,0.9681869236316444,-4.789633254234111,0
6.761552579037188,53756.03232171162,-69.64978134236597,4.291108236797347,19.29800957715723,1
5.233501723122823,46491.80779988486,-93.1351986474781,3.3577414847306515,-23.42007384050207,0
2.2364355336447943,37258.24559242622,-109.63389237476922,2.432726117532117,18.896271939268985,1
4.944019280071462,50987.69580770732,-98.78791939693328,3.686538060498489,34.21512907169361,1
3.785631782578742,39294.11886066022,-113.38871433652118,0.9599135320874052,-6.426632290734137,0
9.688078671357598,39462.05750955506,-84.17402916087289,2.008008838384389,6.617852929439927,1
3.8496562698440098,33010.653533452074,-86.05491124455693,1.1938985751787816,12.627823639639177,1
6.2653010417857145,29610.113180878827,-102.91658091029312,0.4770240308809536,2.740939951718822,1
4.892817098462636,33092.31651542509,-118.92309684957604,1.1623318557543678,26.53868518512867,1
7.5288253635943985,45912.52852879286,-82.5395269623773,2.4230365677745622,10.820521660164149,0
9.67705499306101,52424.57067360009,-82.28262683093662,2.5674964751394067,3.439280517502503,1
2.013292598864433,21419.504524791588,-66.097788031108,3.641721794554957,8.092188596263483,1
9.471151506947413,46234.747884916505,-94.31972100317998,2.661680988573892,14.266646834693915,0
3.691152801678835,37428.58741338875,-83.03299110662087,1.16171757272877,15.222676546365442,0
6.29348257612406,33098.09598457675,-114.75474950258828,2.557507365940874,-7.931920738499866,0
3.2965968455104715,25632.93109103569,-108.92067745809408,3.0690045881811923,-16.09092998151175,0
9.045212986912311,48727.6827906898,-123.1682778411779,2.135965760785895,27.30206692969123,1
9.087734106226858,41865.810478764775,-104.4880369105464,3.4108909188643515,-15.07803752919047,0
5.376287722735738,40340.23930661976,-86.34738829839281,1.933369535791912,12.435945805568004,0
6.525598337872421,41455.76887491008,-88.55980215800513,3.4361528292123515,-10.892875436189506,1
6.076482389390691,45746.73326323174,-88.50434149514328,2.234543287607048,6.95559725451972,0
8.61632968304575,41274.23907783693,-87.51358383131543,0.9879695352454652,-21.31453052193129,0
8.202832030519488,30188.428637184657,-82.05815779657783,2.82523265195772,-3.174069785848687,0
7.197762707646388,34611.770642377465,-82.23319793130023,0.8497251769415344,19.53458495013699,0
5.970029719515274,48306.141027689344,-75.66867744906047,3.243698191747053,-18.983748957735912,0
8.295833243070504,52672.453192220106,-90.59506171521596,1.3228236976039125,23.90366092438046,1
4.9502221839974165,39053.46130179278,-92.28661923178754,1.6952057055899827,9.527158798032213,0
3.668881947642152,39347.80762980141,-86.08886506696534,1.1852132694597532,0.4412442455323422,0
2.119289274018214,51865.030530233606,-93.74878245253484,3.274425589566192,-6.931851299742892,1
4.616334338905784,32292.270240146056,-86.42730951486112,1.709918367566996,-13.036365213340634,0
4.845145093245462,22777.22953324605,-103.55514721445216,1.0628642637207508,30.63397961430485,1
8.235019153709914,49725.00197246556,-92.37611093680648,3.183016693686085,6.387217590779265,0
4.390532884284182,44142.70549085712,-77.9541230962937,1.2622673815490724,23.08258878156672,0
6.115718299003332,31856.02125520737,-97.02343443601616,0.9125908744437942,-6.1578917382094325,0
3.266670766203192,41987.47197457379,-110.3006212116822,2.597874550859637,-20.367178864459923,0
9.49153830225205,43336.16343578592,-100.760869786847,0.5863448848754489,11.423663833679932,0
4.25063582536937,38478.79257426434,-86.73274902553749,3.191764612328717,-1.627095029156134,0
8.178785993748585,26773.53843644589,-102.06856622884206,4.165051122021685,-1.2603917110744902,1
6.251397104330101,27778.93241563569,-90.839728165306,1.493777704360011,21.007790755062786,0
7.100601750681443,33002.08755270479,-102.95230802033127,1.4920054546218982,-2.292924061808911,0
6.234458250776914,46096.21947527413,-89.9383542201736,1.5290407359571363,-15.393146682752691,1
3.610281166093178,35581.168542423955,-101.12555994792004,1.820113127799666,-21.90808118379873,0
6.186953154426152,36836.210405442114,-80.00252674593077,2.751759049570277,15.371534267025917,0
9.109684004730749,39392.91450777777,-99.11700448331624,3.032718497068084,-15.913807186170793,0
8.159539717177813,28788.71709612508,-82.13175775136102,3.0230346407520106,19.567065644307178,0
6.752852224982922,42262.05545404267,-103.11174395492094,2.157100237710022,-10.122697017924596,0
7.65108298981884,49532.8746916068,-97.97198734266036,4.170858557392873,11.603463921931706,1
6.482914514417114,54481.85424503567,-114.5679823284657,2.9903400644342324,-30.23852123651534,1
7.014158990036597,28017.200820517064,-106.03617445040784,1.27346642301223,-7.983789300588594,0
5.724934052450884,28037.97288499695,-87.04656928828874,4.333302614171562,-31.383865579091605,1
9.330492299115964,34018.21957727191,-88.04787428285431,2.5708800630666824,-5.250138117134302,0
7.594113956955171,29577.61314491928,-75.55014897763687,2.895406696245055,0.1114622826947453,0
9.436355959427743,32541.447719855125,-93.29661783321184,2.7579179161705043,-22.62371227314908,1
4.597164311100712,28705.52332864661,-73.51231664355026,1.2932283543602388,-15.508628013046732,1
4.878175763363626,45928.742839486746,-98.8340674110876,2.1603768817936397,-23.380903014988863,0
6.53358082603339,52859.89138708141,-73.21467830780259,1.7483666455903148,-29.93241079917096,1
6.97627253192724,38297.43847566809,-83.16649258953922,0.8383036989287547,11.636946158706223,0
6.513588306919855,32693.27199080664,-93.64239812941734,3.002750876809167,-2.5346361225194727,0
4.066120421263069,38305.09527762129,-100.5420933811879,2.385501534003528,14.54050799828748,1
8.694946858245858,40964.883984444125,-106.77064698990247,2.8698350779736987,16.51946318796726,0
5.831012230150719,32331.851942191992,-99.9376780451298,3.9928599046974527,-17.039255769584035,1
8.282856095488494,25545.00456846532,-112.4211185581236,3.207488245799844,-2.8284338082005576,0
6.0743975680413165,30727.189421454743,-92.00642468187932,3.545328073914092,-31.24024494396283,1
6.457516933909605,34854.622885011784,-93.14475517177628,1.1027962628579489,-8.984178999261683,0
7.248941885956292,42319.21476056847,-112.51502672797857,0.8546745434119177,-9.65968289981901,0
7.385244282826322,47199.4476488908,-110.5613382509485,1.5967725768391683,5.956672519771132,0
6.392724132667567,45724.53956686328,-77.01301998641614,3.294666875718388,-12.40959707779769,0
7.911877835213835,28389.96851448562,-99.76203427528944,1.6381092625159035,-16.477102127992325,0
7.054485217274969,25332.129832106584,-114.14995212499925,2.57983834187345,-1.0879622132473123,0
7.871166607376991,31454.83046193097,-88.70171329608064,2.5154326019531297,-4.221217646501412,0
9.956006857901984,51442.99968523929,-68.18518249992931,2.491463274158996,-3.7436952520063898,1
3.195162925046393,27394.49227134377,-105.264199633431,1.5006150593306486,14.897066564517388,0
3.645805059939847,42142.00663703213,-93.2213655407142,3.4335275883561405,-7.066307939384103,0
8.990021106113371,29960.48834195299,-83.79068952723172,0.6844355540414183,-2.870731090232724,0
3.865832084151972,33081.14949136957,-87.27905768228928,2.5605573478091728,10.666797452977091,0
7.27276977243786,49410.54062704942,-75.93117250068333,0.828606379893878,-23.373549993822092,0
3.0328696286653725,27223.98517382793,-94.1931740486772,3.3359596039149317,15.841354249682333,0
7.083925776079736,32843.04506626154,-111.71071794306393,0.9734673183322748,0.8182945525511869,0
4.112209129747312,26140.31164600808,-105.47132900600334,0.6172720262322279,-17.5930261827834,0
6.7209514036369935,26271.96602346581,-85.88541668085824,1.1990703487779193,34.4702682088374,1
10.382393662850056,40179.54249166786,-88.96363851649325,1.3302676827982738,22.64364003221835,1
6.537807897844964,41220.33785859172,-102.5998445480498,1.305366430465785,-10.173455714889156,0
3.187793681498501,28271.395758263137,-80.71850693755431,1.608588999318075,14.946498127444292,0
8.177945963259056,28958.09658677447,-85.68250370094034,1.2624889314666774,16.62019150701105,0
3.901608935090632,41434.99218070286,-98.06869525764372,0.9387580926421324,0.922383793438602,0
8.68682336861442,43427.845532676605,-111.79387605615388,2.2568067027283485,-16.561349646952323,0
7.285053035287033,38490.92588480812,-95.24945465863176,3.488096460507313,4.894364154627546,1
7.669699494576754,39192.162007397405,-104.11565371412588,2.255303540093169,13.070930449050143,0
7.743912649668113,43847.29246092617,-84.6489610792747,1.0969109803671058,-18.326171666266788,0
6.6371425261148245,39512.17274728645,-104.58833391372367,2.0112401655206043,21.516347057810695,0
7.118801684128226,49854.95083413689,-87.92348095739601,1.1897904157674624,-9.213465298553569,0
6.5380194734715005,24930.326129836783,-68.32695408947018,1.864420412384114,-31.78628237191557,1
5.022516516161328,50015.57510082838,-77.56897738569451,3.1170371596493047,5.994119597677077,1
9.433655269795269,31433.487807104088,-95.54026745154356,1.5928679956216534,-24.32194731095825,0
6.358796372947744,51217.886591226175,-88.315151471229,2.395246715854264,2.2918628885043475,1
5.74600418592787,40328.35698109731,-112.81813332737894,2.050908950798414,-17.88801906124542,0
4.759813208588551,39204.73464933768,-93.50365539151449,0.939019752771982,5.299187850970867,0
4.133148676610895,26747.06190118372,-112.78249909546682,1.2394680529844877,20.05362979914836,0
6.682727950475737,45574.012776349824,-109.34259417735372,2.711890143334305,-7.211425115676196,0
6.433064740046188,25152.69322261643,-71.3688095247685,4.4233594600964,34.059629332683215,1
6.000425647392445,52546.619159949645,-74.09780048085258,0.8342557356466631,-29.66928958788408,1
4.6521660566137495,35633.58410079019,-87.21938516400935,2.107712958837216,-21.472097698759963,0
3.0876508026433744,29374.34112185612,-95.76206829778704,1.455682523717641,20.454745015995165,1
5.794746987911615,40224.03164615065,-103.44783640404066,2.140178342195101,-24.19168578345817,0
3.6613883167264256,46799.483250247125,-107.52160657471626,1.4779547347964554,-2.1224788896907256,0
9.37111875026353,30105.11546371368,-99.37455413827024,2.103471742267173,-15.583066092886904,0
10.408272413059452,40659.89253397007,-104.78243615766024,1.146939879729714,6.647906580144188,1
9.285552520398388,33720.42196192433,-82.41089762821127,1.9789900541553964,-10.236211992209329,0
9.231143403758756,45059.779436007855,-104.05461176179122,2.9432740338033563,2.327296487956083,0
4.119231725340615,48363.07780032065,-105.18312820430717,2.07979826580371,-13.2333325166135,1
8.29300704074042,31194.394871820838,-96.1845230309714,3.6777868363487296,-6.350454163246713,1
2.300608014676496,38184.20060893903,-83.34314477063853,3.746682263538575,-6.978482607084821,1
9.223211629043275,32957.59854538955,-87.7159601612662,1.5279057689421598,-11.93197333081054,0
6.582003922626342,24689.92028440213,-85.62021716254017,2.111233839379533,-3.775378151376316,1
7.688340784351969,41385.01426156104,-75.10123601686817,1.2782788181359668,-4.07171569593292,0
6.535372231001438,46023.98141221766,-70.96942407933292,3.498626681745824,-34.66410548520248,1
3.44750900538652,32427.98425023609,-99.36070773430278,1.6437897274473774,-0.2880463658783903,0
3.5840313760737987,31118.71209281832,-104.5043851466364,0.9804523930838038,10.877229106704142,0
2.85263716168906,52117.85018180119,-87.8052494489412,0.9647249678973696,18.153482430483912,1
8.50937319777859,25405.59600970871,-109.58564957873372,3.2186366646870326,8.450345273104205,0
9.394176935273482,42434.87695780194,-70.58119550249614,3.913116273985564,5.22744898117724,1
4.896774529299699,27048.40236782481,-81.24923702612253,1.425060200353188,-5.126632574593852,0
7.1227438910761975,50736.89382079505,-116.08879650599948,3.751793097609584,-23.78666278215714,1
9.103960526890535,43439.44089986573,-99.7500424277246,3.207589610195772,-12.279909204075212,0
6.926595311469278,43002.65616706438,-86.29741856391892,2.434897884201102,2.7036412883838743,0
5.831118028466568,41335.96203083628,-119.35446242401218,4.196693043669105,11.432649746834803,1
2.017247052080561,45470.247083828006,-117.75072658837132,4.452035652034312,-26.651781310702408,1
8.282750294931422,35229.45186896164,-91.01979760557576,2.516947446881458,24.413773034511472,0
7.920397096105082,41744.97133167699,-123.16095423267,1.132938121266669,31.484637310231733,1
10.408608803350615,43346.67893533924,-68.8827942435688,2.641392993887731,27.843894506365515,1
7.214489256318049,28682.243351070974,-79.95215055132705,2.7350779796436244,-12.971876927991238,0
5.29085491612852,34105.551980607386,-99.11736423985488,1.117969950241693,-15.861386906658664,0
9.399891372817,32733.152372065066,-101.93561398668668,1.2220438374866565,-17.56395410625837,0
3.827184387000613,31250.122529652355,-73.26733857901361,1.7961805564108788,14.407015712958769,1
3.8577026377531327,44733.7065462945,-108.13051498256095,1.280022372904016,-0.7878443703419329,0
7.972402296059761,42604.61184964754,-81.2190076323941,1.891086770481477,2.537226695387613,0
6.664150654438188,31714.074779186303,-101.76699316618858,1.860594229430928,4.341325801650559,0
3.1253049540088003,32056.924581302803,-83.99650318456268,2.331487372034671,-4.072660412773061,0
3.198584337989748,21284.02050410467,-97.27439852723008,1.8986268749855284,-8.349130501955347,1
5.496567932700216,44776.66485592563,-94.5333419406198,3.3492616674281583,-6.066068429371015,0
3.1239929254019607,41609.88084613852,-103.97614654588077,2.657266315534651,-31.764588144860685,1
8.314093799462729,44918.94433404902,-101.96521086807552,2.448354238366872,14.621546977057356,0
7.135592335426698,48464.92556038431,-78.01430567329473,1.054299282858521,-21.774274088177176,0
4.44166099582393,27847.444516371903,-79.67887233340745,2.0831118132151296,18.18487225309209,0
4.65978605569411,36784.51634232176,-84.31565363076763,1.8246902461036307,-1.672086795864498,0
5.207850943964653,30908.32950151529,-93.6008799774683,2.9248875088847623,5.193694255530872,0
8.812229565075011,48194.801925420994,-90.95696313874734,3.627975270579568,-22.842319903229125,1
7.516954121335728,44005.347813058455,-79.70544843990012,3.716959603832714,6.171633835348644,1
8.075679382855313,37704.55676754325,-91.74054005359405,1.5321582393334767,-14.256564014092204,0
5.264282106203829,46924.46385470873,-111.95459374487804,1.2124057803094646,21.004063015995705,0
3.9523015230676526,34033.64967329844,-112.17353283367822,0.6779746355315388,23.18770531076668,0
9.158836408292624,37265.25327191992,-89.4250602409563,4.446414714520315,19.756450214756725,1
9.075256376116334,43833.1846990354,-92.74852553131014,0.9928830644540348,11.945034972396186,0
5.100526906986792,39446.38453579118,-81.18300086997644,0.8895812018419136,-20.44040022683111,1
8.174932523554377,32334.194399130218,-100.0063564089874,0.9367093870981952,1.5583159074380006,0
2.4482504927275905,22107.71909875902,-111.5557681032538,2.4231300499998185,-16.155653352563675,1
2.1587886008593733,28328.594384309064,-109.716374318983,4.344516049642867,21.16391579187414,1
7.282731416592148,31150.12247635937,-77.59029298937972,1.845709717624344,-4.575440880268761,0
5.769665233287832,36688.7747184384,-98.6418889857793,2.91351339588038,-9.148978712775014,0
5.994682869519329,39670.66292874949,-113.90597209871704,0.8488049043227678,-21.62228696693732,0
3.2804690478732783,24025.773723981896,-107.93066375732684,3.049824811262098,7.002302930751711,1
6.351487568570043,31955.642196294597,-77.546555436457,1.607213522226266,22.51270394326913,0
7.204362711823684,39324.25589198131,-84.65036280493288,1.7216116903599663,2.964383687143169,0
5.333754619113897,25239.585989082032,-109.53861141350016,2.9456478219615856,23.19145447074699,0
10.300706827629543,53986.55579301858,-67.7536187225744,3.466676261161776,5.133178031769432,1
7.956320200488483,38484.47575299064,-83.85494085477767,2.0910610165855323,-24.971405193602823,0
3.6864390780447134,50704.97533660646,-84.40048742024997,2.9170983757804194,-12.966737302715448,1
7.645604332039683,49767.24029193211,-95.0697909596193,1.9731485753582128,12.312172839012256,1
9.834456058959642,25360.639189009788,-120.95474621774063,1.347675537479848,16.09450333366047,1
7.1145333965639646,38888.65127007572,-107.714038586022,0.8011081431189806,-9.836878521605223,0
8.373603063101537,41005.003729592536,-111.09897126820634,2.783373628333132,-18.297315137145027,1
5.636605211371833,31825.212385321705,-93.17319916623184,0.6167533787786643,-3.536653724385559,0
3.30026875034001,40400.70019426306,-107.43591342734234,2.1064050263356284,14.479389469536734,0
9.006897525818038,27239.86620316838,-88.13009786201059,1.7706218070969202,-7.584607157673783,0
9.469684851821718,20734.694148399863,-112.20062699139734,0.5509282459539016,15.906452379252393,1
6.254548756386311,43133.63439855311,-95.34185129268312,3.2770732138116694,22.01424926320079,0
8.399504742759788,42486.931356368514,-95.99986433417185,0.5962538881059186,23.991140822322805,0
3.094951984731505,48177.15139462136,-91.60993391435714,4.23888511601847,-24.867636392234157,1
3.4244212708250217,29489.184782536904,-94.33267786167544,0.8051704659790888,-7.148931880725591,1
8.139094387306187,35820.59086178926,-104.8888872252103,2.71476437340401,-7.18598359688113,0
3.8704999654192696,48490.89585137126,-91.67612879418424,4.32771235671059,10.665006250958186,1
6.522275900548403,36873.726779918965,-122.1147096722646,3.062147929514017,-34.36474404507165,1
9.81662709549693,27325.428927179837,-88.32656583977132,1.6163762480442256,8.86722597910559,1
3.94055511284591,48572.24771693788,-81.51133381757015,1.999497995078137,-2.210773472701998,0
9.050368380874694,45979.40719029014,-89.00157262823274,2.874141912446528,-18.120020613706416,0
7.812434125769848,21568.182524552925,-121.22567062220904,1.7648685666471513,30.43297212426978,1
6.893934238897719,26537.96401677925,-86.24636062337532,3.3919820581087525,-3.4389054677639628,0
7.791292773483233,30180.223637665644,-78.07672756443674,1.2857956322848303,-23.639342247799444,0
3.4061328507718915,42471.68399424188,-110.79861712614462,1.8401654336771096,16.403598186458154,0
8.418361540376655,36770.75307969796,-71.96858829544485,3.836255398809123,-26.13479247199028,1
5.363278077340379,32608.917376311238,-111.12451116176022,0.5409847501582244,2.5884113350747637,0
8.098040848011777,35883.8427005729,-83.50692917638992,2.133580640572305,-13.192284042728897,0
4.6908302345769215,43904.28659702904,-78.30229083917271,3.0808011876079178,6.334808828379966,0
9.02617084015566,49640.6909896592,-80.31483989445587,1.9698286955325908,-8.75521865979772,0
10.307279399147475,48234.04332704311,-99.26671539423836,1.9281820099959683,-10.116279636402258,1
7.2856188572706095,40471.90628264377,-78.98582683104993,2.144616548622519,13.198828992276752,0
6.443517865159544,43259.5085652931,-85.69774651687773,1.246398597503795,5.076273446431085,0
5.812018862132836,47767.806773672186,-112.78348599928891,0.8724833619170366,-17.34922665948997,0
9.831501991169793,35959.821588751925,-96.88788130703776,3.440022320365971,-3.8838951733703873,1
6.549733118916539,49410.82770842411,-99.96075566969388,1.0711615953949178,-2.625532420599452,0
3.500333866577799,42611.59260992985,-113.89515005313156,2.993520702002711,1.3484370930761005,0
5.270533989693094,30264.64333633326,-85.40075519024,2.6148586842085857,-6.390355651323539,0
4.330631855127496,49531.29055629106,-105.45469178568308,0.8406730364793179,-1.0753267491683154,0
2.60197268931835,38698.12442928542,-100.37849172468722,2.0244508151515643,0.8175017139178848,1
4.50347881145611,46663.788900501415,-106.8016259470335,1.737079624868498,24.797802693626046,0
7.5537404424710735,21543.19558308332,-92.90751483538348,4.077197385863359,-19.60257887977732,1
3.4663489774952088,25392.694984375663,-86.14643070552091,1.9601040108038488,-3.16324421205557,0
7.150221483240085,24425.581876739143,-120.6906982785016,4.462654355766751,3.28652389001018,1
6.889102544559479,43660.443393347225,-77.46913142177144,1.2236299971678228,-1.1993766989571275,0
4.711770247820308,34177.81767511349,-114.97120685103002,2.4140781873306123,-6.047821516671132,0
3.8899085310974737,37846.119270184005,-96.9511644579995,0.5029364699588176,7.173466046161018,0
6.887843131281313,23393.810023576967,-104.88452134590112,1.475706798285513,23.019153726184555,1
8.664779538427808,34220.00614248471,-82.78071428999307,1.9635552655848567,24.671160161364767,0
6.743313973576766,41228.273797489375,-108.01844657082168,2.8409272942977117,-7.244548080455409,0
3.2445430933312545,53540.05751223488,-99.42430646941062,2.957262741230334,30.9935325044782,1
9.53654424257654,35719.636857318415,-66.88087536386598,2.0989650874616568,27.60847030218622,1
3.705916138959109,24238.06049893706,-106.24348066967114,1.0772558670372012,33.10072056329095,1
2.8342211428836235,42097.58059666026,-122.15382539631804,3.666824048473183,19.857096532066983,1
7.368921143879874,41347.24638824316,-76.57682225002713,0.5915534655477935,12.141399840757572,1
7.00848700235953,30163.39906387255,-102.8966101457683,2.143847847672258,4.940980062997447,1
9.49341554712585,35351.028488109296,-101.64830972264706,2.18124651475348,6.875177179402829,0
8.59288684621395,41845.27042253698,-94.9962773670845,0.8045183284651803,19.84686061054898,0
8.50982870564578,37121.52044453249,-75.06889439873484,3.9546800731141096,-22.655780339289667,1
5.923399145264429,45870.11680671762,-103.4283543355286,1.9313181422676224,-18.26972300803545,0
5.60075414275948,53160.18808699629,-101.7675673911244,0.2592179926270738,19.252407266907703,1
8.250443250837439,33024.02364000632,-81.59328745249161,1.2817160994838588,10.915661528992167,0
5.141284399306783,32532.05718047941,-90.46942283722272,3.114761064031443,-18.687616740672546,0
5.759078137277348,39034.27154648135,-78.90328552049525,2.3635359975142465,24.19599388707136,0
9.496389462887617,43681.91441406909,-72.04911135342894,0.8257953569849223,-9.415341530951672,1
6.279313350591423,26421.251780131024,-109.60203583031856,0.6450333998143722,-17.20452947671074,0
7.678402709590676,32508.056705281604,-102.62861351165388,1.7251787258576503,-4.8799806471137686,0
8.459054281496732,28839.748362918355,-100.56684315090908,1.7828178723371404,-10.272527551689258,0
6.457871967423273,41181.65698906466,-98.76066236605178,2.199184081440219,1.1609921137118562,0
6.538764391529097,44708.53947441792,-88.91851650412565,2.592412896720706,19.383744825359837,0
6.318767574407229,32163.41501139168,-80.43706396158217,0.6721900155994687,-12.242914471504124,1
5.8146627251552605,25422.27420760353,-88.06805070689148,2.104503110183006,7.071137324081981,0
3.739178530665473,21529.866499168565,-100.6461660779854,0.4084966647759577,7.776242789412834,1
7.490535876796137,28819.15665075824,-76.90863842922872,3.258927942337189,0.4179135027853107,0
7.982912330410664,48186.55067390139,-121.4459304774719,3.5029840324419927,18.48907247459689,1
7.725409751576059,35889.60593124064,-72.51488835214425,2.560796928380928,-28.746143102697964,1
5.801030500759014,47061.39327296482,-85.89967746562432,2.791570292485969,-6.70313237412185,0
8.928970735323944,49952.78873030108,-114.320457424951,2.826594506950256,16.82486993010245,0
3.5125617999958862,44426.2900029331,-92.2169322222011,0.7969791400278852,16.521921327629308,1
8.340103626338912,45779.87772003196,-113.69321836466524,2.87440918911114,24.42882915941655,0
5.356695677366785,45425.96758193111,-79.41094458473273,2.2929459182125576,13.179477293085846,0
4.021640983761346,33202.29333044028,-106.28135169724224,2.3986493128822484,16.422113407795948,0
3.851818769291802,34417.99677056311,-108.51011151646198,2.9940351700673764,13.55489068654942,0
9.803967366796329,39045.40999636282,-92.62024961732132,1.7517419142006156,-34.047232410198085,1
8.659648771193531,43277.22972925448,-92.43908015766236,1.1531814701971186,-19.089561322077117,0
7.790091579447257,38302.0233262906,-124.46584845422912,0.3136404469161509,-0.3165809760589511,1
7.9571166779276,26632.37575189852,-96.8228377855292,1.4095870698448272,-13.78421319673096,0
2.570225347978645,21917.83020205324,-120.966037117117,3.965383569742959,2.2353885859138103,1
4.988334284979812,49807.18396349995,-84.17036912226858,2.812528208286741,9.94508268502188,0
2.505231277895904,21046.80314890451,-120.23192720515294,1.160627012292644,-23.982806182979346,1
6.584264137685407,48665.0169136868,-104.17966374059624,0.62522293114799,-23.21999576069537,0
6.862112579545325,25985.870427922608,-91.37469156555548,2.8177126723944097,-11.574125947349078,0
6.012266110353743,36849.72718765572,-114.12732687101996,0.998316479528293,-17.37888800398217,0
3.2589198215341693,47375.75536451247,-98.129806268534,2.5303006853102485,-7.191525308681545,0
4.005628967320287,48217.0169136718,-96.79934680143468,1.1919925734015715,-17.197821374285155,1
9.12676174838591,38803.005913157096,-91.49316808505476,3.312308595533165,-14.51140608802824,0
6.880909372033978,33430.41201429825,-93.57712178478428,1.568093203539681,13.157948376260592,0
4.474341231253369,41204.41466444708,-102.09183667575368,0.6476586952459537,-4.970182651372944,0
5.995180728766938,27202.224476983796,-93.1321458316058,1.5830048797085523,-15.80698214506478,1
3.536261778806224,29256.364990586502,-65.818164154957,2.605159104549287,27.58081686440307,1
7.124231510440653,25199.26470628264,-109.52501309324998,1.6286271707441242,22.15811841942725,0
9.760828270133942,29556.620364858485,-95.28140408501464,3.307929994572825,30.03661188689918,1
8.806667275038528,21245.766304048226,-95.8211534750336,2.422551764727243,6.046778234685341,1
9.068155501681764,46444.864240873314,-107.90758376007189,2.167430013260472,19.476769569072545,0
5.898106407538723,30974.66907875576,-84.74169460940277,1.6233625961699092,-26.678320318966783,1
6.862869275116832,27176.897289844183,-96.32496390068953,0.6384193100728724,1.0288856052533433,0
5.178084597793742,48979.01482362066,-75.28683500587354,1.2254933392049274,23.67451615309804,0
6.173731996668344,33893.60159745274,-90.37879006256048,1.4856554038453993,-7.305362780703582,0
5.108958610268114,44323.138815083934,-94.74242257609586,2.8768867869888988,-2.511016451226588,0
8.822501888625172,36504.73325998746,-90.3075394453209,2.2812179621921658,-15.658416875344775,0
9.72079351552586,54512.74634124256,-91.9411777376316,0.3914621007422252,22.394793896999687,1
9.282530755798426,36535.67655390656,-97.73486831956563,1.3258607956472674,9.55203498539516,1
5.019970325241346,25812.15271954926,-101.80279442039026,2.3466358368435363,4.508650131468805,0
8.575676863528503,33922.01633590904,-84.64293889964607,2.097457960250136,-0.3424725578808534,0
5.974042041371129,31169.59602153966,-98.80532927029888,0.6254788251503545,11.766588994983032,0
4.998045087670821,31434.946653538307,-112.08024269589568,3.1900635578934664,5.599335626256561,0
3.514011246346241,33581.438713809606,-100.20243644054948,2.1064592830331925,20.412936437099923,0
3.857112887612918,24627.587330356837,-100.41397506812764,2.555803991469284,-32.63609898287281,1
3.234837976896386,31880.926186389355,-92.1351734536185,3.4071175163155285,-4.9249914804221575,0
8.372489666936993,52904.10245517355,-97.39928488160136,3.599483787854647,-16.120277492525553,1
6.09667111297406,41583.42090301839,-111.6798757630407,3.077064275717771,7.695475191243496,0
4.222589582289389,44937.18104838407,-86.0046625418521,0.8017110998557953,-17.888188273086918,0
2.0540163211459843,40905.21267595357,-99.2186264430458,1.7291572346425308,11.620476555090107,1
7.062609907638281,26325.9180647753,-106.68333940494362,1.7305503920190597,17.80128092103034,0
7.65755026121341,54362.208078953685,-124.4960731130078,4.3452848085376745,-24.049233245830145,1
5.3916277218608375,42935.11166954438,-75.50803478996056,1.2970852668939377,-5.7597018321827775,0
7.908045664996482,34462.284583086745,-119.24103547448028,4.46077097826899,-21.755290297713383,1
7.500329150444275,30154.00546474156,-89.4069718507082,2.0692605923954948,-4.398433774987705,0
8.703175624791683,35016.109785876884,-88.931903778637,2.6888994140256948,18.955412374796214,0
8.095928715855502,35348.82663335464,-85.29661415337853,3.005317207896856,-10.032812668031966,0
5.711644391265353,36539.241199609285,-73.71932115814619,2.520254528384368,7.912386246639372,1
3.12892966848944,28030.937230417592,-80.30525664103453,3.389349682753742,-15.05209446815634,0
6.486343714428983,23872.682546117954,-71.90197106873198,2.102103914755981,5.161409074395145,1
5.42436264223171,40674.73830794904,-100.82106616383405,0.6431986188119636,7.548120968544119,0
7.983370602282322,40804.39242807684,-70.02638638015395,2.4589932770086307,4.2098173813202,1
10.011966370827707,36390.4447009217,-94.97110888208458,1.925550722290711,-27.729632589015704,1
5.581801800402563,40192.25134975627,-121.81904499164072,1.4518859469320688,-5.882991110844984,1
5.044246089562476,25790.705396141377,-98.44521728551454,1.9911633031900688,-13.117887686348125,0
5.4868169596318745,40041.55771952079,-91.38627861791682,2.8807999039294816,22.70357388950017,0
8.385430724711421,48511.33796306229,-82.05365422134095,1.9994076659673072,32.29562588203987,1
4.358517342607115,35586.64770209336,-67.0416490072079,4.141818892560883,34.6050451529683,1
3.65298138622681,32111.260857937752,-83.40652002144259,2.5491251512196,6.267419652944945,0
8.921981197796995,54931.715495938384,-82.68994675815341,2.7635871152408638,12.787393210199625,1
6.64541543421981,27555.24188018128,-109.30641229158424,3.443678861858344,-7.221431814135094,0
8.687888096824194,33700.1866801759,-80.768079114807,3.1376328841127274,-13.09777179650758,1
8.080690041106092,45694.61639512314,-93.7593695760495,2.1681603013856554,22.8634864235216,0
6.514034214866099,27108.812641149485,-81.37277359636418,1.0413469200709806,6.458746399471092,0
8.194600501205024,38528.2130274495,-104.87658400269684,0.9773003841716856,20.099077256953827,1
3.439833405836469,35683.09598477736,-92.98115668746058,1.3784981400702183,-18.27271054609745,0
4.740206361758682,32061.45233607864,-77.76250360498462,1.6179380325877009,8.9955763601128,1
3.586923145708613,33507.12481669191,-104.55124498042578,1.4406670139039894,7.995330188162818,0
8.999532400044977,47121.37468254907,-87.32687120528797,1.911308096651856,-8.932361723402021,0
7.885368275185164,33866.07434489804,-118.741242735156,2.6228068283210475,11.215984774925817,1
6.598810496354584,38908.077137669214,-77.9631019915307,0.9641443586562676,-23.11318499581151,0
6.7482453945349326,29528.124583292745,-76.91645588130747,2.838393068796697,10.347343604203772,0
5.570638190559134,30077.43242940899,-65.30145567746627,2.721601580681607,-7.728617314151471,1
7.398546668248923,47304.489192621135,-111.52244669482336,1.7657654590558112,-23.51013902809648,0
9.32046825483948,41058.46473465953,-97.00102017348016,2.540326971948743,-7.7742609648650145,0
5.423364550445399,36838.68212849339,-101.59745966071831,2.105072497690549,-6.7569106401234365,0
3.2027995886303398,26250.70099852345,-114.55152364170937,1.3226939647680391,-24.999526030031387,0
2.73916275658452,42299.12062055328,-123.15854262632055,1.8463048805007765,4.334451662377155,1
3.958918313603617,38653.70590849554,-87.10161615248357,2.0570894091255547,-20.853631031813585,1
8.490359774468967,49763.18577196257,-97.72027181123929,2.208446667755834,0.1326805953569767,0
3.296147431300161,45620.60026674216,-85.02440187299226,1.2928805180171363,-16.102616192622193,0
8.142162617441514,30028.12711523267,-105.97564675900452,2.326321396656809,-20.04253243169677,0
7.335076525679983,28589.69753935845,-98.10210974314931,4.298946970553144,-20.29039549077409,1
6.190711514404563,46817.99337496336,-92.03743121494672,1.9081908347915304,-2.976560093199488,0
5.363684590952413,49376.61708377896,-80.28564851865826,2.0403921277006134,14.001052975730929,0
8.885240000106759,42509.977050494,-101.59395648254214,0.6299430593818984,9.065972391609428,0
7.449972489950905,32347.49359757917,-97.71357147080596,1.883849414940696,16.198741124966666,1
9.58229848044425,44775.55101471205,-77.00055615556951,3.7795311981939417,16.733733883145533,1
3.767873874853673,35140.67711727755,-102.1018830584194,2.076858811935036,-14.49140720908105,1
5.277960323490254,20579.688223284407,-66.36539117132955,2.899684448990964,-14.294532270230086,1
7.999274573433644,35843.11212126835,-92.3553422908142,2.380275414732433,1.1134792866736731,0
5.022300106377908,37669.88188091389,-109.5740071593176,3.0538860229615765,18.9666295679928,0
9.286575806893378,47400.04075893109,-87.17385465375692,1.260007216659977,-1.6522211356171113,0
5.550750496020839,26238.47473846394,-86.33568688230332,1.7911489913537633,-18.34760276114933,0
3.537143715476607,48202.79772996821,-74.7990521186641,3.9825552241353774,-14.680417408517576,1
3.737893663482714,47118.405947347244,-105.95031649192852,1.5129338715302922,-8.571960107902203,0
8.258784177655457,29138.479143601468,-97.49306379446614,1.7325758344896005,8.818146109426642,0
4.241837118420002,42628.76344954496,-112.4882160562775,2.5732497177333764,18.002992246994708,0
3.574372971967996,51315.61806084642,-120.96136754744742,0.578478677433407,20.93215663478752,1
8.947581956976355,26971.647370054005,-87.39171524385245,2.028971002711903,4.9791926149067365,0
9.08474167709457,32626.809451021934,-105.39400268505791,2.928463310875377,8.045435760676781,0
5.806487088607408,52520.21565797823,-100.89241873038476,0.5289533677803241,16.11163654512827,1
3.071627685975264,32569.039246828022,-89.19564048933317,3.179662920322823,5.993823127627142,0
8.576482058307516,40776.86438270622,-104.217749662945,0.5090806703652508,-12.535473828125864,0
8.195334070420408,48419.58724450492,-88.61247060677624,1.6048623119252463,-3.594046839567284,0
4.579342175950402,28786.670209169097,-78.88588335613959,0.7651587437993157,-5.370896144184545,0
4.995457924597045,41992.89167263182,-104.80359597231448,1.5558300022538882,5.890346635359606,0
8.611265774364897,27951.453941775617,-106.49429844157925,1.9200666852133133,12.324815301909922,0
8.343169274274079,26883.61713027738,-86.01283265984739,0.8349381330822097,-1.4262011267252532,0
4.234177547930621,49636.34078734047,-103.00075791369466,3.0500126113146173,0.1568775280874419,0
7.275050734286745,53520.76360062023,-119.8374145978981,1.8997541425839544,21.7732432157309,1
10.212686586889584,24686.46344623223,-67.42695681973953,2.169333691381681,-15.452450062007742,1
7.007175057734978,36837.86644104974,-86.07870345126092,2.1999176165591536,-13.37851209233219,0
9.068575021415189,37727.75323546725,-110.90205631753888,2.401280021499762,8.821610462139617,0
3.586847196084763,53676.41733222043,-115.46973004619092,4.444149040628834,-4.103347526716391,1
3.134727306376043,49465.93593998234,-80.7493790327741,2.478100739287296,-17.91834370896429,0
8.736339730568401,20334.22317396987,-122.97603646853798,1.5913874393401233,22.506922782655685,1
4.37424635330159,28291.97736914358,-85.0277570306497,2.074701884711668,-19.51468807978966,0
7.877532781539727,21986.381127585035,-82.93192735996328,1.799362665734645,13.50870624417184,1
9.37686427652806,48747.69456987086,-91.07409485003669,2.337297952086409,-20.970325586379083,0
9.3581899380048,35245.41184320899,-121.36153921065184,1.867427015328451,-19.28915231144816,1
9.177308344956876,34083.56193924527,-112.82899146777729,1.1687543431889438,-2.2770008698207818,0
3.811133690226157,49183.62793210718,-96.13555126877806,2.9245585622902976,-31.899765760899214,1
6.900538112231962,49880.1862493323,-103.68131019869207,2.5315659535533896,-4.083450443904894,0
4.943740402662355,30154.66910449304,-93.2520705664598,4.09303353580821,-19.94264072386496,1
6.731140468765168,26368.158541927467,-111.9710426651128,1.76707955878445,-32.749183253706505,1
4.352113690435536,45369.681320148,-83.94528740573115,0.5193802152192198,14.43465557524504,0
6.781138046036748,46528.47757655919,-110.53904392719822,3.15955244994108,13.869793207432082,0
7.301518465465717,29319.4987161157,-91.28251345573575,1.051728856943409,-20.25768979773322,0
9.139922633047032,49014.66863592812,-111.1152299936935,2.6755157984275666,1.5830525701236269,0
6.588264103275975,45735.11660632487,-90.25920990543015,3.085120700932332,3.867607262838103,0
9.23491162484093,26907.81712723821,-87.5065435707846,1.6257631083513835,-9.320753204244452,0
9.277009418276226,49733.09753122432,-77.11061195703357,3.4223249470739647,-15.667050373195329,0
8.90396559931867,45213.72637918287,-107.80774256624132,0.5304208748855778,-16.066146396224802,0
7.665490291986154,34867.687800570886,-98.99195827068768,2.689531574665018,-24.412464203154983,0
8.91305538924899,26837.26789416126,-111.76838090356831,2.32489227090032,-21.715888333994304,0
4.786543968777971,38440.21545512049,-108.27164090253706,1.871964161820347,12.12591259648935,0
8.090975473872469,46674.522693995954,-94.14195141147664,1.874127566293046,23.20130915610144,0
4.076328483552725,30778.520810632115,-102.42752373543068,2.019521714169641,2.107812014524839,1
6.083683458967853,29408.09543426327,-88.19429459492176,0.6293468040383071,7.243041829836763,0
4.617560129376973,53845.608122704856,-106.53093891603103,0.9887433262344464,-21.083324559860905,1
8.61416654876717,48292.73643198143,-99.89581528831744,0.5994902580037349,-24.685207449334055,1
2.197997131839342,50471.8631723531,-86.92614070951501,4.379825131098265,5.909655506567368,1
4.95748276481043,26193.73616547128,-98.20697824986227,2.8816973259183145,-2.1443191681775677,0
7.287716875376045,31613.01746363224,-86.03252807688976,1.5280138236809957,-2.3264927429954128,0
7.687529660371187,42836.676402426165,-123.71916851637629,0.6296551070756746,-21.241297658363784,1
7.663490817358991,40126.07131385363,-90.0924536844658,0.8381512524652383,22.5756955702255,0
5.0919467247941945,42721.70429732582,-94.42275537407184,3.0759587304223697,24.63776794562836,0
5.968130422381741,25957.894889755946,-88.07955022906498,1.0037589806228222,19.98833773351091,0
8.866322355230318,26445.245738650294,-89.73569751380472,2.640108551064225,8.018081588973594,0
2.2623627377832323,27872.019836082123,-103.32637955902176,1.6836554610852137,13.194660200591954,1
3.480773381284875,49767.5153609242,-95.83061200909496,1.702415291988121,0.3306321514754522,0
5.898409714928551,42985.55984920765,-113.8453162959949,3.1531670603894195,-10.7544275735848,1
7.528590480153747,28223.35591347075,-113.18219096785695,2.1985243050931405,14.71951900887266,0
9.119807089247685,29398.598203108268,-93.0824579387163,3.326048316581488,19.746100220056704,0
6.782850235954799,31728.34455844974,-113.4923782688349,3.015688457285397,-14.490706699143818,0
7.079967999051918,36200.52487694264,-88.15604719860197,2.1565676766760937,15.495990390336305,0
9.048856931228745,53211.24303631587,-70.05165672546,4.469295322732577,-6.249458125483503,1
5.655435190123832,42685.237448031854,-83.36048753607521,1.187978442411256,-7.842215779845912,0
7.896211056312051,48981.582382716806,-108.88037446554873,2.914153016816495,-20.516470951351096,0
8.68745540699113,38017.190983911,-89.90895211020401,1.3795083258271958,23.478730277122324,0
8.801055996333792,22356.796350373857,-70.71255068581053,3.195562371341711,26.54879392955163,1
6.26976856882373,28620.658678331474,-90.03484162873201,1.1883117705067412,17.38852308300077,0
2.494089937040508,47531.9213411829,-87.79095561229823,3.881064999828349,16.884416545382116,1
5.335197289752014,27121.562116819277,-89.68834923565872,2.7059725490837803,-18.002852411680564,0
7.39238089247651,33498.26793064721,-87.67266416938445,1.3814993022010933,22.96092132682652,0
7.216041363674376,43300.040239099406,-98.09646511258732,1.38201768374703,-4.865394839404114,0
2.75469745456994,26266.37434206892,-95.64601789286256,0.393158727710221,21.29358155528005,1
3.607258057304989,38631.40479405727,-86.6721606795077,1.2631170219544146,14.894750593381325,0
6.793293445091907,31927.2915853408,-92.3018543659171,1.0975700452707975,-22.450347996660454,0
5.938792752493575,41176.06813219687,-97.76368369785048,1.15408996125418,12.996375310976198,0
5.283848838798255,39139.61948221105,-66.18076903592271,3.941382340392234,-7.290108562883397,1
8.423747858966173,41816.0305157773,-102.43938537527552,2.754112796170328,5.679752852492655,0
3.1402162470128627,29854.8617898511,-89.81539640573517,3.289506787765394,-34.30129715992706,1
4.298188119659642,27206.67199716556,-102.31639779973594,1.9135536499291077,-14.615142475165172,0
3.659816971039673,45432.24401458047,-107.85077615560492,0.8724118421761536,-1.873143556178121,0
3.5936987477694164,45083.84570757368,-109.1403337885936,0.9944551618873474,18.73070448646205,0
8.486425277086223,35667.23825135402,-102.08799708364376,1.4557349031560172,-16.07920938971875,0
5.024300736155976,36737.17452204767,-78.8846819827373,0.8845958334850472,7.818713612849301,0
3.9900921747522258,44697.37645739847,-114.10227849762772,3.5350504150237727,-8.353978534188368,1
2.642928449987915,37472.564008018,-77.85950070792023,1.6203709842467315,28.73417291274397,1
8.325457633022053,49118.01932585219,-110.67605001369574,0.577035276492398,-9.40213778026524,0
6.0707282751583005,41341.24410766785,-114.69617385165648,1.7322222857299994,-28.142173601935205,1
7.941514596431416,36902.52283947101,-96.32706474578396,0.7480126331622199,26.5286790709606,1
7.394035494813117,39434.82179694536,-105.754389818534,1.2279915237973449,-8.037059909827342,1
10.337784181125222,51353.17980754009,-70.32970874172209,2.86793450811482,-2.1719283070483755,1
4.919782806503984,25985.142690714216,-95.1458114652763,1.123081952814845,21.656217232593875,0
3.8528035458087855,42923.48799089094,-95.07891912484908,3.051459459894172,-18.640394249762377,0
4.580383947889525,38821.81575075106,-109.64403031319144,0.754261189355937,-4.950790320352148,1
4.71801672787411,34237.20308355824,-74.63538764063101,2.058283319478763,17.451865866895055,1
5.379899624634927,30059.944534709663,-96.15846467715212,0.4714611615517919,9.078517734382238,1
4.4186347848603145,29989.57446201374,-75.48051342679577,4.039094082333819,-3.578121560371724,1
7.991763633610218,29425.82823292341,-96.80496808744824,1.2434964798551822,2.607498803996588,0
5.794983754690179,39004.39046530407,-89.10604023278398,1.2651387970892145,-21.518381447355694,0
7.62463767584719,21062.26716845539,-118.17185280355396,1.590188239499751,-13.849999711986666,1
5.047979762722712,42721.95140312992,-99.2111999605742,1.165636475534103,-17.929196057488028,0
10.172558926608,44267.859418798485,-101.19371373894192,2.6821595609087336,-21.730735818787345,1
10.160787542687611,27075.923796336865,-122.75461945872576,0.8975765305789685,25.67044583067601,1
8.836639773324167,43891.6066378496,-112.49117765230324,0.9024153211023718,-26.7767497135858,1
5.653352584215314,41100.00120604392,-106.45945269083096,0.9239944697223405,-19.56749091192011,0
3.021497841915154,48853.88364815364,-82.2809336245567,1.9461990249425989,3.362194275596764,0
9.735726823480146,27198.518228235844,-68.41955397947929,1.6084505647246463,31.118278579722045,1
3.3535948923971675,39976.926702508055,-108.75696318976097,2.392432286553319,-22.87343574826921,0
5.178183917810896,40213.33305390612,-91.59852342340004,1.6471141989013431,7.029597737570818,0
8.129434571266774,25223.246397233557,-113.3202652391562,2.85042572075318,-1.236466061917497,0
5.523157706174998,48124.51182597557,-88.85190733542117,0.6461446341843374,4.283053099240568,0
8.245410592983486,46753.98988815237,-90.30157325554408,0.9687313716729338,6.306318925933663,0
9.032367119224816,23399.805936171757,-121.66900111626356,4.347391197027682,-33.525712070558086,1
4.942905763347691,41518.528852142124,-107.87219681309932,2.526670806481756,24.53378763652983,0
9.398799768858275,39523.12419618681,-86.86932228222784,0.7118039569359995,14.553084017772235,0
7.0465719294926,29899.973741111004,-79.33519931956204,2.967620156495481,7.485741624083033,1
3.22447093340409,32072.722972187057,-92.3753244410481,2.205588885531905,19.162980657707287,0
6.079224319774096,45835.18893543825,-85.25948673640386,0.8179589261114346,-7.618350753190356,0
6.216838668792006,38304.9326934798,-99.62102397025323,0.9497512397994942,6.182062467408496,0
6.00376561876962,50479.13793790716,-75.26970912445725,2.6811260343918297,2.232460156078261,1
6.940693395624727,37887.64330368135,-101.88136609453896,2.339204363194034,-16.87489770615303,0
4.151907954609591,42038.29355461804,-102.26233470188822,0.5874708668545916,-13.554585511823984,0
6.640980493189443,40493.94924192711,-96.07465275625644,2.4715016192934187,10.795675014157766,0
5.021849609572417,34201.38235265842,-84.16724373199688,2.1234608835526414,-15.695754573071657,1
3.844939727704869,27148.81691696614,-113.1141489388866,2.092747556967056,23.300513071385296,0
3.60941446460145,34170.63560234857,-90.42874343326945,1.9810907412282144,31.36178059960494,1
5.469781713824767,32321.707050623158,-100.16414381303863,1.6894293709990689,0.5700751629160692,1
8.40602810581029,26918.27502933637,-80.42999864299043,3.065880114368271,5.75041942077868,0
10.30008512765536,48230.5309044562,-92.77357281055002,1.595406266832818,-7.018499373763028,1
7.468038758332273,48190.73317896352,-84.54300732750765,1.3660693019751504,-5.96096219069705,0
7.7124291810094014,32786.57424527385,-86.13304936959258,1.2347748746875695,-16.178224755133975,0
9.330029829158336,42566.42026355237,-111.10480656286532,1.7218596837634854,12.072567084274588,0
3.27276360267468,42422.22688098543,-75.699191484344,2.1583967450841213,15.367120846440343,0
5.728385380326834,28470.37869032829,-77.3263687426697,2.466029317053163,-6.982840902555594,1
8.669696469027723,27252.458155544293,-116.88896034290038,2.150109718618321,12.530106844199956,1
6.27468657391098,44348.360618034,-120.87742029580438,1.6208294453345304,-10.379712267100576,1
5.8254844809884805,25656.2838413094,-91.03153406117762,0.5083867682971903,-11.935735163914874,0
3.029365659458577,37596.704359595926,-99.5797389646638,2.3754581913293187,32.228458764486675,1
6.978349342034756,27732.55586090816,-85.81085920949282,2.386935797235666,24.359463187929144,0
5.148923505278559,25068.44997643482,-88.1346747013918,3.2206401328093763,16.76160826316206,0
7.669075431605912,40014.47097113297,-101.0108139785637,0.732437428242071,-2.809365796602308,0
6.680023160358985,31176.69553066435,-84.86345010593277,3.019312842762996,-6.913874321576753,0
7.869060138738339,39812.774156486776,-102.74973820209026,1.9582758343609568,-0.8928633540171198,0
8.02059217748025,48025.20176818838,-88.67320890965556,3.203757521135838,7.702447291836968,0
8.474137896087392,43897.99333611603,-87.06465573903404,2.5108464584881154,21.74884584564485,1
3.624819848364551,46547.17714904325,-98.80569597240172,0.6344047172057835,-2.104658959582149,0
5.776902023301904,33771.18708371581,-109.99626218397466,2.464591880987199,-11.775401999613685,0
9.708468916690707,37022.026930598695,-122.18301699538026,3.3257222974451306,-23.55986397069712,1
6.591738295563756,34220.549863158325,-102.38925074583165,2.6615037405869897,2.5063559507821687,0
4.425584934522342,49938.44016237775,-94.61894825294142,0.7727282365213817,-22.644181228763276,0
4.371887937360272,37258.992401315394,-82.25712287618366,3.713189158246192,-24.00168013066184,1
9.88356554637434,49517.10623283115,-123.61819391635618,0.5791921888802026,-28.161915943358046,1
5.472432096908285,32822.43728528744,-90.53980501319792,2.727403564123834,4.6902900696394525,0
4.574908458726704,48750.46060191908,-109.38976959264645,2.961280069033992,17.07812665453796,0
5.692463080872745,36299.79306375911,-89.65488946598809,3.1403752439219703,-20.34526079786913,0
8.656738976229402,49713.82370376165,-112.32537976464454,3.1100635430866848,17.371779515372374,1
6.347783944121576,39972.69501963521,-89.49844025282644,3.094185244118559,-15.37068495504791,1
3.622458074792658,48662.613228352886,-115.5630480997422,1.239428326410438,-10.721147707569848,1
4.89092962395679,31653.847558699013,-117.43584559730056,1.953926684056652,14.39849550499111,1
10.092516139400477,39585.91888569557,-88.10370480511112,2.4713173588943707,-15.167139867831686,1
5.915771717991017,28665.14733013638,-110.52173194780924,3.4280339057249605,23.12596143126978,0
6.848198836775978,36608.79637491681,-118.31243872537868,2.7569317000399334,19.77917070506513,1
8.389284843335908,31295.5562585529,-105.24579797051324,3.4261902733624026,-3.468821571463032,0
8.515215052782773,46774.43314959021,-79.30247254897444,2.7768652277279875,-4.613423657025734,1
9.478916574801492,49333.3576552719,-82.40388287514386,1.133478294887568,17.114480891483332,1
8.098521812523174,43381.02220134655,-93.78380769726472,2.988626988354712,2.0742934837178275,0
5.164578637431589,41941.7200556842,-86.8375875773949,1.2660733298275666,12.3825140046631,0
5.520046397355342,30846.001283104,-92.8618923054289,2.9274055935739502,23.23378428151776,0
5.7353155106265366,23726.46382836943,-111.2850932183611,3.855027883677056,30.22426156546368,1
4.882369445393356,40922.31773870867,-90.29082344389938,1.316402391354872,6.137689013777674,0
3.524147169058797,27107.76743968648,-115.91770663489204,3.759556098982079,-7.680517374128382,1
3.788073695475937,34296.61406349066,-115.47385310584468,3.133788887386272,-10.081330065581724,1
2.7202969856769403,41137.55928722021,-66.37375297391198,2.592377651690901,-16.681613259527744,1
9.678185231580189,27929.47457261282,-112.53267531227895,2.2896726477154417,4.059800536540557,1
5.659398177875604,49782.88957484269,-89.27923095565254,3.169404695551922,19.65513684193955,0
9.495270111299146,28032.952035241306,-110.23556190544552,2.894963651954757,-23.842867247892524,0
5.937080107351468,47250.58850260296,-111.1441712488886,0.8752297528318194,-2.572923344678685,1
8.558599760278597,28641.588796107266,-92.46551377637212,2.1249304571847603,-5.688361904710714,1
7.067148461896672,41549.32343474635,-123.97838793987344,0.467134147554545,-15.048406487765844,1
5.282373326822155,35199.96119435894,-84.93737936378999,0.819279884378943,7.023467363380739,0
6.970536479901444,29688.58501329008,-77.79134963387419,1.6786894697455204,-2.147699585350555,0
3.8382902988706102,47009.0453355824,-96.63068544544316,3.210676792914863,-24.82205312757513,1
8.588097757948791,35271.53085751557,-108.71858179879334,0.8322318448678627,1.82265096098676,0
5.911379705838091,29951.037893622957,-77.2301087897005,1.7789575994962024,-3.243058779438236,0
8.660935938590246,28291.20514594477,-98.21709667621124,3.037409405099454,-22.19760028892085,0
3.557011764638782,40465.39725649719,-83.07779304789014,2.639325598035157,-20.89809951634257,0
6.091916084109018,29703.196971964404,-110.08687333953176,4.062028706852392,12.544990588526415,1
9.014837380064645,31395.44965233744,-93.0269401075452,1.9433334203216843,-15.9716030458193,0
9.283031450286243,48917.27507819627,-77.95651464782162,1.4774678241116386,-16.372806893590223,0
6.615909534110004,27359.88896351462,-101.70197135813272,2.990176365531945,-23.90345636382336,0
7.7561192313657505,37108.199852967926,-67.6852923512055,1.1052184100761522,34.72550869733075,1
8.628003717185525,41834.30301445203,-81.70512789582071,4.268127796861175,-26.950853897503904,1
7.779672761222205,48174.76066082058,-73.2434961741405,4.157830627396664,8.931032399706204,1
5.156149940537371,27188.022448354965,-112.82927716434236,2.882644360927671,2.9042102658905407,0
4.849650740275301,49727.48675221809,-93.267980657721,1.9817372610254576,21.92802508704361,0
9.26544125279108,33029.19255297917,-89.1640832843892,3.223810876206868,-20.526963974424184,0
3.395621003876458,43511.82348739682,-88.02348002468918,2.7180902671132543,-22.34898667723959,0
3.2915244783043622,44963.37533400016,-109.01320146566792,1.877746026225232,-18.523360544760934,1
7.713459557822788,44495.89498918263,-67.03808402697679,4.109674778040607,-17.60776672604638,1
6.996381178102537,34083.35763391624,-97.56035470910112,1.9908551343257173,17.366704707632678,0
9.174074752772327,43391.45025867406,-83.58110687559122,2.185878583783196,22.629643487679388,1
9.180918983066478,31061.57656595824,-83.54748601930052,2.438253874011545,-5.450016784885374,0
6.267904929796909,36447.4122723433,-95.7159313861506,3.1562218501463124,18.514900380027555,1
7.419103910513034,35632.05461243149,-101.186755138302,3.118562888919062,-32.05697368079468,1
3.8190320617560296,26470.991944215933,-74.22475898033497,0.3988254259826991,-29.576511267963458,1
10.35534368582953,43528.79668771142,-108.7965826318238,3.805356124157541,20.42622790679635,1
4.991259610258061,45643.38034670772,-94.293129540652,1.7346177312401414,-11.80449254894238,0
3.414502394237097,49196.97412162795,-92.0431611012325,2.0338611127338053,-33.50607839623628,1
8.31120867493644,49703.8727366068,-98.1074426489976,0.8965254532776825,-21.458584729974397,0
3.620218889987237,36412.059290177975,-89.86298051411643,3.659354163568064,10.178096579615165,1
4.315068341583098,42214.79704778775,-109.72347650463946,2.449991598021958,-17.051126854709032,0
10.420207394837371,50847.126623062926,-90.46080783327729,3.2384857599468693,13.197210154011245,1
7.855591802293491,29392.37004689606,-99.79170217139055,2.611013790147991,0.0131173278106579,0
10.08410706357516,26599.349668537827,-81.27309112442609,3.137768588888981,-18.061932831546663,1
8.3111768782505,32484.468804999447,-88.46445140135691,3.316790011781312,-18.28544428033161,0
5.709827045259686,35620.823902667784,-113.88117364543014,1.8712468397645607,3.21045420670114,0
3.5981016589328805,28313.00028420663,-93.65529195684891,3.0532531805038654,-10.046302409055164,0
5.255331691497785,30792.82018118714,-99.65106544099136,2.206043412909992,-20.356741981668648,0
8.823945984062547,32008.75584973741,-114.44408356654564,0.3551226781768095,-7.826201003412457,1
3.060759679596682,26082.572902192027,-100.84805290148408,3.158755314405637,-9.305728846738816,1
7.826283340233453,21267.19957472754,-123.39426651755686,2.495406298272394,-6.576752848323455,1
7.585714951812053,43394.56076511527,-80.80004308705612,2.477848547378609,12.390709753994386,0
8.398569094757175,27311.031500800807,-78.93433051451018,1.526057443694005,12.65880253050662,0
3.681533934272938,23385.46214361489,-100.1099813166399,4.135753717513032,18.981452208072334,1
8.180127188955268,39422.45117568174,-123.15234532180368,4.366322493573468,17.84661808326689,1
4.464723317934883,31561.71131998141,-112.61307932365808,1.795613103573968,18.53343632835432,0
3.776750621621576,27227.64314974871,-77.15411442412278,2.2220086686520717,22.451494516936336,0
2.9523255959768337,50409.93998043878,-109.2292928687108,0.292244615570305,-10.245078000341092,1
5.886671817092969,39530.839548608405,-113.69457850822504,1.369713377618162,-3.9679571196917,0
6.180140972644286,44249.76908077928,-71.44971760649128,1.4018012427355862,30.98275596008169,1
8.679708792100975,46352.72977577697,-86.33899142368641,1.0100739592751238,30.323645340563743,1
7.245807537071034,33098.97168511472,-114.45791784272237,2.479974018150652,-14.012422869068253,0
5.282657859331168,24089.546881589704,-88.13245384485816,2.288849534074152,11.35428311052025,1
5.978486929951906,23366.741116528297,-91.5642671999826,1.2131214232297014,-12.001821181309978,1
2.418882336272676,39121.58173858463,-68.92220115370668,2.264787221395937,-6.781509654205891,1
6.37855936081929,32393.110621591157,-98.91988727874076,2.5426119722602603,2.680521411279724,0
5.587907677838425,29745.21405402699,-110.11361123650946,3.044099565391043,-2.2641315714741417,0
7.922543332764556,33784.56459004229,-101.39276896312649,1.6678346274643832,12.837815818340168,0
3.659562255154698,43007.73310016669,-115.18834357221384,4.307904317061169,20.52170647548996,1
5.012302724607503,44457.37102103418,-111.7132689172133,3.1203325772459545,16.101845871725715,0
7.395643065763009,45208.45409975418,-113.1323667206732,1.9121845830551507,-14.737690026819289,0
8.794103531846366,38629.71985651704,-102.71607003670972,2.277665072288756,11.299332216843156,0
3.4068667071871164,29538.48189157008,-97.19318637504892,1.4171886907948634,-8.664263475041007,0
4.709546125464279,33334.00620373712,-88.51082380198238,3.038216065393971,-9.233637955877215,1
5.653923062670183,28494.425312680527,-77.14953868472216,1.4130937530680157,-0.368769051089707,0
3.616635260372921,25349.01604664956,-88.55866716595231,1.7879068653406982,-28.913554622672944,1
5.877505036629691,34472.497540249555,-108.49658888802234,2.9272165089284736,4.4425166890555765,0
8.8680518087045,42857.642478259,-94.9159411873758,3.2013651844147755,15.022516836034283,0
7.776392207336912,20452.874394673832,-99.94125797765274,1.8257070555016144,-0.7837683924249532,1
6.060386351879355,37919.947462862896,-107.68571820182132,1.900323204032101,-3.793227901440069,1
5.58483498982678,39654.01071573525,-78.96017400015941,2.055611131562646,-15.558837400374504,0
4.020453922062879,38392.47029191373,-80.61108657186612,1.1880034049642267,15.064269736932282,0
6.111860494369844,49111.04394781825,-86.45577542249718,0.8098445048381853,7.95554502075322,0
5.678037265314414,39756.6417210666,-75.11936506494499,0.6887874103591554,-3.106362158770004,0
5.648393662040776,31204.9294499153,-86.87507964404102,2.2286540577395315,21.142454446396243,0
7.943920756720582,35585.6691929357,-87.05200864495957,3.573360253751068,34.362375261780855,1
7.8907394473974675,48750.59058300308,-113.11403690831794,2.5274619000682104,-3.538137207007157,0
5.2250879196602416,30366.845784963945,-91.4914738327628,2.765986436954486,-17.90419632406911,0
9.4628403485596,49129.59850718877,-113.7046902829165,2.307166002352913,21.05191082090397,0
2.446121515223248,39240.70889778608,-115.63018775419827,0.6532362582798816,-30.53353821281261,1
9.289623569990368,45310.4471216314,-97.87570894200024,1.4968843316747784,-18.19373632499035,0
6.137310742454325,37501.357710748496,-107.39153285619145,3.2709103036702856,11.622053337797183,0
7.467371080365145,38971.48443658208,-71.04695612723881,3.069069331425568,-25.776822414669603,1
6.689475750920305,44557.36982644313,-100.73183246402024,3.2137877041737557,-5.930390621115304,0
3.6839833641317647,30655.58508982336,-107.61492975651316,2.478108077521059,-8.568712059236894,0
6.057756097149877,42034.185911270666,-83.85660277556559,0.9840103345367384,0.7003253108950389,1
7.350839744936406,41563.65961566237,-105.6591429995118,2.027131871733877,23.08659574373076,0
9.49344770750601,35695.8142937288,-108.1028134359211,1.6291762189837775,16.546072922965323,0
5.1302720220238935,31642.444191803203,-94.3532214710997,3.8928524067000527,0.5452727002222773,1
8.979978561563911,41752.00023713704,-76.03860244186126,1.783724590447466,-3.963991362043316,0
7.496616509418812,32655.15075325221,-91.73777658670532,1.9197814662785744,1.54609655728839,0
3.6614886584440183,46887.72734757907,-95.66643977154564,0.2305859454702095,-26.905793713850265,1
5.021513549793337,41412.78802412597,-103.8413643591816,2.906441689868436,-15.675594565594736,0
8.761655027187006,43266.140542543566,-71.77777421708944,0.6120942659824393,-33.89930823908737,1
2.6332568728834502,43165.65467624339,-110.37019348219351,1.244616481599701,-16.312592266243477,1
5.6648610283513685,41369.53316069335,-108.82555124913804,1.908471802954196,23.460181528710866,0
3.168657162023056,50271.09261129917,-120.91095310946392,3.934308088709396,-16.16579034622497,1
10.285353743293614,27817.05110517479,-123.25665437182457,1.015208177848741,-16.67410922407811,1
5.715073777885933,47290.18733473873,-89.3225617879661,1.021743873118085,-14.204657335019949,0
3.763856642736008,37056.02337781202,-109.78684636891344,2.310423952474132,16.376088932603672,0
7.7333501646241185,48507.1952014512,-92.57635792099484,3.928305191471869,-2.780990255013421,1
7.793995268223663,48051.374406754185,-93.64426153216104,2.967075597430583,-9.60195116298424,0
5.410103294492438,47253.804904050645,-75.02219458960778,2.950541576138072,22.04955233678617,0
8.363913266223324,25628.830326175488,-90.11843082663042,1.498688881917249,-24.657821146417056,0
5.517779140947667,42704.50573912477,-107.94387118596518,2.163243528831608,26.20364356525297,1
5.193591485650648,37086.18362680274,-69.43226360784766,3.6803544838773967,8.318057510048462,1
8.097420959962736,37686.3458581928,-95.97049160737994,1.440454343813828,15.362678403516767,0
7.572623668339522,21775.370268089067,-123.23713668789388,1.6111449808419684,-8.893101914318358,1
7.137077378306256,37519.94592289931,-114.61274262446246,1.0911315757620983,-16.923273742024183,1
7.123269391003471,33467.01252784752,-99.06671046615712,2.0606671786241577,5.576506165910956,1
5.732352602735132,49821.41496452197,-99.70081524594512,3.108860855932125,20.338365576228625,0
3.3091165623172043,26022.22822616546,-112.91477451907672,2.7342641127476006,-14.40112244884783,0
9.528763652267358,24844.234621237032,-78.84159401609452,2.1439023377780995,-11.269875203079565,1
4.503622915740567,25707.67035303711,-93.3486520588728,1.9592640552575455,5.167569562991748,0
10.095104082971458,42101.29252812851,-86.00137781149988,2.1568313293012333,-32.927058520714695,1
3.646458011406776,22901.41620802489,-116.56789594577164,1.8809046561229623,-12.392864465423344,1
5.100637351280096,43941.498111186185,-95.12607552421282,1.4356636455674736,-21.24741077347972,0
6.625508511269486,23298.65364418761,-95.91876600113358,1.3183900734723673,-28.938941059873564,1
5.337146513413689,35200.68425094616,-93.13676629528666,0.7158953474621023,-15.734782188251168,0
2.033230629335189,52475.54557450651,-112.86729927985115,0.3034086100860264,8.38149920733067,1
7.543007643541058,48848.41247879063,-100.0598167695388,0.3995550836977947,-13.789233715083553,1
5.126217356748292,43716.90069590612,-95.60963050682632,0.7047115135762532,2.4214270178312773,0
9.677204799939467,47545.56610232089,-117.1951462084043,3.636414217068257,18.8327800738547,1
7.828374177874393,42139.7811072234,-91.83962312513952,0.7458680319014809,-2.416869189463977,0
3.6746518868808296,30841.54911449209,-99.75146442549796,2.188134969586525,15.685303281071503,0
5.322501376240586,40392.41919922173,-110.26596118197038,3.2699588222362594,20.99368016600769,0
7.973027409485526,27834.499986162195,-107.9674477997948,1.785150841767821,-16.155241968947067,0
3.388442708528795,49035.98541505849,-112.32375682802488,1.4698475012039562,-1.1649874568664842,0
2.102994923551055,42737.099443569576,-100.68274938697056,0.6580518149511407,34.17594599536811,1
5.283798827887821,49325.77600919252,-111.397066013022,0.7029769504837895,-28.38563263044917,1
7.904576764458964,44559.270352831765,-78.19607716745378,1.1162035596579991,20.05874335766749,0
6.710565584335035,51099.74360315645,-109.1435904439392,3.2186697636062416,3.3597164651377085,1
4.540616194058897,45491.42462184635,-95.45648319622931,1.909257625577384,-24.03013545518367,0
7.828287151195429,46855.85800662324,-106.99429459579012,2.210620926373508,12.363651878613894,0
8.465699955317163,36149.31727897256,-111.30075474787758,0.6651009084616124,7.065632639508593,0
8.526054081388533,53075.87054741852,-74.93132004094049,2.674793566319735,7.4133195108579315,1
3.4130941310578398,37169.04041569603,-91.26725571284024,2.9577541883723497,2.3819603444813358,1
4.507306692658021,32302.897920455,-95.597601982885,2.890238530114908,-5.389497206418923,0
6.105851882040293,35689.45009345147,-101.58801458892988,0.9064498428516524,-15.078874795155471,0
8.506898406970752,32440.5426943234,-81.84943707267269,4.382016113915121,-14.198026229034394,1
8.511136163204982,41343.39298897883,-80.67123363915252,2.778757550530534,-20.324974728644527,0
3.503641800120783,32143.203771578814,-104.13139571671262,1.459128705256287,2.0076111259228213,0
8.212319099787136,43226.43418919727,-81.0227966633604,1.2605426764172818,15.91842162721295,0
9.37083988928017,25206.814010452246,-109.29160312217284,1.7590952785729757,-3.8889660930928223,0
6.357758878022543,42772.70861382931,-103.7937324454166,0.634137436252377,-6.617775566184676,0
2.787461949477907,33117.38617392465,-121.71205905760814,3.4149965132148794,10.785292436103276,1
9.429297564924802,38575.76744135465,-104.8674493918953,2.759872756456595,-15.444828463304455,0
4.836009749792257,47365.11971440682,-111.28891435939629,1.9827351535400064,-6.930134105414481,0
10.371372520717053,39336.97039803241,-87.47457189422096,1.8007712510427785,30.243557826136268,1
6.55129628569277,49744.39319691708,-110.90334244490006,2.9902121496276197,12.56727473718361,0
6.342054575328948,44739.637909707584,-89.83259963653323,2.781773442533824,-12.53159213166617,0
7.388987226774256,53841.831719434645,-86.67645486437654,2.3003510208256523,23.64696014584338,1
3.2909191102798165,28541.73548496359,-105.15307348317988,2.505598416734903,19.09723949513501,0
3.913972902987439,33428.890604496715,-114.65031368242812,2.494770452230556,24.099192073432448,0
5.748084143020238,23078.28142128998,-82.26739774652947,4.0429243378642665,8.164723440909,1
4.490050924650719,45704.29841430767,-96.0589365193692,1.5961250451084146,-21.837122621450217,0
8.034884172206453,49658.82069127062,-108.74099802237704,1.5133307174574295,-34.665544300245585,1
6.001380269129299,37242.02177349255,-104.82286280699518,1.965267079644078,4.45741081409524,1
5.425420556519966,37036.758114753495,-112.64330184867944,1.5542968126305448,3.122913331344879,0
4.824441850261709,34245.129470066655,-119.32273440104264,1.58511240162846,-7.268463651674775,1
5.104975987915835,39572.52679346455,-118.9239112387489,3.9526685326150095,22.7329569485791,1
8.138039360285232,47218.60353025269,-89.15836159233118,2.766290500059972,-17.135743706919033,0
3.316104421368175,24321.525935503705,-75.70285826777348,1.308688200039037,9.58912346253024,1
6.959351536835423,29278.466204952427,-85.83492808198604,0.9902074812857852,-6.02722791211761,0
3.4496752868218827,36783.84476420935,-86.06814558649336,3.315483917153826,-31.163013778696264,1
5.637804450632166,25933.066405637983,-87.15145989000797,1.6854949049637682,3.572416155872542,0
7.356709518080629,25481.39328327904,-84.3785329789998,1.9766817917714965,8.482103688546331,0
6.782004431027392,47720.7581524028,-86.99086795976527,2.181455872123026,12.838528886408078,0
3.363084693983557,42931.7557650924,-109.72532972792489,0.6916337071422203,-21.60526732358656,0
9.374581855362964,39292.60559777942,-88.30805621288481,1.0776338764742364,16.11570125704786,0
3.556386526172399,39166.62725193773,-89.86724690760542,2.1374920275071005,-6.201702809927717,0
3.1065058714943774,36355.47211723389,-108.4782293565238,0.9902197568547142,14.853434313983747,0
4.977577236210324,44898.9595158427,-101.93717502347648,1.7520676108784103,10.887842482523382,1
9.06460373015445,29575.9098110526,-107.6635991273434,1.730937843498272,17.881084038084325,0
8.958501179536164,43074.21210545691,-83.34593659495133,2.2801533920617034,-22.89358537891632,1
6.309669100196019,32057.21660688936,-99.4841473102034,2.4783744620239645,-20.28678265656361,0
8.562525441971594,34916.85819584404,-114.57050554436276,0.8440481508321969,20.85684878247997,0
9.830545192785625,28751.703885324605,-104.9330547023968,0.6735770441294482,11.611436714073818,1
5.376013650163444,53270.10787978916,-100.37612144074626,4.452098997741877,-22.778751800345347,1
6.782819747002064,38298.313495716255,-84.06662506545494,2.68026706859092,12.000631807878932,0
6.062572426029055,38314.759812650525,-96.5889652482944,2.3289874054185966,22.783375512294132,0
6.961167371730502,49419.10572591541,-103.89259678859491,2.571964074526264,-20.173246170696736,0
7.468625184771213,30054.320007221555,-111.32592151654984,3.285511846793,-24.816415373086716,1
5.652483008285856,30270.5153489187,-110.23735087097052,2.182380400948464,-5.777911034171218,0
9.062716157718508,31850.48645238205,-88.81648142324823,1.2511678356473266,-6.407811617661714,0
5.985591126241921,47817.56263945933,-78.74791890019155,3.019931407561673,17.287296734339172,0
3.986618010335694,30181.14048194225,-110.2768314281908,2.5603578520712444,10.020099937958264,0
8.283428210723256,43190.71916345603,-96.80042551908254,0.6456307947210185,-10.914302229939238,0
6.165635144969832,28903.30926549759,-70.50788546307726,0.6352954738423706,27.71238969017785,1
8.924250024185604,37074.45680034657,-87.07956420832312,1.5079316853486917,22.9536169151801,1
3.9318314570433737,33246.16228518004,-93.1253114803316,2.70447400552444,-7.263475285431092,1
7.335658036715043,48445.62937477947,-111.89303498972347,0.8217847693952698,-24.986463094993905,0
5.34692164945697,28698.648459457563,-80.84783720146405,1.6088899013276237,-6.358442450988743,0
7.585631583629645,51212.20572439563,-82.03286345336947,1.221020128269149,-25.800368855535478,1
4.644085377405954,28204.775895293056,-107.62568270729597,2.422461679135355,-19.00113822252514,0
4.538011708746155,47494.857736072576,-108.04008164162542,3.1774185534734305,12.790693705275553,0
8.338581671474815,37113.824281839705,-114.76521280967503,1.0359281154934767,11.7892350056688,0
5.235008033720549,30802.57782854809,-106.21190619836489,3.227210462502556,-8.042350068041838,0
6.355819439717027,38609.31582993437,-94.32592299657216,2.937008501442441,8.509723606051459,0
5.612197143867235,44546.47280291408,-107.08761002102992,1.7338691946079734,-1.5710118242731426,0
8.432535223940196,44826.23845906841,-83.66233414590613,1.4166312544081334,-10.977865512033924,0
6.248916798212858,54300.84537149185,-65.32730823683093,1.6632292017350692,19.563712850381137,1
7.248134982831046,27954.8447970013,-83.78845304769756,4.1589314224729,-15.34657100342876,1
7.2395433667308,32508.006860441725,-81.68448419698095,2.8237329841429943,6.179804508431943,0
5.75037289401237,38505.18497415156,-103.99551502288608,2.1367225346477867,-14.03928082125216,1
9.359410017285857,45626.31402641216,-84.61694917037059,1.3794072834438504,14.325923819345816,0
9.450694868955908,33730.35933335571,-107.59391624436674,1.104140789374428,-23.774234187510547,1
3.395365148714288,36974.54777495908,-98.93530981949758,2.558292488186698,-0.4865572927887349,0
6.109380138828939,32313.434086594047,-80.22573876931789,1.9896920715486035,11.76103334098712,0
5.480525362292489,49903.03450600242,-93.83542619603452,3.4132351328408546,18.038985111724905,0
4.198363857535531,26284.417929589446,-77.35745612927587,1.933187561797063,16.105782264971516,0
3.129838741196969,43610.33013491666,-110.12557847032748,1.223393353535193,4.224651336602946,0
4.687509725899719,30555.68922578242,-83.75451479463868,1.818862586250937,16.711828191780356,1
4.448715910685968,36365.74699572993,-99.75680675670472,1.0866807145552926,-1.5212878769071807,0
8.450562075499853,49125.15839057027,-65.43797074116156,1.3955375764457567,-33.346176282201085,1
7.872428527488071,44870.90716939454,-75.73930070632619,1.70080390839057,-3.888676004692833,1
4.13924034770827,33558.831141066315,-114.31799504758304,2.763797070661944,0.0775749932885432,1
5.707190971142147,37363.08556344999,-97.63293654363233,1.6749111003399726,-10.0143225798066,0
5.219457826333334,40239.784603480606,-91.99537736599528,2.8708898431582703,9.47468654697061,0
4.703899409412298,46488.23221368168,-83.82597196026528,1.9354291081496504,-8.784407584884686,0
10.381204591225382,28993.29977498121,-85.40841981478013,3.808902616541344,20.871305926466235,1
9.049877131731256,42707.42474927819,-91.40451232371586,1.5984724307934932,-23.59748336916593,0
6.2469791400782455,25349.117283556174,-122.43053731103744,0.8888266309773014,-12.986528624860682,1
4.15326834017371,42066.47129253838,-107.52093673870704,1.0213853955659156,0.6923426387286931,0
4.521934969648727,41387.130709588375,-86.85207840943823,0.5032589110751711,-1.159664586954296,0
5.738042099588988,28102.316977974977,-108.15441083865444,1.480624279182503,-5.857124091527645,0
5.655406662456787,28648.57130288577,-103.39228153940196,1.285398391682333,5.884012002861756,0
8.42696636587181,43317.19443583593,-94.0576500984823,1.875258707418464,-21.173192811538105,0
4.8766682013218245,52116.47752737219,-84.57774861791064,4.132523358101905,-30.738943149777644,1
8.50375614568743,51219.82981548352,-113.27531879828352,4.208411676121161,16.062901268522026,1
7.13822404249399,46195.9840085714,-103.73934743795346,2.87967059181905,23.990639239172,1
9.03292726610533,27492.23340403454,-78.16877199901784,1.646472738506511,-21.00812594446336,0
7.076718852214087,29191.206657325296,-81.9290308505511,1.1302936488135444,-11.821272764170905,0
2.0204942704088564,29442.0055559344,-83.54071075850406,0.9216421939901488,15.437886945836212,1
7.20725990493664,32089.14834014687,-96.92545365510408,2.1370771640733235,-2.105727433253086,0
5.83437483851189,46101.22884209592,-83.76251852146517,2.8561451152734385,2.006435850950645,0
6.397671047706341,30439.7335240506,-91.51701638132846,2.8102239646926424,8.969556720705796,0
7.520211032398803,46431.931989402925,-103.2420646756731,2.059040729763471,-4.6376034838454,0
5.518432414024626,35189.354676993695,-87.14339778589977,0.9155285100772724,-7.835233143348397,0
9.601780607607086,50329.214659871264,-86.14463327392463,3.790146667314874,7.936833605954533,1
5.533201254045774,34458.951506874044,-104.48078898215005,1.766718148261078,-13.021909253071971,0
9.234665902063202,47471.317028562255,-119.9223900090768,3.085405694926375,-2.509788055798296,1
7.535214868225806,41824.64878821024,-104.77229612978154,0.5967995299555023,17.61458388392377,0
9.47763452100172,43040.35889944032,-110.2244872834814,3.5026326462700004,31.388115295342004,1
9.761017276482615,41332.12224160822,-121.0329433915792,3.8447518027461927,-4.581820970967012,1
6.481575816581432,34804.334160890285,-80.6377364981276,1.9844996427780728,-1.804302898688832,0
5.631574737157352,44754.67317804939,-99.97472488880064,0.5727136380006078,11.70546979441268,1
9.126886719113024,51025.58936574396,-122.08330195078736,3.694407661812161,-34.72527787701687,1
4.37326877472792,28400.31073958541,-81.09526727660992,1.9100081099244832,-16.118733769990996,0
9.438365417885656,25123.856476734407,-106.14836842232867,0.8786057118938871,-7.252437341390454,0
9.930742923352682,52984.14748802471,-71.34679555800481,3.526652526685983,10.166641014487922,1
4.09855250431,38757.4234822349,-89.36704617672372,2.527934906452685,10.706284470027567,0
3.109053370237061,22978.02457302247,-102.33362847794106,3.5587462025139267,14.75410078906583,1
5.3117623963556895,28460.20483691025,-100.31668427895744,2.24646711907961,-13.35029257228828,0
2.0755972332726094,43345.46359110645,-108.6097748891712,0.7698532539915441,32.74194161586509,1
5.489914260336622,38079.67399053625,-74.15360089221154,4.054543165573272,-34.40967850521895,1
9.00245099465694,40130.12044119497,-88.55964696830033,2.221964332549289,-1.5335949744748874,0
4.852266807273764,34670.38789303469,-82.14899942855476,0.6044799818326417,22.92563727312425,0
7.52896122590383,32972.73685544251,-102.9894366727224,2.9305578107560946,-19.245736665060704,0
6.105877893852876,32162.388008677262,-75.28988032146148,0.9976197942220856,-18.010507070490945,0
6.942856184252228,29795.83797432524,-124.38974461294949,1.064521624161782,12.870793002795368,1
5.018069900424079,40051.28235272948,-112.74870686451418,1.9286648781423723,-16.832890137517232,0
2.11456948015435,53529.226715033285,-109.38629606377404,0.3242835684009559,34.96778264599584,1
7.209625702116125,47710.28613031515,-81.93475361399761,0.7142295105674424,-16.703860538963767,0
5.008063745692135,36020.57975407029,-91.8170477852639,2.697079303817715,-20.493331212689053,0
7.242025045317353,26914.33961369461,-85.88114693606401,1.767132489614549,-23.999859882062317,0
5.506924495190958,38448.71959997551,-106.57348811812533,2.606562400620879,-7.653923464563501,0
5.872697428011096,33416.75270593314,-77.06781650735081,3.1926795355733817,-21.15387152373036,0
6.10866679147018,28295.111845065563,-86.58739887573827,0.5412431702680427,-19.44179307273597,1
6.295940812670708,36567.79147318181,-92.82734514646783,2.8754533917960754,19.79383827784013,0
8.806206324821858,35352.61447009476,-109.5783218532567,2.2137237197248107,-15.17030618739495,0
10.41419018821783,20323.59040505758,-88.48880415651375,1.069776559376872,16.466288824873452,1
10.186990271065744,35961.736220231134,-111.89492044874252,2.4691360259838038,-24.61076440445296,1
6.905084761537441,33156.43969377921,-111.14444379565026,2.972268443207021,-13.411987001308225,0
10.122354464248923,34452.75018354406,-68.5777580766252,4.462523419995688,6.743095461026783,1
5.736675424146915,45004.18650153229,-107.97768064504169,0.9184804900304286,32.93231411547156,1
7.193371036234053,34413.06836205628,-96.12990748708197,2.476915430583981,3.801947723515397,0
3.2126558645578047,34263.24896836089,-97.26467655757192,3.351665509554281,17.772509665297733,0
3.1547868960534826,50430.70571991052,-117.12458214227988,3.289371648381162,-23.664532135052436,1
8.230981267604212,31224.39453357472,-75.98976743764592,1.687482700418218,5.927254836839481,0
6.604282208522914,29463.535770026512,-114.14031887767392,3.0286442621452045,20.532447509910988,0
4.321502599375478,32966.112585556206,-94.69599619496056,2.6411900045055745,-7.092168371380641,0
8.09006834864583,38102.95833239978,-105.86514719087543,1.1075899533233118,8.212204289749458,0
3.715283863785159,34593.252511011975,-95.4153496767259,0.8847220550390343,-14.090735813049838,0
6.54558358274014,33030.28570536485,-111.7972435570002,2.48275766437441,-9.675207195462376,0
5.267421531428235,42655.61542009108,-99.375026967214,0.6882973128817277,7.79596237517994,0
3.2344873211952505,25500.70933161709,-77.38579227728982,0.807562191072836,-5.103129598742928,0
5.970117623500401,49749.68577948255,-70.72646473598391,0.6534364597822978,-25.887483560584087,1
6.413998456068782,46894.57429649542,-83.52320550724508,2.061947273671246,-2.4195203718168976,0
5.4607382885571045,26165.029221544588,-66.27526009453136,4.473976147236424,28.570904770747333,1
8.516884744321102,46669.312711553066,-82.23958190102897,1.3840918643859412,-17.792987884859617,0
3.6219437800366734,46134.55671936314,-106.16106055914624,1.8785198392631235,-16.71787206385837,0
7.021636617355586,23160.103737313788,-97.7730229199384,3.3847929898759253,-11.229106323896552,1
9.49940088530986,33749.0085930046,-88.994236270005,2.843699148832685,7.58773276219447,0
3.06856052309977,31468.459260091386,-94.5729503789982,2.0563933005480486,4.025914776200207,0
5.703802857280191,41047.17568056198,-79.96587446836102,0.92923844660881,-8.672972914961452,0
8.071611527405285,49088.0909588233,-112.4607563855026,2.3834569528034075,23.66786914371176,0
8.4666752644166,54722.28415298212,-105.33468058226843,0.8970666348845506,20.05767109760729,1
7.744851251880329,47774.71250449932,-89.31070490832494,1.988526408153852,16.62014544288619,0
6.506268063884195,31692.116135550765,-97.98710363276096,2.1441590223806517,5.237617294865455,0
9.367866078439848,23920.50790318266,-81.66938221188892,3.561402690285587,-33.39516219913236,1
6.858303958479073,27984.05906595753,-114.21890781335048,1.6761444464446715,20.187577627442387,1
5.9871369661609535,33065.94868933537,-89.4423561377199,3.075898726380065,24.3840631703934,1
9.320076322712204,33453.95123235112,-98.49432845605222,2.752552078729343,-0.3772149232924455,0
8.389670197335361,26210.531348536744,-116.3242806018794,0.3552150660911171,-29.38223821808112,1
6.299427725107169,41258.424213204096,-97.73937747550232,1.4102550547169557,17.491675122249795,0
2.008242215696298,38470.800271058215,-113.88809026311957,0.8305364048705997,-2.1208067485738127,1
6.2473526384992,42998.55258102933,-86.20122899789847,1.8736530017308028,-5.462280436674888,0
3.5298953286196424,40867.314114114735,-86.40917120888399,1.5904007140696754,-6.053127020077401,1
8.833271085177744,47458.84730231771,-91.34087991453484,2.349888781631853,24.706705183602715,0
4.681300578668626,46423.64394735125,-107.90219707862208,3.345335658050517,-0.0776388196446085,0
5.618510168800183,39241.29816057596,-93.03920038261076,3.4089343157243657,-18.1239228672704,1
6.8507629588319245,30287.999024788776,-102.15837793026589,2.1413652560856447,-7.112364916185459,0
4.864629635442972,20832.127914104218,-121.53179064536648,1.6710365211359095,6.289779092957545,1
5.742463928771652,33937.85723700841,-98.87996762675988,2.593455544059593,-9.989226109098798,0
8.291308269653893,32909.82057492279,-105.85467366968074,0.9420803062826544,-6.584952059540168,0
5.377972220770893,28917.83404165897,-72.59451184356179,4.285897797517118,4.461771645838326,1
3.073678987963912,51799.79690865672,-106.9426131866818,3.960291050636152,19.723351065205613,1
4.712129825190373,49408.16768874018,-92.01980089837156,1.3803333645628328,20.748971686244964,0
8.71005673856769,31410.180385428925,-98.43624626127492,1.9020614876905144,8.97182966650989,0
4.781023947198058,28040.922055704075,-122.9397399550051,2.483527527888917,2.4435597875056416,1
5.123143492359558,29486.510766698568,-105.22912833503013,2.0883804835187894,-13.252834398361555,0
4.581383143140029,42432.28548637583,-106.71283687853776,1.2789592840676105,-7.771019414276552,0
9.487257002012496,34299.24497102268,-97.9931956996008,1.0174475151100042,-12.69512316164329,0
3.738912122443237,32719.064143801792,-94.46058782954394,1.776082167129533,-11.634759979907496,0
3.583232872248173,24052.73242620482,-104.7182471852244,4.435555734817703,-18.358217694672064,1
9.433453870241554,40804.82593726067,-99.02326990195807,0.5418504946168049,14.56875533513903,0
6.207960984024576,27496.90264299475,-76.35749185915354,1.2642971009819273,-3.4523303528885663,0
3.3192245762415507,47229.61847823652,-87.08981719424406,0.4394532152858641,-23.38464886756515,1
4.978099649325622,43567.43755074129,-78.63076587195475,0.5237067005113561,-11.010962761860894,0
3.0771097606208127,48180.56315133517,-97.047175055145,2.535480215751125,23.088136140351523,0
7.11945498617081,53791.72612198628,-109.878128805942,1.044491136005432,-27.21521552820028,1
5.457559924941869,29284.37876972102,-113.5948197445185,1.0252872262397326,17.145385553278167,0
8.572648825676602,40681.41114494207,-74.1580005585829,4.452540897581214,2.7649649385211106,1
6.013733025550897,36340.07764667752,-99.9941246026331,2.31807606996993,-21.403017515974444,0
5.370280761183942,25235.63962964086,-110.18078682510814,1.11809908505241,-3.1225244176663054,0
6.473267015471095,23674.228885145265,-73.51872216851456,2.503871711897108,-0.9786339091228342,1
5.800350745944392,39060.88192321944,-87.41082815043083,0.8095772467216614,19.79626534022232,0
7.625581675168928,38898.095513797176,-96.68147970772074,2.455278922915203,-1.1174695852132928,1
5.700968935141431,45937.97791887779,-76.21665080929691,3.0860205396297857,-20.7387368626596,0
9.412803606719477,29100.6599363818,-109.41836030448094,1.8760427841339524,-5.164619013587103,0
6.6954275958799006,25804.203974043856,-79.77541964123986,2.6896561299594075,-24.037009698114858,1
5.25454538034904,25634.98368250284,-94.0069478918343,3.0027316496666696,13.600142726596538,0
9.22735418561037,27375.029759494893,-70.21379152921078,0.8138397902831134,-3.645186935301126,1
9.839130462248033,42269.01347951722,-69.18233374242124,1.8392864604537011,16.777147011144024,1
7.472283732818016,25666.17887409583,-96.0163914365976,3.4012120885161528,14.14519957157107,0
3.1586875792349507,36371.01994152379,-84.12659968774798,3.122597114066814,-4.731981387382099,0
8.532293795635987,38119.79733722444,-99.67729765599202,2.2593005140117315,24.75502107915934,0
5.556468926860326,31139.78984734349,-76.11711438959772,1.701825673901742,31.560638498813304,1
4.346679673936311,45582.45465400965,-95.01635668371328,1.7780547363558743,-0.3124187335152122,0
8.635212865406132,39927.94915925748,-87.56685007482926,0.9482241747531586,-0.3338275043178349,0
9.33783471413402,39126.15765382064,-90.34165198014036,3.388658161410758,-2.931028575048529,0
8.811637353118542,29675.744151092447,-113.85655001513946,2.485656511728884,-2.367954197542065,0
7.027182611453843,44102.46426158971,-89.98604969785923,2.236803407776945,-20.72326504643054,0
5.152365123555008,36142.56514690288,-102.97349126369777,0.599877570073704,-18.497346591041087,0
4.136644996390311,31728.49815355484,-96.4607566102788,2.698449078710341,-24.590472485446703,0
8.135440001160312,28102.233214957305,-84.8804723598171,3.397043131111168,19.88011491199064,0
9.207142334902144,46259.86816218966,-99.62067616947968,2.758905710459855,6.388779786329014,0
5.644898435054742,48375.80246490378,-79.86401513943088,1.9323455613226892,-15.027201266619915,0
5.980211524725746,49840.44209165281,-122.82357514184216,2.9208527763571057,23.19736273268093,1
7.024504594881862,41726.922125694415,-105.04494559696992,2.49921636544853,21.09127506553071,0
9.231693123387528,23252.048131197545,-71.11572087018244,1.006913055665258,-2.898983168451238,1
7.992946860532734,31224.059012680853,-84.15098667890662,1.82888282642876,11.880950627675432,0
5.519245222117831,31599.46363563741,-86.17659340290791,0.4528060054639217,12.173440290142352,1
3.5430395751329398,47180.56754901045,-112.914947698005,3.2500756058339624,6.657888623920506,1
3.586627130106804,45567.69314346238,-105.58158180194413,1.1311594737935824,19.51233638831497,0
5.055561438783101,34729.6664887607,-96.64896273014062,0.6980488521895192,15.75424458029032,0
8.681952062303143,44317.77178050321,-100.2110750242003,1.1761834929548274,17.103334799805708,0
8.632949095844083,44003.90320067199,-115.36708751153014,4.192704526000035,-2.089558771611202,1
3.8321531744832673,32729.719241393464,-102.2084556629912,2.4877042065564217,22.268151937003267,0
7.990985520396562,34228.31415427484,-101.40596196012022,2.969714425539781,5.528326183248378,0
6.989605317569376,34536.413881521265,-113.72721902100793,0.766305081706018,28.440945491205973,1
7.576306777992535,29950.51322252885,-107.72062674086877,3.3454499343835917,-2.4669607851311106,0
6.526194561114454,53410.78680021978,-119.49800854277686,4.033572998500244,18.58005592877911,1
5.131005260027474,39559.22614644379,-82.08629108114556,1.583802598438626,-20.100608413460385,0
6.902675496309486,28026.37662668288,-75.64622593941314,2.8479060390830586,-7.639811734577549,0
6.270533362594773,39656.78612660652,-124.87226200665008,4.0127772555948455,-11.387309471538146,1
7.660442280384283,34206.41286713061,-85.99085812418473,2.0849631376018163,-14.306284075940818,0
4.070943087955516,48570.29832407523,-81.1381944212419,3.9590605328140978,-1.7571310302320668,1
4.692925685573218,27646.771189253515,-83.53361045348507,2.302160634153676,18.113276058016982,0
8.693489614278377,35922.320391245616,-109.4556049923386,1.8257039940536035,-9.336976891824916,0
6.206175389135718,44914.40073430403,-79.1111462412112,3.1699351226364625,21.448972747887588,1
7.3660368210886675,48426.06603549737,-69.7947989716067,3.588340969551677,7.299794579717087,1
10.042969216234416,46189.19742401102,-103.06775578127706,1.0607153639965805,-16.414007046191166,1
8.361987797752528,29481.33371089376,-81.99859515003493,2.9437644334406343,-12.080785806706912,1
7.891633372454976,26202.342186347443,-92.83569474507738,3.421108740992866,6.777900520266449,0
8.88490719937967,26934.77899671351,-121.73388708182524,2.5468109377600414,2.694790030779153,1
7.947333555028466,38493.07065970092,-106.22895465367556,2.810993849332576,7.966357919614275,0
5.911634034277679,23579.95889959677,-120.85632184088924,2.7591097253191808,21.313164231092607,1
9.161984377839158,47608.096638694726,-86.8763667836775,2.796722668576706,-23.231896256712982,0
8.820238262400665,27417.814520693417,-100.85832792838347,2.0975732414996626,-2.8310897937276778,1
3.3345863395184105,45597.91244993493,-105.36572962098607,1.6276727377840123,12.910186124266822,1
7.17512427354399,29425.73213717095,-103.63530138904082,3.181288431774376,9.546522257183256,0
10.04079396089569,44763.96975848176,-77.00484198258391,0.8084089719603254,0.4605922883662074,1
8.75642510658911,49695.38246933567,-79.54037178457733,0.7066699753083766,-18.25282997487817,0
3.2686226370968665,51182.16165034447,-102.94640238241924,3.0531910742731583,11.369944046703942,1
7.291646547032262,25016.04278570079,-104.94266148277558,1.5506547066283694,-10.836723154312638,0
8.134081633128872,34260.511515068065,-96.42816850426732,2.4002069086141207,18.01913254980185,0
7.625662734858682,45710.94073579702,-111.72211346261246,0.6865810176332307,19.425464842492083,0
8.428278873124615,47092.05413731405,-113.49010030569757,1.5102931158928443,13.31538022236208,0
8.019443237930059,20553.794994302785,-102.62816322802836,0.7726190990663946,-6.711875319357656,1
9.207761996385038,43606.90237312279,-87.37395471320121,1.4369155038356722,-6.56345298370384,1
9.015687364275667,27425.067717740905,-117.27855486075808,2.390052335406037,-21.347493730727173,1
8.598672812571298,24123.343638587125,-103.14764780280343,4.031411196888977,34.31574138195357,1
3.151058962116042,44633.945269921605,-78.11423237945594,0.961073718456402,22.63187728608301,0
9.356046640103315,26617.760278975587,-75.99170023230124,1.5158949390112642,4.748041497181909,0
7.776204649830181,21240.22597347531,-66.14193974850922,0.5076835428441322,26.898471772854336,1
5.879529165822738,48344.21310977983,-79.23479627464789,3.2997500912474007,-11.310191768423822,0
8.841835830451673,39041.0145868054,-99.57636467110686,2.3054057332614475,1.363118073889396,0
8.767199987731809,47581.40011783475,-89.55468719904442,0.5005530213656509,-17.663732297390183,0
4.096211550457553,39582.98627603894,-103.49750695042654,2.847242581716297,27.34042660258652,1
5.327214259976531,47893.189701149895,-90.1843815488328,0.3435566775038465,-34.273643410463194,1
2.0252702868145063,33665.017165816615,-115.51774514175015,3.864028560733424,-6.229201408558531,1
3.3944651444155234,25833.591889104828,-102.46882263121492,3.043076433838092,-21.74858906021482,0
7.969128327337227,47883.79813219229,-89.32178856027592,2.8137320643003214,17.478705512965178,0
9.34794564873987,38115.9217277152,-103.6800518690018,0.8015783242723723,-15.294121095446329,0
7.707063205613046,37519.82129094313,-76.02706690256014,0.6610892958421808,-3.1455873578250437,0
7.475637162478279,44184.81456912267,-96.59727848858353,1.61308230985158,-1.62545491154723,0
2.698259267966681,24511.598869416102,-116.3898701601398,2.6261970757031547,-12.6084820711241,1
4.19421631885618,46045.96006063914,-81.46775121584407,3.609170650704635,-15.598539012565183,1
3.721700139842671,28357.118345955336,-85.0069516676698,1.473636552181365,13.76214538978376,0
5.333796624536786,33021.37856912438,-97.78388915427472,3.1858579747946645,-2.699346051291073,1
4.202682147185406,46558.80428405675,-107.44560314129056,1.9715551497792088,11.473999612184848,0
7.161104816826934,51979.685627446685,-84.3836885666265,2.42689091644277,-19.761500526663905,1
8.618294123196861,49172.22760120903,-103.83500029112514,2.424445215822883,-5.016080781996955,0
4.330402254159099,35928.575214394514,-102.84856272481912,4.080598311899057,-29.910448752481575,1
9.90242094070902,31499.713682366128,-107.91510387207572,3.1170915613407426,25.7583677796556,1
5.117154414596665,33384.23463644266,-98.79644911468068,1.193118779256836,-15.082708141466874,1
4.619376314187479,47499.115507628114,-85.67024188277823,1.8734844561963897,20.54165477271379,0
4.513140761346696,27525.03573524323,-103.88105587559632,2.4070533327932004,-6.758391051495789,0
5.594927784213363,26416.20497143671,-87.09928366785992,0.8326234128200823,-1.4510646697406209,0
3.6138049239722303,43725.30486937516,-110.75813455539276,1.1336741107989348,4.946474211961295,1
8.158360967787527,37612.77716605648,-110.68796530508908,0.93306664934405,-21.389666313328824,0
4.671090452474992,48913.74716017719,-84.36035570038347,1.740258809246101,11.635122853551344,0
6.661870564791814,46483.96560352095,-76.77153194773408,1.0654462867188843,6.043619848117736,0
5.200648021334306,42317.61496467205,-89.0065338968291,3.055295877052074,17.617066828294654,0
9.595485606470389,33627.99193897163,-107.77012458310986,1.0156806994372662,-14.176374193062188,1
9.872090770894284,23129.168880226647,-122.07112837607934,2.891012259721985,-4.27731167774175,1
7.808836538570498,47809.56325328638,-114.65864486394044,1.3984224561269265,16.11544279256178,0
4.37302086493203,28430.870131433174,-104.77921983914165,1.4843670678135237,-24.613504671534404,0
7.130608666530341,51877.1449849342,-106.40675179736236,2.317745277520921,-13.317079780320476,1
9.931351008645212,53571.9983413158,-118.71407390907648,3.5618279365161656,34.51909764663688,1
8.725277261226033,41152.9770144657,-111.37441311744402,3.337291996990004,14.645946086393757,0
6.19726227145013,42196.0796499226,-105.20998953925294,0.8580639905792107,-11.139148290064105,0
6.320361651666546,35455.977655281466,-109.4853080586177,1.651129888513061,-15.712315035361716,0
3.9843031777757454,42262.50652296314,-98.5849036270918,2.824916905421273,21.02604749486053,0
8.470623700813725,28176.72203070844,-68.20629011102538,3.433870922212587,-16.076441998525187,1
4.143396851118386,43661.819834752285,-80.90073604150733,1.3049673196197835,-15.872197995248866,0
5.829953324592966,26602.011409232764,-106.12919021521952,0.740119210087408,-23.11223308574605,0
3.9337127680103823,43249.4095281439,-106.1795691736034,1.3394006700095868,-24.159104788408253,0
5.960370832951201,30156.051214833256,-112.61454799587533,1.0281911531561878,22.184647114375583,0
3.2828670907477364,54323.99093341019,-94.39390595348458,2.105230298454001,-3.0860833818084004,1
9.03231037608117,27653.388546749316,-83.5243240934972,1.4040521295346131,-20.674738928110365,0
4.78188864806787,36638.99941613725,-86.64191566918771,0.9419733924005064,-15.34526988773908,1
8.737689761336789,46412.24682532686,-114.94477918314568,3.406906252243898,29.25749176125184,1
7.617395194563567,25623.437142686653,-75.18452905793652,1.8939774533728768,4.259141077514329,0
5.594009657254478,49006.34241279472,-70.30448855177227,1.405669055701242,13.168146564118196,1
6.2833214370915655,40885.2452268961,-110.045085644372,0.5916895771459807,-6.376661923234639,0
8.781476936882,25227.31978440572,-88.09328601262825,1.4941982735666248,-8.945893920206395,0
7.418829017756264,39376.5522775771,-81.99933206471624,2.7383344663832667,24.24292064697353,1
10.114795120211554,37031.39248429189,-67.97260658296779,0.623252180294841,9.221806387453045,1
2.165615570960366,53494.82702255343,-71.89988922442612,0.3391526721943208,-26.96235848001361,1
4.460532690705123,33452.139053686384,-91.46765126171069,1.1903441977897309,-13.989130777422028,0
9.398391936619364,49304.12195844392,-82.66157114722547,0.8785579959156192,-3.831255034220028,0
3.802216332406222,47961.82591796232,-84.47744685471177,2.08725978745795,6.377326210635808,0
8.203747574911123,39604.18210101944,-67.95569477159168,2.64901259650549,-13.437220266914004,1
6.907358996133304,30625.599583282048,-71.82843759175391,3.6127085245095447,-29.681663929170664,1
3.033004278060176,49504.60103232864,-113.39765280745225,1.911957891288615,13.430319541773322,0
3.8068055695075103,46521.61658626598,-68.65933941571748,3.854724750133618,2.071942885905941,1
6.329328276824212,48058.8399433685,-79.5361901531067,3.395706833101023,22.142316596241837,0
4.763176727063808,26947.1767491728,-100.08767333048554,2.006122827678748,20.09705046291357,0
4.33291892227319,28603.797510648004,-85.3830352523093,1.9859139577240368,-13.822820821757492,0
8.391868499497722,47978.75575200937,-94.92510250030936,2.6280584460641783,-3.816486920621159,0
8.874632443671953,35545.733164117395,-99.2501960044238,2.7329293274849262,-7.634777334672037,0
4.265748830545523,27710.02205170692,-111.88765693822457,2.3095705012708287,17.33046372811186,0
3.765399765372046,28913.91731104052,-73.75951652709391,2.9373270293557043,4.85758158220159,1
6.867298410980677,44682.689488339645,-107.90322930625284,1.866013484060797,3.948314622114836,0
7.426861950609868,26652.87709053037,-87.05296473578035,2.6898751322946244,17.323405757038813,0
5.042376576335919,35127.55712012607,-105.04937359245604,1.3720364398908451,-13.455226130990669,0
8.023845381071366,40986.78350123852,-97.5825618317935,1.5917747410886125,-2.0623408345353624,1
7.130760673381129,42335.82316323389,-89.18959619680199,3.499698657689276,2.7456287916248705,0
8.303494014349976,45598.29465215712,-106.22881629154782,3.395682393305521,-16.163238042597772,0
8.961547090140288,29781.372956530733,-110.64460949301436,0.9160838815879344,21.537386471435177,0
4.869807900867175,31225.76691515461,-80.7544008226491,0.873946421747752,-3.988790789619358,0
2.037255967615885,53041.74938707022,-122.13409528703616,4.160868766244369,20.65522598844268,1
6.088915931254217,25241.06694110502,-81.91160304699781,1.8043848019232112,-9.20151521106392,0
4.484928358757955,48830.39689177716,-67.32864447046886,0.4549647040033914,-16.886716936479758,1
9.62955588442854,37040.69099703458,-68.20346193784704,3.1839144500811485,-14.10792842090856,1
7.037514150257352,25956.438504141213,-76.13360438426002,3.9099840432361943,10.018751755283477,1
5.603780536595918,39257.041097025736,-107.21378792449124,2.159668779863455,-21.32341251285791,0
5.073648000939897,43679.16538507432,-76.49422776550803,1.3445476597581605,-10.73433536077706,0
6.200723450267389,32324.291468918927,-96.18219087582337,4.498542550225336,-4.352702515311972,1
7.96748123538727,39827.13132602119,-101.57985089325253,0.8622364686554675,-17.938159869033814,0
4.044479539814098,42417.25214510858,-100.81230494004554,2.5787043102901475,-5.543101644882675,0
4.078375672624334,44291.180759250055,-78.8352658237804,2.829888518719663,22.224823869501456,0
6.097610451580383,33838.44815540428,-79.22734988519173,1.3072273474063971,22.35590545317391,0
5.584995870652502,36527.37880992205,-94.83937123534582,1.9750855206895015,17.362237167876884,0
5.424667144450504,44543.88266462457,-86.81875791684949,3.3080375026078825,-7.648536314437599,0
10.339479012241036,50781.76256897624,-68.04490565177048,4.370354898126602,15.585840434019872,1
6.262763001544559,25471.168643040568,-83.43925676910641,2.490247344655085,-14.940906752418536,1
7.6439163826836545,23842.644202019477,-68.01520198597348,2.9668307124430155,-2.6359438759104137,1
9.163376827714718,29184.87023033737,-76.74895174106405,2.113924492892753,-24.633470689157743,0
4.540950323014016,47771.29058345156,-88.75908086564279,0.9104088467205228,-20.579393602513505,1
7.935968812150802,47957.41116723917,-108.13775530660769,0.3331660909355861,28.234297615866296,1
3.8706605027296193,27946.541316541417,-102.78479989858003,1.0491335549944505,9.67182708582228,0
6.756470369534057,30318.470141800157,-88.73054788047392,1.1727346073226967,-19.58908090363667,0
4.298273785204937,31312.373558264782,-97.49940583740204,1.3582679977751493,-14.94036289224256,0
7.162668487937727,35264.28963138349,-85.13254605382633,0.5693442961108743,16.235253489008926,1
6.219636222506753,25925.490283639403,-94.90835399468136,2.270541287928701,18.48501566811077,0
6.728897880098286,31681.644788954643,-91.19949564763868,2.4370666202798024,-14.556711128172584,0
9.005256602114269,33431.364781537224,-79.29892623832244,1.2658532710593118,15.349424955238064,0
3.128127936271647,33152.92094599039,-96.56362454361684,3.0901055653946035,3.4024702440052508,0
6.813170803969437,39809.12978169799,-75.46253527256584,0.6761067764198948,12.038996531537762,0
3.981223109055,26707.1564623939,-97.3116774465486,1.4084613054170387,-11.266316625692042,0
7.795053778705529,52439.848689575614,-101.93438098870112,2.810022850300533,-13.45746253678912,1
5.845873591999819,36428.39099516107,-81.33612103588452,0.8327925348578339,-19.705407030264887,0
3.995396468434115,38411.36691708943,-100.59459411387448,0.933222203408111,6.854660708821765,0
7.274892678789278,49573.811707024266,-109.2918929122055,2.357774265482838,-7.862357070803746,1
5.811563115479201,49877.66191491408,-104.03857614942858,2.5405204262948464,-1.6706636191998747,0
4.904731195237649,45268.20418347786,-109.36603015737272,2.202460926515675,-1.5837392161770332,0
7.189133734072784,26093.50106346962,-105.06628222163988,0.7507866382820116,-17.86821971140862,0
6.627726107352595,41899.89284933141,-81.51516096483452,2.067758718386532,-24.82684423339596,0
7.175363314167623,26831.86465805937,-75.37682623544883,1.54883556951828,-13.712212659774831,0
7.83823826627562,43923.060333941,-122.22902638330126,0.5891389490165627,-34.10685462833471,1
3.259386267889724,37843.53795866421,-78.38645791388521,2.1319644947651684,-5.032990245337526,0
8.9758625042105,26296.59446155716,-67.50756427430795,4.072006968111985,-29.944254197495777,1
3.9928695020975353,49263.42932738042,-78.61058425743315,1.4878542151116396,2.111687560294616,0
4.531653547639911,27937.6955677948,-93.79203916287676,0.7870515648779483,-6.904934770341569,0
7.331481665887227,25498.077532077867,-82.96611921713233,2.546720780789236,-7.174634536246504,0
9.268754868457936,48418.23527595852,-81.0955039505646,1.7138472031221488,-14.259596008924696,0
5.21944118686497,39204.33164315403,-87.14831260261082,2.1985678657205296,-1.8497313975684548,0
7.0181977076133615,46080.96981991993,-84.95583274481119,0.9561532409672786,22.109599394772367,0
5.187864543232074,27318.646084503696,-111.13134492666144,3.0424830990423795,5.186301568344554,0
6.314141302891947,46529.636859990285,-112.28023932049024,2.040153763961797,24.36808573923636,0
8.585724197093732,34500.23493806638,-102.33355384266402,2.656152275668949,12.970090466718185,0
8.714249234110806,39701.96612807796,-75.48623461002192,1.2539426344883835,-0.4794997070379843,0
7.453144883892742,31516.82700796101,-79.83719717083902,1.6475004222243437,22.90570109797926,0
8.519518236846194,30232.412708722484,-92.42882508098884,4.237060250055346,-21.795248507585956,1
7.738381103000097,53120.61613001759,-101.40378416826648,0.5061876113593113,6.561188648980014,1
5.6381924538747,46047.20401148505,-105.46267833734484,2.8839522157689617,23.004071479205777,1
3.412711043015008,41279.5029448666,-106.43671894056156,0.4790019669236897,20.948152548505384,1
9.299326610179646,32562.777916278832,-93.29073831942604,1.9779145130838605,-3.428897078071053,0
9.845735750279973,49779.421366871655,-115.03989363959307,3.906846495564402,26.779318329506417,1
4.916856818371311,28667.03530519344,-99.74060779114704,1.5854414587103345,-8.005713089135881,0
8.866518465864232,48996.41757656717,-93.40681000414016,2.8969760059222427,-24.666744661194876,0
4.374861176882406,29672.64189521919,-100.51108223139636,2.651908125362286,-19.083488858822868,0
5.119085383904162,36273.399584896695,-104.8893352724993,2.018193715318333,-1.8916256626256285,0
3.201762081403912,42515.78757047607,-80.55300509994277,1.6512658168282646,1.950865153144072,0
9.137085491335052,43024.85197671055,-71.89875119838595,3.4904248890308307,-10.454487863056656,1
3.63036884421388,30457.6345181661,-75.31476375143744,2.2122350474301498,-16.068878075147687,0
4.735863231223249,42005.45197824136,-86.33374217457668,3.369249959687977,8.110617918463575,0
7.687383302027087,36568.978605144985,-68.46600733692385,4.239965248385032,12.11778006479168,1
2.936487594973469,50584.83474605797,-105.32612467632384,1.8844826898412976,33.372725145834536,1
6.849060378033599,36572.71085779706,-92.79649195144955,2.966069156942134,-16.19129988996844,0
4.775533942961492,34820.098361071745,-114.8881076448324,2.6988139198774186,32.68032970673492,1
4.6339820067418485,42581.8328480991,-112.28188727127238,3.1144200077175275,23.405740889932588,0
7.726016966191245,44135.87531422962,-79.79472399565697,1.7421204662590366,-4.437411836032535,0
5.882176520752,30038.723509340776,-89.59793712320462,1.120344394204267,-7.341090519726023,0
8.682176318432326,26334.91610485727,-94.4593361378417,3.895961803923948,12.604565730654144,1
3.376388636150348,27155.319959787237,-97.62065645575925,1.860115526891428,5.44162022137218,0
5.09770731152762,32324.5478914702,-79.22217368159004,1.1210218126535916,-1.9410206156995464,0
6.693705927820035,23160.042571907023,-102.2399134906796,2.6820388134304167,-10.327926475302435,1
3.4805060820926483,41221.56572043866,-78.56754169570559,3.3116328098958405,7.239507655074725,0
4.448307079788696,21003.79706228217,-77.52230498106653,3.776540183144019,-16.64968169558376,1
7.272567344535233,45512.705205274266,-90.80221230863242,1.7590594177298502,-17.32542950050521,0
6.936995275955423,32804.742601657614,-102.050930730953,2.037066893506423,-23.828402421566107,0
3.5035948183548022,28810.54507623916,-85.77367686735349,1.339956600479601,-11.853119148440747,0
4.314994727603085,45380.9131001559,-82.64332750751844,1.2226568924832717,-21.065721025166727,0
4.421146836223421,37633.88220258406,-113.93856121264544,1.0965129520599457,7.494221888976163,0
7.015045133512912,43497.63237364119,-77.7877937532771,0.9425567233444012,-12.99489597813976,0
4.9583351686516695,27009.38176076741,-105.55265669293338,1.109965945107092,-20.49165527368546,0
9.415665705461736,45409.7344524643,-114.9368568966178,0.7095244848819888,9.815835363358111,0
8.33491007885878,39716.10706947672,-112.36134005992282,1.830101829492475,-19.30209706458508,0
6.1438093908614055,42216.35695635863,-77.64433300847267,3.458835327032334,-10.640634809786976,0
3.750286357724164,27675.89944273544,-92.87105436460736,1.3170446369444488,5.241491351511197,0
6.727662323789744,29028.22850918845,-89.8183830044738,0.6175725957184507,3.613464961523228,0
8.995020781539653,36367.154937209765,-85.03791113573828,1.224135918995933,24.200012337148003,0
3.0036853808289186,26655.706607437027,-80.64637391642898,1.2965230657287967,-0.8667711961969182,0
6.824087927064076,49113.385074531616,-83.13590202725122,1.451981845221097,10.633807570329438,0
8.955073408107324,40519.12312394733,-92.61635546669484,2.209750326650977,-8.23004036705045,0
6.311896679745631,43696.09102453124,-103.17831795031734,0.6637073930457589,19.89562801784948,0
3.3533891045368875,40652.94083763101,-92.32613626414344,3.1531412864527586,-12.383371138272414,0
7.629343565063446,46782.22824255412,-94.00888227996084,2.508933199042232,-12.027638709515976,0
3.97308045517542,25159.13455369632,-100.3482357126584,2.0459420603094243,11.937422940017392,0
9.267147496820227,26417.828185738214,-87.6094868585076,1.729772504822477,1.7136883055648973,0
6.449203026207327,38699.13793734522,-93.22100403187656,0.9386697543515056,-18.827443929190363,1
6.549560480069358,29152.525700804472,-99.8977371406146,1.5442566620505542,22.61884405879639,0
6.173008615459708,30457.379198647228,-112.41494302321826,2.5310984692286973,19.235906824593528,1
7.835131669794805,51967.7233035234,-105.46689301321828,3.5348980146067537,11.381464808863498,1
6.069222893136242,46431.15871974352,-99.27890140215776,3.2935799150496745,4.732361725315727,0
8.129744015027057,26054.80374692579,-106.22376474143458,0.5110912167750384,-13.848745564661712,0
8.650848370230012,41622.765268111936,-81.5316353137496,3.389733257125556,-3.9162941065980057,0
7.355625431525887,53721.51255992116,-120.75149759457692,3.78385941205044,-33.815503376049435,1
9.720055334192727,38242.26462190667,-81.4132841871319,3.2115389558740897,-19.39477958770633,1
8.411637597155432,45645.695838046406,-74.02525243905701,3.3505220542189544,6.992700177550034,1
3.888663347111293,37114.47192987178,-87.11198476699504,2.817821173282775,5.378599171760211,0
5.13128891498029,28980.428741535008,-75.31396794517137,2.5362413720812804,7.97775736676175,0
3.6983351305406815,33747.608733413224,-84.06570536755943,0.5826196844932863,-4.932394707176592,0
7.932336519899489,29483.520395260195,-107.75047629192842,2.448221041161407,-0.2512474623817553,0
5.035733934955255,28856.43672743785,-80.57293276101487,2.934212136135768,-1.3618866484915486,0
8.813250657183751,46464.48904838016,-108.14037984615294,1.9167435707035176,-5.40434377922427,0
7.997967633847401,44506.93685515158,-65.1391025558309,4.394070242455682,-20.08229924946953,1
7.12130780506376,45737.87033084428,-107.06902922342944,1.126908798827848,-13.27609205337104,0
5.098583762340448,42189.97279633831,-97.57270150591694,1.0105743576888009,-15.442015333433485,0
6.767644212363803,39992.9083603601,-99.53186826522196,1.1401634342710838,-19.9816693189434,0
3.53889671626808,31409.4743935453,-77.39290206762055,2.6231827851317093,-3.9931731486152025,1
7.144799339045016,44145.34210742914,-94.14800748688072,2.380245310945344,-11.270127654123083,0
3.794908834849236,27613.706731205784,-107.42712297115987,0.8024501252514054,-23.46799670675326,1
6.972885170776593,43104.02938208968,-100.7560207098096,1.88547586949059,-24.633859742980103,0
6.534471812743942,21740.090563167843,-100.97946259215752,2.106811787895038,26.901555779799963,1
7.369885011794189,46763.40429473292,-93.7830711379784,0.2421646215057206,-23.32969870159254,1
8.21186707250863,47049.2717760054,-117.66985744391552,3.796766223001801,14.584379890554873,1
4.2824484005834496,49698.239470888,-90.78168698958338,1.058194640335674,-10.596825282437829,0
9.983373932021443,27867.868026701715,-122.8049326693816,3.642358358314677,20.61326371634196,1
6.130867509902399,40923.16285185081,-75.02813779363075,1.7571391075123397,0.1109578225051848,1
4.119493385307958,44096.672711501145,-97.61654717196714,4.450027654181122,-22.39773109880592,1
5.06803606548503,30533.09213832482,-114.27708306640132,1.4738265027342226,-21.81387707166885,0
6.918993292428993,46840.511462238486,-107.4734682426898,2.78508925261163,11.21526199260746,0
5.19658955927803,41811.82393415054,-78.35347787305699,2.8917631514867748,7.28261103322874,0
7.516489846536046,47595.13418519606,-82.18684409035004,1.2032600420731858,4.885097562174973,0
4.451493209558308,44303.62108901157,-85.67092691148396,1.3729974806431215,-1.7649428914773608,0
5.125017260465581,43299.07290179648,-92.63723814865187,1.1565688274304562,8.450684002117853,1
6.114015209607141,30051.700180014912,-93.45688305165388,3.299071801349923,9.808565032341136,0
4.482507601449019,53597.78649878031,-68.38069083290601,3.97479283527954,12.527644280594949,1
3.4607951687763325,43519.46126162316,-102.3540367234385,2.365396033184722,-33.37338179677515,1
6.994090286994737,33132.2674046192,-113.91315230330808,0.6755053467606975,-5.503014438322108,0
9.400694654419262,36346.20546420448,-93.46981975910882,0.8001358777003884,-0.6319220555427378,1
4.473141623668182,35670.53695900507,-94.70896382629633,3.415978618743086,-1.5228784095138297,0
4.579676776001931,28730.989439055014,-82.50716934346538,2.7582469427306626,-20.072179610015347,0
6.27519917443427,38067.93632007127,-112.39976927421776,1.9802530006813948,2.418835636188565,0
5.321331165970761,37023.97631395929,-111.13867067726537,0.837102263337052,19.04475945860833,0
2.628641076116314,34948.21028006611,-96.4140827073921,0.466507166367326,8.741767225218808,1
8.844183305131843,32152.698181264583,-73.4208893493261,4.171875448196606,17.234717931601125,1
3.54893456569174,41089.54888026592,-99.41255155922715,1.9140843752589085,22.56545721152218,0
4.356812082147509,24125.29936898793,-105.07316920655664,1.260392281323926,6.885277982263084,1
3.8863427308358505,27869.968526817887,-85.64644549376534,1.8844128027555,17.92358398194697,0
5.497242045440111,28310.211749264785,-111.0417418424205,1.467954569078877,20.043418302631338,0
7.276333828763906,31726.20474195002,-112.91786130163322,0.7062426528554029,22.44919126655759,0
6.893362532467993,32190.69195857895,-84.076033212228,1.798224581774066,-23.454299413667457,0
3.4305402151342745,34435.97068078975,-71.8205317596444,4.356490737992518,-7.331114405846499,1
4.3757918473746304,33171.145122032714,-84.55081168423891,1.637378646692409,12.600491177739244,0
9.211279047876475,25415.80933511111,-81.57064495047756,1.7171759891749157,-18.320754648155503,1
5.932162121591711,38349.54680828498,-97.71217818140563,2.967904861064001,12.814325629229742,0
9.310369915205396,34553.41333197142,-87.31803255160769,2.627881942696418,-14.66767010578825,0
9.404349699930057,40119.27561521781,-93.5475932955568,2.972409326077892,7.292078878058142,0
3.5467323601777228,37803.62472016027,-99.25134439407266,1.5850115059415524,-9.840165234650106,0
8.690986968153066,42063.88966043956,-90.17545104699384,2.431600355887234,12.052128013443436,0
8.92009064999209,43874.45542772975,-99.4697092491823,3.2713368443933923,-17.463272699039344,0
6.190393687273366,36506.04160708049,-90.4326628405554,3.086756606069901,14.147029716374618,0
3.473731013908497,44083.79874645213,-90.73866795560896,3.02203806555553,21.17754227447034,0
4.565560237155788,37215.64734404713,-87.48063576336043,3.3636660912443768,7.639848345965234,0
4.589686720261814,34382.423769702466,-110.97799821332332,1.4315131342340204,-17.55513735006675,0
4.033655864164143,29589.17261465944,-100.98547756414924,2.764945963910733,1.6641818670000958,0
6.407415154255169,53224.60549286965,-89.14415487247011,1.6951381312349778,8.953947269309523,1
7.056965580588894,36978.71773687893,-99.28570771141187,0.2899473413276948,-21.7454499249092,1
7.235627280070809,44059.34073429987,-111.85161311369193,1.89481844251894,20.490331200130196,0
5.426593818254244,48423.20166434357,-94.0751589367116,2.958082699614757,-14.046428882695947,0
6.575812453943412,29453.17206731561,-119.87751500291884,1.1186141259303752,21.059181795853497,1
9.413149257601862,26652.894529169986,-76.5961880711678,2.76834216063706,-20.577586067237384,0
4.872490038825152,25208.279366286908,-108.25533974795792,3.164611864216988,-7.636266482605418,1
6.067358876115833,47150.02714135876,-81.3051956868253,2.416725705340802,13.276286359373998,0
9.345052830013104,32360.691074662267,-97.28725526416032,3.214530702684385,-24.07391581508024,0
5.711082471342655,31500.73120060508,-86.3609368987854,0.8629459228171746,13.829826417184217,0
6.460265478621083,24823.93388025265,-103.51090908934218,3.989042689557394,-5.375608761289421,1
7.570106536650109,30879.826724847677,-114.88535576961053,3.4817159365995622,-24.14226741999446,0
4.010665896419713,31299.050541348854,-103.90302768983108,1.961824074105985,-11.061943823533626,0
3.37317489497217,43585.23642380738,-92.83360900593132,1.978551599569922,18.717648092916114,0
4.424830940500961,51841.1465329792,-91.07037496990635,1.3375362576215846,6.111034208310706,1
8.422579963785747,36813.52923143225,-88.84748111190991,3.178059576921665,-4.142161391909312,0
6.343174605241923,29616.405113934696,-89.50291468650414,1.6830373016961495,-21.955949515591545,0
8.43054893989819,37916.57243884847,-99.9468487582582,3.2217272793404588,0.8185891083785144,0
8.244986656815076,40171.37052871868,-98.92808539006322,0.6349509319247238,18.0987167857024,0
6.105309468538351,32718.249626842666,-75.3423017263023,1.3434498449786811,16.386173267238206,1
6.455144193560885,29660.434685437976,-94.97396708524484,1.873958786443342,21.31749865132168,0
7.666437837773394,47436.55287351277,-105.95854703923575,1.714460378458245,0.2146820773032978,0
6.776719374106207,46474.83300507284,-88.65475366412745,2.42353071417268,-15.913737456183927,0
8.464991975846551,28792.57239828893,-92.8515900420785,1.4501533827711168,-14.006384770630923,0
8.111629424647106,36131.08986404415,-84.90239796360865,1.3675210395850783,-10.384939717194255,1
2.0864664128840835,35773.87926707913,-71.12659865964767,3.034153526591371,-29.78662549313289,1
7.28339786340375,32812.02000053231,-91.89760662362164,1.4364286952953973,19.606779221387832,0
3.146723318889128,30550.325616450744,-101.2258850044841,3.44401639504865,2.9622698733491437,0
7.729738515997057,27221.8359837819,-89.55279005390057,2.8300733446523685,-7.780359382097419,0
6.376259185737416,49341.95977074424,-108.13521517142064,2.138375215384458,11.72739857053287,0
6.017362399763695,25214.259040551453,-93.41630621793264,0.8575388061922724,30.883972108288845,1
5.82709480079358,48745.423505319486,-82.9888221504017,1.8648575014801887,10.955360379433309,0
9.302819814454374,45765.5345367604,-84.47349186834903,3.040881289407971,9.287668917445911,0
7.504407800028279,38323.53793353896,-104.88315711001148,2.180347931752397,-2.3036938153375104,0
8.224886525211042,54746.33858995683,-67.36895984431975,0.4796318182515667,-16.92593454844949,1
5.312772785088011,48528.571124268135,-97.7260821504182,2.5390845742644768,8.033595375743772,0
6.765804742538212,27585.48075536853,-96.634891054869,2.287683325767912,-19.64616732976013,0
5.0118689853403815,44215.76055902356,-97.14967063403712,2.379358548984588,-19.12230107987601,0
3.3968670348042607,43794.9674120571,-114.7109336658352,2.2473363456697872,24.38094170460825,0
2.280229602563569,51518.46438469342,-75.36567689225087,2.7840878689454343,18.70451596742629,1
5.525061596565914,47744.72749992236,-99.28097727075,3.433978563202769,-12.223315499392095,0
6.127986050129011,42085.859573070455,-112.32755212747384,1.9809252554129604,21.75252637037377,1
7.773077136983792,48935.06947849569,-92.23366256674522,1.1341005831199624,-22.56588756980078,0
7.218963575806047,32549.303471364223,-105.22032882502218,0.5491341330223585,-13.64642571521414,0
6.349248847086439,29918.35506533053,-96.52381447303758,0.5876807923207386,-23.843928613847947,0
4.207141759840905,44401.69626483349,-112.14655397325105,1.2603017043903324,22.550632848945604,0
7.83589231088682,27247.361113907136,-65.61845911097303,3.3959369375423227,-25.868298610766946,1
3.3408954282068843,52563.29609448425,-123.33182242060651,1.857889706825938,-28.293985314054822,1
6.4710724730386975,32736.697414069746,-82.65504515636854,1.907046815096758,16.75566963628537,0
7.610658019607918,41028.64505682836,-92.92147047134446,3.776810356219074,-7.70331203154872,1
4.263925255745834,32943.94530415011,-90.7968871261013,3.330206492305866,20.422347510891548,0
8.111273006311244,45293.076532763145,-87.10501070419011,2.848430004825412,9.68689161475544,0
5.098813594611519,45957.89900955468,-104.67610048416807,2.894620380938357,-25.06453737157205,1
9.286196040349935,41729.506871465,-69.33362250851783,3.450601598024199,23.282447579059635,1
4.527499999943367,36477.36486870588,-82.94954849093111,1.8442957569961216,17.82946120890086,0
4.171901898284665,40262.87517341028,-86.40563937122764,1.8083561392574752,-17.758471452055247,0
7.427472022194578,28861.571370237514,-78.52083219682655,1.237751394536638,-0.3391510108432598,1
5.071773972556029,35408.11583553612,-109.03129568699345,1.6293805655213962,12.720804861906268,0
6.66321911307155,36450.66364016941,-118.1011774516682,0.2673881181519245,-26.777078620004307,1
7.489070374063775,25844.368013913103,-80.68396200817052,0.5990787451651749,-4.664697779616745,0
8.267058655646732,29272.90232106759,-83.86586351258897,2.8019191088854827,-21.87761177881014,0
6.338578666470371,24768.06031841224,-109.68154030079836,1.9510540899704036,-14.666342415847076,1
6.883462763453592,30781.63040009665,-110.515443809486,2.4478017872060795,-15.666353341499043,0
7.503284333150622,26919.64523038476,-96.40296671443107,1.6640031440089622,-23.693226489891963,1
5.972926976100865,23228.22105795345,-79.99968347890314,3.4091402924499943,20.42764108123369,1
6.674004847076048,47672.01969815271,-97.31577863136398,2.567440944440267,11.582026064016382,0
3.368712054399621,29951.207821094027,-120.78061372982282,0.7626162671221004,-4.592968655015561,1
8.683462727297751,20375.339977412685,-67.0005851626288,1.3590843461125743,-30.69586323356376,1
8.302605393933742,31097.93048591174,-118.1089090079822,2.593594416979518,-4.264139886227937,1
9.235211323901948,47822.480622296935,-109.20100833317478,0.836312994574935,4.083022828352931,1
9.355556100691,38832.40052587922,-114.76622558800804,3.330824315109824,19.86611730293917,0
6.022523757888349,46304.209042972376,-123.41476233706756,2.2562639513349607,28.639897219178827,1
4.721499650449678,42398.90937659456,-71.95145894082128,2.24910023161978,12.862622449237826,1
8.03546836722322,20636.237670204657,-82.91145206709443,3.9538290484208938,15.699104283076522,1
4.424752417165236,32691.311327108877,-84.14017490526464,0.733308235598708,-0.1894872008941135,0
5.100411692031033,27474.14789881597,-119.27105501563216,3.984928100611567,9.97768752076631,1
4.923475896446348,46509.04161407567,-86.52037738877924,0.9887210172604456,-32.780697397879784,1
8.600236545998513,31500.302640481124,-84.20639082423087,2.2661852526282296,-1.384528378787131,0
7.543315300303353,23425.15891956509,-83.79750199309109,2.2036747724002184,32.011108675264296,1
7.131220585470463,21519.04089552652,-98.00466645406536,0.6812651810140935,7.0359927242618525,1
4.969020445508681,46002.28885421516,-81.24644054982804,1.5332596296692902,32.26986004244526,1
9.18172730541668,30556.72950007781,-75.17016903923934,0.5521905349587185,-10.267037865821305,0
8.498366558819313,49479.03740805463,-100.41712640286131,2.7821307233403663,-20.501374934947293,0
8.795302495592319,26270.46682039168,-77.80262865511082,3.876350855530741,-21.56079721425564,1
3.4363468455767245,38720.63114001397,-96.68768269735196,1.744560191002597,-6.623161091726683,1
4.342848772518031,22159.62140483129,-76.97561868476002,0.8006783054228623,-5.9580094347981785,1
9.051168106664887,37584.49558079838,-93.11350127946147,3.403019014974164,-9.104025438352704,0
5.821688496317421,35650.427470532704,-113.38247641523436,1.525234542189653,-1.8237562192827357,0
4.423191627300158,48904.41992296614,-96.42609688485425,0.9597747681897498,-20.070138313851608,0
9.314999714399915,29137.955501255565,-84.97088834366848,1.6524512595496756,13.968608673753929,0
8.692768377594874,31092.481384599712,-86.2859066742768,0.6242865003312634,13.842304706314223,0
8.26668605120952,47822.967923395234,-87.18878547703241,1.8242166733369016,-7.153106509279699,0
4.061939094143535,29198.16312526276,-124.11462778159012,2.300865490107766,2.083742397922954,1
4.5875882393686265,32310.31803967733,-90.75504618948142,1.9361040962692235,-18.881182127971098,0
3.0109101945176198,26547.12341540675,-93.57587838475176,3.041355789932881,23.99247490752432,0
5.889865426103742,35243.78894209468,-96.57422753625484,2.0095039314357983,-19.466550144425305,0
9.686140436198936,23731.671384729965,-77.95330336146654,4.162244146126123,15.04033545144634,1
2.759349952808056,21012.449477190807,-118.7440459998117,2.9960804862559134,-32.426034674533724,1
3.95377470427467,38870.923620458416,-99.49511064491294,2.320086148980235,-13.451611539757364,0
8.179334942743811,32533.7076247398,-88.07751357665516,2.146239980769596,18.739288846702514,0
5.037464670337391,22873.035325143257,-70.05339901996308,3.1324219741570185,17.834753395304872,1
6.4946442348212585,47318.91629354553,-109.5686087471669,1.9728799415369156,-2.324362372650935,0
6.540753174104863,31956.43391210073,-91.96349743163802,2.709712326541454,16.705778769814167,0
4.956970008198048,42136.09298653295,-87.46613432093778,0.7875002295021782,4.002332073312015,0
7.865154172936475,54320.27919079763,-82.54738554025195,2.915624566692188,-2.56280188227003,1
5.8018294243154696,46907.78076288638,-71.80590976580096,2.900183923323877,-21.16083997105697,1
3.4664873113865644,53613.78660893242,-82.5581644534796,3.82224708273845,23.535112951303454,1
5.0174566325060646,38468.15122907471,-104.44521461179512,3.16691458058904,20.08208564163975,0
6.856906018363571,40385.87712437843,-93.95650027046104,2.995406648801348,-10.777757265189292,0
5.077248458296037,25544.622654819665,-97.36601365080274,2.8328784975896224,-12.12996852218553,0
5.349566980169489,43975.54286633892,-79.64790233337274,1.1736446182496394,-11.103348464372948,0
6.430577448774807,33606.696713009944,-98.81917626448823,2.2723103853660005,20.537311799202747,0
3.6954717815015625,23514.69873817848,-92.84954724718597,4.0266224030790445,20.369407327792278,1
4.843474376724269,40009.73771068722,-102.5197235682468,3.4285371417050845,-2.802206491726107,0
6.635425152538012,37196.52749510832,-88.91006244083324,1.0882979011796623,5.799841879710094,0
4.856249705038027,47911.97273854703,-95.35199218983104,0.8679122657119126,17.64131451921613,0
9.149241028813604,49025.77727987645,-100.30085626206056,1.724020242950827,13.848639617978478,0
4.251128563300094,27567.24134316455,-91.19299569329638,0.7026334164936802,14.47082118719051,0
9.472918582012644,25926.066998259183,-112.75782187649054,2.8633355957495863,-22.85927332732534,0
5.022543839421616,27565.305264975505,-89.85817056940601,1.9133279971520865,8.021071716499321,0
9.363765042170982,30184.484156765782,-107.41634748709696,1.5696112135862663,1.9559260707251127,0
9.08084256377436,39276.07733313211,-96.09315894752824,2.85385827287226,15.374849888332172,0
8.844789905811567,22856.683654395518,-69.68147205435221,1.7285295979086115,6.361673363981822,1
6.757686409748504,40027.05446136436,-111.63763345276176,2.919537528091443,7.426107379941726,0
8.871623337433423,51975.6657836577,-82.07160335013756,4.1062909961927625,-30.28159545672909,1
7.534968877362301,45943.65479387813,-79.15986894163775,4.324877659410428,17.97549047604717,1
7.860407054818959,52854.59378735391,-117.24688093819132,3.940342754889589,-1.769941716849921,1
3.4514551206171173,29683.61030000361,-79.00523112558832,0.92550096576459,-24.363258605438705,0
4.068110431145652,26536.708212134665,-84.63230459776707,2.48052851682571,7.073287722078,0
8.125915738554664,49617.03312506059,-106.46223644213836,0.964176390714311,13.672840877759477,0
5.705251061859824,50693.28294622028,-80.81353203236293,2.453234854642905,9.65275330079055,1
9.01678550402904,26251.16098417292,-100.60956965690292,2.124871966855004,1.8411468239117996,0
4.891655735040315,28867.53410359045,-90.03853793417557,3.445448981769078,-32.00787827704574,1
5.203634607720899,34007.90889253295,-80.76189787979689,1.7927043372395537,19.533996549532738,0
7.129797435933022,47099.175804783605,-102.28132099568202,3.0546626374059302,-0.8934810506129693,0
3.2039668296820576,46326.68957181784,-104.9127216966274,1.059687476139936,-0.1191536100566601,0
4.174562918608384,32102.16494170841,-106.7005130739043,3.396652907906563,5.534813138690531,0
7.829024798852486,45220.21622747593,-98.4838449394701,3.0604460701748124,-15.87964104986786,0
8.819617782709923,43807.54827163878,-113.37050279620524,3.256514941408432,-3.991442139086328,0
5.880789166136132,40947.07438479344,-93.45639621539183,1.047967013573546,13.939589675035954,0
6.947421725763365,35732.82439256474,-92.31431861134902,1.6218814603513776,6.634923375897738,0
3.7003416686495343,31838.801401842986,-103.96202200717308,2.618890194741096,-2.333325786604444,0
8.690964358999782,28025.271934291213,-108.5201871137686,2.2112618726519653,8.232047482027497,0
6.19552488683556,42404.57111687437,-111.07130438909036,3.106700075297596,-18.280723951577976,0
4.258866063023,33751.31899923898,-95.53437303004088,0.579847071768034,-32.298621102998176,1
7.415857731989121,44000.66489420668,-84.26664260034207,1.4516817562468367,-34.65905136201312,1
2.728578395205222,35710.732297879884,-88.87607479365906,2.702954738355755,-12.849498521106431,1
6.875064940815221,24993.95732004974,-122.92872340772132,0.4959431661787193,19.237050903373884,1
5.711533898566172,27213.01154092727,-84.18742286637897,1.681724321180441,1.6894794688336496,0
9.857976115389956,35685.6776945094,-70.30401422561175,1.5423415902964683,-23.57480954225247,1
5.76225910580861,22740.736843723556,-103.78500662358437,2.9019357053886248,16.67937000619574,1
4.338448022298859,30423.982760420044,-107.36139697778624,1.083805813223235,18.680306795726267,0
9.176358983384594,38868.749671886544,-95.08131140447016,0.8813450899323572,24.777923165148188,0
7.525908753825973,34493.10645495292,-82.4647822080484,2.8196475199918813,24.68127769694573,1
2.9662720356721044,42912.1002621224,-71.45417760531461,0.6230079570409565,-30.68545776444103,1
6.676403757039414,27654.31183121708,-102.06164618092824,2.3674606563885776,-0.9863874074618586,0
3.646425112702613,28655.62237504979,-81.33254607304573,1.6297187816100287,10.897081224998566,0
3.793742508336701,39439.88364166689,-103.54927803000234,1.2485107848364598,-17.412412122275533,0
5.406384297714455,38872.783907458215,-104.84889418229214,1.4199592600237834,-7.782184789257318,0
7.889732119763668,39509.59199403514,-82.79712854202887,3.0494291618744005,10.47937657835856,0
7.517649371868989,51414.75580908278,-86.22997693655076,1.0997206060737583,-21.92921152545213,1
2.052081607413672,34659.365420712704,-123.94475118645626,0.6467866435755003,-16.670732327745696,1
8.85288143197175,44012.05550804241,-105.19492502493668,0.5191336482554122,-4.498194521699006,0
8.353385432600643,45892.05718110391,-77.57709530287943,0.98542129788631,-7.737377789834792,1
9.488092056679957,25146.229997011174,-73.50195491501631,0.4746044526335049,28.9003149000996,1
3.5309547206027645,41927.77063062524,-66.20319634021061,1.1221020638433543,-7.985822109622415,1
9.486762400076396,36592.11168008573,-83.34301142938818,1.490745941107491,17.17731496340393,0
3.2847407917843,29986.745842879707,-113.32376232278472,3.300112939851192,0.7691794627249386,0
4.895243484736405,46159.2693938415,-109.7748201829928,1.811549655365397,-22.81939534457329,0
6.741565910107926,27936.834090711476,-84.43877302449515,1.5821024830666643,8.63046970565069,0
3.5196874658023063,41074.64457534363,-94.01148628079146,2.22673634882682,-5.107018562135391,0
4.652428988982091,53207.20664720661,-104.49163857625582,0.5694725796494824,14.2709964975857,1
8.243745045395098,34458.048438457525,-82.89341013791957,2.4959352588907797,24.57129514137042,1
8.967334338621779,44300.92242096856,-85.76879706711615,1.6051153818095485,2.80451614313057,0
8.907767754734875,37176.03371475751,-103.79429549368346,2.320114528822475,-6.249051891521805,0
8.402854916852375,35245.75393412165,-100.19898869767482,4.425023049577509,-6.589140360674229,1
9.762247022431534,48697.15045857339,-73.83815613170907,2.2557066354884494,-21.23504946254369,1
6.221535118704637,49307.25588359215,-77.33654360672352,2.5140275742371667,14.290229799025902,0
7.14762992708684,51210.85499239633,-107.7187932683685,2.0318893145144323,9.481333543654143,1
9.224970522070642,48088.24042083598,-96.7384581762305,2.7627112763328245,24.80112484193325,0
6.113301725044972,35698.99700417439,-79.84767290702436,3.4419942464015287,8.723225601502136,0
4.55495560657281,36275.49066067986,-109.9026396570591,3.6695142295173033,34.7963910423684,1
6.790059121815658,48413.5361386422,-98.06293857099163,1.0198071846820649,-16.60595216980301,0
8.317879327582475,47976.15284092968,-98.61621027343408,1.296802938942321,23.76564494271016,0
6.467614152764368,27509.77171239384,-113.17638104393346,2.190055263314291,14.857121814547227,0
3.7493728802875914,27292.387863614644,-84.20146424107813,1.486447013365478,-15.581195044935791,0
3.077771687483663,38838.008754013055,-98.21798415186488,2.0986216095941765,21.471194267579666,1
5.222224374798984,47562.43339955616,-76.13627938552091,4.025267063218196,23.416292811717625,1
6.766535695237241,47295.56570341432,-91.32913471870054,0.9469091053401244,3.685039243940931,0
3.894411836311464,36699.55015159106,-84.58188830130157,2.6451766169078117,-1.6025870621386566,0
4.999476781992511,43723.943051740585,-92.2317180272363,1.3658317649175251,-18.782317091264588,0
3.9351254761881567,26972.633502363948,-119.74060288589396,3.2916657418892994,1.05248636792345,1
6.524360264003156,34074.82270386908,-85.29905724529901,1.757874590901424,-8.439343311233621,0
3.066422838414315,47821.86804472225,-85.45639174428987,2.3020610543199385,15.47447818316305,0
2.1018370759046885,34521.71086400393,-69.18689530678724,4.0226726016626495,27.155281865290505,1
5.320229041089573,47877.52160034332,-106.18850843800848,2.6394015767287966,22.07134938498349,0
3.710593692321349,23025.677067425,-100.17066956995944,1.7299522292683722,0.7134780403371579,1
8.240604626855005,48591.07100769527,-111.60887141874323,1.4444137156378671,24.09724621935659,0
3.258874602591733,26511.72148970514,-83.42840004027634,2.0198318128247807,6.4285348030288,0
3.675524259628856,38443.85535060403,-86.89028534929835,3.4286717640170834,13.760337023153063,0
4.611313903755852,52789.34417598612,-65.84505139987462,2.3143899923120457,33.15607726552237,1
8.602767883541304,25559.509808633687,-105.87195005119216,0.87944832876349,-10.930060769972505,0
5.793049520981624,28997.52576161053,-81.28921477794356,1.235330791173618,-4.758101630616835,0
8.57317745939585,28778.632065231308,-104.41261553608985,1.0840539865691343,27.791189313699363,1
6.782263492487424,27626.68659901483,-105.48948864156294,3.0239486481853435,0.8712361944289491,0
6.50218671880142,30751.80406724512,-105.47480068881684,1.1260608540320356,-6.453649288964421,0
6.157688179039182,48327.51224363069,-75.76909570684982,1.255894662358103,-14.64076654081055,1
8.277997621416985,32970.40894930058,-85.82552310794371,2.3136657279632105,20.08372632672369,1
7.835653129335126,47523.853229457935,-108.03564393145088,1.4044446016613492,-24.76162881896185,0
4.967739619134483,50619.81436773759,-70.32948731632766,1.3773640033406618,27.783687895552468,1
4.885363596274737,30904.69732197764,-98.52410204622188,3.1469073093325943,-23.336690166048363,0
5.370401289540376,43714.1952923691,-79.90112485190573,0.9261126687253122,-8.90729686062086,0
8.924141784768047,51127.96176232122,-67.58054831726541,2.6197095968660813,4.332925676626147,1
2.090355366006368,28900.682353333097,-74.51449642981439,1.71045754468808,-20.08532888963696,1
6.69828985328671,30817.316686641017,-97.24873200615234,0.3195828790792499,-14.749355918204504,1
2.222412003308474,21821.71808142305,-74.26885837742405,3.3774055328915824,-7.619355079563213,1
3.2464215085060677,25196.99349635618,-97.10094150913712,3.4019160699705298,-9.233281399667144,1
8.00355961023677,39972.36548912962,-71.64188226009037,2.4138534613600897,-15.89263025430968,1
8.946451846650806,36064.13925506313,-97.54329962480249,2.5691785576049644,6.116786625027672,0
9.653331215678636,31144.738607688927,-116.67241123595214,4.461031549582977,-29.30223450756042,1
10.255423156998322,34051.6628589397,-117.36485568292292,2.956969294599622,-9.1879199132186,1
3.294115464167824,46932.07137659082,-110.8630079278281,1.0921843276492842,27.338512378676192,1
5.987655799410828,44162.70224190479,-89.0882971277474,1.0298549135284605,-23.033440870228056,0
7.308425217666318,34151.71065110083,-86.70944726623824,1.456474800628859,15.332989608482954,1
7.339255261811295,49697.311326661205,-91.18190726122322,3.350118825329468,19.57129629052185,0
7.840418958819168,31753.97262165537,-107.34738194895633,2.917860268799393,8.727291046601657,0
7.699757119171656,36591.02634675233,-79.91117503138175,1.6207409229029133,18.200946792867924,0
7.792389620782192,32197.794624846265,-79.76023706230644,1.868919872048091,10.01582698622326,0
3.920338069482264,41345.788169477695,-96.15121456766758,3.254057227485748,-22.70991532404626,0
7.802173990176652,45294.23213193481,-92.745170575386,2.2593952482184307,3.0793206996036204,0
3.535527778327649,25595.85375548143,-110.82725992157624,2.183758977445315,5.483161802891139,0
8.04505316361847,39440.85989660457,-86.14399550814773,2.25056983114292,-16.474396912667032,0
7.5975061840895,35887.178625191926,-85.64818783946433,3.396421193714233,-11.49588018062996,0
4.169397005765243,40235.143943265386,-86.65651729986428,3.437772978698211,-24.92095413870844,0
3.84076048376721,39536.920620205245,-92.32209538918836,1.9538056098175929,20.56855144177357,0
4.134778381088646,27814.66917807148,-86.00763880169308,1.865733732352967,19.322000287390125,0
8.270904097207751,44906.78502036053,-106.70212169224584,2.5989614792575786,0.1882625936013475,0
4.761253796667322,25520.2389889284,-108.35159569671023,3.0805442044330613,5.692483366696742,0
6.606483652467813,26298.2370478289,-106.55258803470656,1.8460783771248763,0.7364848369561017,1
6.68271310018167,30500.26794109223,-84.18720440331168,1.1780164190586615,23.052527721025186,0
4.977530679697307,40754.36243557631,-111.60742618801412,2.9722747513113967,7.015659091218097,0
6.111691748529502,30699.39863497088,-101.1712307642596,2.266226605985229,-5.706527506411685,0
4.45749638013146,42155.91339648431,-108.79721196571958,1.9859667612749048,6.477979066679396,0
9.014715001559434,47461.9106095603,-98.59965018179744,3.3519174319395675,-2.032092149675986,0
7.731046820213882,36105.50905420029,-75.296113367197,2.9110565135442696,-10.5682990834898,0
4.9327654630423154,33527.9302761495,-92.43474646875929,3.1919048769442804,3.9914103255524793,0
5.148466095415266,39246.43412202901,-79.96125206114205,3.3388033600257785,-17.788346571363416,0
4.641224286573464,54069.84280268845,-104.37178179917656,2.191605672486637,19.064983153035065,1
4.888830120431573,50462.811989133625,-113.09136229940606,1.765769340104671,19.011180754419307,1
6.299710664308768,28485.403521983302,-82.07585282565162,0.408808645918421,19.98289143128553,1
10.233255876885444,32388.30415412984,-82.07396452061539,3.948322738825738,18.13087507612916,1
4.195015194023944,32348.080324341376,-75.147740748373,1.3251850198200787,-2.57230241350414,0
8.831852671016204,43591.38605398963,-96.01302252707788,1.277574645395058,-12.638013124517023,0
5.530714352574204,36542.82818748428,-94.97265968967126,1.7215924884136022,2.627491101729145,0
3.719198873689467,40342.42762900287,-86.10473644760009,2.5385691340397614,-22.07059605240133,0
6.8508378164739945,23134.686738192635,-66.1255443517553,2.269192598491449,2.1220902823182826,1
9.010927669909236,37241.46898120786,-87.08298179878562,0.3793729767456696,-15.760609943804536,1
8.672826239653936,30169.46580805025,-106.88933764846908,1.2490863018408724,5.929844959090413,0
8.82906627138231,32721.215716823248,-85.48346864327851,2.771737230797389,5.988311424624037,0
2.763404165014774,40932.89615842768,-115.39041869246434,0.6427403399424164,34.8554959969114,1
7.321474489316188,33177.23410251705,-94.98499579429404,0.8518894890123506,3.007256758677457,0
8.990165696177364,40169.36035324406,-113.65887235187944,1.324854254163967,-1.0632565623916683,0
3.847979840050085,36253.98428922628,-66.70473719132112,0.4229521900165827,-30.92322561223417,1
3.0427202445966577,39711.54218533498,-123.57137545304067,2.182411685618082,22.55405797514805,1
9.556010784368144,27748.16601947308,-83.3162552669535,1.665047520380614,14.50161382200818,1
8.010257878248684,38681.94290404896,-102.12475396969772,1.7039626185592818,-7.573042891558924,0
8.883817953265922,43356.94357470768,-103.2454810717184,1.085230865596428,-17.84192775567669,0
5.7551037898555215,33975.401809382245,-101.93444235931656,1.600071826294856,-9.652742086882842,0
7.981690422264785,27946.63501718356,-103.0328802814708,1.3806351184416736,-14.346702768566349,0
3.837145068480529,47626.94925950383,-81.82575291130328,1.4946496737568302,-22.865184045478458,0
10.41898944786697,50275.15141594032,-124.5976111695695,1.3221268496320966,-22.40513778586393,1
8.369899835508892,36236.39813754108,-78.04357770879808,1.0328798830521335,-10.579609497138348,0
4.296410405504541,53917.55248418917,-90.51866487956156,4.38047488456167,18.400695812817556,1
9.793708176924964,52510.70095810072,-99.27551738242929,1.5038136415883812,-32.19268190246343,1
6.449455797734094,47082.140223194096,-81.31235116305967,3.3660803697880275,22.274496642414437,0
9.18857292688824,39868.46634172452,-74.26042324599214,0.9112881029100296,-21.944994763199297,1
9.288955956503582,30522.3812609253,-92.37799015518718,3.310063380662762,-17.96783159257158,0
5.6467677399316685,33553.21718982237,-77.28374977521923,2.657351320868461,2.6191324714211497,0
7.894726375466934,47194.96031294645,-76.36654946342793,1.7398817532562534,-2.661012981744392,0
7.136604911106429,37275.32419051521,-80.63019741918683,4.361851261291768,19.196147988709136,1
2.315560688977468,22097.44887113907,-91.15586222072132,2.3741306621778726,19.855095234473595,1
8.908018074886378,37827.41732540464,-121.61117672572126,2.0821687017798114,-3.564653929923338,1
8.98909148283143,33945.52547326529,-111.40133922806956,2.340328126219732,-9.841073375785914,0
8.460738924098749,54236.76045709304,-75.18831478137673,3.027886496089454,20.134512348273248,1
5.491650552130583,40412.57244854566,-107.75045610983702,2.2337216048009463,24.503828650500022,0
8.797418461021264,37672.548473622,-72.36251951439324,2.8442964239964885,7.790694255795543,1
8.080171765436752,51717.80675437104,-75.60971627207611,2.311758071341612,-1.6715311148129717,1
4.657604962860743,33264.069718556726,-86.61242814734743,0.9644170933948588,-17.314830821518512,0
2.1608767352808917,54773.31259348468,-91.90419811861425,2.801549648571515,25.177418960195048,1
5.883674003120516,24859.606670578265,-121.75166353235298,1.2404034252634997,9.03396734904721,1
4.496202170881725,22913.312378817656,-121.77748576066357,4.390115906221469,-28.5886466320668,1
4.353586829331659,29565.788883839967,-89.33788817360701,1.5593667324440093,-20.281331157442445,0
7.569419127609161,36350.78316017608,-87.50460319715029,3.271733133447646,14.39140133233657,0
6.838400147485855,38191.115951897074,-80.66164663035899,2.7814638751234417,-9.408728514420856,0
5.479041044425827,34971.46242394371,-107.87956796882148,3.39514792943472,18.275775536491444,0
3.42556684367418,41758.378153576414,-84.05670934522894,3.094852567137893,-3.789527402942973,0
4.785654840935686,41183.990407238,-102.06916271288112,0.9222074563968512,-12.550093912572274,0
5.264506941215053,27598.064070771125,-78.35062578342831,2.4851951458106747,21.6440917050097,0
8.746842284368835,42259.488830719456,-82.72961537778349,2.787920518452438,-9.746223542456232,0
4.700150578004791,37820.41350059434,-95.10890827596066,0.7958246946964401,24.06592284232884,0
5.409961002443095,47454.36009273542,-102.57936520747154,3.971474899588817,-11.476994093827985,1
9.951962023473463,53550.41813667326,-109.943763249486,1.997256581562444,21.380293239581786,1
7.802984561028705,34460.092437953455,-108.9055848278182,0.8313885364863848,-20.65596754242539,0
3.780561227426319,23849.695088092023,-79.55825118358752,3.0953172900426984,5.648055891966131,1
10.171261231913116,34998.27836896984,-79.49469560786761,1.1198907243681966,18.937125823503592,1
5.087547300771456,30620.0917142344,-81.11273150111151,1.4984867159619926,29.28188707130471,1
9.492158485381728,27773.983510114143,-108.31264509345364,2.923229239720329,23.2206519947956,0
3.856554386351821,29540.800270003936,-84.64083424114344,0.6445205633399915,-34.68906697607299,1
8.91352687899198,27675.410717362323,-111.14744438994366,0.9466924572207516,-15.40339715041934,0
7.126100676451565,37293.14505477533,-111.35030374824692,1.5438831688839514,-8.334580316745399,0
8.695575096558365,42285.9230759565,-83.2217754461455,2.7753785988190827,-13.768329276576896,0
6.282647733488691,27130.84654249542,-100.102545703888,2.764535637535347,-6.967829678416106,0
3.801028533067744,25125.74597685013,-91.1338045018668,2.111456145663383,22.348969461443588,0
8.843010137422084,30251.91345849385,-105.01881043108304,0.8083808650153569,14.005812093572132,0
8.34768819602143,33848.395743868954,-80.04006370481451,1.095879949620152,12.376916361071508,0
7.267666561668107,47658.56742909193,-80.06881351757845,1.50008610818167,4.13697572932098,0
7.367131142343696,37379.92715129802,-77.02214273852168,3.2461905969031624,17.202872039912307,1
5.725063890196388,44151.33668784758,-79.64973512618502,0.5469373890906487,-14.695918907489292,0
5.515661666207427,31173.449349906587,-113.33189807685318,1.4868539358993955,6.767082286760921,0
3.225468200935913,41526.75095774387,-124.3857853375904,0.8561641521334842,-8.480172712678375,1
7.824926297971449,36741.91148924417,-99.87519566262092,2.32435537966065,18.030030259821658,0
6.78449872103977,31213.478129920608,-80.35406576723011,1.9834600065489376,-4.516416903520639,1
2.0663216854842608,20199.61099445188,-118.68806899063662,2.701886747383127,34.837929551505624,1
3.4605727742762475,30950.11585922488,-88.24088886814877,1.1427104221113158,-18.384407563748752,0
9.580812093097384,44903.880479897314,-117.15392328746314,4.256554546670467,-32.90038916362328,1
5.430577456185017,35195.54633585191,-114.25730568600687,0.7700743289020942,21.301677881259508,0
5.661494151892057,47860.262407609975,-98.41943944248766,2.167441534894406,10.51235033866626,0
7.730520706810629,41550.56369521599,-77.38250650648018,2.6020907852740525,-20.996763106222645,0
7.335178626311239,39905.06871514745,-109.87186676883135,2.583681752908056,-0.1720969291427572,0
6.90968230376763,33272.994872656185,-106.03915100654132,3.3218525563902364,21.113666455502997,0
3.25813277796055,23903.01994757055,-119.02305132672063,2.513484732469077,-26.416648181961385,1
6.905999332664364,35980.45621278747,-100.95850864006528,3.183336770638374,-20.45693318619753,0
4.185961036715536,27840.69109251893,-88.21228724438288,1.7290486580480673,-12.71945152404977,1
6.0494276058914025,47996.34641909888,-76.99494279752125,0.8478608754471818,18.94098660348186,0
7.736684158122562,41284.87287522984,-77.79091186266058,1.5242458681944058,14.267592926024484,0
3.1653224167735616,42272.99498489515,-115.35420242879238,4.310842126491825,-14.657149289546656,1
2.1500500745245343,47133.644659782105,-80.00739816632583,3.5787523341347427,23.56727543533392,1
9.953152440350053,47153.7069889065,-103.11920554740932,0.921486399197547,-26.675083531236996,1
7.573009513067912,40291.94414314875,-75.51067745473983,2.461928953132198,-24.608844642392103,0
3.67309307893938,49499.06093799419,-97.06542259039692,3.788235064382611,6.421861226440491,1
5.235799051806941,23795.425302464268,-102.28452938565756,2.111134268435804,-32.42329072339522,1
6.681087115948946,35019.608599987885,-109.32501383394926,2.399516037966541,-23.467145080954705,0
2.61236857784198,36693.296979506806,-106.434198023678,3.7423884372245344,34.36877743498096,1
6.695782153871102,45894.68123439586,-108.3257612221304,0.9366540864139674,28.015731319450666,1
8.64497676872322,37592.87572576458,-95.7368853725757,1.6994148051158424,12.09454940402307,0
7.433833273445643,41020.96790173931,-83.73642873335922,0.717943549843528,-23.468256231026448,0
7.551720534501127,53603.9942614154,-76.75889208269135,2.637506941306034,-24.457733479841984,1
4.045743702642374,42457.72421344416,-110.5642534091008,2.148658238796198,-22.1493470596745,0
4.069466328553367,33731.906477723576,-98.23595688294613,1.9264982536920816,9.441524663514414,0
3.253068762011705,42111.32752277241,-94.03949362064884,0.2685230729420374,-8.392766020638888,1
4.240093264232652,47254.36218364232,-113.61728712726998,3.8655659005204375,22.0078553104532,1
5.720304628467629,43111.11383503159,-86.7842168394064,3.8446792199005433,-8.289638558884636,1
4.73831084796948,41151.78606794241,-73.86532367090268,0.4354699396777779,-33.33024976045149,1
4.423212533525987,46209.63050836272,-99.33519382354125,1.616003278366028,-25.326827775899478,1
8.830564220757456,34765.459725697845,-102.66702996373571,0.657245768566549,-24.76671336268459,0
5.684248570518433,46029.08665923815,-86.3045592837435,3.130283681717802,16.012065522520082,0
9.659096256000462,46604.77952463895,-118.353016438957,1.1388352942714717,-17.817146061761957,1
6.992946369601073,24462.5937422082,-83.88611998598759,0.5775521379483269,26.96697353402988,1
9.970441048053472,23137.647605360005,-93.124807580756,2.147603664260317,34.80522179101327,1
8.079232623716905,42919.69786173357,-110.68937010850031,1.7434110353849908,21.33132652686554,0
3.363428027042887,31456.49115041771,-107.79849841694812,3.374715009453661,4.967876139746487,0
4.371901452248826,33312.94798857639,-88.6533743566948,2.709636391938905,0.2490569924734629,0
3.147862748482813,30225.23852810505,-93.47978168372056,1.1114040586298155,1.1632940733265649,0
3.849979985090512,34263.50495125728,-92.53395137006524,1.4573476592094718,-1.6763716479681785,0
3.277091722218505,52194.6936184293,-67.54157031710295,1.9112858815979463,0.0158116722729388,1
9.071279328813738,39362.94942280625,-116.38576127245284,3.5118548573809867,23.80464254496087,1
3.21461031818872,30386.220872608945,-81.43993907254097,2.259108301033633,0.005583481921878,0
7.76979455839724,35525.402678719634,-76.576747900915,2.894669666020973,-10.539577838961725,0
7.476691704747193,46848.62070738728,-121.64391983090808,1.621544128773747,-11.224017984033846,1
5.99358741374083,47118.58944416749,-66.94932136545418,3.926515123963151,-22.404586822591696,1
9.563231828791002,39698.20488697305,-113.97549780594736,3.148303233013859,-24.523333278709497,1
5.358335413161862,22297.252233472034,-87.2596296851504,0.6752579425043914,-26.462890160017437,1
3.211120628639686,45880.66779786354,-102.31732361136748,1.436174531364773,16.108228797331677,0
4.090591102444282,28028.16462605858,-82.35142674536318,0.5447084945093303,-13.499027797680668,0
4.324203932251311,30918.24973794553,-86.16668152286897,0.896453452112247,-22.22531142363676,0
9.100828584665432,28922.95589294903,-95.37454644168538,1.1176545855497155,32.22810482827663,1
8.256498540652043,36335.80750449455,-94.47008627193432,1.870395427135628,-22.11316095337376,0
5.599832634079553,35005.831925365565,-78.06124487963696,2.745086895331412,16.54767276366909,0
10.142774263038207,29142.198065053766,-113.63122674259463,3.6019767384992285,-0.223646196054716,1
5.832623127907993,54177.73354022541,-100.4186127881784,0.2691213016227163,2.284324411863281,1
7.693517341229881,35208.572055834484,-90.5407186463787,1.4739054214640248,-22.136828442679608,0
5.196819698616623,30791.444755787936,-106.548300332844,3.9307438965710606,-20.07501796913572,1
4.923971599075924,40181.39142718166,-86.06282333098011,1.6328830016556792,17.73472027276781,0
5.424655301061785,25068.43267094293,-95.68806535852907,2.972972124128209,0.0538446760599384,0
7.777339350666074,48627.410693163576,-111.23769531001288,2.3501881254883976,18.97795229848945,0
3.084289358702068,32700.19192835476,-108.6559041325508,2.391377105801074,9.202878407567802,0
10.442088386529358,42715.3293258654,-121.38292551293132,1.97894369310809,25.596136594187094,1
8.528395440110852,32888.83085289364,-99.60827626267732,3.022664333742652,-17.851408460852454,1
3.833950612029599,49748.862245929005,-106.5275657960054,3.3689277678126404,-33.713209480797225,1
7.416168950795484,48819.7349069902,-109.28882126549802,2.322718709962566,14.065598487173324,0
8.523463001912111,31797.53639289016,-79.04024391157566,3.063910768094378,16.626498087951,0
5.579278857543923,47984.714393104994,-93.96436046180386,3.373633368032534,31.061110569684104,1
5.1925356973306265,38403.71147047897,-88.58651126061747,1.8660297539225184,18.84362573368244,0
10.064869767202005,53931.259093962326,-74.61275671483493,2.2718745988766966,-7.491076329092642,1
4.9025981821445175,37335.69243205135,-92.99584538222372,3.0710922857278584,21.745907088593214,0
5.206339778209033,45916.191198896646,-102.60940775159732,2.2776862577393,10.794398365874756,1
4.192430061877507,44148.89283283765,-78.34632610675513,3.3098643386969115,-20.810525435113764,0
3.0517996281234607,30016.77883632389,-92.44773036703252,1.4117279218042489,6.135876194605228,0
8.845525730622557,39087.74660119959,-113.68392879386111,3.2862990837639776,-9.275765338667451,0
6.347574665794462,49948.860644693326,-79.47677864658554,2.59364585857149,-4.726427415795531,0
7.920415319661334,32162.73988930222,-85.43884447643966,1.601699599688124,21.38701908357565,1
5.240627111117821,36770.01736123656,-87.52854246078513,2.596339245419768,20.641652298087607,0
8.20746256811153,43177.0331085659,-111.84291975778127,2.3073598964906816,16.11706397699433,0
9.9922106936332,39775.196695950246,-77.52696329401554,0.3051070213375213,-16.450125508844238,1
8.110961579569082,49363.82087457254,-101.1619372473774,0.5536967580064688,8.277931387080834,0
5.562744103848136,32953.182740467346,-99.6884154063366,1.6446951352474848,2.2559393984139184,0
2.838386852722483,53978.157704369296,-105.96509313623494,4.315532519573724,-28.44686057665654,1
6.818315552934411,46211.041173014455,-97.1549949795292,1.8790873986604395,-12.312504322015643,0
4.30600604396165,46596.19522758118,-81.42128125523472,3.3905245302005462,-11.518025338479026,0
9.438156729568677,33420.26842394846,-90.385055060208,3.175720665773654,22.992217743934454,0
4.75116032232297,30696.118807544477,-102.13438321066909,2.4839717160686385,-6.689467910630121,0
2.18414519754605,46463.38382101999,-106.3786595339373,3.467202000100764,-30.23643501772232,1
6.46883843270153,41272.91293342222,-88.57868436961652,3.2306885146572304,-8.522784853012173,0
5.143501328177118,25520.588913889,-104.24045735472367,1.5200774555174816,16.643192254643466,0
3.475770698134847,42362.1428526234,-85.0105543548155,1.6434667038244986,12.297871857636352,0
4.320712295035452,38898.603420648,-102.67754338181666,1.753626185405773,-0.54483870983643,0
6.876028063831889,33613.762076844,-92.78142041007668,0.776208558958687,18.622417186235676,0
9.278735620158614,50881.6175492812,-124.08464520476092,1.5797540242166754,-18.71535402331309,1
2.944835119029553,25604.11042550261,-91.93926085663507,1.2719106218728249,11.387037052173769,1
5.678018972031344,30871.5010115807,-103.36279056432132,2.022462208906699,19.490530658881497,0
3.178879528795425,49566.00662631585,-72.6236322257775,2.5544359752194388,-26.586125656565635,1
9.222701309215022,24611.764044163672,-101.26405747061908,3.419026880410338,10.616097671571636,1
5.724904098718703,27697.057376349232,-81.86251115147562,0.6548530914361633,-15.37905473057972,0
5.182485603068447,45285.16013670905,-103.80838924802973,1.9788074056611924,-29.05185846161481,1
3.755700986587048,27264.0429777095,-85.81798491286705,1.056976668182789,4.557426507258761,0
8.864797150938458,34221.988323358375,-78.88477667046834,3.4686950893314483,21.705517801732285,0
3.970510378852559,34983.907351019014,-87.22165714120933,1.0095056531449529,21.712505791324027,0
8.567106300905834,29479.27977650993,-113.8164809648726,1.0405485275434856,-4.339566456190575,0
6.640846645413976,37330.03676290052,-105.74282569880668,3.194075865741977,0.0387767797129328,1
6.54339237597352,37182.2042410101,-107.88115014954585,3.1921323338848264,13.544267317870949,1
7.687194063144044,43027.41378193187,-66.23305181969332,3.992541309894251,-6.25050734214971,1
4.053605242666628,43703.71906486855,-108.3521210559107,1.8128037796113448,23.59581370415709,0
6.714250145957148,27486.03137679938,-112.46006795353648,3.226641569932039,14.76124135312105,0
5.3999488082304,38722.12841508901,-112.87490755294463,2.6100623732812016,16.03766418199846,0
6.382805447115146,47898.12639792344,-95.41563799423946,3.217449959372325,-22.399446498824243,0
4.092343533982752,36157.167508276405,-110.37285432750924,2.4879263313263933,-12.954919322074954,0
5.949013840578225,51943.94304076112,-87.53320766845019,4.1134955676571945,29.71660216664914,1
6.701064144177037,39440.22581224296,-89.23498719357801,1.6933503874657962,-3.576341665199184,0
3.564482734893598,39797.15597297862,-99.70714007253112,0.5173670730328819,-22.66115456079244,0
6.205032957580009,34467.81436935648,-93.15904129286184,0.8042856789113648,-1.025537480141974,0
3.4222068544783406,45626.188583912895,-94.938972250368,2.686871199309139,-20.80156498678579,0
4.10568382048274,34386.44710199991,-85.72059658914732,2.141138775836694,19.906208655998675,0
5.157468306329902,34479.81160568475,-105.23677202495058,4.330923708275559,8.657339558716764,1
6.96176267518163,32008.27304685941,-99.36626215626583,1.0435220848423763,12.58032259969938,0
4.917404228084383,38031.00028675176,-99.89156043313804,1.2646622566079664,-21.56559980772428,0
3.67838489427206,48603.92986284948,-99.1854580998991,0.8554742311971184,-28.82007498631237,1
8.447423992093242,39663.92709674195,-84.73915249200675,1.7218370704659651,-16.469965571557577,0
8.18999437673651,24322.921860677285,-93.61717321118502,0.5152943196881747,-27.94719922847772,1
8.775752164474374,44757.74558482639,-88.71768173494712,1.714395341965356,5.315467166571047,0
2.814778615068489,22897.56619898824,-93.94084771259084,0.7585469976006838,16.013190232413834,1
4.597627982177861,29378.6251377704,-110.60495265918084,1.2446443921794046,7.006805988405176,0
8.060386903696571,25641.138691612672,-75.39600000326263,3.2905556869614587,-3.877010523113295,0
7.74060974800299,34328.2628725081,-77.0213958587795,2.1605725632928365,2.7534872820130936,0
9.935024855546605,22174.88273239156,-113.38905908879973,0.8827515280229523,11.216365965446215,1
7.05925608415475,35081.70897780134,-104.81002463069191,2.1230509797096104,7.968378515015587,0
4.594536014270904,46458.67074848374,-112.4933155006405,1.4121363576829324,-5.227355320764467,0
7.714137087120364,50825.65482311585,-95.12122553876436,4.271054690217755,3.8725772550315223,1
6.883571664791626,48642.89644614019,-82.19085062287118,2.420873943590411,-3.051397572938207,0
6.899300761522098,38628.917599698725,-120.11096484884636,2.0623278149835724,11.218500617681883,1
4.257503736159364,41878.39204264198,-95.44560724001934,3.165343925605949,23.215598632331584,0
3.807718960839006,38894.83603001291,-93.82841475650484,0.5149151890339213,6.278920446814968,0
6.404244459895838,42097.42163540068,-110.64099068776753,3.044083122543905,-7.939034027720144,1
3.828982639335204,47977.894694057686,-97.32326386726236,1.4044132220165126,6.3092605888243725,0
3.4364331542725077,41478.039193327466,-79.70927813827788,0.7613837611556173,-6.361649626315973,0
4.6927352535753775,50822.0972164172,-104.76539788135857,2.2231880871123724,2.132621897009741,1
7.4574582382445795,35084.217928879254,-83.85426381512922,2.112812019131419,-8.696024273725193,0
6.17712125935307,44868.63892789784,-105.81983351009886,0.4581816245352726,-20.684336253812816,1
5.966896894262998,39399.13002671645,-97.6012609210745,1.698000441645951,16.704820559765665,0
5.906008354612107,35425.014467185334,-106.62176044446925,1.4786018510523835,-13.328082520460294,0
7.154114504808792,28579.05986995184,-109.58977549573616,2.324930137298084,-8.051679224491277,0
4.097787974239037,37729.50128731941,-109.67072177310315,3.851962273234626,19.51934745883179,1
7.507702804237499,47360.048774948766,-81.73613392649307,2.845576100514206,-13.724907812028135,0
4.870152602440889,29602.16829525288,-106.018101573466,3.9421471266750223,-20.18989403982141,1
5.022981058239893,26772.817188597022,-110.07305417333794,2.0778842562278017,13.593370681639088,0
8.079756347605517,20432.944897221863,-117.476944559417,3.990054096460856,26.37175613220279,1
8.6564896171556,34028.028318652745,-93.77223463240638,1.326643373639132,-9.988171532938434,0
7.166251690768752,27788.80433989691,-97.6093899732358,1.8611711189876197,22.69079637605401,0
5.455294357294575,34757.51975968878,-92.09845420785972,2.924979705103307,-19.99716583979728,0
6.088757382648989,44677.079077741175,-93.77614685434246,2.5727693489471863,10.424084455624886,0
8.196979667657702,47200.736737955885,-100.85617838316767,3.40883987730678,-10.976998567305824,0
3.336509353389037,34634.06529200493,-102.07694902654023,1.5523818780646033,-24.052733287181557,0
7.671980459355091,27943.36421093098,-110.43949789263009,0.8187911249191849,-15.06766691468589,0
3.895230821046449,43517.58820854704,-105.20805995912563,3.06377056196895,20.815774713840177,1
7.4298591219132,32914.942931334546,-92.18894368578594,3.2396127957007046,-9.772493348083788,0
8.07135463568671,32317.085353465925,-88.85424517267771,2.080532563320811,-11.623237535782554,0
7.638903037617104,38058.62183046266,-114.835605230635,3.2970120320624847,9.352616536663476,0
7.30313146906414,40005.38820034422,-107.01300796956215,0.5772070781950572,-16.45839041538885,0
5.108064559004499,36475.46873832474,-107.7572842290036,0.6494316122382353,3.131124441608158,0
6.556300676511647,38469.80631291682,-84.76905689941754,0.6335409794260338,-8.369729661228178,0
3.703479036951172,28967.003505521025,-101.33092364912928,3.122285027992407,0.2887419473112373,1
3.9661791626780944,41396.35304856842,-102.18975986606472,1.671798723489688,11.067173181791128,0
4.7928493335247495,35694.12706803431,-77.33291962192452,3.144163130010932,15.70116252778623,0
7.009453589882704,43781.39637236005,-112.9628584618096,2.0219802392654977,-20.073891214343007,0
4.169458240540728,38690.31388509608,-88.08792561040039,2.995068499474644,-24.40192944882484,0
3.3150325701176606,22661.698616789414,-114.76805078543686,1.6231184425526015,22.243807331568902,1
8.375565660785774,26060.397900227443,-75.16654513903808,2.056107957762535,-5.219440168205413,0
3.046047852001545,32621.73619569612,-111.29583655029998,1.6314689905560713,-24.594257442101043,0
6.470018613962641,37377.20534808454,-107.7601328523663,4.04993651394003,-11.645636520859917,1
8.89251285065372,31145.799666795618,-80.2969957483345,2.946857365050036,27.18358509938641,1
7.923412390576836,32138.394328301183,-90.7339877479274,2.107581881096128,-4.318806061409692,0
3.665028669295901,37787.84293670754,-88.5057818989499,3.0298518502573315,-6.288511841946427,0
8.145985203216021,37372.93373014288,-124.61733886940364,0.2773948136797122,-6.811747201161722,1
5.881978809279612,41805.95172112255,-84.57661618963795,0.5323071100582912,-19.135399341352183,0
5.322879524361658,33781.73151173614,-88.5503997670922,1.2428417928804922,7.404141244329331,0
4.13792104062626,47056.12432912083,-107.96845169844548,3.258904435552802,24.8585901544255,0
6.026937532913827,45793.83408598426,-112.5387967605359,2.5647719056888447,-23.1229509079098,0
5.697011871295556,38273.86216369199,-109.68830338383611,2.549880051407736,-7.129334259297288,0
6.922554953688566,35812.16623799296,-105.32417976349178,1.068961169950117,15.86898570643978,0
9.049360184421746,38795.61606347715,-80.78870752348033,4.298265285570561,-34.50584744985188,1
9.144466558797587,25764.122394431448,-111.29516629141546,3.6650411308377553,-28.072106331917368,1
5.794438617086287,32081.161752011238,-87.86054980959469,1.9598982600927528,8.356627936817482,0
6.08490449027342,33351.353746061555,-107.89939791727934,1.2914965647740106,-21.151146601615437,0
3.852755731485212,43513.14341213957,-104.20005355418216,0.7547498884020837,-21.305487862039485,0
3.504947686675816,50578.33239097954,-112.29317140527746,0.9367072890606314,25.811961419675747,1
5.028367634728042,43135.15239320761,-76.17419812818787,1.4163845029866298,-16.114782209011295,0
6.2163052506700565,52649.282402176905,-122.79062827208358,1.3943037662037123,-8.214181694033787,1
6.234731821384564,40087.584248791005,-75.1063237746979,3.259997420103774,21.890913119415597,0
4.4915222372435055,36647.85890034707,-109.79011489973718,2.9242264587524875,2.711356477451133,1
7.235647986372821,40157.32440652377,-99.97933933489576,2.4962405375522687,7.220825267598848,1
4.063484363512766,48936.34777658153,-100.27700702051024,2.350344424425336,-20.32487322641856,1
6.142772202228301,33969.88847114515,-106.24723530963888,1.962926445120944,-21.85694192932654,0
5.022376875567131,45516.5152831405,-111.61458442866356,2.3023553990772427,9.134914122621062,0
6.522980472267199,38344.70405981687,-91.66227274791837,3.5705130354583097,-9.746736290955925,1
5.627805076196756,29559.48561495325,-100.19766872603604,2.94674106565746,22.172920528584704,0
10.43097944835336,49665.98573946272,-103.74966099505104,1.9641671358652104,-5.320605322671277,1
8.762778190876233,50255.001664806536,-104.86562098021766,4.404639961987738,-24.25295869977475,1
8.692694045653216,44973.572367136745,-105.38068356871568,0.6522745156679146,17.915157827325686,0
5.56853148800832,47914.75720363035,-108.16351025866578,2.625099120172669,-22.799743686651997,1
7.63461279799261,47897.820248311895,-81.16358003140382,3.564473724975749,7.686800898831805,1
3.6657002825907874,38390.90294395854,-66.58028448222122,0.5558554013906277,-15.359854975268558,1
7.031435551321778,32874.85163917161,-102.45669215494216,3.100326231466881,4.860769473835919,0
7.892085292088862,38592.80838120856,-80.10227462166237,2.9804659898205443,9.248357564165149,0
4.614197322796558,42183.74596839362,-86.21991121100066,2.3241895930328766,-5.925703972029716,0
4.939606718878061,45103.93110997026,-90.62352375903176,1.7845903812285795,-24.75117364031723,0
4.034288799638017,43726.85457687576,-93.76456283981508,0.8579949053551046,14.257909740944072,0
9.307505522789642,27505.84496637935,-93.92885800084731,2.680293874825035,15.399636332611934,0
3.4947892199608024,44100.051506161,-85.85248324481229,1.4793998628130305,-2.7123811924485963,1
3.563054082558808,37604.50027398812,-83.59169652692725,2.185323135064017,-8.638559766439037,0
3.0071329243306133,36122.94161962987,-111.36663562025038,1.5327567497310128,-16.894867932181896,0
5.882092660585826,31888.13638100941,-107.05266395547488,2.0163974927943538,-16.351589323841146,0
7.367145093755657,37682.87139017038,-81.1832302302162,3.0219160837892,18.824739217105524,0
3.661298839178465,33417.30906587632,-123.13795458987536,4.008918283560791,6.757654270289969,1
2.220319256728983,25789.8483922601,-119.82125615350104,3.191963661784847,-20.73285911101807,1
4.945689587884792,42865.84117655429,-106.73663693652722,0.7090363928476764,-7.837448666741636,0
7.652247444065228,43694.42426082684,-87.17232990046222,4.147530453329019,-28.898672717986493,1
4.3110853560969815,42075.28168278417,-98.49061836525844,2.2103740588928384,19.11923251503396,0
4.007735096800454,39618.06954644511,-98.14722604210974,0.9291067820611518,10.841830667851909,1
6.4808199830797575,37424.85462602567,-102.52614227256194,4.043222996098637,-10.447515277578528,1
3.093308000499337,44762.57430974262,-102.57031669773232,1.7707720443273718,-6.790624003846464,0
7.000783417554025,41048.58969629131,-71.35232417369743,0.9038319024172125,23.702261579917995,1
6.095644964993735,36154.10217606885,-100.2282313475542,2.078766809465446,4.411972894880339,0
4.358539732736954,34565.47398002003,-84.24218232622188,2.8015405224212624,11.92078096098637,0
8.495887923335546,32989.69430249925,-101.10298821045744,0.6948172349482135,2.108568061278117,0
9.083654078840476,45174.016360466,-75.45215208136511,2.3263358162040872,18.95689702984076,0
3.1587650202243718,31121.063601958755,-95.9945462312478,3.0492130838741955,-21.358588540771542,0
5.401887333415681,34831.68357626227,-96.41971628362928,2.920434154272353,20.85553830172219,0
7.753577038382886,37910.18777311176,-69.46967342368882,2.962833194428627,14.454792999344598,1
9.061460610225645,39956.60583508212,-100.89912888301345,2.263270861766288,5.971317968238338,0
8.693256698386316,44581.97767488772,-80.82847099496921,1.0529760741537368,-4.063301408101872,0
5.34386430827316,38715.90483500508,-86.34273957529349,2.7702320206154334,-16.712682523114008,0
7.062265193834155,36330.71513316785,-84.46231140268966,1.041802552660478,-24.069833894132103,0
7.023929999351485,32614.94895259121,-94.6664903872214,1.120553746549695,8.573718538957806,0
4.393936682430059,45742.40634459,-91.54008242605336,2.770065806676917,11.23854266415728,0
7.007330432087272,33093.31436903457,-75.54528211846835,3.3169071763982605,12.141817370517153,0
6.484466099563965,38639.44518035397,-105.14476906732158,1.539515150092953,-8.950749146802167,0
3.612305141235722,33091.81955609794,-106.83439931033617,2.3502279782421094,4.658830749058868,0
5.309066347784775,26166.90895894447,-79.89145411341715,1.3024737066697558,-17.441081310284083,0
7.36876944462792,38074.29692178191,-86.05340695985103,2.4115246998758906,-13.886818880090152,0
8.523771591127037,51052.39759208674,-110.85064636625958,0.9870322610104124,-17.45060439865268,1
6.311356252647469,49591.74338991953,-92.07852383796332,1.9947960817863004,6.957914290331608,0
5.882441693924767,42494.84632210579,-99.64203673516062,1.0453799033930389,4.517774363471727,0
7.29597096688487,27337.434847578563,-92.97544199751798,2.2187398309624813,-7.76412881652827,0
7.7122670032701235,32887.571035917324,-93.56458097138452,1.1247874105885094,9.27466501732144,0
8.340347608000316,49162.70668125859,-89.33222182405171,1.9717867477423472,-16.58831770242295,0
5.821494066173768,35688.72972999004,-85.83095463259028,2.7062434647768896,-22.14407033942763,0
4.371388483311122,48572.74285837636,-79.94529494109324,1.444033642395434,7.771933264744,0
3.805550106640623,54955.24781174575,-107.35652085325523,2.344957471134961,-2.946487306858124,1
6.797395164644269,45504.94978381093,-117.43432537130656,3.339660996150417,-0.4602924693535541,1
5.749141589387159,45743.73912566742,-104.88515058403112,1.4066586978878113,23.3841715504234,0
4.138079325836105,44478.56483695704,-96.41508401011848,2.586167755988192,6.586792387916891,0
6.605638674308675,40746.94660515254,-72.64260366026211,1.6177119841194438,10.806911912824887,1
3.603167453735833,31517.859119303943,-83.73329294074767,1.8739653123762408,0.8529310921418336,0
4.535593946365131,45193.21824635232,-107.18459975640944,2.6375871913965225,-21.630894849882903,0
8.952745548660747,22485.40112549116,-108.88093249563678,1.9877796110284252,-5.195839558167123,1
3.884659784142006,31541.98076305843,-108.08955672243282,1.6546841334821638,10.529282846851103,0
8.241019239466606,20728.755355970137,-106.9324495834448,3.563625355555996,28.78866049875746,1
8.300551441448755,46117.996145009325,-80.73414561484174,1.501289800222323,5.820136345265343,0
8.068406930721789,31112.67220384758,-80.51928174112054,1.7979511729745865,21.49342902109138,0
7.558429272600351,28263.443338566496,-108.11003964166002,0.649873992159866,-9.6331332546699,0
6.659871000068,35576.7645109859,-84.74037426038493,2.9329830788426703,5.693389172239538,0
6.151141078338345,46115.84337787631,-82.14923563738947,2.2275692048141327,-0.6510667000228665,0
8.320251334142302,34355.63112885406,-102.96466084122702,0.6158580938986645,-17.9118309962014,0
5.111911515352325,27335.98997913898,-77.70122011348631,2.028124912896612,-20.39669470234633,1
3.366886227658996,37597.39622352336,-103.42946194584324,2.9473587702899504,11.57587415580091,0
3.3977496248221986,26743.203476484705,-84.47975928698203,2.2336413025319404,23.10786607718692,0
4.975537301497363,30885.63719137012,-116.40964514192612,3.649293360321104,-12.32115658126258,1
3.8137698874108734,48097.61080910127,-122.71903147357028,2.793890101941683,7.952639935258688,1
3.8961779863415154,26678.866974800465,-97.89953004554788,1.628354680701574,-21.456619140076484,0
8.992405663302494,38096.4578348463,-71.93775403772432,2.2823596154300163,20.41793985936239,1
8.816934681527899,36212.05550243419,-86.30696501808497,3.2325475387899374,-21.614575206182668,0
6.093061605326614,46146.88529644585,-94.01900884587232,1.2144465103478073,-3.6874959441546906,0
6.093421858956368,46358.78673872183,-94.732598049719,1.6741544588668118,-0.265443477390292,0
9.428792777496454,35414.97529384277,-85.57288730025968,1.587159842303114,-21.7282422557698,1
3.814481573849312,27326.80140235419,-101.20245760573862,1.2495740500891124,24.63510914733738,1
7.675772369455538,50487.748395152856,-124.4557054452516,4.430571875878735,5.570037267600689,1
8.054273572274095,45451.29898840314,-100.1572176329958,3.5050897309689946,26.910725268564303,1
5.5569097253477295,26038.24891079713,-99.16761033573567,1.8019181451775517,-24.581815909234965,0
7.299008344675938,44216.65885416062,-71.4503731749889,2.038331561919438,-5.879248335190898,1
7.865066336811958,40121.769351110095,-86.23098368949437,3.465208717137653,-9.357798703370596,0
7.79794753698068,49769.38150260816,-84.13192502254736,1.7685545036158885,-1.8712008489058116,0
9.353615763511325,25428.56494006068,-82.4737111634436,2.5220988563576308,15.308384947371444,0
3.6077088117622935,50340.49656844897,-91.75513824710175,3.7224208204151337,-17.859930951667973,1
5.209547992743631,42177.58946373628,-81.6544862597666,1.072796542699054,6.715270375657884,0
6.9978439910673504,34504.065853176,-93.34941513387685,1.3151699052407315,19.090315205347224,0
7.446465556973708,40514.04319891827,-106.34893357923674,3.985994323930276,29.860148228356096,1
7.272184672437067,39028.83227113861,-114.30002902866266,2.956318959167674,-10.764928598696889,0
9.542510720952404,28715.53875159531,-67.8388764862658,1.3330354954858492,-9.248411133214734,1
7.347980332112469,49055.842124593415,-114.57802218059648,4.424035259777786,17.746480330789396,1
5.689552969172742,28794.31468880747,-108.98321700399866,1.396566888110819,-15.00028462639586,0
8.395634733335923,25101.67321990893,-111.18324748460364,2.108916408126308,-3.819385612562957,0
8.552849117238976,51844.620023689975,-83.08397402370963,0.91766766051944,-1.2962790791298104,1
4.4781829875374415,45423.51157631625,-83.24219630939099,0.6597203348759302,3.475593826235933,0
3.228749234573313,33846.48769671559,-96.73468101533282,2.347156290617856,22.39875756114479,0
3.5366847820135225,41000.89846883348,-78.13509648727472,0.9178984804159568,-5.656256442383,0
6.521072967219546,27406.456702324285,-111.97932097653572,1.230760779159617,2.473027506854674,0
6.412830103434856,49052.62247609966,-77.26858630190607,1.5618064579304618,5.275858036231945,0
7.48652708445147,52952.71422601181,-123.00347655950983,1.8649280088628373,15.206473602704648,1
5.667382871697324,25310.770169443287,-77.5257361553418,2.351654483206016,-10.844285520705842,0
6.539839827010897,34331.68654490287,-78.92716426513425,2.678595808543802,2.038350755607965,0
5.396904739120522,24263.989620694392,-103.4989849418168,1.498211518086081,0.900969857280714,1
8.042471457991162,29818.702652146487,-108.511951775985,3.0494056548093957,-5.294287607395493,0
6.336046724459746,27726.350250096137,-94.84645240856716,3.336246928910319,-22.831748155041414,0
9.07539123879382,41946.39298685339,-91.69743131670452,1.9242102527991627,-6.190089373005712,0
9.789101756581733,43503.2921429414,-67.02943628029365,4.178430357204118,-3.4478716949042543,1
2.464769470071282,36609.96374471478,-93.86435812594536,1.3556934146069706,-6.990336931344025,1
8.451644817846617,27974.023611026816,-69.63567543959184,2.9658300745356034,-15.918975482720343,1
6.542119623920908,30511.01555101741,-91.42937264496364,2.92829137003348,-24.67506201609695,0
5.268279319957953,47498.20471128958,-103.49178280940528,3.2461795601740286,-15.168630160478248,0
3.150399002520402,27979.760922908827,-98.5688419856635,1.688923943178314,-0.6821234531339258,0
9.32974434364314,35882.852699598814,-95.43308469849212,2.3196601409481272,24.991420984381968,1
8.851555208134346,36414.86514628404,-123.2999341312774,3.693827363952807,32.725164255075924,1
2.442078176914114,20630.420189417702,-102.23601220326437,3.9495421736299954,19.9024275062809,1
2.267028364784947,28410.33829408131,-100.06974898925893,3.3169277839265447,15.62416274269016,1
4.403656970237171,38687.22244707671,-99.9824915502499,3.3278145228603453,0.4260159688498284,0
7.312764290696099,26621.826024247992,-94.65544778462773,2.7539241138642,7.25357821253548,0
4.564796524772136,29402.323421062363,-98.75519174860426,2.3123708265256,-1.2580469778039074,0
3.966444769069053,42037.53419426354,-102.7654750916466,2.477818182945752,16.38531931335713,1
5.7941848645164,39097.87844118639,-76.57487871124475,0.6643175648410415,6.110893450557285,0
8.062728590732311,22159.90859803188,-77.31194766844796,1.1223695044193596,27.944088869861545,1
7.652473514452141,29005.881944485653,-77.84130563542223,3.2079455565696167,13.315441191329748,0
4.8934936600755465,41385.981263954105,-96.64178132288832,1.1108353785465264,7.48650305381571,0
3.1748489772808632,47283.5722612502,-101.34973902089196,0.7920501476857404,-7.742848622819213,0
8.84626429332258,30697.34046345351,-105.08085386627704,1.301027191762183,-3.7597110151722575,0
8.202379019293558,36056.479669385706,-85.41059699608049,2.797826472762417,16.99321709774142,0
9.83626593492193,29381.733387943284,-107.37652059519397,4.26269666014967,21.710759736352134,1
6.144758389470628,27967.558368705893,-89.29932710313706,1.4620797414138833,-4.599988405750182,0
5.804653663522419,49492.41414598137,-87.60568758661462,2.3139774822490717,-15.571774275124174,0
5.538617541066291,35889.08336448774,-115.03870228423148,4.376224546646624,-1.867519040219591,1
5.411339590486435,43466.30903149404,-112.5507997975926,1.4598055882554186,18.73939056614748,0
7.022693786451607,28464.301044066637,-90.20318820972406,3.496729651402812,4.978408504495285,0
7.7671801026156,33848.41243281489,-90.96254802348086,0.955313575928278,17.996309895277598,0
2.5004241474640225,46381.43890415571,-74.58786732711386,3.219976256227893,1.850540746386173,1
7.388223419624597,33399.18656213794,-94.88925909654584,2.7947117015880543,-8.023028758679622,0
5.888167754006221,31917.505470046388,-112.99516189292862,1.580318252347089,5.993731444911489,0
7.148826155131408,37011.03855754285,-81.72366788575698,2.0623429267248263,13.7969191136766,0
5.5005061182877455,37080.20152648041,-105.511771922897,2.215768077052217,3.740596508932253,0
2.203197542872369,33610.15291457644,-95.50361132069428,2.5406942050004604,-12.638532451744489,1
3.927931602099201,39925.036908896,-113.35792372737028,3.3008467742119567,13.339509060422928,0
4.10016213245639,46620.692860725016,-95.4075415154071,1.249907175091403,-17.93347172320073,0
7.646644670481826,27582.06847404032,-76.60677884745459,3.033327173555434,4.751092957875674,0
8.941046613510071,45606.195097323136,-112.64840749690302,2.1402059581918427,10.856441199493524,0
6.68597081829432,44727.79064253352,-94.0802101363017,1.6608996655196218,7.783163258484741,0
7.776225034918524,46629.032860051375,-99.0073101055688,2.0443036436436617,10.505778154519277,0
4.672686903975764,47073.07516852357,-118.747191774399,2.4220853656802745,-4.319488926165715,1
2.116146299508548,40783.27921229408,-108.14387541893409,4.130188697337676,25.38637033559999,1
3.353813591157046,33339.711375474006,-83.23555522062074,3.330642731627319,13.787473589168748,0
2.648565047123903,46762.94136366961,-96.29658942365135,1.1320230615906703,-12.534428947436911,1
3.45187764431959,54928.56889508679,-66.24763293186957,1.6202559378171375,21.53557484088872,1
2.0587113196614184,38887.82402468335,-81.56137249436625,0.2036126081979669,26.062414000593925,1
5.345185860307763,30461.132144612868,-84.89377241781932,2.0914966868204736,24.831554130216936,0
2.137314768115417,20201.87091714724,-78.30727071598113,1.2541831808653907,23.45292879819024,1
9.850868415103092,29582.290653129683,-111.140484204678,4.114245303222044,-17.77316179944218,1
3.0006002515670325,45384.494729022204,-81.08214046469317,1.5316547517499828,-1.540102237798692,0
7.525104177904667,26466.159891629435,-77.301320480004,0.9781861924464949,-4.1986141684551725,0
4.25510267291121,42993.475868624366,-91.28218286082593,1.9676976514332187,-21.85036845775725,0
4.237664443352205,27423.270355720582,-97.7579527037449,1.7707358690597623,-1.648766598166251,0
9.353280884547251,31504.442827577677,-97.3485271598967,1.3805155215117462,-3.706975594258783,0
3.6051804549744633,39850.76360130237,-90.45421096884424,1.9482103594654343,-23.45033979739125,0
5.01038541517792,43542.337726438855,-85.37367279063287,0.8583290207236624,10.395030355904916,0
5.101946421087689,49320.06842995074,-85.28195595694136,1.503567666037568,-21.82270596600795,0
10.148138715696769,34823.87048926192,-82.7737739715442,0.7525871817944483,-14.181229940594296,1
8.88001403245067,39366.00629309262,-94.38467988145185,3.3197332196904115,-0.4660273052232639,0
4.847139320377579,40662.01711565474,-109.74891557492543,3.015553336678624,-23.571435349004357,0
3.6077702810473498,36646.93990135354,-89.300620694424,3.20037954639546,-1.7573501508239495,0
3.937872081235184,36007.89525845701,-104.28756852883336,0.9252249149447368,-4.041452082581735,1
3.5600464561894585,39389.96843282043,-88.4703638615195,3.3979945416373423,-17.66936231590443,0
4.862937274144782,47625.07454808072,-81.29759328812818,1.5360211354992963,-16.38750125510464,0
10.277293502308751,44903.36873233213,-83.25364426202553,0.4975802519807194,-1.1022813174476482,1
4.345473053037586,32733.220068420786,-77.0472429469518,0.7039313270363583,28.543208926037053,1
5.737165208521408,37105.782848348215,-111.92314554419372,1.2550992133667087,-12.670496582649854,0
7.153442749357658,37450.9515034029,-89.91343958807663,1.3690149704048171,22.832508497720248,0
6.402488728304299,40988.20621777031,-102.61354687544014,1.5415049004923929,1.983406106802981,0
2.1452744953886573,37015.936571604514,-74.28436946188468,3.62795354155508,-28.904920339689912,1
7.1636607147200415,20823.00695824917,-107.35343521356916,2.4003995489728416,9.035217069450198,1
9.497220709703434,41807.03960758098,-104.21955896131784,0.6206950194338485,12.813441520627856,0
9.06196381424705,48510.39484370976,-76.74575367588041,2.8472459468121585,16.35463850254557,1
5.93915957882495,30979.045852413285,-84.4844441971496,1.164869718041099,-17.780054501972124,0
8.063981933528293,25654.147477292187,-118.7555344859469,3.1442252864114746,11.216526221554162,1
4.955312104056471,20635.874840727454,-74.10981806431101,1.2530050122740697,11.416064531578336,1
3.810037955303163,27749.753312017627,-93.0652486065682,0.6978780775373616,7.008874449496773,0
6.5763545215611465,38532.65827763327,-80.62989679585006,2.934731305677009,2.446825033131727,0
2.893626651793048,51722.70508494758,-105.2984118330784,1.8939733059754773,-31.595296681928836,1
4.626637540936008,32829.843159226264,-93.45408678741532,2.196129747945797,4.657761942786653,0
5.260504266404476,29461.840725102797,-93.50966054407996,2.086527618632028,11.392907045306409,0
8.923944482385,22353.509685984383,-96.95879755215708,0.4106533598239453,-21.258671957057288,1
3.331209875436814,35182.42976162046,-102.74216213817633,2.399929925355114,-13.428617558712052,0
5.478037225293858,39726.20215353016,-85.3442383087102,2.784617681142476,9.835380157873338,0
6.464733915948193,20129.848652701086,-68.44590892061422,1.2618085162071284,-27.542016434957645,1
6.721287028428487,29163.37857693677,-106.7519671381855,2.375859516344568,22.39388971338262,0
3.0645100884849525,31395.55460181585,-94.23584585004676,3.002938150090357,26.22110020724348,1
7.978477107133989,38743.15461345128,-110.47156018831907,0.8426199540769064,13.755651393199775,0
7.335477529150267,45950.36089481515,-103.0623381343153,3.2611540948086084,-22.548431862560047,0
8.277156849704713,31487.516973185346,-113.1271068993844,1.9229229089662017,-1.336237167349445,0
7.966198931127529,34752.16812648646,-108.69175780721548,2.8626026268218814,18.616872146569527,0
8.739014852906326,45921.33293158312,-97.66258866633176,0.8492762921820161,-15.417818139905066,0
2.723071828741601,31221.684132728027,-118.8813529939779,4.019028901588628,-29.844345847095664,1
3.685172044380016,40748.152903851,-80.16522103387528,3.232957311607266,-17.14837263213498,0
4.596483461233394,33633.80406734867,-101.34043422678454,1.584400222984684,0.7945352327374025,0
7.145381992257381,49648.71300902524,-106.17341770440784,4.39380565298635,-12.542504811419668,1
3.61174096134492,32842.967504582855,-77.63776114713902,0.9844174549317768,-10.994133883524082,0
4.0815064840039685,49432.83269020502,-93.38970613323092,1.7164150364421007,11.18908291312536,0
2.9427192015127988,47168.84932985467,-109.81632152233136,0.5417260146919433,-4.241133462798725,1
9.348972487280836,44419.69814620894,-78.15132052517498,3.4369908604723447,-23.3022385652978,0
5.77900081042638,45071.10486448228,-109.73087442091108,4.410011878003256,11.860867673834449,1
7.485881285213097,37884.68606849936,-88.22056439395487,2.619214751953379,21.33160492266257,0
9.337111357753177,39080.30610850159,-97.83048151150356,0.8763159326563441,-3.47764577026431,0
6.222711085039398,37816.41366823496,-99.00231393505688,1.0791627150049763,-16.352024228171842,0
5.30339051282737,35057.93766992701,-92.72236876444968,2.6359505346430514,-19.048517816957727,0
4.010693336085669,28159.20899485613,-99.8479734159825,2.7062671244301626,-22.35676872788309,0
7.476406942878609,42493.34212439293,-77.29295037023837,2.001416531353777,-0.310239032745784,0
5.474362248910037,47613.37050611543,-99.79932266819564,0.6079494736035527,8.59519588585335,0
4.619080876771208,39050.49994151947,-99.6512386370371,2.3606664973061044,-18.322460891870755,0
9.702163903863266,29764.758952937835,-116.75606625193454,4.383564906379212,-16.759616854766495,1
4.883978159028138,48547.45865232503,-92.15825130563256,1.28311378953084,-12.305187591310997,0
5.352265582968428,32598.222094243767,-77.41022873739072,1.156609421693964,-8.484682170840507,0
8.560348798611491,33346.39619576775,-100.03443538499036,4.03431754277421,-30.74022363778768,1
6.00541915178336,39366.38078771573,-122.10324075915162,0.8808868172903352,28.5953432670011,1
4.187993426218371,42221.1826335299,-86.31692962270262,1.2211114262809484,-18.1875139498391,0
6.664836227511621,39803.68675354165,-82.7666085976988,0.9640201819853124,21.20957219065161,1
3.5381627812576517,38962.88086390906,-80.08510671783202,2.478442333202085,11.76341394180934,0
4.47810985246931,47818.5676706044,-89.51306075723797,1.0779601725545338,-9.421348139729568,0
7.8593571176158035,39373.86006106778,-93.5407939635317,3.109521261644465,-11.449069011429325,0
5.290086212929557,40915.44695014729,-90.16435347478784,2.533293375870078,11.046418833535448,0
5.946616046401974,21071.967251614467,-92.20426904228586,1.4476444236319472,16.406655409858736,1
9.838168931957114,33349.71164089909,-88.21418735149223,2.660872143788839,-2.6747046661267437,1
2.8799941890901097,24400.28649432748,-112.20696917224328,1.1531234315445036,-28.66680073345708,1
4.922137314982304,46832.66847350154,-102.71878378016804,1.8084923227123588,24.21558497084253,0
7.229299900479835,46519.35443018265,-82.18354571593596,1.2182263639148287,-0.632829379998217,0
8.493508548634328,49363.6650531427,-82.26292561837322,2.3407198416063943,7.13495819149157,0
8.126290915545281,43816.464630928414,-111.38136531064144,3.13911147221448,-22.123389525588227,0
9.14372272280584,41705.38858482882,-84.42644625711924,1.737176667246778,17.12723584126742,0
8.75128785980103,27225.67215930477,-82.35137039384058,1.6569707667200204,-7.622063373539444,0
6.822405943725659,35549.5503781641,-97.41073438358627,0.9498535144053176,-6.519124192404103,0
4.838388462816083,47783.39816571545,-82.11563743040135,1.6248741264859374,15.140836875414692,0
2.1188795001639247,22669.259816474103,-120.9397132803921,4.177520299448372,13.091177288322385,1
7.089049295239473,21624.926574512192,-103.20979452686088,1.4825810517826756,15.651114116378004,1
4.96726828120372,28127.237248255675,-114.44496327912744,0.8357375074021864,-24.205737674224213,0
9.3278977607682,45107.4139732826,-89.89747754722548,1.571481490724199,0.6189060553619719,0
8.644352947449823,29153.153315151078,-103.2749765855947,1.633185612961983,-11.161889856955993,0
9.6773042234666,50287.028962067314,-85.80651947656469,1.8333081624582417,5.7966702956505785,1
7.555779438277075,34085.81816815507,-115.67696297731334,4.061082802063068,2.1632132987593806,1
8.24108374027345,24261.74117728018,-111.73789533998593,0.3032805286529741,-3.9408708667264847,1
5.963983652676264,35259.670270928924,-100.91155116910164,2.1274010485227968,1.1584911398850934,0
7.436587519605839,26210.231528793072,-111.01701032335176,2.8516692855217047,-2.020911866321658,0
7.422569914650938,54461.2353872568,-98.73974060063196,3.3838464517666527,-18.80830840720923,1
8.806835122382848,34784.75741572087,-72.06813912708768,0.7494535204754569,-15.951460309991894,1
3.5496167932666176,25953.368784054364,-88.87304250724503,0.9703494384394384,24.066117623916178,0
8.279346390414979,37847.70781090949,-85.31021918048543,1.472022149279194,4.404430431545727,1
9.792934879219844,54976.3328357968,-114.386957871115,2.182437332237745,-3.286600198538149,1
9.029872945488911,35952.902376809456,-87.06999883511311,0.8642782500878595,23.65734079108472,0
6.287433149970501,22222.41975500297,-93.73321970735418,0.393529520937658,-11.891776541287468,1
5.761937887852088,27362.10906219789,-88.56578984251321,2.2054346310978703,-12.330983446740497,0
5.6967494283392455,27475.54086776321,-95.42611848841544,1.7243476570931016,22.576076269052976,0
3.303624952685618,48852.672434461456,-94.1800302978875,4.389530542151207,-11.010640764957431,1
4.697365367956524,28898.40844951815,-112.60345124914352,1.4577544599208632,-21.265643304039877,0
2.470943507891432,53924.21612725883,-65.23867639081013,3.4244328728211544,13.804847046648156,1
8.702188860681323,39328.35991597632,-107.40184430034935,2.4971761808804693,-22.94254961241781,0
6.159692677984784,45875.208088266,-102.2415821447618,2.838506873826629,-18.679047747371296,0
9.33242625992152,36077.76533328572,-81.96706672880998,1.308259943026291,-4.161363614730863,0
8.65717137988496,41329.00904964438,-118.2515057910482,3.8554336767632704,-19.29680763376999,1
4.2656555169005,41089.53408842572,-111.57498897623944,1.685520559314873,15.851143123531578,0
3.606017235829551,30566.76768106496,-88.44471408124603,0.7073363505044786,4.387294463410342,0
5.915697665931545,44161.31362851125,-113.94201189145164,2.2132456882243936,-17.08304037904562,0
3.4377020650937866,44810.2361159324,-85.35235057709716,2.4840049347317708,17.645353463946172,0
6.7458440250162015,26961.934898071348,-112.76309164706724,2.8127045110104154,-7.603489652353339,0
6.317677956734606,34919.628941242685,-94.91330921334276,2.48803546813609,17.39909200519333,0
8.535135634709757,26144.80424971445,-76.60799157000459,1.297263271050094,17.330253925057683,0
4.750099579716064,32013.898518495025,-100.95901944888068,1.7542225997217438,-9.00795575413621,0
7.407212530529257,26964.86461962148,-108.464687466483,1.6394886474151915,-14.056446496271462,0
8.5446822497427,35959.58002631792,-109.86475302482606,2.117375534773968,-11.264611308626066,1
6.341394302736516,30164.43448933376,-100.9872744830353,1.455454735555919,-17.92215856042586,0
6.9485676241202725,36353.03544277702,-113.151193188843,2.641544349108252,-22.78806402507308,0
9.162709911534977,48077.80879708566,-89.11573242783453,2.3798820725539453,20.34223902559897,0
10.0311746134088,34991.44390499567,-104.9796266756772,3.874478446664849,13.061566821869713,1
8.9440810128573,38863.00775415141,-112.24493666555362,0.9650764342259808,-10.216366939463262,0
4.346419988111536,32859.70021943615,-98.56841624502414,2.628069877198752,-18.711848147210365,0
8.35860562728518,42462.05468866417,-94.74661944318794,1.5555690397516757,5.105797100525937,0
6.652349641774684,46403.52529230756,-82.66210072238223,1.170652507076277,-19.215501736485773,0
4.465341970943024,33817.79173350577,-104.30568590653957,2.5406802167653098,-11.142733300305906,0
10.21450026693216,34840.36868646126,-104.58009716586729,2.386060334539757,13.15019590797165,1
7.190368202948592,35292.293239143604,-101.28830085523114,2.438153679374405,-8.68467931220368,0
8.664504567391521,32616.829540506107,-117.2843127653586,0.5241657376618266,12.24277661480336,1
7.567018331583384,36522.55637263044,-89.55795354354387,3.1761059430580394,-8.568897973429241,0
8.702916274725,47077.101653665326,-81.91695120461776,2.897936306729436,18.42425477407013,0
7.088283521730845,43937.94619733807,-86.66153364619736,2.50277347521046,5.362184036469031,1
3.129701776878088,42203.03743849938,-82.28193182874196,3.292826543173265,4.244560216333809,0
9.621562339721898,31653.895797515022,-74.11014470536601,1.328716910586234,-27.66478362755079,1
6.707405450785474,36843.321751961535,-100.91575790748442,2.35543659105351,2.9348655989101538,0
5.923101190493329,35632.44781704366,-99.25831175962232,1.7513709144072052,13.111137203867472,0
7.827523352654867,37452.09178823541,-66.53115976807224,3.026478640971934,19.520171149215763,1
5.006691252293416,35229.31299779617,-96.52096032673349,0.924791092813804,-34.45733124236735,1
4.038368806566009,53083.1470041318,-115.99565772509878,0.9985951145517044,29.991854340471008,1
4.525670665795714,48029.40702766045,-109.73210442709065,2.32136522864146,17.483409540166704,0
9.117551411874768,49427.546150800365,-75.09220343136676,3.144991385200278,18.919391822420856,0
4.904259963153344,34959.91841485868,-82.10736968363805,2.8062845477440908,-6.831336617682343,0
9.547994697789978,34254.34837206967,-88.1653172303604,1.5032404329901057,18.763772412392093,1
4.380018038932109,45009.289696596345,-105.73922483650485,1.3295446927433128,17.073359623787702,0
8.642491584674994,40351.28638969142,-109.43504914343411,3.771254183451026,-33.12742645709704,1
8.320243574521175,35806.27690895679,-74.11958665746725,4.299851702443983,-22.08834592133909,1
3.461455059058712,40777.57393175247,-105.84232864755384,3.216260039018384,17.981770012687328,0
7.553659002340042,43871.8667786252,-98.84978549762616,0.2922027742889378,13.559329089249047,1
7.225984311614687,37504.31069160423,-97.7743835955132,4.161502805043448,3.202911626115764,1
7.545025932363019,43248.05321153835,-114.7499050835149,3.2321234571536386,23.623287116269253,0
6.51974041786748,30674.64027320768,-98.91076203434936,3.0204060441218297,-7.352931347451765,0
5.823135347077656,32236.66572612214,-95.56283024471554,2.782699691406308,-12.612635039682257,0
4.049599718936527,45603.00164662786,-103.73804272860993,0.9152289998474764,8.723209939845603,0
2.6580721047652345,48821.58690830539,-122.40693418465838,1.763610656930026,-26.116324646624022,1
6.846634680257023,44780.00183965398,-91.76268430335335,2.916149984753981,21.706354547735017,1
5.982944061710348,31431.622005737976,-107.55203723487728,2.709853686476771,14.538383221262784,0
5.946339940047217,25756.60330529608,-95.98662551853448,1.5543224620517808,-1.937915814755016,0
7.954232461646669,29628.74606094155,-106.34461440485578,1.952595761638126,11.229250054652582,0
6.25389055294219,37084.315715995006,-102.94651270700862,0.9367232648779616,-13.23532599463798,0
6.691364627263464,35373.567883952666,-88.24254627574805,3.068025762623581,15.891900085963885,1
3.139674978393246,31184.80349374378,-93.8233854457952,1.5007089038923271,-5.330009108636265,0
6.396151262439987,21808.495344820032,-66.2777083662779,0.8876088927892187,13.323021395286888,1
5.975396582845468,41635.04675036884,-84.20288687302926,2.223315244734806,-7.267734448148488,0
8.330870716794976,25343.332317335786,-87.2481909977553,0.8338339769494095,-2.496921468082704,0
5.142698879205333,28055.782133863984,-100.8560768146493,2.4960215600087463,12.514212512573913,0
7.955716629616129,37768.58891677411,-109.647395963824,2.925264388916333,7.442800263881637,0
8.367844210805362,30692.64322806453,-97.792872969539,1.0863699398439748,-16.283545955243575,1
8.464547643607734,33415.8839639337,-108.88573719404975,1.3061784902851852,-14.512754096620329,0
2.7744979923273148,46572.23789511056,-116.37315502272467,1.1625362848142515,-10.09024031683143,1
5.918663060332319,28493.26259009935,-98.87123085171989,3.089048908911185,8.56967126206635,0
4.457270069285553,22708.52987697524,-73.01312603947483,3.830713361041719,27.300580298419376,1
7.2540510244486365,45680.98998166024,-118.8212726907844,2.00320934860636,-27.67509159266753,1
8.159026494992517,37718.89362935752,-110.14550179686172,1.1029411135330571,-18.05615639808171,0
4.480862004096249,29357.73290016077,-107.73858144372012,1.6364973102962268,23.64287529764463,0
3.5463045871064347,27364.31437098507,-85.92850382785669,2.398760069015256,-3.444972674281644,0
6.282301675408065,26780.91992859656,-106.27332496247756,3.9295910196515034,8.925781353403629,1
5.040720533727178,47232.66252445114,-97.5750629884229,2.9451825044788653,-17.297702873415165,0
7.916880501361229,40635.21855362522,-84.60037855755932,1.1106747150508216,2.4609819542665825,0
4.718986721871928,26736.229434279183,-95.05475421752134,2.308482341388004,24.48407864896094,1
4.921553151171132,21556.13613129877,-117.30951268631816,2.3650867998601406,-33.04987919322623,1
5.080789158403707,29928.08130563418,-82.89099231543116,1.9959529052702747,24.51298582345823,0
4.322071805678058,37171.335110601285,-97.0100604630108,0.5774913594710231,24.811190787129654,0
9.162260132730635,27840.370062984643,-89.24603695640947,1.9476627692962176,-22.11744547512317,0
3.583027566706076,46282.03213431353,-112.52614106148164,0.3519837126302253,21.69391651496251,1
3.6951987461657847,30158.33617133545,-109.22465200811996,2.672942630528584,14.279874087588546,0
4.395925528975432,35287.37936047833,-105.36851086092612,2.2553390946118146,-23.17876119806348,1
5.678193911004936,26859.931270616045,-93.76150686628066,0.7253349832807564,-9.580743410204208,0
9.349705684368692,37367.60791086522,-69.29903573684457,0.2666303208699334,20.548486596737625,1
7.143608012190764,26558.136812269044,-111.10098157587936,2.13225045675363,24.17017141453023,0
2.753122469436184,30183.730904263044,-101.63480646974092,3.052128204615006,-8.421728597908452,1
6.088067659743391,42590.08042052723,-103.41035804055916,0.8044984669015389,3.094377800752369,0
3.790084396610622,37240.535292821136,-100.31583516297532,3.167497804745917,9.31938192594663,0
4.083018594646042,28661.11880489308,-76.15570592986589,4.166005329312938,13.253782663694622,1
8.050212214527622,26484.87437926052,-91.4655777638588,2.8662990636896684,7.167486368725882,0
4.641415799374232,46926.8835632792,-80.86246822890996,3.220444542773352,23.75630786543322,0
3.0177303885154574,51631.00867050815,-85.87825899401119,0.5850713183083525,-11.420392511930643,1
3.5763233139048385,53940.65168507992,-109.3820006897158,4.184152924405917,9.508959690551492,1
3.7098663307459057,34702.76407012224,-86.14811899290302,2.533908574746962,17.925704639736992,0
3.8204831005244912,30678.126397559023,-96.70266245899262,0.833410899049291,2.523238477369897,0
3.5725772768965234,41521.52593811303,-79.3033805829601,1.3099942467773298,12.865589606885097,1
3.8255461866955423,33117.4639167296,-75.86167678965975,1.404705351826279,29.71740301958296,1
3.9284513627361832,45522.22474013319,-78.42481861198556,2.6116964457238083,-4.061349689694794,0
5.370581318492208,25554.24147699109,-97.57777013559055,3.677520773933436,8.532581445927754,1
8.701436233332725,41970.03814297103,-79.03114470470237,1.8478080403953416,22.915306268666995,0
6.72845331933457,42179.393955648695,-70.58818586406733,3.139756589542245,14.624223269295094,1
8.515475048700186,42570.40689663171,-87.20647421106511,2.360008341182625,18.28512669434077,0
4.19563297630508,41061.10693476557,-81.46685506577795,2.7459957654361267,24.574752089138197,0
7.883325982208489,35454.49988925064,-91.03005847964296,1.4582104929648263,-6.841265920446944,0
10.03674876175577,51408.33316780991,-92.96094972788528,1.0273093759745686,-5.84659425165529,1
9.058851309942408,25766.809265132,-96.30828787162568,1.563033323786234,4.772816630297477,1
7.179328630499084,45643.184686716246,-113.58283491867353,1.889170942287756,5.887434575092708,0
4.942344399873632,28121.61232182001,-85.28353076874146,1.8631022904890016,-21.479863345538504,0
4.641482012784408,49162.84258972146,-82.47541888037819,3.4516026987079003,-24.83664636815101,0
4.224211205999186,35107.117340264915,-100.6671437446403,3.2498315047251944,21.05623240784682,0
3.2890135237663367,50124.619603603016,-92.81559942660397,4.356974215085662,-10.533732334612768,1
7.248580012677717,22036.039958007303,-109.98835389337792,4.339775433900478,-27.242127486045355,1
5.11382580929083,35601.291771311415,-98.37231936117328,0.5489593219493195,-13.92901666016613,1
7.549785631195209,42571.70236886787,-111.96880960816188,1.0611441623110245,-8.929727689815227,0
6.356212922126895,48513.629038724175,-98.8730766128365,3.0131500214574287,8.482058741704897,0
5.374884608310923,27426.845520736537,-82.53398051265658,2.583189821369255,24.37569868486408,0
7.871398846747197,25079.942761793507,-112.30954930463696,2.173211483908084,-14.572651419792138,0
2.632276845182754,47410.378634842215,-111.64622893000256,0.3992283577633532,-16.974724071461168,1
6.165865091534525,43518.0919118023,-78.06605639186864,2.3292780618720776,-3.7652607770107664,0
8.53442568998744,25875.13198789401,-75.80286260702695,2.018444932220383,-6.82201796536291,0
4.389357444794681,35026.007313736314,-112.65458400111284,1.6369193569307483,24.2654421889863,0
6.509132875804058,29064.94020179714,-102.93760921910705,3.2613019278256266,-4.77188343887444,0
3.1492443564172623,38947.713649455,-108.7999673491735,2.4207184117522087,-2.1409251675786045,0
5.741115826331804,33377.06244720046,-75.28772909904596,0.829816051297203,-23.077422500929224,0
6.906198061556431,42473.221138730354,-99.89342922914577,2.8642098546923616,-14.64345447051214,0
7.132230912750758,48674.73602283156,-100.58029563216736,1.2197874956560013,-6.464058695615211,0
6.506653385027948,32022.67652283726,-78.99069364887316,3.675838341724684,-2.9536440887860707,1
3.882257098091062,46449.38153189812,-107.20388790666242,1.8725578850378488,-15.844420244871404,0
2.7924929547933024,52748.96589960896,-108.08155513122756,1.5287509870342653,34.669653567963664,1
4.181918825266266,47349.701080444574,-76.18813172228127,3.339812234157958,3.339150303538446,0
9.125874677662765,29124.929869047854,-79.40986918383825,0.9713113319923522,-19.937109451333217,0
7.762386841707661,49883.98172578213,-87.12788264585399,1.0778822611520804,-6.392887024714746,0
7.661557862838637,20441.659918988127,-102.52052656063988,2.7813048254167203,14.713215492879208,1
7.301164879104255,48138.266341603405,-84.60192041467519,3.297207234397691,-15.102433441026893,0
3.496233223202405,45079.23229112587,-75.63555886521459,4.075066404542151,-9.681181234940087,1
5.1354707459760345,32373.29846325509,-77.30282084787333,2.5459314895212297,-22.300829482548828,0
8.38967744246824,48091.66524118954,-97.37522734883343,1.1562760607888316,-23.737029592597757,0
3.4012718346607,23732.775546930177,-76.72847635097841,2.459823092611398,-10.900754235170105,1
8.4904922391941,33661.907687937826,-68.66154003891023,0.6458507849304433,21.71735084681142,1
5.5379197292604525,25693.32357580682,-70.27804232633022,4.334506438901981,23.137024686754053,1
7.271821072570545,41056.03860966083,-87.74471369789488,1.614591399407522,24.08630058615045,0
6.980111833280494,43382.94055836008,-79.96333717247795,2.528568225288345,14.348112816124797,0
9.818512978334551,27503.520765255176,-115.38931287793258,1.000731900969003,25.9660595070253,1
6.821838096311959,40007.84075144008,-108.3650557832792,4.1799007869891005,-14.668509225454308,1
9.46992390356837,23833.01325209888,-80.56789013774551,1.732408683045886,11.89963118608688,1
8.057771942163253,27920.72879590229,-78.59355230802507,2.333845494628471,-3.1906020372201915,0
6.624426088916425,44735.67657847855,-82.31964355073458,3.2231044503357404,27.414272761277388,1
2.6066617149945293,33770.74223607673,-86.75676249614867,0.6070426723370929,11.200488699679006,1
4.661104414567206,27240.71408700708,-102.7282312654958,1.721829302875889,-16.54044760059054,0
7.148514875999635,29870.9095165797,-123.99877923875016,4.057923130758921,26.163292132719143,1
7.777501189897704,48649.023118533616,-81.38643641733901,1.7488303210463616,28.48100535637409,1
5.5473316124057686,45422.78482711247,-77.25194159699574,2.199743730055322,24.170271743983957,0
7.419738662699535,33929.060179754284,-116.68716827886156,3.960905568793347,31.682038843863157,1
5.548499969331882,42490.36552706071,-88.39277525832416,2.866336119043639,19.12019451139908,0
6.613364337981819,20370.106308322003,-112.92411383646548,3.166886924275151,32.458658999863545,1
3.841823577122074,34388.18368721492,-89.08081360049391,2.449935595999526,-1.5371378588754752,1
3.310555579834905,40088.53788048476,-69.36907740380717,3.75649544307742,4.033708850268546,1
7.668637292732087,46872.256958294514,-92.18372131366222,3.940007201344081,-22.58649012010768,1
6.996122463571521,48784.47112747316,-110.28382416288764,1.228180586553682,-0.1793513441501204,0
6.824490133951723,25990.44573909985,-79.01422500951062,1.1262703178494724,-3.114093850571937,0
4.980492490271804,43707.41466831984,-78.85814496101816,1.5315549495459408,-4.367275198687604,0
7.718723826594043,39392.05242357176,-87.86728775933408,3.465452563578578,-17.61972703913011,0
5.033848037897423,53984.053692555295,-95.86812055400073,2.478637887156761,24.019465363269585,1
8.871124853079657,48998.61520896331,-82.64408586495183,3.229105907348867,-14.318526589411093,0
8.005536482472895,39819.14796111436,-124.28393337202137,1.1483522948411216,21.561829321724787,1
8.547353486485111,25663.012098760337,-79.64504542465781,4.011430727028956,-10.174125694098375,1
9.229835171506249,39584.809733774,-114.60094412000056,1.8945390166892724,5.245759827266809,0
7.781700592561286,24191.25443660012,-115.40476533783335,0.984033669742705,26.81323454018355,1
3.280375509168736,33866.031138102946,-86.46472003522099,1.2759543263477422,14.52354270534105,0
5.163606513678431,30871.03599141024,-78.67093850544046,3.4902183102005973,21.966097008731783,0
8.373342912985006,43067.996631685455,-88.43678779484463,3.3618660609398496,-22.8627300145237,0
8.102135891043154,44444.759786519855,-78.46584615331766,1.8313222789614207,-23.753261268502,0
10.11449939344236,49779.16531234086,-106.636249498899,4.478751495776661,-22.79502432279761,1
9.75859380058921,45961.384963555785,-97.1016016325679,3.5513014302849304,-6.812117005055345,1
4.308106150563946,37366.44779732162,-114.90702656685764,1.0632876094180124,-0.6998437069882968,1
10.442718352393864,46556.08921861761,-92.82183046996738,0.8893422397586117,-1.495693457671969,1
3.9028033553596986,42543.7254467849,-92.0312909927272,1.590440122169659,-1.5213232691620675,0
7.571655697043663,46567.74516898001,-91.92626819038284,1.1388584150554135,23.10585373040586,0
3.223223973800773,32745.33945184681,-83.91344913719891,3.0639265802025566,-14.172232294933035,0
7.177872712060682,28392.487180764107,-96.53206223793951,0.6508539004658827,-6.044806790593022,0
6.101385400729513,49576.1096826869,-120.2673439121186,1.492819037113428,-29.80851252359166,1
4.2936520535684135,54343.69622571926,-84.47060508476262,0.4765838792632242,1.0276798826244544,1
8.394892632708439,47787.15942684346,-86.8148372442885,2.4428971566500017,12.755385260427497,0
5.319768783633296,34498.03785828025,-90.01523101441003,3.1707712094087315,-8.764247206671747,0
3.850213360470912,44159.368795980845,-104.290330653436,0.3117926937874539,-23.595293600795237,1
7.601423756676626,37100.26311955936,-115.7577191308623,1.7652588719154183,-19.530219331045267,1
9.62539718494705,24139.394509239584,-87.60896181519966,4.188723649746658,-12.055941342644484,1
3.024348237863161,33687.0649664403,-86.28769033542633,0.7209504319766498,16.4104379203782,0
8.714878203769533,27122.18729621608,-67.06663064934247,2.790611593191385,19.95344726248949,1
4.180313685207271,25655.612262603277,-90.92314125761548,3.0340949529287053,13.973160880552058,0
6.559164509523109,26484.29152178077,-106.55969929300012,2.50064686063918,-15.37641032597968,0
9.16328052101318,31372.47063993089,-98.74403220343162,1.9424509454107448,28.42887119030577,1
4.585112354741214,36617.7116650808,-90.58673183077916,1.636967912384792,-23.56500011149552,0
4.300695247870174,21381.26454124385,-101.86284565441252,3.9652440988546087,14.450974279977132,1
6.018348201418225,31006.60220332642,-109.89496978323632,2.121348210063434,17.574365464146403,0
6.979090002537344,44649.20948470119,-121.12140993113844,3.26307145736503,-11.52788153005708,1
9.964351732664277,42174.28227744495,-95.463402958435,3.4682724741881907,3.5887752019674224,1
4.678072337949881,37716.75094606038,-91.0900242991686,2.741625288249914,10.9365412013997,0
3.721502932420639,25816.57926479727,-108.83938402144452,3.1121023854437326,26.169929903446054,1
6.64643549416302,26802.524825861467,-81.74244889527324,2.111178180303291,-16.609068252329283,0
4.74968768483142,45900.22351131658,-103.27738764552193,1.2320869861994197,-12.846332863343529,0
7.507333940140575,42258.635726911,-110.8993011639231,4.161305650065519,16.8119001687215,1
5.770869845210733,29884.784453019267,-115.1075790940543,0.2834082416248493,20.129064713904164,1
7.827857330383657,26249.91548612893,-78.34676865015763,3.4279939062626856,-21.30330448805742,0
5.64726087835483,38539.352627026135,-84.23605466579394,3.2155176055257795,-7.040869934671733,0
6.494124534426813,46957.79516909646,-74.917210877087,1.6264332803636097,13.213659124509,1
8.722157322929196,38202.78545545006,-90.63225566078545,2.3221206392791576,23.23236918767256,0
6.383183746643208,23880.251668657267,-73.52807953979651,3.8760501654309087,9.34416627324974,1
4.277228861057147,31357.38843570725,-102.28815911676932,0.5310568468763941,24.409590355151003,0
6.644905643293171,33214.68460880904,-93.19746981379316,1.1007712337570936,9.254202034138324,0
7.162179250312147,48322.34308828332,-88.41576654002553,1.299309443345833,10.00275996693628,0
8.425851572036283,35795.56311553893,-87.4833148529327,3.000859005030017,-17.04655644531174,0
9.108224764161516,47120.635484457394,-94.25504013792852,2.017746184698262,3.4460654252655587,0
6.902550868983376,47683.47551771137,-99.42854849618526,3.495330476503467,-19.16080272432034,0
9.048971795388423,30065.464292604684,-78.36722464531236,1.7039368996481588,-1.6403605995009052,0
4.9280521518485045,29589.179379957484,-81.84745716828238,0.972713990497324,8.53742537679586,0
7.581669491277173,21206.331452926723,-74.51617793938476,3.2610510875542085,30.839743359043936,1
3.7728771864327055,49861.04893948109,-113.394724916105,3.164194158417517,-11.448227760687178,1
4.428447224515511,43193.59747536512,-77.40607585710876,1.302771596767004,-0.9212563934782416,0
7.76136620280055,40093.91602726981,-108.83491392567755,3.2323281538968525,13.859785706204946,0
6.765256982707614,42966.01200133502,-97.58660661879762,0.8678555100382848,7.215551163356501,0
7.56754202362643,32724.617220747758,-101.40701372890966,0.5183173682109761,18.493135326821907,0
9.18945691117192,50851.5602752095,-82.7664369105236,2.923043203080229,4.9504380926244025,1
7.539672128597576,43312.96106474055,-77.55173639316952,1.7989119309961883,21.079930828707177,1
6.735795970334035,25158.848915936374,-81.87109428943768,0.5566149504901,-13.7385031870066,0
6.952941401518081,31782.642554706013,-113.23133104273752,3.838262971827472,-21.7750218543504,1
3.385224040963018,27973.0554499718,-104.8795011510606,0.698742083496879,8.379321176660206,0
8.18113030887319,25599.149790915515,-96.33744927931367,1.1219118528043723,-10.418152140561808,0
3.4495102598860727,24880.186384895125,-81.2429128023526,0.9798474578636368,24.92714562944256,1
6.806903041533554,39531.760937959385,-96.42914828709657,2.110800934172586,14.070629347519125,0
2.908288287421452,35129.99141493664,-88.4417356634662,3.8422002568420335,-1.162888207646759,1
6.778179597099894,24400.27933787348,-94.99196380173522,3.370785345076025,-11.05839476368745,1
9.917311682822078,48678.32014076897,-75.65858812990436,4.09584626475432,25.346536480778447,1
8.817018459337309,46148.342653896645,-104.97578764072004,2.4051712741632376,2.5420707741569863,0
3.750156509426411,28647.72418464476,-106.12325494768996,2.4819599379725403,11.269267240502288,0
4.448018090611262,31280.36943764064,-114.24645904056098,1.510347133527949,16.419351334846503,0
8.282730614743588,32834.01110834546,-93.52945681609528,0.9422620479529068,2.79262921620019,1
7.761694486738037,48412.980449259085,-85.78298538416098,2.2500231252222624,-9.745454511825812,0
6.1678084657941055,38722.51966154501,-88.47007718786496,2.504038055007481,-7.881248830531046,0
8.407507853509273,31306.78829455952,-111.7237506895343,0.5581498611500321,1.970952396126684,0
3.6592902529981353,27521.10756131792,-86.25595851300578,2.2571714901303217,21.728018254235423,0
4.062767165826803,37606.02097236317,-85.041307766577,1.0404272397579983,7.449868962121791,1
2.6717586528148565,43279.426839414,-121.66306661407556,2.232343553361636,-20.46749632762474,1
4.193829740630717,28238.49834048605,-109.6798303251077,1.7655965770124782,-13.215934567670043,1
5.262619113613576,49082.19162663722,-103.9396860521151,2.3190902239767563,-15.273740345701947,0
9.2774763713084,44168.06421602812,-83.4505328504924,1.1525775560277465,-6.273522056509144,0
9.353739364186833,33192.29343705876,-100.27026426346666,0.7521001871368289,-21.671994382612738,0
9.39998287739472,28090.385061856672,-110.58735355146898,0.9077371097165944,13.11368396924825,0
6.44861944330361,36342.8854393868,-90.78292833858748,0.797535385037126,10.088970927303308,0
4.409057383161392,22893.96111917212,-117.42446253740653,1.4126164337271168,20.989494443604364,1
3.1496739485452183,39324.54772057931,-92.09477738156964,1.3211744210211749,12.267964741048672,0
3.7663692729815215,36858.49102216688,-72.16793319801471,3.1065234080490742,26.959754227270253,1
5.528997459187475,49215.69983948836,-108.1257124532308,3.3381942120743746,-13.9173936589307,0
9.397611976606466,30914.06002912091,-109.02490707473328,3.380394029179473,14.415139470457284,0
8.342406181672574,28766.88236398533,-99.36843056175996,1.6059183559402337,22.667051412901024,0
5.05746064105441,30829.286438973148,-107.6005388938336,3.263845700726095,-1.2917349789638948,0
4.892830703790857,24578.079488743027,-86.66186598484049,0.8459178034987727,33.13443135738167,1
7.384394094692206,47048.26413909168,-94.05934336668297,1.1752057338091924,-21.243881297465062,0
7.100452700850467,25421.137264057183,-106.26328476406674,2.6244844897090216,-16.53152080704955,0
9.43900229414741,43482.98401434011,-103.03062629886728,1.509120356455035,16.41446929786879,0
6.776265592478117,35546.01902644074,-91.88494241935236,2.580496858312758,12.414174981167156,0
7.101192638968178,41910.6399693072,-87.1011431021465,2.4360006112132435,-11.933465076448163,0
7.637709747842096,39547.96559990383,-104.08108837714704,2.868478196881359,7.191558906147279,0
9.31043871378316,53667.342461192966,-86.66769796595085,0.6851263797258129,-22.91435536589136,1
2.7569567527872967,24934.36166203546,-122.06280864363237,1.133755128891826,-5.446522977858756,1
5.684483275837387,37083.64110136735,-83.7164687697561,2.797682517188404,-23.847461596975894,1
6.168286377393312,23265.584006016263,-118.38995466327088,2.5837794203756235,-31.635359911602983,1
4.01652021517885,44159.934557273984,-83.5675548995205,3.0570718532340937,5.50616147465659,0
3.50301423799223,39968.55242436655,-86.7573718708497,1.7817479826744278,4.463865511153941,0
3.1665367351970857,36326.494163219,-102.504253044221,0.6942797849464362,-24.41923761630459,0
4.481993437297055,41982.741435528646,-92.07164554100812,0.6077346960104129,15.627569629466542,0
4.098197530076051,35322.3263577627,-101.40661503614484,3.2389237711519447,14.777654961716756,0
9.3059428170921,26258.7678631636,-106.09173907324804,2.429951944469756,-4.836150326913856,0
8.2741578666717,34651.96881227456,-88.4524468206186,2.962242655128665,24.04090693298925,0
10.320700914291434,49710.388351102,-66.92121064784814,2.6528925992432657,28.809459629666243,1
5.158101139192944,38723.80128431979,-87.53525453249428,3.314804332020356,6.417089393991748,0
3.0099696325816074,32348.646902050896,-78.17357286700157,3.078963153858635,-17.628512938860347,0
7.8806330829236515,21666.71657770529,-108.25104767284242,1.0909912033316305,3.357710515746461,1
7.159991046738544,47119.186744978055,-77.95091616462693,2.606033093623534,-10.848000707072542,0
9.21523709056738,28365.90036076582,-95.04685431589556,2.0910930425572527,-22.57141971840474,0
5.319855789727521,37686.4265407395,-101.1963087560268,1.0836059047754474,26.513469609946327,1
5.195408508610118,39448.34100652378,-92.3543155633144,1.9560137120255152,-7.81301897236904,0
7.183635802542802,48211.8777131892,-88.08356885322375,4.406367010860445,-5.900836460962267,1
3.6247812340162753,40162.089694997645,-87.438718890042,0.5961012108637423,17.60782165030301,0
3.638929368776638,23395.90088178841,-73.33307818278354,1.4890809996404653,10.789765064489297,1
8.932520420539955,23391.407600445,-77.77150491266022,0.9140197969524606,-9.29573825279314,1
5.026653701336907,42750.41299325532,-94.5376718705366,0.759725175592614,-20.687506763597128,1
7.648870923937308,46352.25186196079,-103.15783573899633,4.134523373340842,-3.924801623341629,1
4.035486482267773,40173.33117483432,-83.60353439586561,2.0838634498584234,1.996780720892932,0
8.538202697513281,28979.491858129262,-111.13838235579104,0.8186613060407465,21.71169544731165,0
9.220786467703563,29319.104219391746,-119.98852431029248,2.699625744958605,-27.83373268303516,1
6.098929139257146,32633.104706660644,-78.73328933479311,1.21585845582707,-9.244375049530534,0
10.454757308965938,40716.81495668316,-75.189972056181,4.255727835116965,-4.947163818329113,1
3.712719347279284,40686.15104257725,-83.31682542548144,1.766479900399052,-21.823614692402145,0
2.276527727516229,28312.984383491174,-66.9377846765895,4.11103675761197,-10.738689595367608,1
6.165633013451649,45423.90468711489,-74.53858873681145,1.2992246623804349,-31.004938586610518,1
6.751099257211845,34260.16314246187,-109.08772153846203,3.0843291824733936,21.23058342298808,0
2.614564558350296,39542.95149992066,-108.65182561715235,3.529893642010582,3.88895312008524,1
10.19460283631284,31479.08221153376,-122.76964123004664,1.4758746418985216,11.953662408473903,1
3.931192822061636,41505.31059526858,-106.1582903821587,1.4015028612722586,-21.95211814466189,0
10.123695645499527,52992.63022314393,-88.03556428836178,0.928465305782171,33.03043318942643,1
9.029945678424284,47626.0698331902,-85.3633416322062,1.9989749193327804,0.6695394107394605,0
6.733855106660041,38705.82575610862,-98.27679528624792,2.699136982587927,17.379753991395084,0
8.617834778139699,25476.95809835485,-80.30358228582075,2.448233434256685,-13.441568993109149,0
6.522160740842363,45467.640465180906,-71.63278309415658,2.305367032360921,-12.587684981147524,1
8.830298193508956,44371.76057669509,-89.03073059573865,2.0661326889846627,-6.481127487560993,0
5.103904585656204,48364.78022724965,-110.8189567932863,2.563612179560936,20.40228079731954,1
6.73903008875777,36144.46378762267,-99.35463325289987,2.817026697387296,4.42949782700736,0
4.852919380086163,35866.791056726455,-101.62821483110804,2.915461023675194,12.92040104163722,0
2.895518849721321,32370.331499759508,-68.75953437846272,1.4825273564296206,16.020737454706683,1
9.360035521792854,21160.5257413476,-120.50024744182934,1.162958486542814,-27.56164272575185,1
5.3350900986272025,46531.19599115275,-80.3728145268009,1.2057235113914793,10.111094113500371,0
3.810479897564323,26142.017200317143,-110.15794468340472,0.7077592466467507,17.10824520271978,0
5.4854110230555255,29489.14327503899,-105.6483840150759,2.436064557937274,-7.045353240715024,0
6.362301007135836,35935.0396750438,-111.01688304244732,2.9035159228666934,0.2128523284095251,0
9.376129794606095,39030.64949785273,-80.80142464468528,2.332005391399973,-23.39982532745735,1
3.648548422771952,41120.154009260565,-76.9139919210593,3.4414521728520544,-13.886931205932646,0
8.438877761580649,45808.20644914417,-123.85053790014508,1.1664874928963256,-33.15896699881867,1
2.706889348916919,34376.93998539,-104.71696574417464,1.7033350153310611,-9.699925395340372,1
5.746661369459617,49172.67037633114,-111.07445213406277,1.2837827336831569,-9.898867235690808,0
9.905784593851417,25783.65718570915,-73.7291363398841,3.1268465790576463,-22.678558873376268,1
4.68127702226639,37075.658258617295,-85.80305665960844,0.9240422627718254,9.937761600412642,0
8.989961243804583,39879.5840399708,-108.88805164311763,2.679944705419972,-12.135413892399432,0
7.390083783954564,46713.553822474336,-96.07028669670188,2.775832296166357,0.3169775631295408,0
5.400048527441715,40980.64862572384,-72.39116151864948,1.827855404705247,9.49043314554153,1
7.104366945103328,44607.032349707966,-81.27877093488817,2.3819551449268763,-11.988493860759636,0
3.3389127143942643,44142.03788660985,-87.18237873159725,1.7891559459568065,-3.65832092257406,0
6.481677227905053,46498.33741167957,-96.26377240080494,0.6206033783673242,-7.220329947807464,1
6.863115089777546,42186.90510534172,-71.05778589017262,3.343341636843918,-8.211643233846651,1
4.474879227601424,32141.36674886976,-83.81455768819788,2.6808689416304547,23.87080126151264,0
7.305006913724691,54232.72488658404,-110.58023709084888,1.7767882554478338,16.83480343873112,1
7.113425236708749,34715.01038269102,-86.8987490843124,1.5334180239733892,-4.7270256261844885,0
9.610111344255197,43725.46024745816,-118.86451341036944,3.153988401685265,-31.85428102187457,1
5.471851355624211,48411.491663853376,-100.54028964353826,1.7903292174315637,-1.3295180300545617,0
4.870903527237965,42800.8401038714,-81.92100093941565,2.2637424935571424,6.738633139144913,0
7.485190934182746,39474.45528926654,-114.8798321850794,1.5446294201774111,21.884384017971428,0
6.674709164866327,32360.18754938121,-84.1080199180727,3.1620152289329457,3.4740766952870814,0
7.196106274279687,29698.392272315286,-106.5443799157641,2.971908302765422,12.047239946000396,0
7.526153909735151,45149.52263563122,-103.94185182272756,2.211654620325967,-17.04132473293969,0
5.960560006184309,42026.66210892934,-104.82847862022676,2.306447980813871,22.588912271933506,0
4.578580354582307,30083.41832650136,-89.13176593808221,3.266678313533667,17.356669295980595,0
6.032540450203207,38570.08714176913,-86.80853378367968,1.327751707746008,1.2855913173040143,0
10.284077096629307,46388.2103118716,-108.65708055912532,3.0856035239843838,24.84586421169657,1
3.6370443161395247,42214.77854757098,-90.19073102455266,1.5531647641015565,23.56811750115758,0
8.563368065466307,28549.861307424624,-95.86447518775688,2.329883463994565,12.545188074495904,0
5.676182843113592,32082.70582058589,-109.95038324100425,1.4128378298656,0.0298650561749198,0
5.088684525733275,48294.27162924793,-83.35132297591528,2.272102285481975,11.797688501950695,0
5.695700690053361,33822.50559615977,-101.99615564748306,0.9617187494440022,19.58870562042587,0
6.132828129328921,38847.26109054609,-86.53685986426503,2.167795842056813,-18.003101875410422,0
5.712807188723178,38531.59451394992,-99.32634640292358,2.277729189943821,20.940279239429927,1
8.210879691767085,31441.056934464126,-82.03724022270085,2.165042248896328,17.224409723086822,0
4.0110674592648365,24723.55155737674,-112.8266795720237,2.5064820793685194,17.54370072787708,1
9.316339283567544,39420.91073004612,-114.42515928439605,2.9413380480660747,-24.19043656366152,0
8.351546309397845,25322.441595969616,-94.2731701489038,1.6190425853164756,-0.7550487622639146,0
8.663770964735846,36519.07493006492,-80.06394257220607,2.858394898435579,-19.70836311110661,0
9.273738035859196,35538.19671928762,-87.69703803761593,4.272108369133268,15.507316823282984,1
9.152406294107204,50616.30305051232,-119.13760140812596,3.988881050494236,-14.740279915946342,1
10.40583470988509,52100.3849062976,-102.69710538605068,0.8209542468144144,-9.631509908924016,1
3.4256946866729736,21175.202954701403,-111.26661163246916,3.629709888491244,32.044899801058406,1
5.486531176429986,30787.09804797108,-120.79133997020958,0.3378131444295366,2.662006468555383,1
10.430959453547723,50620.17717883707,-85.56388815098609,1.3023782706491105,21.789988255211966,1
4.106307716880606,32370.22615780354,-103.9225859236352,3.3136490251406974,13.823949365579637,0
5.954781317760706,46216.80782010725,-76.31389888808971,0.8642388398142673,-6.304695852956272,0
3.3482387568988106,37585.49326829087,-105.8564794599721,2.355659354231204,-17.163455077279277,0
6.322145992180566,32747.53913513577,-106.34305780244256,1.0427574409624487,-8.303399307149391,0
7.757450690777154,39346.02089375377,-110.28701480274948,3.4376365197260546,23.95228679682127,0
3.63174799104184,47181.48271321256,-109.57343805174654,1.8609312706666776,8.524310942508563,0
6.973504737403513,39675.11786413045,-101.08301450252982,3.0365534080086776,5.868133966821247,0
6.077662060057725,25930.95968914243,-111.48853125429366,4.445982573776748,-5.302437565453026,1
2.7356627632951733,42581.316053515824,-92.88786456504543,3.700636462114227,4.724455293476311,1
3.455910230388147,23872.070285499383,-71.72143766058838,3.1366932137258496,1.5191704536488615,1
8.799652681382653,27860.556521149265,-113.73171417092315,1.8939447984460376,-16.35534792428342,0
6.3610271709790185,37867.09847378614,-113.02495577582997,2.234222193592321,21.20615177306947,0
3.212960879734964,53087.97943927791,-75.19186733962695,0.9308125087441104,-34.74849454280438,1
3.036494499521141,32759.76745941705,-111.23566063909507,1.606602279450158,-12.311983666273452,0
4.723678741920279,33026.81837761368,-83.66924404328167,1.4947461417726475,19.441022526659932,0
5.90437370109147,45621.72607480433,-80.5754305177135,1.8163879961376208,-15.660263757764096,0
7.142574149411766,52863.56484402951,-97.10858225693396,0.2506851190923901,31.83205303304392,1
8.415974708996915,35232.67294002244,-111.97733669909118,1.629733109883771,0.2754352475925969,1
6.852099232878581,45780.521965629065,-77.72749239075978,1.208930384533656,-21.091774319768025,0
4.059530863177868,30251.2854099286,-85.88168872281429,3.195619209003538,18.379624222803574,0
6.091974777425135,32657.566155605226,-106.82045725347808,2.8348553533277894,10.404952135424352,1
3.512021278714089,34560.1212280411,-85.30641504103865,0.8916440453398419,-2.3146869113806083,0
9.434567645002868,28309.443875196772,-80.32480045279573,3.255869009825158,20.213019632681718,0
3.692580965123197,25129.880559250752,-102.66930179454808,1.5797524920406898,-11.511677838030677,0
4.622475745107087,27836.21531462545,-85.5730056208229,1.9971318807694003,-5.650630998036828,0
9.240872723022823,28601.88843646208,-87.9084381797975,3.2425067491538533,14.75085611162296,0
9.024397328191624,39700.885291964165,-70.6441332030237,4.419911162228199,34.49450057536929,1
8.435946922942193,41448.031457124205,-93.96714549542352,2.6039420647241376,-12.203073483301097,0
8.870509321245983,32624.927081716407,-77.69824588748848,3.736509783321385,28.844821745199617,1
7.4339800151601585,34113.23208292511,-83.78674702081292,2.3724289953773634,22.85939853435664,0
8.30358171066287,49311.02089388044,-94.39800045569837,2.5528907675844,-12.547941344021996,0
7.034338586406483,37308.5094426053,-75.58554682702206,3.190999319579885,18.438441781227677,0
2.89694373465481,34923.004095554454,-113.15132125716906,2.6236513954844494,20.166448202164062,1
8.399724001344,25814.98821397486,-85.94960953293005,1.6432689896809718,24.8910425786719,0
9.219358704599648,36463.233710123575,-105.05423933000716,1.0479188312140038,20.47363417828832,0
4.256913435576307,45858.22566419977,-112.17873447349515,3.3900720316704382,-11.189106426969047,0
4.809051066310465,44450.358995937146,-83.4290301443364,2.4499899863513304,-7.174926810417237,0
7.138613602799873,48810.62483076539,-83.28949897576344,3.140871702083418,21.60215879846543,0
6.464844844839739,28936.7018331206,-95.53468180890694,2.269432888982621,8.505830838622629,1
5.732318253855472,27120.682739544205,-108.6986269915744,0.7196390812189808,-4.2473580284268735,0
7.68606698894346,25801.722421984905,-108.12316086141142,1.939193218366189,-27.089594196934,1
3.989910504370344,33067.90180029934,-90.86953525664036,1.9880167256336343,-10.18070912922266,0
6.498653334799428,34949.28080932628,-87.1745565307333,1.0958588367707358,-20.47288912845196,0
5.951142774964725,28849.973128700065,-94.81954362819778,3.2423757939799245,-14.060758457818167,0
8.731933228760415,37495.28633629529,-101.43996288053336,1.264073151918915,-3.18329041803689,0
8.609319510244706,46685.06409907373,-100.9632450933956,0.7784376710887967,1.6438418781016717,0
8.67770305427372,30051.975717219557,-95.5851885105322,0.7962607599455969,3.5506090677349498,0
5.973961250894672,29092.361699260287,-109.49756162110457,2.587866577858665,-10.44592153384608,0
4.346522907253281,30398.78379796687,-80.21218292921822,1.4856786602966912,-17.622291002927817,0
7.441579597440009,27867.30731813679,-88.07413579936991,1.903098417929336,-18.674647290324103,0
3.4114430444357384,40209.44464872814,-121.21679745956142,0.9801975663610418,4.530192474973582,1
3.264542813352575,27499.196266951465,-81.10533159011763,2.337324515941688,13.883081882355237,0
4.852963943929693,43724.013504759794,-119.24750439813576,4.349771836445799,12.31491569384653,1
4.691084152687955,49766.91551019768,-113.75671626564962,1.713176679341524,-2.389941529946864,0
3.513456401175243,26926.632414102125,-92.23267381457448,2.941133776675795,-17.51413875616428,0
4.22087048746267,20126.006318560307,-71.56758402336729,1.692772524282704,-19.2739406827144,1
6.05168774314663,45993.27953909213,-78.42678004410044,1.6121147642937754,-4.303491471068771,0
5.370240137072711,21577.584889199978,-120.79479815748029,0.8188638338712539,-4.924939934298799,1
5.487526497348913,31617.00979917794,-86.70415655212383,1.551781714044539,15.294874995115803,0
4.6086069668632845,38796.6442348948,-102.6293775201014,2.798965005489902,6.317826754430705,1
7.002855814412087,25129.237477250488,-81.81445001108688,0.7792216740757734,2.047918427307991,1
7.112528209557995,20290.009122148054,-124.14769790119128,3.862212448402528,-12.345863386623904,1
9.354299281882405,38801.47368294117,-96.1543183525218,3.597585649973402,18.37902933974173,1
8.539958037790317,36049.94593386291,-80.74962978234613,1.3086874885135944,6.177265678886997,0
5.112824933280923,42472.0204628302,-106.24064691717622,2.314133820493512,-18.638972020887834,0
4.910766889745128,52904.31153522097,-111.2712926115631,4.438245133819143,-1.396855456152224,1
4.597894700614323,45721.865222073975,-114.49594148492083,1.4344471391797038,19.63942248812252,0
4.400532077731523,46576.23901761825,-122.83932844541567,3.463032415047121,29.287604213732493,1
7.64240904586018,41376.36992016844,-112.5688714381468,3.0403846442834634,5.337026262297538,0
9.52517961941496,37648.62817773777,-71.5016834640407,3.693131466357346,-1.8792010603393048,1
7.613548431280555,35862.56231178846,-84.12477064169617,1.7079076342954909,-2.237052318930761,0
4.434307928964071,36774.75649585803,-95.62369136382956,3.171466531661117,-17.752936401901707,0
9.141413160044667,53503.44557596861,-68.26374778668472,2.101894936023197,-15.542745172170768,1
7.23311737377604,37252.39381677031,-90.73010858276724,3.406136017109896,-19.669602281252157,0
4.0299552669315,44170.33524414866,-90.89153766728522,1.0794727759409533,8.643920653178057,1
7.960748792368535,42506.64903914741,-82.38835628256183,2.941014195367583,21.621451354403007,0
9.456341121308752,26728.606969838627,-74.69082251982101,4.083840094520621,3.4604005338544117,1
4.935108078168809,49982.81673197269,-97.01070628678345,1.5457309304669415,15.836429255821926,0
3.626811904035208,33889.13686812283,-70.88351143308066,3.258336610654414,-20.55247469841933,1
4.3626525147327,50920.51576755389,-114.3546700846845,3.1556657929721825,-18.577418450935436,1
3.559018766722452,33260.71272109346,-109.38151451525395,3.199977839348817,20.20725572500067,1
3.0936036794852875,53207.83618901932,-86.5256546248394,2.0475234835239142,4.725582462351497,1
6.312454362283162,37215.54607804487,-87.46042419428214,2.589366236128761,7.545316735406651,0
8.398299079012912,44047.91451032167,-118.179691667474,4.282753492967456,4.995678559770859,1
5.174389766652606,42437.60769337826,-89.00751684866619,3.0128837875001,-5.747062705295587,0
8.718930760856766,30089.677131006087,-94.47290073957925,2.118263692366603,0.8790692838362872,0
7.416316526115607,28755.50089275791,-88.3090646007178,1.4046913003494947,15.878127249704876,0
7.375753460957776,37187.34360760904,-85.5389534095138,3.1688973474146613,-5.946450079357714,0
8.698830591466502,25231.67921200249,-92.28152525342018,0.821902072320614,24.14969441855032,0
8.989786227343103,25400.88577774946,-107.13038672407882,2.8993309809484757,-21.855608610074047,0
5.991434894165302,26358.655855927445,-112.8122898131088,2.9896828678140084,7.49399703258608,0
3.638643058896627,45765.35461203587,-79.70852489897086,2.799473014256804,15.361623290369144,0
10.226693698984915,52022.68079999044,-81.34296531251144,1.2132280786843388,29.68029882910463,1
9.424346277841488,41014.8686403664,-80.54033598992677,1.2834407237794907,10.554688778589586,0
8.6180744641688,38219.12532802276,-91.20377618324568,1.070943757834301,4.117513946213503,0
5.79165195208074,31344.01636126901,-113.81263816220704,0.8614891222400484,-24.726666013239807,0
3.0794591795336044,32975.644455987866,-92.012711612293,1.651970856330513,-2.265396709893402,0
4.900831473143157,42455.04303378957,-81.76050954002059,3.026352382139138,21.72511120245506,1
4.655695993055236,37678.33089916167,-85.42009617464755,3.341462945507588,-0.7266107018650452,0
5.426344043040533,27830.837729938063,-78.43819299964214,1.249295670503223,1.955981124481948,0
7.651256029500483,37568.70848694279,-103.38494740892796,3.795235496685008,-9.603149827064469,1
8.198830555612497,42858.023965253306,-102.0044920590252,2.793178128756676,19.08832654352338,0
7.878832638435759,50703.42055388496,-86.89381527875369,0.5775110058888225,-33.28409928739119,1
10.26047074894958,37478.6975729958,-115.62296833479076,0.5207187684227419,34.49760072642434,1
7.183686191880711,33079.27116717155,-112.77859904056788,0.7121722671499002,22.595009432096603,0
8.812730504826654,39724.826912627366,-81.90708870220422,0.8070138833284144,-15.33073028136106,0
8.130011154245809,32017.66265608563,-89.02966217429253,4.071125616967988,-0.4519374324925493,1
5.202026318527741,32377.379165256723,-105.43379230410568,3.783537015875747,-29.406658883378118,1
3.927637631063451,43718.25181125208,-77.79932536235742,1.6939106590824349,-9.594982860080789,0
2.3995526573805077,29984.294944155747,-107.3745397221466,3.5790700751936835,-32.95962324402737,1
7.2227593159251295,42811.22437447538,-82.33182605051454,0.6584950950284546,-16.010370277231424,0
3.324991104456519,26985.29891425761,-102.183801941439,2.0880004434132258,-1.197794520277185,0
10.044110454610356,25336.316608044224,-105.312664660189,4.399881749088355,6.975045567866594,1
10.055730278189404,44479.88692757003,-90.3178098958698,0.9143518388390396,-17.307770553262237,1
3.635159904254087,28347.077640615036,-95.9143505198184,1.197538671867967,17.952662365070573,0
5.043900683623798,50088.216460165815,-97.44618260024912,1.172202696826598,22.78567065606044,1
6.053326945890413,40266.82241774719,-108.56667252876328,3.76328760228913,-8.870038621145813,1
4.815970784847258,41536.2499429478,-69.41406807890391,4.290680273078073,-24.34155180008045,1
8.64219564422985,28263.877101730603,-77.74990126887411,1.448643809788481,21.651010872197386,0
2.741573112501089,21593.941149972816,-93.93224913099829,4.381814745943426,-30.61231903938331,1
2.234711552106736,37441.72560456682,-122.38942991516431,0.3890994020331214,-0.0896229664616115,1
5.408764607058911,32521.249962079564,-68.07261533673045,1.6190281645637117,-21.1492552529586,1
7.291139823862316,31767.41559856054,-75.1532280310107,4.171617980831178,21.09940814311516,1
4.150738159868128,39939.60497091402,-89.75809909435762,2.407553409277507,3.199224336064372,0
5.730833573892519,40135.96879745834,-95.91887839926898,3.3055377725927446,24.41635861084591,0
10.371689030683482,52497.7741152294,-84.99993413175906,4.264030392708609,10.82237488407364,1
5.029162872569051,26021.725540488525,-111.14523841037708,2.7323053428534827,8.249394766925391,0
6.145421452574091,40350.12491047249,-93.14068913310332,0.9751648050937476,12.084841450490435,0
8.713050743824695,23135.02862863082,-68.57525020539441,1.0039842756614374,-22.59072689449973,1
6.97003016711273,30544.47596605911,-107.67296461203075,1.9048162004143412,-10.161504069963197,0
8.666030856056045,44219.00381747278,-72.31650313516235,1.5790477109748946,21.856973116575524,1
3.748603098423436,49072.33232172194,-109.36971939976468,3.3995006283882563,18.007029844941094,0
9.328269375225684,27467.1429627076,-106.43938454375352,2.012585815443772,10.38780453604292,0
5.478700329497992,31315.830755053004,-104.28801532620156,3.213675689780751,16.582077576498335,0
5.415606783067938,41255.51789364697,-109.33929613524772,2.0697537217667072,-14.77690793469037,0
9.125519758717378,30040.00026603008,-90.68282188119062,2.6910867681799955,-18.60712251305367,0
8.51536859970358,49776.58037497956,-93.08228361836504,1.512230442965868,8.894934309058492,0
4.0595609300004405,34983.517460705494,-107.54117111619126,0.8579146216386194,4.699979966952565,0
9.12250088754227,34889.889058846355,-110.95871319277256,1.4052954611764072,-18.177416557125497,0
3.560128715242385,29648.244460561065,-111.76516689433709,3.140335821590265,12.19340874356304,0
5.375401373539088,39069.02115774939,-90.22536960634896,2.197551557453603,-34.24577480281884,1
3.066351230258648,28163.32480604188,-89.90788884914326,0.5391372992302628,-23.194215955568904,0
5.685322853114341,29698.37337790599,-75.55274378118716,3.372641428007283,15.630952388861616,0
4.432444227297882,31440.71356690166,-95.947907283454,3.19253265121433,-18.84509449248151,0
6.788889663071073,22750.339990619344,-109.97362041481712,1.2107607507600993,30.890400621556463,1
9.00802953457736,25118.46961535435,-105.38450459850009,2.940913243187479,16.565201927256098,0
5.450675105227255,45526.32214285951,-90.28270274612224,3.4791742415174958,-14.44682316050283,0
10.312581491495598,40515.84145517985,-123.99344808157352,2.9601866279612774,-30.254041557491973,1
4.184016612179275,21946.339918593487,-119.66227864742912,3.1940800101805435,34.987722707293486,1
3.5262337701988136,47021.18119889771,-85.56956859462164,0.6644350256339417,22.26611148938689,0
5.041172472360778,26601.087197743265,-107.80784360825808,2.797930489184015,-11.19278287159622,0
5.358681885410977,36441.80532979546,-121.89146058052432,2.5180468798685074,26.35589825137192,1
3.517899793662401,41171.074518113644,-77.1368576646255,0.5620726890741273,-18.50612613145934,0
4.945663379776905,33425.22478259155,-84.30792062858184,2.846779405201021,16.939709544584588,1
8.163234143359315,29527.41484790293,-95.6323409080642,2.433789946945093,-3.3171760669487185,0
2.284270313795583,39004.86104292173,-82.95625361917209,0.9658213046184534,2.03014509292003,1
3.899590474922303,31250.080289725174,-89.35283855182212,3.122350835156711,2.727037271221562,0
10.471611004853637,20115.37795772133,-96.2308355979817,0.2263588093952931,4.101286892671162,1
8.755702502872003,34235.041623298624,-97.16898916822169,1.2898879000486527,-1.747102192267473,0
5.6238154971102166,43424.42634070285,-84.43634822097823,3.299869898495371,13.426746760954645,0
7.323008854613183,34460.892455803056,-112.7103382422611,1.5680877016427537,-8.487237317014412,0
8.0210870041482,42352.64643458316,-106.6449435550026,4.431159197487613,-4.7663434774202,1
7.949738351227876,43060.52103440857,-77.71355554959094,1.0336957331140453,22.251219430323932,0
8.27318492874148,44416.21890682592,-110.8548172862435,2.7930802282318696,-10.897750714370174,0
5.680200559891071,38928.27528512083,-114.99321138086654,0.7726866407345967,5.210163803089873,0
7.782699218022529,45968.23908511033,-79.21403518373019,2.9703542920617374,-5.580240460969648,0
7.855690575273411,40101.32183494375,-80.13536820608115,0.818991976241743,1.718800149081357,0
3.450988735871352,31144.403033267718,-93.85773590570494,2.170559394980177,-17.831827496318766,0
5.881996141809399,28359.47189664642,-99.05992329113283,1.286828605500477,16.552207578664685,0
4.077320536232612,31126.53435360269,-89.77212099104494,1.7379210956884883,23.700736161562297,1
6.626727977371849,44181.35295907655,-107.33672415451169,1.8148247594851528,2.0681152734780426,0
8.123069002046176,33374.644625019064,-98.67449793297284,2.455934637219808,-1.46574827191251,0
6.957489945074072,32912.21396246181,-93.98435098673622,3.4850730066726534,-7.307332781290498,0
5.163099551600165,26212.78363104115,-90.54145910266504,2.1040223290772477,-23.4801601681414,0
9.46316420144636,26668.120659681284,-85.17737705655114,2.24319731027974,3.2787294820206263,0
6.490733691470407,27298.63884847666,-106.15207675594188,1.1400614305585877,-8.405824254800926,0
9.029586903188164,22037.53054122883,-111.43466835099366,2.025989931022228,3.358028386001884,1
5.829179839988624,35022.84238072929,-92.10416571860728,2.2792575757981592,21.16786215808596,0
7.0095076950478745,30698.829844807344,-83.0649500563183,2.04879707721398,-10.33324594113972,0
7.228164514801709,41967.815253521374,-113.05562284218412,1.9916602565496169,7.140790658024478,0
9.04313996527878,39372.66804364537,-104.55569977312244,1.7214038783216048,-19.67675218037117,0
2.738986760261636,52012.24056285934,-78.42239030041216,3.713406808643658,-12.646109123096132,1
6.003562767342904,20678.514810996865,-120.28514651883371,0.3777080265345349,1.8949733237681912,1
6.168179005719109,28890.76001373075,-88.7346621602372,1.1782856986827852,-5.232058698568693,0
2.8413696403718056,50003.41944722268,-67.04568024011581,2.113589217499657,26.060080872509676,1
4.6516669292267885,47919.74419169611,-76.779539776008,1.2849582864766025,-3.625126163107456,0
4.981092053715079,26029.55630408908,-93.40281082245323,0.9487400575019036,0.1200805223616363,0
7.3148243065417295,34811.8917813664,-86.02244376411352,2.4173996747499094,19.695903837096665,1
5.174518095494674,44118.397880232325,-109.42845487468442,2.1412620428970985,11.693633470538686,0
3.6004225759382638,35533.025060847714,-116.31136830375054,2.9096419750071965,-29.553785878777525,1
3.3545615430061853,47201.14449012996,-118.43778798282096,0.6979783936624973,4.32298443515046,1
9.304590410420564,35474.98128927413,-80.87084813915462,2.4297545085910666,2.050889168969949,0
5.667440939038778,28594.789184803536,-82.10234994880767,2.793778791399933,15.349413818290486,0
9.978451536650072,23475.96063542952,-108.32021171427692,1.2303375591660914,26.031565972862992,1
3.608238194901229,45111.60576914327,-120.58183603519524,2.7320894428424096,34.65178707432385,1
6.108632425445526,26719.074768757982,-76.79612937462703,3.097098481799953,-18.503385830503305,0
4.851586541389148,40357.51045659104,-90.02871495477336,0.670640669369485,-16.93850385775474,0
6.694274590125302,30224.64483105202,-105.32022035167245,2.356045858420885,10.215725379852351,0
9.331829216374173,29956.65506679251,-86.94955383186613,1.0062678690951234,-4.9482544444486365,0
10.19709076961251,38132.73603226,-102.86041635067974,2.924003806017261,29.78562742134744,1
9.32263000675849,29271.53810026716,-93.13624923566825,3.760520389597505,-11.456777527117818,1
6.900574670442629,47237.08037912306,-111.01080508499086,0.7500039859886779,-19.994146949537207,0
7.818254808857916,31243.04026998892,-80.138486753818,0.4301060548376012,4.01996944882702,1
4.348592738638528,37375.27379187995,-69.266668720408,3.722232969943649,-31.08824838899868,1
6.2969870444388505,26335.54409483208,-84.25512348400605,1.7960076441030657,-22.871425186995747,0
7.5418237260065855,42492.7430089439,-98.69111474535411,2.7856679625911345,19.03480580667868,0
3.3411579325808227,24095.60254855123,-90.6632519777004,3.107231655534901,25.82017363090995,1
6.570328757014984,33712.57272593047,-78.28831964407499,2.774778448892671,-28.67592275472126,1
5.376616443199052,26440.079764401635,-93.73484991912537,1.1747385392827372,-11.962897721962934,0
5.675566521422347,22811.474271665607,-75.09722685633155,2.1657640300379097,18.044101426807188,1
3.0208838721478783,33472.58870064029,-94.9656075613508,1.511648475210848,19.281819206830967,0
9.473886075534116,45286.78002486335,-100.03607870386742,2.2333997936046712,-9.582571030454396,1
6.177397726704681,31666.81324752161,-78.46570597592765,3.256328344460009,-20.76023489032866,0
8.581638759910195,28500.041717905,-93.4552785168791,1.28970395178075,19.31679160394478,0
9.175718910937112,31045.83374332647,-98.75520518336964,2.975695868043095,2.0983441316517464,0
3.5926553809125847,43511.40272135516,-75.85310012874425,1.3091874750603063,-0.6871461404251775,0
6.4103674891652,34173.18737142397,-108.55488802076546,0.6438400748977536,13.232563527650946,1
2.902149649106549,39434.35740315782,-103.27276049789324,3.324004873331079,-34.17255471605301,1
9.378154140893662,52538.78108978942,-120.76170886641027,2.3382140539877714,-30.019069580459977,1
3.572033530836536,31130.66671934763,-92.0906732837602,2.7883614821886447,-11.964043394969991,0
5.033069842841292,45743.98322674066,-121.04073755262588,2.620499116571052,20.974848945778863,1
5.673317817404042,37410.12322715366,-84.93092965369651,3.281686727957436,-20.014896380333177,0
9.864019937235811,49839.81086139225,-107.0652482104074,2.6655580019262137,-27.50401286817301,1
6.70107673788817,43470.8640441333,-66.06685243277816,3.0864023465924064,-13.708917941896498,1
7.895428994302333,47273.118428993854,-99.6734114784396,2.601278626784709,21.493077707652617,0
5.17578545435522,45386.88675007508,-80.6196613159666,3.4226761295138206,-18.19377642108676,0
6.902831634173159,36742.82561254782,-114.02896085784072,3.3057965911174367,-12.796355170951315,0
7.285175020518658,31874.120623425275,-77.60096426493837,2.382314026872981,6.919328490196854,0
7.456308326308084,20091.49165613602,-94.52833598795468,1.1370216270386282,5.870774991590928,1
4.1517131399694645,44199.14610905008,-87.1187946248664,0.5252941278687983,-1.8653734138307636,0
8.431227051468863,33426.813432926894,-124.08409941627868,0.7031959652188848,19.613809585082443,1
8.351338251984183,34171.54430263552,-82.09556288814954,0.6248315668107,10.94901205650217,0
7.251754291584387,38801.43398630162,-80.4624691030289,3.0509270410211404,-16.931036316689518,0
9.22521702203236,39939.67969065186,-110.1855032755078,2.7002597539252697,11.774744050492233,0
7.909084360649204,28423.175997893803,-107.55974327555784,1.6453085978954247,2.6933463255262424,0
6.052882488566358,36366.08624487221,-113.14250169995287,3.441769346189307,-8.796444496801119,0
4.824891276676636,42438.96624052931,-103.2534073908133,3.85059200102156,31.65889333482106,1
3.793089054707532,39793.3700166123,-96.0844914431913,0.6804269836486523,11.625089062345085,0
8.11392079917887,31132.167359756408,-86.77529190810995,3.162967486222522,-2.7885265333026865,0
9.355127255741744,44233.81056684366,-69.80735813415104,0.9321547512605344,-26.988966441681814,1
4.807846224732205,32552.58821626889,-78.0982135570493,2.436220528528315,15.73363638396036,0
8.48914833879553,31082.911870568343,-91.44514846788351,2.071887629001895,-5.211665157033352,0
4.93438337791949,26720.185119001093,-86.56066485536059,0.9385869556686344,14.440383920060142,0
6.069774576570223,42570.96508468532,-104.44451399765576,1.350947547473928,23.95008712860648,0
8.497248520106377,26313.319363353985,-124.64576797462271,0.8591454530803795,5.595814041483642,1
6.78228818821054,35128.36168877785,-91.39854752637127,3.2189107321945496,2.579699926307917,0
3.1823175889025954,32055.173285819663,-93.33728340075476,0.6959575014988318,4.855537791169063,0
3.229620561136547,48071.612901545406,-85.02298882482324,2.6809151422609734,3.185313664541816,0
7.804689146366569,39077.03944853232,-102.97446605869678,1.68591470342344,-18.851151753031424,0
7.957334602007343,53891.11934502812,-72.74763098181987,1.9999947177070552,-1.8843754586654669,1
9.385029508640788,39056.21658016062,-92.33266918614837,0.7216120093962601,5.551150157184232,1
4.2623150630393045,49204.79614642862,-66.715453477082,4.110802273896015,5.267800908325135,1
2.2563453341129924,45982.42233651347,-114.32565457912844,3.713088134330062,11.746340909117327,1
6.856822157860247,42421.58951799688,-81.3236851845775,1.835768911048928,-9.79588308660252,0
8.125484717021562,25449.73655411155,-94.68338481601312,1.6936957422402876,-18.73353546170065,0
9.299870132983385,46827.49133609812,-88.1263065512741,1.3301717485016975,11.424862556330543,1
3.557097526959461,33594.78466365117,-93.34203975975912,3.4121166115207275,4.486322115180176,0
6.498361664405742,30245.987640308274,-111.03963474553318,2.9592898870572943,-13.144982219959072,0
2.7682755557673424,32121.52656290121,-108.83549211834357,3.693741051606765,15.474178497919745,1
8.549403726465389,35726.607581888275,-104.70510489448556,0.5265036966116116,-15.407397344033624,0
7.922671223454986,26062.92352012377,-110.68730472541073,2.8791655449522024,0.6739596252054625,0
4.13231736121095,49218.57240832919,-87.25758406829829,3.286535626956276,14.34958962977884,0
3.187565230063416,20774.87584954764,-74.21336326562002,0.304736454125422,-23.99879962072096,1
4.373184494049193,46323.64002796663,-86.57890630067067,2.444810761081323,19.35297272549846,0
3.6524517381237263,34965.95849770494,-84.46223022246073,0.7699420635920211,-16.906282147837704,0
7.482888802229831,45258.84818321999,-75.16650180513196,0.6323693142873246,3.1605984402419907,0
3.005168889173386,28395.291566046697,-124.87399381645533,2.198286188834629,21.666472988918837,1
6.672652183538018,21866.936431947324,-71.53444861429243,2.556892026459879,34.87481098844667,1
5.322171463618263,32396.338390479144,-94.36445898517223,1.498724829484272,-13.754627353792504,0
7.259568478067732,36121.91991866936,-95.34024201896084,2.6550733902814625,-25.36524468606721,1
3.956556755997303,29523.19187612401,-106.59768436541756,1.7073236051852814,16.86466750883978,0
7.8227833603412975,45257.991863166506,-107.73541231004356,3.1372322348867616,-19.53042120242239,0
8.122886284154601,46305.8258333696,-92.06620309847258,2.068296172557985,22.009850069393487,0
8.023680400580849,32890.65762979234,-106.84069744042704,2.201487676146597,25.935720679949696,1
6.373973993276147,26577.94426790518,-100.38311021729872,2.426878080340042,23.237677493437676,0
8.872044703656918,44247.01272884749,-102.06383488853676,0.9858980949386498,-21.300146997985443,0
3.364325262670013,48539.053258208834,-108.07833763651992,1.1924910411547749,4.086060284126031,0
8.27198253908728,27297.628032134315,-99.00807006088944,3.253645410033404,11.713297693878992,0
4.973696396979401,32206.498843546306,-83.00859740533627,0.5467771989224445,-22.95234530518752,0
3.591660862309566,39535.06296786433,-83.13592800661397,0.8803368337638141,-22.31039023781649,0
5.277943153949327,38978.90222879931,-105.95881958456116,2.3864652592121693,21.393974942207585,0
9.05065068295862,40677.40829817752,-122.19152889459924,1.5730904779746715,-33.57523632579301,1
4.228032576128413,48353.04995157027,-77.88777157811654,1.864281697602965,24.54268766591108,0
7.882055459367523,50041.25279542629,-106.15646227094128,2.333563897627544,-26.51064624943173,1
8.137896194952802,32978.1816899236,-112.61706460679228,3.4835783255263637,-23.40594545160208,0
7.34408589989127,51065.44473272037,-101.9712171215178,2.6304995231887145,24.438400773904583,1
6.871922527410028,27287.59269502192,-89.08192018628606,0.75209756048356,-17.10845101218735,0
5.917981243280421,28733.170539656603,-112.0623137705102,2.81110012529928,9.386290356498357,0
6.888448764822497,42285.16076705816,-94.70555067984294,1.37560283351773,-18.50059133092416,0
8.408343683097282,37816.33064148412,-95.4150785668366,3.156239115925644,-1.178015668511616,0
6.5577829440907545,47427.271781715375,-111.07042775510784,2.462602074866865,19.958545550629324,1
6.790081415018558,31303.66747566356,-77.34159161700867,0.7597893119313732,-26.10452935627557,1
5.7112985713318185,37059.98816682715,-99.42404333693656,0.2117835936888247,-2.634773276855981,1
7.464378462389322,26438.08573356383,-80.88138452429287,1.2164513141953917,20.82429536287988,0
3.218533603601416,38278.04315729442,-95.82922643133506,2.894052543416325,16.064566037803587,0
8.265736527035493,42658.49921293389,-93.437005308196,0.7748064776223522,0.3497813463984194,0
4.728150060680077,35919.87050291667,-115.94656606158632,2.4356594633696607,-27.81041269694731,1
4.660878321009442,24114.005629450185,-100.44204173463636,1.115291911873609,-19.04329256987686,1
8.118849485711827,42209.52097345874,-105.41416292622736,2.43292924436552,20.92220842870897,0
7.758581220294239,38022.347376901416,-81.75848738734443,1.384824743524086,-19.51925616105985,0
5.321316491906301,37183.90278348125,-73.36274061246938,2.402850131812611,-28.24142459947076,1
5.9373911424836034,48768.16874418942,-106.35440482941256,1.406954895891534,-19.3884363866539,0
4.358091639751622,44126.16078256398,-100.79746151139472,2.9855767308074057,-12.114145388036391,0
5.158803037433321,32009.16677909422,-81.33873257905114,0.5526867092097661,-15.439510030901427,0
8.551532533785505,40987.29529336364,-84.50291077153486,2.936294539240552,-1.9070110616176732,0
4.629252278732805,29362.42802253484,-88.55769429610733,0.5773404493585951,-24.25698363846456,0
4.429753100279124,29596.727438383976,-112.27294123582296,2.015421051368948,-4.203437811478917,0
10.2349903165159,27715.555758507377,-120.29048206765783,0.6009164054052368,17.893294877434045,1
10.423780138535813,53563.56109268897,-108.59122533656348,1.0632602699207725,-26.294242347641024,1
5.398918090014835,46866.25492560031,-107.99156025881504,3.311422661977839,21.06928423039067,0
5.860519707043588,48275.8901916109,-95.41835733302923,3.4198174495307136,16.19059151516958,0
9.402787321498488,28600.456896083662,-105.27938091961508,1.8341221283027755,11.556829467725358,0
8.955896857407804,31473.587576403068,-79.67608703778251,1.887709849990472,13.809395566002069,0
4.744570997319965,46292.829000483296,-81.77075924437587,0.7599886941670232,19.0815592001386,0
6.0845544099103845,51568.75436363126,-119.41819803948756,4.366007006045072,28.249688691064684,1
5.691067770275327,47629.130379394286,-96.1990126199196,3.9920345591860538,-16.948191592136858,1
6.539365739221336,37116.98713601271,-78.49291933606531,2.007179766631225,-5.580936271534981,0
9.437531950751648,46451.60841579861,-92.35705907515198,2.652064721636924,8.250202607666104,0
3.092319565410089,27788.735107299224,-108.01544609363928,2.275310376412434,-17.44321932675107,0
5.303789946071653,50626.871504465,-65.64628577983271,0.9758530078548672,-10.67187579751572,1
3.365118781385007,37683.42213224445,-102.58368597574756,1.8557415911020465,-22.15549745830238,0
8.37491543777482,36596.13172011507,-100.53384799233852,2.9165268971824894,12.734934930629542,0
3.1667852564572114,41145.52074850204,-94.24260042224844,3.368776933542171,22.478853855327607,0
7.189942181182492,43427.87335508689,-79.69974622335977,1.156598064934351,15.412091610238626,0
5.981683850784433,41631.058869338594,-79.68703922507095,1.0004279567106424,-15.980173069996589,0
6.015285708619826,49118.83150410242,-80.04420611542727,3.823957241554383,-33.51775153509335,1
3.658388110854223,31397.302568766623,-105.75358854033016,3.4659977922728125,-10.198891064478078,0
4.052996678155405,30705.448484696837,-102.32487033217755,1.3740690583832595,-11.626380456468103,0
9.74609526095488,36331.8557447786,-114.77627302492888,0.455221674155017,-31.360995293921416,1
3.226678257421496,27798.73920526418,-96.89384851339776,0.990071797230612,17.180043582266535,1
3.5578465511782227,43294.45308229855,-78.30158592476006,3.267472246220965,13.410832521734534,0
5.160150119566477,44264.445407640334,-99.22291049800778,2.084231922093629,24.063258673064617,0
3.647563365193575,31684.551103152306,-117.0573864483255,0.8414114435191715,-21.98681704236246,1
4.208593050546529,33667.93390174469,-79.91117026934322,0.8037859733364922,-10.491134134643032,0
4.866694716307555,38055.55401560917,-84.28051588636521,0.951731745356134,16.217851178060712,0
4.05885710427256,28213.392071948147,-76.75577759237402,0.8717448276077988,18.38688490038292,0
6.010709570665256,25605.634699112383,-108.39763439687044,1.9149822310512965,0.9340650238717672,0
3.664777676267508,31729.87832222864,-86.392162311549,2.681321211342605,-13.359475102202229,0
7.325115831642263,45234.82454377692,-90.9425507692633,0.2407801962349726,-30.392913674365623,1
3.856489425387223,49998.91026547192,-116.81056548501748,2.288477408477916,22.556525728593225,1
4.881002239943556,47532.550357847394,-106.873018730686,1.5001101173021198,-0.5834804808552931,0
2.7702393537817005,30332.126552354483,-90.90773860928776,2.687113087613313,-21.72150646199055,1
9.42204036763018,47040.65899744401,-95.3109310441838,1.4271592164536586,-0.4781789936260381,0
3.072017624936296,35423.82203008144,-112.09314168497968,1.861114701970541,21.570810887663043,0
5.055386797755226,48051.23316309326,-84.06104079504975,2.7304445372710973,14.617358934832607,0
6.030706901345011,53258.92765181802,-100.30943643474708,4.444781082227482,10.139128950669708,1
6.40339655574124,44902.94325191487,-76.95634790783399,3.297026513785038,-2.5984558825831776,0
7.194702039555401,31018.72001400086,-111.38055996223564,2.882096916529555,-11.706368838049109,1
8.033382242329298,46162.02218947836,-80.57322133633798,3.3816762508272737,-6.32046099583134,0
2.0196278989970238,44154.59252741585,-75.00618761143554,2.432144040321143,-10.917618378987608,1
5.892842970791778,26740.313212417903,-116.64393517913692,2.9644017968282936,-1.4214047924383737,1
6.829983772013859,38986.95851968418,-101.4831828237166,1.1254144718624988,-17.837955618088223,0
4.288793722924863,37106.98116447334,-106.60131202351396,0.6209443403007977,-10.086500744610133,0
4.476318260169965,43686.89223240485,-79.46658646829873,2.8795425266672128,3.4024305812193845,0
3.882130962464146,29661.92449327861,-81.19195756088092,1.7471993965423294,-15.010182839836656,0
7.693733651732504,44059.64980509856,-98.3847990571993,0.5442253517207198,16.51257594738079,0
3.965942501255948,28194.7437085796,-78.88385525333624,3.0246138628271257,1.154602850873694,0
2.5370071603646207,30760.36012983237,-79.52116139593383,3.0751368424095817,-25.64819583105744,1
3.4661578002577587,42165.53303520214,-92.30044821856758,0.8016886787012536,-29.38751786280884,1
7.847906200336654,34561.913692687296,-71.21670860119838,4.164698883849379,24.18163130047025,1
3.605498534706899,25036.8174537482,-77.42070452905647,2.8241320113773942,-19.27811783702896,0
6.830550361593205,50582.64008079613,-69.56429266823079,1.877750842868544,3.243568915183225,1
7.829628261432506,44245.56362444408,-99.65250744343756,4.125486788996068,0.3630465488307095,1
9.474763887817538,35146.11580911546,-90.26160034537196,1.0112303787261987,-7.789322866554738,0
7.005436463954272,49753.97955678329,-97.31159579062994,0.9374554255708328,-22.756122453431335,0
4.336078098666592,29749.606439709634,-87.11213184770571,2.666114313727027,11.498700283514497,0
7.906464350481011,51261.45248627561,-104.6538127765112,4.417992112637675,14.714263271502617,1
7.490049610175861,32621.67272724149,-124.70584488796216,3.95790345961108,6.9509845242970485,1
5.5745601670529865,46747.90581266351,-92.23591074337791,1.982033964331681,2.589259368840697,0
5.702373951672952,44225.82909587539,-105.18735741531452,2.927435647107586,-7.9339965109682495,0
8.866541342668548,28954.662682552644,-94.36802606621124,2.423391830453664,22.0284746130948,1
8.195723134731445,37220.928123688966,-73.83597913778459,3.983182866538638,16.711106421616634,1
3.526025339743948,27753.22960357228,-83.75677150960541,2.7604245635979616,6.110788980436098,0
5.720773909209608,51543.99248722023,-101.55040752337808,2.874705610815071,12.400822248564864,1
9.888649537701257,50453.96840142469,-75.31792023066787,4.410202605144817,-11.61657325949243,1
3.230354799781745,47973.56560228643,-109.42870347466484,2.5878820049871027,-17.42565253698545,1
8.851134048853263,28485.582336412437,-92.9616003880274,1.424246602314612,-4.918503903775669,0
6.97728411612262,45589.0135782757,-82.06700865791746,0.5764559890609118,22.267175863021023,0
9.026584234196546,36606.37587507095,-106.80331830693916,3.488332589695914,20.381895886463248,0
8.859163993877337,31665.47213129741,-87.16166094848518,2.263967700799624,24.288239075435072,0
6.098483200680433,40812.171850479965,-86.39552615445211,1.3450401750682142,6.796918161589076,1
4.506012388753994,30594.861347921506,-80.55614891776418,2.350826261745082,20.643080533835786,0
3.979444009033676,37339.48882989364,-101.32348584525496,1.4347300556091664,14.973117596803512,0
3.568999341100296,33542.26223851829,-84.58328712013335,2.2878336416765013,-8.845174764645336,0
4.186498765529652,30853.901945961312,-90.48149273707284,1.5184040395914031,12.003032259440552,1
8.529365257237796,44997.47742372376,-89.04614064510945,2.890728671106221,-19.347172181117696,0
4.1600800883210045,42819.9262153935,-111.6458205021407,4.48806929009551,-32.58013996473207,1
7.885948990197293,47864.65001800463,-89.17690925893979,0.9142397008825022,-15.601472540107403,0
5.678725897997597,21452.62678635587,-69.48043555791729,3.7869787610682,7.941692986157705,1
3.7231437020555775,26011.769155291357,-98.5173947083081,3.279957136027995,33.71129099070976,1
6.160913532973656,38478.77687881434,-91.5690513982438,0.714836959593103,-18.097025387528998,0
8.710429952456177,38616.151649651474,-90.02739081219116,0.619374636776587,-2.3783487271715096,0
10.411339594054542,21764.625516763583,-115.781633251191,3.455824242890404,-7.919984794285398,1
4.954555173347352,44403.99359456274,-70.3206439420673,2.83737242282028,23.071154628961157,1
7.778715401280023,33312.965209299626,-113.22657246819168,2.1380412356230747,15.675443277804405,0
2.502833610204739,24507.07337291474,-81.89535168683597,1.1691723912630592,31.86506418247322,1
8.353679280803103,31645.39086241663,-113.37387390902629,0.7111643888307323,-9.80477255659723,0
9.468470818295817,41246.95144098633,-97.47599664341983,2.052727523106772,-18.949790206586712,0
3.4021362772282204,45813.10052350285,-93.4873012445252,2.813877177728102,15.3751952182076,0
7.029796732173292,51161.84677149147,-81.90050396793987,4.300983326373308,-13.989084973107328,1
4.680455275391976,36988.09000688394,-75.37619203700928,2.7586858315887146,-2.741284071675519,0
6.643734071233983,42618.04251948436,-123.53337259016092,0.5783789183472936,-9.20123155395398,1
4.658678803241341,49410.683518267135,-84.35064993417204,1.3999039137602904,-23.823809403760684,1
7.155621531473257,28194.65213461042,-100.68321941487446,1.2337317105112549,-23.97657002451105,1
6.868359243416462,37618.23365280087,-106.11657487394342,1.3693490874700611,-5.283879806096703,0
9.373612042123328,44033.35019395049,-99.79394044533755,0.4701970387266097,29.952811173596515,1
4.836044929597265,40401.22728548332,-97.01315167241064,2.744208221979492,9.144058633805194,0
5.43793099882222,42441.29622517363,-117.85366674373402,0.3288386264464287,-5.087893242292338,1
7.551905819863226,33028.80441337639,-93.1024008825588,1.7203383742760314,-21.291044802534,0
5.018619150962715,50898.36168137091,-77.02183279997342,0.9635578586305462,-30.698377486849186,1
5.092405615681195,27568.718288554737,-69.30916092030076,1.2421734139238392,22.817909178498823,1
4.575757929073725,34401.38255810368,-82.34021938268347,1.6788053892183796,-19.30560881940009,0
2.266480999528519,54773.47527483964,-81.80472834267705,3.062974320526544,6.030441405536131,1
7.042166573258862,31994.596138307093,-106.85780259607756,0.9113944658955636,23.79692029990068,0
6.168859353789338,44090.99119044312,-113.55376313140393,2.8379236284194085,11.433222051314004,0
3.2745139438524458,45656.20763264464,-81.6165919347977,1.4117431378536034,2.9640528335630982,0
4.048695466742258,30734.21179183297,-92.9114323413124,1.0429438838732814,2.8033197503623306,0
5.399109927604531,42781.44776856511,-78.08159522687174,1.8486196037717784,26.98066964975212,1
2.915715103261184,29910.99576773276,-96.1708089679639,0.8609054256546906,24.64797427687607,1
3.7214596844628,30364.96953346276,-86.22102977916556,1.0492783391439673,18.925389404231503,0
3.752824668923496,36618.39830806768,-102.2437618194184,0.8406088802422264,9.848429038408888,0
3.539137206612338,26829.583951840166,-81.90878685070395,2.6489839596498643,-11.067096836562351,0
3.570246660936728,48062.4220275221,-90.59874068195404,3.47884917685883,12.59536745886637,0
7.516080249078322,49548.081395663765,-91.00950786697452,1.4934363034071476,3.920537444240189,0
6.665028306087109,39805.67585625964,-93.17483658196711,2.545137899390263,2.504957849873641,0
3.092511872551152,48673.70632751893,-101.3053201959058,1.427924853707014,-13.78450052809398,0
5.673686355725144,39512.56489541642,-83.94457968254196,2.9420160148251258,29.01867924866326,1
5.279059550264372,51056.29037616109,-69.28732060350913,2.0427321330322328,-12.373862167873192,1
8.025304678827332,40660.11421617952,-89.04406945758299,1.3040711768294926,-2.07813349461329,1
6.859075591524258,31154.64009290006,-92.31199565533024,0.7265480411092841,-8.886849715317197,0
6.797154363983313,37571.25957298784,-80.89120431806859,0.9722981838184498,23.03894516372252,0
4.650462622409354,21349.333730202037,-103.33049129810756,0.2058633287389269,17.13881082268307,1
5.742347132763448,45629.18422991306,-75.81823150228475,1.453267815687275,-1.6136145235046475,0
9.805775158772526,48050.338639674985,-69.4449119237717,3.782760927696415,-16.856836877316912,1
2.845768751354756,40882.761734539534,-95.12694747360536,1.6732870210796218,12.07670655941572,1
9.613443069934222,25461.91947337325,-119.67960611895624,4.103889421447542,20.3215265433211,1
7.986969758902711,34511.11945795716,-78.87818303524284,1.2220245752586898,30.405475205212326,1
3.833601566767896,26626.23303522,-104.61502077175275,2.2097098720553285,-13.601741239054842,0
3.2266498582342598,29963.893579940355,-84.07621264619078,0.5507050929302882,16.765053850262177,0
6.466625878734214,34419.12110182548,-82.02909200554907,0.2011124254184279,-30.88454914804684,1
5.722612360876128,32987.286636731675,-121.1859402577262,2.3504345719937,-2.469650015684038,1
8.901971800560968,35397.66356226736,-98.86218790157474,2.393925027485548,-6.612271691493696,1
3.2795081684366663,45436.53299929877,-97.75361023086556,1.3542818723975611,-22.35499388109613,0
3.866519472578444,24464.725197751424,-70.81866072633892,2.7084974358244795,-31.84746469050299,1
5.823728956940826,30724.827025746672,-120.49391481340554,4.067835683954024,25.900117653117235,1
6.999953387065796,31206.757009529665,-80.38769993117128,0.9790989863904828,-8.628208959940252,0
8.236378403775658,41209.12596319819,-67.85817872287905,1.070910171250275,0.2425899507555939,1
4.232396065028858,44110.89543243694,-111.61448831714456,3.473126369552048,-4.877453293709632,0
10.273833342463435,43364.6199508394,-85.14841435035336,4.130943816617063,12.148108858348152,1
7.403976756244196,40506.82785873258,-110.18872500978269,2.7715662669175805,-16.356051359675277,0
5.641484846176271,31081.349606572257,-75.2738629555897,1.1003487816994753,-20.29408098453173,0
2.480805321675339,47045.01286340473,-124.50471820267852,1.747916280517194,16.250567457054444,1
6.101202642645006,48349.42947725904,-80.25483851218982,1.9383755341415627,-7.375878344680231,0
5.351385397103959,47732.43783393985,-86.4553423764152,2.1219514438192157,14.809901440869687,1
9.269706633934364,25132.2658368143,-111.35645663045185,0.9359853075072612,21.293089389892454,0
4.831746927537783,41654.3697586666,-106.63196203366768,4.400006544294656,18.11453619817736,1
8.069258118044115,28663.604307938564,-83.30383955971544,1.595258923572362,-24.88742680247246,0
9.19122969973284,39708.157326875145,-97.49860500273373,0.7235986291931743,-24.022742024459177,0
5.034157787996067,43740.61645264737,-87.38930464601157,1.9113355390909172,10.198885459725524,0
3.6090309536998655,46064.81551748327,-81.315249446358,1.6407497204116528,-20.74359830485446,0
9.516640494360765,33460.718592177625,-65.45702014332613,1.0700293826854792,22.97904246791419,1
7.392119530772759,35195.644453229164,-76.54454337605496,0.7593366787318562,-12.339984668503574,0
4.053582283268939,45345.943519571694,-82.65311128198975,1.076887438133768,4.105397322864473,0
4.103791065766942,40437.843770160005,-100.87996610769186,0.449016220847472,-9.644494194461092,1
6.692557061087744,35308.08914193102,-81.08380898279805,2.242686839393157,6.362755438483081,0
8.885164761156629,44311.56672103696,-113.24501296810011,1.0480333989133532,-7.996479471934741,0
6.431301804298503,25104.78213872679,-77.16127656706647,1.9900137813898389,-19.975994261529312,0
8.907015582691443,43500.94771682109,-114.9396909200084,2.118735398719921,-15.2248992762131,0
9.309706314451628,44243.743428124806,-113.10724254002024,1.5593626860763583,-2.203673140624968,0
8.304313121350948,46168.695846699775,-66.84162302403954,2.85341176985611,-31.205184897615005,1
8.3224473902685,24740.320283890127,-86.58502886987404,4.182883194658512,-15.063352914203328,1
7.100678372473189,29949.753823239556,-106.32870968141944,1.7149835223859895,-8.84899161776767,0
7.128731260367339,37997.82024077696,-101.04839508144572,3.4524262368355023,13.051611770718758,0
6.221568211781582,22809.491523399774,-102.0798893254575,0.7786901020481714,-33.0469095987953,1
8.768801781065243,25566.59797912249,-83.20292722666409,2.4700735118296717,18.323316784974523,0
9.95871529343103,30604.129026046958,-110.3182896448928,1.94608922846312,-34.03558972023588,1
8.744886144261221,38271.64507470408,-78.96344574330678,2.2750487528512267,23.09455533219049,0
9.30628434395176,26572.78680625637,-94.08680847122976,0.7937578259210314,30.225835362182156,1
2.9137447157674723,44851.02167609238,-82.82379998970578,0.341102414961393,21.919890142491653,1
4.819054602824705,47085.59497234065,-113.61402225073977,2.357529646537688,-12.710761037737727,0
6.644359942102163,45935.30065670984,-99.96710639994508,2.0569003567932573,21.262154604329552,0
7.084411692810204,28365.209517948984,-111.01586439079097,0.6585572622041209,-21.58856634120088,0
4.310308459416885,40190.462815813386,-101.62057036287416,1.481174250645819,-11.982907581093745,0
9.277540774965289,44236.609750254735,-84.0953994380585,1.2001412540000056,-20.47814896049308,0
10.255630792793834,52425.56738925019,-104.40402453396794,3.960721358179218,-30.22017683622648,1
6.5131518362530265,28788.79409129585,-102.13216210679776,2.3242414898681902,-8.102693002468715,0
6.6294340422788345,48940.39428487283,-78.1638359695207,0.6787321696734857,-7.532623275794638,0
9.62347462486623,46739.07424526324,-105.0768167783836,2.1307893661074395,-6.560231835121648,1
7.958968419075466,29576.70892531488,-87.81150522840286,1.5068973896153564,-20.53500889902804,0
4.462683943162283,25069.47710972848,-95.36893950150125,1.6309308504781748,17.40331234280442,0
3.605859808329897,49806.4284848805,-78.48280486063328,1.8843436825363504,-19.12669254552212,0
8.897110721738523,29367.381282993592,-90.74573968739784,2.8744830753262898,-13.595608570299692,1
7.07840255310363,52275.912875626746,-67.76853070410142,3.286663527119764,-6.459347048867098,1
9.28346309859109,30378.610563156028,-100.8841964457458,0.6516212138836757,-0.2552898237411831,0
4.317632070815019,44498.42456172157,-91.61167856783484,0.96623165396581,-16.78125096501159,0
3.061139817895569,46851.02205084975,-116.93999273805612,1.526397331885163,32.73524205625111,1
10.021784123251726,22887.01045719497,-74.94337264825505,3.5109889372113168,-3.6541885425936975,1
8.96784757357296,40296.87918002784,-94.80454221467186,2.775195061304442,-8.627946678019331,0
8.899827421223495,38330.09759086995,-105.2154384903883,0.5516375972290474,-0.1482554795006478,0
9.09809702588012,33860.090355947,-113.4997244907363,0.361848341444167,18.10206533632107,1
2.089420061809305,53935.48406368688,-79.44377373444291,3.408305967138445,11.28304388333364,1
8.814005230588187,29846.12735432649,-84.44758841943806,1.537269661405685,-16.692931583970342,1
7.631441373749112,32880.04127847793,-120.5308150634482,0.4502935670931269,-0.6579786896405366,1
5.927200612819791,30507.119542693305,-122.50685756220054,4.254994336640801,23.631871629433043,1
5.745097566394519,40959.81154543815,-110.74502918033365,3.3072905215183344,28.946046878591744,1
8.725617128961858,46981.75606211357,-100.21891645044464,0.973240497071696,16.687247731990354,0
3.54493575113116,45806.4519672631,-105.38004248732996,2.8702988366205027,-13.256431399678007,0
10.471709992168243,38267.37648612123,-67.61520346527914,2.647778588279163,20.110817006126325,1
6.427265343006719,30825.041490425487,-73.38718497827463,2.061887125010653,-28.134540611643967,1
3.6689612638268696,32501.535476660632,-90.61893248251322,2.213025279459817,-17.270117504982117,0
7.844731632662886,30949.898128734923,-75.70481380238573,1.0036622502547523,19.26601266975687,0
3.0138511650675666,25134.566118537543,-77.55015218355999,2.743987228601284,1.9620684298353448,0
5.549657367457408,25352.89015418951,-90.14254989239296,0.6776322966194845,3.5509967185711027,0
3.3614728292140086,29566.2863615029,-101.52665530692016,1.1963825083743087,3.5113852219611594,0
8.408930629497858,37459.38761767988,-86.33586696032836,2.0266160452085358,-11.32875516433629,0
5.588507299083495,29911.48281696313,-84.27145055000477,2.8489916795475976,-2.898921669699039,0
8.098416354567172,48859.32461797296,-80.99905504332737,3.2718377598150785,-31.275534849737635,1
6.4602088941931965,42718.49516088595,-103.00837741050346,2.9472464997314725,-6.582109506711518,0
2.27557241854965,22157.89778274741,-120.95307039353956,0.564542444024515,23.67033287046888,1
3.40873173370818,48189.28929717296,-100.30049433544768,2.4472314756917357,7.914264866740822,0
9.247027165410334,39215.97242256877,-93.01627814355072,0.7869660779137294,23.964916128845303,0
7.600251137484579,33580.710100898774,-97.8058983398461,0.5977017329732353,14.090676348484015,1
6.395415342834649,36457.03086381144,-113.81501135536102,2.6702188524375563,12.281880493229387,0
5.802052270331961,26306.491281912186,-102.79407708903966,2.1246475002839333,-7.609773078104897,0
4.648612720507896,46374.42315669821,-98.05753810266548,1.5969322833094153,-11.221972856000562,0
3.2224480195133416,46800.70488608271,-78.45692264805606,0.6394983501614985,-6.148161455056712,0
8.420374940192826,50726.07026429683,-121.61593253830826,0.2214941919554019,-26.55627962533409,1
5.877686526125634,46504.166645654506,-75.39874958132808,1.4161407329580813,6.051366053607428,0
4.697280979358022,31455.19999743772,-82.0074158287319,2.6699836650317987,2.7429361833963988,0
5.853669242143479,37169.39583406582,-96.34603806945972,1.895614110787968,19.11917187448308,0
6.381507379265487,28654.06934445633,-98.75931582799092,1.8547288937213608,-33.094229699333546,1
3.79878527909449,53944.37596091201,-85.2909721302807,0.2289001058393252,15.286223360279983,1
8.235293847117944,45059.09361132029,-90.99866795417714,2.4815909710433868,9.03778751936909,0
7.66938070254144,39881.07412854017,-101.08556907497332,1.5511729463054056,-14.431931345390709,0
7.4684420792519965,36943.91790678427,-100.54735712814436,2.590972675280608,-5.925504532026572,0
7.192820532780047,25432.18488081553,-76.2703624515785,1.5723091748521305,-10.36080788929336,0
7.537285951692576,43060.23472961685,-106.30980524160373,1.98046273167308,24.61948609421432,0
6.327076187916223,27538.179142751556,-92.4189976264605,0.8221397926563122,-3.757210938051692,0
2.094294024285956,30477.75220325059,-78.24514179222888,2.9685420060216403,34.88100103063067,1
8.761695938314265,44285.757262240615,-113.82574995308786,2.9213235399721094,-11.400970248932312,0
9.061611822566904,31890.98736406667,-94.40378551231652,1.5843019843771624,15.25203200210528,1
3.168948664630584,40218.48230706119,-79.27322556489162,3.2680960482692174,20.37247913425145,0
4.789780958382703,48877.81428625784,-80.07434970146713,2.9992415535737345,16.617188417565373,1
6.660595924732046,44249.17981834584,-84.7010685981331,3.3837161759048437,-2.0575785332938032,0
4.765114147807124,42091.8551819367,-95.328947819537,0.813624169550981,-13.184262064727804,0
3.795426509465754,38189.72320119356,-91.88461110653674,2.4838069265359004,23.817472636901435,0
3.235422797083048,23103.56276641609,-118.3938981599692,2.4589393661468963,12.020306715949324,1
8.423949903830799,46208.48720305806,-93.83992001428956,1.717003368466856,-6.306897483714728,0
8.592241835766185,23125.45941765174,-109.58968058299136,2.761145781828367,5.9376950131596615,1
3.5660972880089465,36400.68679618485,-83.52308208326542,3.199554913120442,-0.996021008394127,0
2.926560357206785,54714.91321093806,-102.58901812689348,3.5287497451470284,-7.009544522549799,1
4.300301738375297,21063.9733584642,-85.02114834929725,4.407524344130383,-15.528453953653088,1
3.535720321643097,46065.0847296724,-94.48836042086724,2.430963197607376,14.293664796808711,0
7.152229610463874,50492.00359392166,-82.43214693826647,1.1507881949325045,-5.458118998882426,1
3.604561296053596,41842.44791954535,-82.1570124202988,0.7280864616010673,21.569811991783133,0
8.012037653797378,48941.03190430159,-102.90052423265938,3.468701294952638,5.075202767673499,0
6.200440943847225,34887.41376039936,-97.58515001348022,2.872195737296875,-22.6820798518735,0
5.13163309325668,53071.1201319893,-106.17389056114745,4.099437865845734,5.972308270172981,1
5.9982625865471135,34876.7577284283,-119.41943548140226,2.964195676786405,10.353684489320123,1
5.830027097215441,32966.32950383908,-81.79142477776475,0.6932825885845902,-14.822097925109052,0
4.5906356143511164,38683.54023957866,-90.2093584452166,2.172645944806666,16.26262523518413,0
6.608077488860664,34487.67432665135,-108.21136181961069,0.7183278999717365,-1.26335942982503,0
6.050687789253963,21359.21999530401,-103.3252369834889,2.723793366458449,-12.664040819475195,1
5.394342200787972,38724.56987325738,-111.30487653131776,3.2975960051338684,-10.957433909797803,0
10.383635738714975,36759.72856707673,-75.20280041492366,4.157859682824812,6.381311197087243,1
5.63601002631954,37409.67578523388,-78.4317377899848,2.419516051966107,-6.571695050899269,0
8.523776669387658,47252.74054293643,-98.85018260299542,4.012898509799295,7.796413736277657,1
9.351478417911734,42054.30242048296,-90.16839869813924,2.94679671488604,-20.756660606432664,0
8.305721585929316,54678.90074371505,-93.4219548407587,0.9429610692832926,8.778278792130372,1
4.478640562636606,29486.038592135083,-114.43406530975744,2.1024052678029896,-11.284433660836635,0
6.21956483161039,42806.37275888139,-101.31897145392828,3.2491162139553764,26.899239097846568,1
8.509877388227418,27637.001418700536,-97.32724857661194,0.3258961641829813,-27.433353424420496,1
9.648742051189815,34919.537279215234,-101.8695817130141,2.60005270783868,15.881828720303552,1
5.899663763412108,49913.01103419045,-100.06732536632762,1.2890200498226223,-21.65905573559353,0
5.815670245659554,28522.979808788456,-70.1591831057948,3.600240086814166,-14.657253496096704,1
9.238677679505813,31205.5061437667,-116.65832238455812,3.7307433487178567,-30.05757426305819,1
4.648569637340705,21718.5519117477,-75.47771700772289,1.4211215411605291,27.03939956966282,1
8.446674149060733,33016.02510813616,-107.78786563375844,1.8763334007506016,1.4543162179419369,0
7.223135269634748,35127.464265984294,-73.93604993565138,4.168401537593964,-13.044623556845751,1
9.145411080636327,43547.43140026217,-81.29651916255482,0.6540263931263262,-17.827038812839575,0
8.693044112458262,31584.726268777267,-94.97655547798809,1.035955641590394,20.631391967241026,0
9.176937416733338,40679.791351125314,-83.6966787871123,1.5435607005384386,-24.771497935909636,0
7.703273423839348,44822.604857857,-108.0839003657471,2.9771157331546565,9.47975505249496,0
4.667056900629208,41871.483418117845,-108.32517196666876,1.122681087525912,-1.8339513250880444,1
6.886800985377523,46923.32626566108,-98.81451640957332,1.2901101368464256,10.794405020834487,0
8.429973993818717,29682.86290817585,-121.28134195872616,3.2167201920695105,-13.07738759698043,1
5.648472110180435,30299.01873948937,-89.19457692673726,2.343525634494215,-18.7931436846404,0
8.622887374480714,32659.627365642024,-79.56743963870187,1.5390079985388774,33.5258151365975,1
8.118439584881465,48939.038824335206,-114.7992886839478,3.3377695603621893,-15.04432801702103,1
8.02133375558104,26602.013521187677,-112.90699274142904,2.997399874144498,-18.723379083218894,1
8.51052308868941,26475.5313235795,-105.1365753342708,2.399209462174473,-8.639281110402656,0
3.8381655638298224,31391.501482990032,-111.99786746228074,1.235884865911244,-8.680137132260672,0
7.905691169895481,32713.10625705473,-73.04005268885335,1.0632513853972736,26.424625117098746,1
2.929691206116685,23414.450905511087,-78.65207611581718,2.4889909517962536,24.50011889275911,1
3.601015977424613,43114.61780768004,-107.38073526277049,1.3053847635649436,8.683596031728925,0
8.803436947047837,30145.16659990037,-85.39245739003815,0.9219485624594612,-18.21582769867757,0
6.766396181299939,37610.86738509154,-87.2741426006564,2.9029887465692923,-5.187746963861979,0
7.072870632304351,50317.00277116156,-67.56813654554898,1.837863295138128,-22.21512803107841,1
3.2201880748792284,50198.84339210956,-95.33258785954354,2.9481192238780567,-25.77207572666915,1
4.812000906842517,50130.35512978838,-109.99290323166146,1.7403812171334556,16.73551045756173,1
4.184943283548183,45944.71437637573,-91.82178346039689,2.7807171551519496,-12.80613765713784,0
3.882416810823867,38363.58257262934,-85.98342374206817,0.7713252632813257,9.58922741293948,0
9.17457032141866,28317.800044716463,-103.1683828714304,2.4429205953840536,-20.46352475288132,0
6.497698236449753,30547.664342396223,-99.821647709895,3.6586632983355343,-4.908031196925737,1
7.93105257204965,48028.46443872993,-110.88175404679367,2.4514741566236484,-12.370112582115706,0
8.096604705600836,33599.234954979365,-86.23454023196432,3.399080625519981,-7.387555454951904,0
4.543946309405013,36104.96774513189,-103.60288269746567,2.745609554286309,-2.553601848332981,0
4.786140820662998,46769.95482860763,-82.418995384027,2.911485374415648,-16.816626600798468,0
6.2456182675023495,49928.18915548046,-107.02591056016584,1.7885545469907884,-31.27525601527245,1
2.0239747948632387,51654.51110649126,-84.82006716502462,3.1360522531873403,26.400872747221896,1
4.790191923225899,28596.316765666845,-90.65378943657493,2.580983759501276,-23.060873375910244,0
9.031501589597912,48909.83941318798,-119.08352037134618,1.151654781095499,-33.6214325174856,1
8.584432807232059,28141.523532065068,-105.222645994973,0.6287322037317881,-11.09311671306007,0
9.075058665349072,25855.6328244388,-78.75941878564018,1.6550900406810691,-22.599078418986927,0
8.36849380091267,28791.161333566808,-93.1177611445824,1.265443645203701,20.803563002726428,0
2.150812226995342,38051.77597563464,-81.37089547912923,3.2612595838203644,-32.98551799982851,1
6.082504898357407,46302.97982848261,-70.53326747932024,2.871011943199705,4.382551744548032,1
6.424090088350559,46411.33486609644,-101.06734979087304,0.988368568350045,-18.157511601159733,0
8.425172428371624,27313.864857841407,-101.33756368185692,3.791566666529617,11.349591425228247,1
3.013400825693282,41153.191220328,-107.64771499969568,2.245301730514267,-7.920419264477896,0
5.693111458956324,28244.17357794357,-104.31786881016455,2.297238352677037,23.79488111840809,0
8.24251037003134,40350.8994140032,-108.36625791871369,2.042410041549146,-2.6889778080499127,0
10.12564013832192,44648.15086044298,-96.17968056676484,1.6711294489357025,-5.230201913834382,1
6.747822282727897,31368.06265346455,-86.64858864663317,0.5050738346558884,21.278758274954136,0
4.022722464094513,31987.7647319158,-82.65960638618945,2.7618131272760564,-24.63385660286745,0
5.892893988484412,43218.705722710285,-76.55166412607217,0.7916980099723748,-6.5975117626381525,0
5.00400016838128,31625.198172867706,-110.20345774578426,0.9728461311965486,9.302742147525764,0
5.83329569241676,36581.80882565213,-86.19193797935128,0.9625079776142372,-4.56972264783067,0
7.207969296449633,41942.38115227427,-104.23665682924172,1.7285215894866264,-23.99738212502378,0
8.178112128521065,46882.8020136751,-82.18576844108466,1.1676931956023862,-2.7645213668051767,0
5.434138923015903,51768.67762431786,-73.128166146005,3.699187419765871,-28.475542627737443,1
4.849953328000657,51188.75106915471,-101.92460053843187,4.135333609895557,-4.118988411880899,1
8.244570093371362,40399.36206704675,-85.57559427245965,3.989765385927632,-5.177952977460144,1
7.206080708130131,38354.27029333342,-114.0511949543592,1.9424226916079328,11.301587544301997,0
8.80477646451039,32706.48319700852,-112.40470457944632,1.8284368050870947,8.853423512868702,0
8.62182263149521,41257.77341092022,-103.99135838975504,2.4595864216637224,-6.63384720250874,0
7.206104311080947,33365.18813281521,-109.48910143286484,3.0457852751439134,-3.0445769542319105,0
5.06661667143239,47634.595384723885,-123.22663372857836,0.9196046929466156,-34.03675781686907,1
6.042198766187834,27786.87798951889,-78.55893043817717,2.4371164924073576,-22.667932910844545,0
3.595647229985051,26223.87326345352,-75.95507310059229,0.63668502520287,-15.628122393380869,0
5.936301174251638,42051.21849665901,-81.71998318981665,1.6950787336468256,1.709090958640953,0
4.0481409198811,22179.40548752971,-70.90828446820606,4.186435640225703,8.333848302229981,1
9.15311861922785,38325.58803411835,-68.72490376822,4.053972819298655,23.627131990882425,1
6.399338302671707,31832.860331365977,-83.21355946962498,2.828786935847406,-15.62250238185644,0
8.561092277993094,44945.365292619295,-114.45794272430577,4.338863492885981,-19.395584763848376,1
6.233150748510569,23391.52998181309,-74.59139278420055,4.133500592860466,9.519950913000834,1
2.292143407340868,41632.41724221026,-67.95272114768244,0.4181789576340419,3.1525007272566867,1
7.370429134833561,49533.38740587168,-88.99654448772088,3.3749793584155894,0.1946719521624835,0
7.4300592979604225,21484.18048451849,-75.2871324258903,0.7272797923503864,1.4793654691610314,1
7.969498911497995,47748.86008598212,-82.69700238289698,2.5539208711355577,-10.766157266327353,0
4.892665854521842,34950.997286363985,-102.81783408711046,2.982863022817252,-1.93264180180185,0
2.167624618407678,35399.72271842291,-69.14227990696523,0.7095494458564275,-34.91777249835624,1
7.637372293918863,33648.611628454935,-65.83831134900652,1.2565293176415238,31.37561958871406,1
8.169326827484628,20197.31566803176,-68.22360765515477,4.476638396601327,-16.061776584823896,1
2.3312950267116217,46477.94249516756,-72.30832784684128,3.0349794871507285,32.49824368768984,1
8.156018583983162,34928.29217188118,-83.37657012757381,3.088934482357441,2.39897377358394,0
9.904031539369964,51882.85102025965,-107.55383080730388,0.7584849376896736,-7.083237092227613,1
5.790440025158686,23878.58460808465,-76.80771644428087,4.445029067761682,-2.2203123150275346,1
4.357247150026703,32573.237673060765,-98.02865445881974,1.3132338203410543,21.81511332090134,0
8.46319038170445,50835.05358688695,-87.43788164912505,2.302941244330171,34.41908472051841,1
3.330757106066967,30429.45346565603,-92.93227705659729,0.9701580403667268,-5.785474949657182,0
3.281563637247213,43510.42212032835,-78.00554617125968,1.027662824646658,14.27460090408669,0
4.845405258876169,38401.25096546821,-96.158301732915,3.098984587688997,1.3004419180023523,0
4.279260631619502,47001.36186121102,-110.54385359884986,3.33339300439244,-17.291808525228962,0
9.820717508281152,52260.92501795178,-105.8235405376609,2.274336214792888,-31.05352511919338,1
6.568790047995225,29699.024355436664,-92.71825213153436,3.378775993184419,1.6100544574248516,0
5.981637877031863,29133.552026113077,-114.96627162140352,0.9424730286093024,19.14773701580928,0
6.311601827070368,27218.5799918195,-97.27418075423968,0.6801234118005224,-8.803238062308292,1
8.753942415248112,44387.3916092561,-109.10363749577888,1.4260232434420916,-7.854984219720983,0
4.060873969261502,35668.86840989118,-114.71030151490994,2.112210907637752,-7.659018947060915,0
8.524932850965085,35820.90971593178,-95.20082864145708,2.320589042212742,-8.952728284823344,1
5.854729829237096,25049.793975029963,-104.6614581357735,2.321774524387015,-16.87969604187086,0
4.016719694131979,34068.70268576694,-76.22155944766357,1.3380804525120045,19.813058218441228,0
3.2527892920982278,46970.39919200094,-107.79071306977778,4.152237692777253,-15.733696193164818,1
10.12613422492549,38584.11776906333,-99.89603328729632,1.8089274362724688,33.64338753624203,1
8.103892213226956,32615.32104913995,-98.73016314328244,0.7517250667425509,6.789949722749135,0
3.1841780808139597,23070.20097925924,-111.14071533029944,0.4015787645587289,16.790685720167176,1
6.182673170249357,28507.41337744493,-102.41679941356622,1.8530029122399532,-22.31943686845816,0
9.060055720779774,46155.17315259268,-123.45247359872502,0.5403462113265554,34.778025610139764,1
8.735206596393308,41356.500922240426,-96.17652586527215,2.110072247866781,17.358618269673393,0
3.6866520517880073,47118.94666531009,-76.59042399134559,2.785259395157079,-9.1112451619265,0
7.388129391746685,49371.26707443579,-113.12239328630604,2.957048347301673,-18.910346299953,1
2.066117231271704,54597.93279412129,-80.37091527259537,0.5941285835867223,0.1919449062366851,1
4.22765506757386,27086.841582508547,-94.22654760003786,3.5308238413317383,-25.09524158378701,1
4.095520767751253,46341.17364613238,-89.19964208687253,2.2973156615556007,15.50710767347821,0
3.5997613857398942,26303.66339769383,-88.81512350347616,2.8527888627013835,22.6919441919055,0
7.791625294093512,43208.07268026067,-112.4679724787608,1.930612154126916,10.412353626599746,0
4.29017496331492,22986.84423843149,-121.136563801996,3.1042737501208277,34.13473037932775,1
2.6461302978330243,22484.929926704568,-114.33015730236662,3.200644407771268,-28.608330194224067,1
6.156801081791476,36051.10466744448,-104.07332622540922,2.764829431005112,-19.309124594489912,0
8.452624876790377,21778.52876692719,-112.9446175339262,2.236692219837129,-9.06102445907714,1
5.778305856894183,28840.352363371025,-104.61091358930544,4.199394419463082,10.994070574224246,1
3.8313955921260927,39929.91662097531,-78.0269408186912,1.2331575085609412,-6.135443846191485,0
3.49660211620984,45471.11860126856,-78.0636098929109,1.9385546896206565,-9.421326707657167,0
7.44601301121001,24387.63700615914,-96.7459814632614,3.915819170331025,32.27061304106955,1
6.792144743004286,29423.01783508505,-79.29838706709367,1.630866027107972,24.263336356732445,0
6.413638933263581,42345.3022480548,-89.60672004715066,0.8189843316068779,-1.3170998418566384,0
7.032742233313524,36287.44575932146,-88.11060278845585,1.7350817400648002,19.45033950757381,0
3.6660858045195592,34264.070624771324,-87.3556889015534,0.5541625307280282,16.11284317355277,0
4.362827408343785,35318.90164841443,-90.911668136838,4.335627799990903,-6.105639621716495,1
7.646478360238612,28953.448626820595,-81.54579138535375,1.51918359334299,-25.920349230519346,1
7.5342759260573775,36306.14517500059,-82.99597441498062,1.6666096353156084,-7.740792498171118,0
7.007534525210415,43289.32010653069,-98.16700895016604,3.993490481692988,17.756573784494776,1
3.459701033166728,31445.423203015725,-113.18384255357712,1.5553850257698416,3.074017041917081,0
8.226823627571825,35822.762113708384,-93.40209683377952,1.100230956397524,-4.884952213144011,0
5.021446314681412,26335.511106505342,-111.16102069752546,2.0417408974044493,-16.59393209130225,0
9.423819586189952,35884.831138312686,-75.10923092884897,2.3816786366971936,16.705405933800208,0
3.100829635441386,28019.72113896638,-104.4649551017554,2.163736336932671,21.506258275307808,0
6.447537914594479,36097.66387215601,-116.03181991206488,3.7871778963831,3.743287061854538,1
6.0866666111276775,38593.37383733109,-111.68141268331124,2.6728359050444523,10.780424487329576,0
6.631451868328797,25390.810260527556,-102.18234337687852,1.9633051404283173,9.005153286198059,0
8.481221901752548,30171.280794344093,-104.06385742902194,0.9907356181105842,-1.9644635963335448,1
6.145661769678307,41631.62882308365,-76.81231426538841,2.1758782767292906,21.45628124507862,0
3.540106841057685,27528.27456464909,-82.76034042669869,1.2282326575916434,-0.2511958698227516,0
2.069369146480583,39379.08587233389,-89.33939229534846,4.305690884263099,19.720993920935165,1
4.205972885631475,25467.99641470138,-80.72682846663142,2.828049703393817,-13.060672089198944,0
5.9380139646804135,43642.96265439946,-84.20926683363544,2.3401373029529524,-20.112688485172733,1
4.3743339999090765,34285.70951005737,-92.9904769210216,0.7446590974255656,4.427063048155809,0
6.798120433777841,34748.766721383035,-85.0650308299187,1.207814237523826,-3.856550075855708,0
6.632528095771427,36984.85516177287,-80.22104593901848,1.4988929324564635,22.85098802633366,0
6.433376653819259,50464.971674028624,-68.2666116784701,0.3429183357098772,-3.2592864941567576,1
4.447486403780732,25086.832373622696,-114.09058690712132,1.3950889661089456,8.674992888828356,0
8.464473891797724,21014.766249187072,-100.79073912171242,2.4697866128578494,-11.611590010747904,1
4.350379650467595,28225.614889546472,-86.40770010895312,1.5496787730417227,31.10798045887715,1
9.06531368038539,32147.880653410983,-75.0921500719494,3.360970830875007,7.533257657461512,0
8.411279215258272,25644.432635892288,-106.87436244433,3.325417875078613,3.55825812611824,0
5.14324934136941,21963.0101628402,-113.68817404084972,0.8751046760934273,-2.231947737608486,1
4.223594391891332,47089.21447381836,-107.91551650188023,1.3847970349942316,9.877908021061984,0
6.211877629726618,32791.73770217732,-109.66124750954934,4.029491430820096,20.122410169533296,1
4.752456692222008,31229.430466460683,-110.85554630537683,0.5239282994949748,19.710811138245766,0
7.685497966961029,40023.326248838624,-107.54051876794892,2.678763046067229,17.797259794413925,0
7.246803044988711,48339.78586541118,-112.45158622576002,0.4907069422395426,-27.53033709733448,1
5.986742875500271,32509.13758941978,-103.21596221770304,4.239614006142247,-28.60440005433508,1
5.010475266183478,32639.86757957872,-109.6573913582648,3.010460503557012,-24.952000363700005,0
8.999402732273499,26678.332703416192,-81.72912446100582,0.7796903051110322,-20.17177837171072,0
4.120961136843071,32920.375981169134,-94.920486604523,2.588430323934755,-3.074309041514653,1
8.523011686749758,34114.534874395526,-97.53544112004906,4.459008064716731,-0.4051393327968,1
7.924538445076339,43062.75878369766,-96.54395450930012,2.8757446650983955,-9.346258325203632,0
4.114933194123154,27225.57045719436,-112.8031012889661,0.975075423585384,8.267899103188455,0
5.334632119161659,43999.12985973856,-105.2547607096128,1.6213994626557384,3.3541103230668625,0
7.327007276098249,30292.012194473107,-88.83570874843812,3.12126390618624,3.4661127382152443,1
8.948608441004263,26879.464092480677,-81.64168561652991,2.4171873947740017,18.909074176689728,0
9.10316568520994,43874.12930731985,-107.037684737902,2.0273675486755462,0.0038951785321934,0
5.645135632607518,30531.78826206404,-119.01698028874792,3.547955615524787,-15.437917036288432,1
2.098432545772208,23586.12629528813,-80.7796786418507,2.9933454998370084,-20.72680269410413,1
5.472476688030126,25147.402089599826,-100.929647893127,2.7604253751781576,17.672397528455228,0
6.946372909366505,44697.80492775308,-110.16827322110797,2.01699916586859,-17.08025379860219,0
8.806133539145774,41481.847070695,-106.47165390564663,1.2038938585301922,-16.5512021069317,0
2.5704125074933977,31719.428725506925,-69.89128724510766,4.3614227589807735,26.22348490718936,1
8.108243004010617,36526.26631078281,-108.72150896027472,2.0638555188826544,-33.357035838644805,1
8.623877991630355,37150.26038732633,-105.76430668946146,1.90650135062524,0.2789761290768524,1
4.220631376536073,25484.884931174907,-113.01471711107604,2.104912259179299,-15.703120092923715,0
8.394307778773157,36292.45219574138,-86.09412834028667,0.8395147587307851,13.936557093801987,0
7.619191742879637,46426.86417238816,-93.95095007057202,2.361238831606854,2.365988483397928,1
9.349654846981494,42572.24228912401,-106.93363868639663,2.1419234280580577,-0.777663905476274,1
3.480701554329995,46661.32058862451,-109.24948433032506,2.5935708883722324,-9.732539678547038,1
5.018744050264592,53524.46181962461,-97.21901393107538,2.0536812890135767,-27.761294832662596,1
6.687090171206776,40127.37072136964,-87.8375177234642,3.346470587796669,-6.399331076465813,0
8.517988324064348,27851.9235132934,-111.7233587568634,1.2372850688492043,24.30357485482098,0
5.124903197171749,49167.427924905816,-98.10606400418138,1.4443651353880416,20.774662029562187,0
5.526687668427055,31388.210588811944,-92.18909568761126,3.492299691083586,-16.724610194960462,0
7.899385740662079,28275.60326925453,-106.60719246277868,3.409593708012382,-14.165452874395148,0
8.494927220908743,34189.02626538376,-84.49577472252601,2.222300012994388,15.361068557617216,0
8.134988064063396,29637.7546306924,-98.469769324109,2.178999745244289,-13.387585355919873,0
2.7551617912187742,20134.934746473653,-108.43363203071344,1.2811440290155705,-7.428817469008344,1
8.18843119114587,26330.55470677464,-109.05516771836068,1.1895816367076633,-23.20688759153801,0
5.293837050438217,46692.98554678119,-95.52553749303296,1.946330269139378,5.210549014284343,0
8.252640202887303,41199.24402830892,-75.32650916237897,0.5062617839397819,-16.1213464913202,0
4.846088016811939,44729.712362685554,-90.2814089443441,0.6592557459688368,7.737893590769353,0
10.112657821585133,29073.76171449775,-100.91803529281768,0.6559957913612863,26.371922843341707,1
3.3047915563209425,37297.42333688925,-96.0882046810708,0.6517352749047378,-24.434604276779226,0
4.800477017628557,33402.29895558252,-121.1856486128595,3.7769386412128174,17.46080835635783,1
5.8436665243786265,24668.101794214133,-116.56210458291828,4.359658022235443,28.42795217277491,1
4.75485147199173,40140.8584231001,-109.51345908080764,2.9919581614126693,-19.75428815499515,0
4.825024284795598,37305.73524981557,-94.43508990408124,1.6053986479468052,23.491372763999596,0
5.90874862848862,34927.264042235096,-85.94746886650833,3.4488694135356432,4.788141331189287,0
10.296274536320894,25566.747603829244,-111.43809286248155,3.670960704742258,-10.370014418292024,1
8.589756409913974,27167.200836649718,-110.98139550089444,2.7573369396438574,4.478695888075656,0
7.581169973606055,35305.216550183184,-113.60152307352384,0.8145293211218378,24.958798921319783,0
3.153887350744715,43643.78768717351,-78.4668776919571,4.311249342643668,-17.24932176169892,1
8.657973621130175,38678.4013114001,-76.24211525995045,2.8443365520641546,-20.641615800964736,0
9.57308605555027,33160.83926885142,-105.99054479351858,1.7047313722624526,23.617487766858478,1
5.435535822897849,46170.59201649544,-108.62185245125976,3.826291199466992,-25.541979508546174,1
7.904641625632328,40033.85366327003,-95.29579441811794,1.0295956282758576,0.3646491033135532,0
6.805878805601786,36474.525431086935,-98.05515201004872,3.81444078714739,2.7353796823906933,1
4.519750971707148,45439.31594489461,-77.71329871772252,2.5958977924398354,-20.84210862122926,0
5.10169619326009,47398.83355234602,-112.91243251056228,2.035115789038711,-3.015548949910059,0
5.582196189287314,40866.52093714711,-106.63187707663825,3.3428859385322367,4.886633061275219,0
6.77349700540312,48582.42433046298,-112.58617203201344,2.1017552459547986,-24.38768724839896,1
2.7809038743994368,35319.989467784915,-94.39131447345764,3.0916933795162134,33.62069960107729,1
3.171371936880566,34925.31301900424,-84.40014511465617,0.7497536041720599,-11.877386786750645,0
8.412721941528687,36095.396874605474,-112.773873530017,0.8654342435283306,-4.772133199975077,0
3.411899670386981,33630.66454462905,-95.55092379407584,2.080047797327336,-18.864528287141084,0
4.946775315731847,29941.946612781067,-92.0825173537048,1.970121262105089,27.418912914098463,1
8.719755567346123,35924.788120370635,-108.93625690311728,1.1566816875608008,25.049600672117705,1
2.0345703326462243,33957.60443881833,-121.86277535718146,0.5317413936494111,22.53458172050818,1
5.489954516892523,43269.08454409927,-110.90291318201972,1.4400544323227185,19.049449749013533,0
3.86225919410087,42430.04818186644,-114.8053773343869,3.4773715066201243,-23.84201822506874,0
3.602849913232932,36205.92140669152,-102.70974747263044,1.914847781441832,13.234288381830403,0
4.970148906624046,36471.59838939634,-87.1036970670841,1.269303853119244,-2.100073603241082,0
4.138036756057685,47840.21723211117,-112.26730485182216,2.8832116687466565,-1.0040489795412668,0
9.371043492588852,45459.43650326406,-76.81564546434154,2.9138475018697108,-10.477367400353222,0
3.621437637103512,41581.3721230552,-90.44203109815469,0.6390712376759136,-21.223717512983164,0
6.51951849140562,47295.5332930972,-104.56143755670983,0.6585253961438384,32.329260040119365,1
5.56223300180015,37614.4300795022,-105.55736192881128,3.3848020686840163,-16.04737867135651,1
3.930777644906742,45349.679504531,-85.61497006345267,3.46761611992832,-14.465965542741998,0
8.033283079100514,38158.88746480342,-78.6402627929476,0.8863035933307454,-2.4874387212620768,0
4.433501513104822,30485.540865535902,-97.56656095813454,0.5870744598401457,-8.193522815080879,0
7.194439451535128,45099.38959819183,-84.92941796897902,2.7852351024429582,34.15224246324752,1
6.842775293349485,40861.929794536176,-105.82463231072988,0.8968874380279294,-23.08167842259197,0
3.03718564692524,26307.577898058076,-94.04900418328916,1.512735460423369,14.344824779516074,0
7.11944511016833,32328.724665292106,-97.08530310480904,3.16472867341432,-32.96948059842198,1
2.619852075060148,34597.8564554038,-104.20531959658582,4.004750521690324,-24.011183014711143,1
7.681300622386812,25602.66106771516,-76.17301652517104,0.9018095792162802,22.400929907316865,0
6.115417404011208,41631.07238391948,-104.36801519429912,1.7632859682083388,2.506183644968118,0
5.780224155041188,47213.889972852936,-110.08499024879772,1.1927785859566178,20.94669949100405,0
7.996520315745518,27991.05231780615,-106.0192770474624,2.3848597787736776,3.1819379126960534,0
4.035830175672679,28410.765720371503,-104.6641261012346,2.910614548871785,7.933535632009097,0
5.522807151768501,48580.02390571186,-97.2201524561099,1.439485163166085,-22.942992482542905,0
5.712411842425965,42438.72445295205,-66.29977460408593,1.4456967091810344,-28.58463678300188,1
6.593812237773248,41373.28957192883,-94.2540400593092,1.586293254840508,-15.078009297990318,0
9.75725902657883,39603.18523250321,-107.20324932475472,1.628668454872689,-8.939718161994094,1
3.2125285668267085,35033.14281788637,-92.57899803763014,2.653303419253265,8.471232005079898,0
9.845632704423585,31772.4744843863,-103.00501208038668,0.547306203115682,3.6702011260697134,1
6.285347128249358,37374.24619666009,-87.61213317760054,1.7468913058223356,16.994590105061135,0
3.5797239998976007,46308.645831089976,-108.48237264498982,2.838477635437166,-10.753205550026896,0
4.219675316905638,28940.689063983933,-88.90073794247166,1.1237927866197774,-6.003823622433913,1
9.432892452980328,45485.06937402322,-98.06966253351294,3.068674335493288,22.688942141146637,0
6.116832658744796,42476.26194532201,-112.657055048575,2.2723961231517538,15.86492157073792,0
8.456158078212828,37842.11210036493,-76.90065591010256,1.7681668064484266,-6.045261706976607,0
7.391924948676249,46306.39239303311,-102.96431165092008,1.4326724868821064,24.45793149491072,0
7.008034510222832,33614.23937275722,-120.90366834321586,2.3885316521183557,-3.706050395005249,1
8.879255856287038,32379.060698318932,-70.37450430256479,1.3685949612648831,-1.8339120689032384,1
5.0646073932550415,38089.01355225855,-89.91377455850218,3.512284558704587,-1.805766625389289,1
5.657119302097687,25970.67244210699,-78.13587006197051,1.6544780343501913,3.2804296025493684,0
3.9851884839033542,42539.50114728791,-77.34206775457251,0.2948235755880205,-17.463985485450984,1
10.144863844258497,34838.693624165615,-91.50538476274396,4.370401683846981,-19.971726505103614,1
6.552998388558068,40084.67443221604,-83.95413019510671,3.392869469378092,-10.291113909775424,0
10.058255952147505,54859.13420143352,-76.46012385965108,0.7625853314779365,-9.355077593862053,1
9.410662651552457,31172.383911080116,-93.4689830008273,0.8862940243621482,24.05055124963799,0
5.867197989253333,39595.17468936011,-85.75487687027064,2.3276081307306846,19.859701269334032,0
6.013352631986689,44386.57083081629,-76.1937598797859,1.7232578832738952,4.2653586989977015,0
6.120187882332781,31450.33053839726,-105.20224599819468,0.651986592033304,21.067967860670848,0
4.140803005467095,30465.10187052692,-79.10025497062999,1.567386017413111,15.869883980525074,0
4.321308141200862,28380.789753550827,-86.78298738665549,2.2489003169949013,-9.528146339124882,0
4.467164428940955,47059.56939731667,-80.80745874799565,2.670082444179965,22.810529576191783,0
7.370215182781585,39614.00229130415,-82.10330795092904,3.3208756753386623,-19.582694890038468,0
6.867767982985236,48450.05498914402,-102.61672450336155,1.6300379181689006,14.583097893177175,0
5.0639222871727485,48343.91656683164,-103.7463336894785,1.0518965959036697,-4.545528120945104,1
6.173462210225867,38951.57995626832,-71.65169576783279,3.5939296559692493,27.34648837391396,1
6.959998246676864,35682.04025060129,-84.54367299517655,1.5596605336826208,-32.82322759910768,1
5.365368626428776,28494.94551710959,-82.29414392588987,4.055143776121984,-34.40129604076228,1
6.285665864601873,39317.54185569662,-109.00590474470344,1.4843529132266196,1.0170770592393517,0
3.028475503760077,49915.223649846725,-100.26871890360977,0.8614958124205674,28.40353159941315,1
3.121819987806697,48029.06086256031,-80.51559945551735,2.2272774822104933,3.66998404429215,0
6.865868244110088,48709.84371811757,-86.82636098440733,0.3394610344188702,7.306777233932969,1
5.091912888589265,40817.04329182859,-76.15457269210194,1.1867801034771996,4.641739133517113,0
3.1921696924668046,40621.567440207466,-108.33062779180254,1.554879134108702,-3.4234604182120485,0
6.806533056487507,33251.2322601654,-96.8777936227926,2.986326619920529,4.713479627984679,0
9.842616412500632,44399.3318115439,-98.68389286561867,2.2244960889878125,-24.409210105311782,1
8.33127655025417,25000.6319017054,-86.14643541845066,2.73739068237779,20.726640225287525,1
4.665460333340299,44346.08496327864,-118.00597375767592,4.098003651265283,-19.66415208210413,1
3.1484637712176244,28730.38438016766,-91.91246236339803,2.8376615403636203,11.488342263485322,0
4.645931739870937,41005.38972310195,-97.72869458224856,0.4240818504016939,-1.711362697337904,1
4.102994075287356,27119.888418128045,-94.38191960339134,2.3988225672973877,-8.240587229509956,0
4.270490642169401,46121.06199737721,-108.85479359763714,1.647518161311897,-11.421982201439803,1
3.4312853785896547,28771.0863054722,-101.15400724973507,0.8534265211955212,33.12219252273141,1
3.8625486482599127,30654.77153648515,-87.80069099513683,0.5278608428253805,9.779855364402437,0
4.299535330656179,43083.41615934257,-91.97861801313346,1.6102336436692035,-9.702632774584508,0
6.927631870687096,51141.99705765662,-76.83522337198897,1.9782931743369028,-26.784309466458623,1
8.590210560919715,25139.50958594021,-89.63929254504885,3.3615444743832894,-11.446034661187356,0
7.065018395996394,54755.39075037917,-87.3373696050713,3.0416049587891383,-8.273338277749748,1
9.608048374853777,32319.836450057766,-79.17154080977973,0.6475954042790522,-34.871701778460235,1
4.063404192425375,41202.61872816064,-82.36528465846018,0.5759452214427511,1.451838169590431,0
9.277029518634883,25649.92155852356,-96.54420518392686,2.3460078119072123,-20.52623808774853,0
6.903549141735173,47067.39658896695,-94.83559522587342,1.6539879162311122,23.97503801025215,0
9.448236057658704,42964.88403552455,-70.92487167684926,3.8098302178749752,-6.736449210140144,1
4.882481940768116,31625.368228625823,-79.39704397502625,2.4370585308994865,-14.300753857049592,0
7.020031965413196,33400.678252767844,-112.0498542678873,2.7341948932574347,22.05124574129146,0
3.975550343567476,48279.00192892964,-80.7005920900811,2.158594365487593,20.69738347605645,0
4.395654099165116,44459.78069480552,-73.8087600670369,0.9470399527974966,14.392975809960705,1
4.474178936213694,51777.81747208283,-122.2274073664928,2.663942797820557,34.396920349636304,1
2.536590036289136,47735.81631900457,-93.42031755327837,2.874976723726965,15.783587097482318,1
3.136138048966409,29149.980133705005,-77.57335578702671,2.774396014107458,-21.170704293741835,1
5.619398204209105,35639.08861953154,-102.57594854680272,1.490995242301471,4.465709635963055,0
5.35824713597451,45264.04303200074,-110.73720965449944,2.5320277817922805,24.096866105385544,1
10.218407956673207,26346.045800613687,-123.25464328844032,1.8718341083992596,-18.547272661791908,1
3.533057709570292,29209.495184035823,-89.06056972796824,2.207045675084683,18.334609681320856,0
6.499679912041381,36136.45204846996,-88.13768894743214,0.7621308112704641,0.5893760898797211,0
6.851455834151217,47759.72546785907,-112.37999055715204,1.4147373686985214,-8.120287146501525,0
4.128944352251839,31710.14165599485,-120.98497860054184,4.410807230639684,-3.196028797454602,1
7.355136216268669,40627.55944298781,-80.3212157425449,1.2275089012845135,8.093550642150795,0
9.387525731297474,45506.77393282351,-81.3311678624963,2.140157742655385,16.084322934135812,0
4.322469894504027,49197.78781800848,-100.0677911816717,3.455926146392263,14.101183133259966,0
3.0619476928783014,43969.94851935015,-102.45496819104542,4.237209520392107,17.402719075473357,1
8.063869437777724,42452.93929421248,-114.2767273616602,1.0810494223329747,-27.072083453604822,1
5.065608592019215,36266.14945537338,-90.34630278962187,1.417026468220162,4.208496642259863,0
8.371513471607724,42421.949580926914,-113.38680767565349,3.0077742529639586,-8.610317055760401,0
8.427847150704151,22116.18987344941,-119.88821358836788,3.838395834203816,13.971881627459863,1
5.080755806377229,39420.10685729861,-95.24371355945114,2.7492934399436395,14.526400582233684,0
2.4335365859738323,24859.25699517268,-120.86155205410164,0.4531372607877185,9.91678295191776,1
8.138428331780327,49696.11883489581,-100.76215400791654,2.7133080980536524,2.6445972248207923,0
4.24419531982736,21518.86210753065,-75.83533075305371,2.3848783036419663,8.327875025589229,1
3.7306563645365367,29238.97653646172,-110.59457384809184,0.8052087639972526,22.7924534238183,0
5.6455445351379065,34085.8561306581,-88.7027758700492,0.7709188773534082,22.15810710184666,0
7.835406593311768,48858.5518070511,-121.6100702438914,3.527035804991653,-21.11934541874222,1
3.537898153830303,35610.49811727954,-68.43562639999726,2.039787251983553,29.363801816413485,1
4.735583500573041,31432.468654969096,-82.75736744104404,4.495260404694917,17.088209605154205,1
5.088366061981724,39749.1594037797,-114.35986225747196,2.894249492120029,4.077552549918188,0
4.106010942369148,39739.19450979258,-92.67239915430594,1.562870452447422,-7.101577940357078,0
7.019270832918914,43899.01491737944,-91.57567946746444,2.6026460941490064,-21.370527760051147,0
4.990791593177964,36671.03080950269,-107.55357094048108,0.5652499073522247,15.461066594947994,0
6.949270453882482,30553.06482547803,-122.41107170328208,1.229909575793776,30.3955485838564,1
5.893018130639126,45200.66736314584,-79.92204844798204,0.5102911658975773,6.908572830433201,0
5.494122780599759,36459.22268779334,-120.58142578844954,1.9978156439200985,-13.35823179347198,1
5.797641636586315,47873.47896380985,-99.65480493005649,1.443677593459359,-6.183171852470881,0
6.430416592868686,26285.787598621475,-96.1068336191184,2.073344212479949,-2.949129299469533,0
5.194239653229269,42525.41033539822,-123.32420832553558,2.7892801066306774,22.16349816351384,1
8.464410338022933,34073.50156888956,-78.63017579451203,2.2503455632444127,16.412725465974596,0
4.404259788592088,33976.629055551384,-109.86031540360916,2.3669382279071587,-21.28201702615298,0
6.000415606874708,30261.792017201507,-105.2366348299141,1.3093244574886105,-3.3656640865324547,1
3.202625570479711,49590.46922162935,-89.93956609538998,3.0272173248075576,3.549082057807251,0
9.239436442775284,49258.12819793795,-102.62905842278498,2.797469335976115,15.074481198974864,0
8.353974606013814,49528.32994038241,-114.64785214819852,2.50681540398316,-2.7166376857653773,0
4.839612441998414,39826.79045264344,-112.8722687100272,1.4174645022695564,-3.483858573341553,0
7.307317136375701,37182.38872255276,-79.42925712882091,0.6932338803816482,-11.82520196276768,0
7.987159319821405,37373.28581361813,-70.50391154627235,3.8780712334409433,-12.911798212850368,1
5.227492439614258,45978.58657177824,-76.48507786371934,1.583919519863469,-15.289734607520872,0
6.265023540855237,31318.41459877666,-93.61578770064445,1.5750650308846077,-25.659918645344163,1
8.569298859779444,28558.983409413537,-105.9370227731978,0.8760325434023365,-18.4890873800555,0
3.472162152817078,41423.86529066792,-100.1214286252738,2.838543660516729,-18.88481974242889,0
5.624221384105875,34107.90410488678,-110.91468405287787,4.178037878288158,21.76695222190716,1
8.285782631479883,20923.63439235893,-88.61816426240601,4.238950878293618,-19.580405574140173,1
9.000468069761961,47419.74547037367,-109.19241119111123,4.0762505312863135,15.706638339699929,1
3.883692632066362,27583.625562848447,-117.13867119919102,2.538374598240335,15.025414675910682,1
4.070271019285807,33066.51877886389,-86.62671469883017,1.5380692470256192,22.04520274657673,0
5.343176350058167,24641.16396789242,-77.12945756105616,3.3119012226655142,-1.5791085647510528,1
8.60283275579663,33280.293338106705,-85.348315891613,1.5841548906922045,13.940415378254308,0
9.396079356210064,53776.89904424273,-76.4110873435572,3.8414806521407487,-31.116890080447103,1
6.487300601215488,28993.456343289105,-110.20007861797444,0.961755367040922,10.121396304241628,0
4.280286252559836,53430.269216151886,-101.68394265004716,1.9986877267881429,34.719977949168324,1
4.5316424977086776,53314.2263667867,-82.08419885068557,3.11329402969009,29.238668852428106,1
7.236557001412625,46369.84905598944,-99.58885707404052,0.8159869250857286,9.917585527255149,1
4.555922522624655,34046.50631563983,-109.72528395869224,3.264025152425722,-29.279187859978016,1
9.11254533469925,35111.824999446,-77.0436393221407,3.853046322812118,-13.33512099178724,1
4.470574821837335,31714.04983182374,-112.53442521359602,2.756705426345861,8.373422956728419,0
4.231492685193392,38154.80054484242,-105.04947883783947,2.375975160617456,-16.05510541855414,0
6.84382963166501,42174.081123188254,-88.40526007580236,3.417428438759072,-20.64509813689746,0
9.185686271261952,26400.95861004732,-83.97388357149906,0.7141540842471705,-1.4926611700640144,0
5.362466709418019,30186.83073274165,-111.06217676532351,2.1334118212625537,17.60362667022381,0
3.4505172121266177,22956.489568906414,-96.6119704678245,2.261604806316908,-34.82343456927147,1
6.488254754457588,40631.80143509456,-81.4526936473303,1.1859153911904303,8.12426803466468,0
7.138342476803949,42282.75866311656,-67.10612083107594,2.372596330664414,-16.711202550866705,1
8.573032985993132,41832.41689788627,-106.77655995397603,3.102040042416581,-15.08863054718796,0
7.104384195084531,20194.60469164354,-81.50149735530005,3.1206720983723057,17.36260143440426,1
4.153698074054992,28721.243853561853,-82.24018202867911,0.5910250013042079,-23.061285937095796,0
8.214092538012329,44871.156107546754,-75.42385536953864,2.845747300536275,-7.044394508121748,0
5.959099433619181,28771.294887547003,-95.3109174009614,4.096402880596174,-16.73901430527434,1
3.754690455075007,34193.42564929602,-80.86678763825527,3.362205856595824,3.845842084630537,0
4.4639571013414026,25152.666026558523,-81.78253201191555,3.4083474681641137,-10.626507053890478,0
4.401526346670514,29124.342170797743,-95.3780201395761,1.951618184849416,-21.004853845428723,0
4.375665337650586,43831.3130185399,-88.61019590499728,0.768295446905561,-3.255329656093771,0
2.396466787094713,28608.856887069604,-93.78877262322064,0.4613141780289853,9.205955608547576,1
8.425705646248513,49506.115815084384,-105.25076375699447,2.1537952306414088,-5.820699337642505,0
8.345150967585377,27638.471766099963,-76.56849731141685,2.406755318304338,16.43536555012291,0
3.827286593882615,38581.73878861823,-92.37701598471249,1.3800295603320605,12.766758667345094,0
7.682469243108056,26800.52203638352,-92.35094256209518,3.254935987440432,-7.88895438240904,0
6.856512057769593,46701.472127533154,-111.41633498510244,4.190811872452096,10.309185395489608,1
6.924639304871439,28025.86043622765,-111.12545453095257,1.112880962422647,-1.312879836314778,0
2.9137718672708592,36944.088253138296,-65.40623236769572,2.232422816652657,-13.532860490099356,1
3.6511528567973546,36422.98148396266,-87.06766921227921,2.675660561816867,19.398527564494728,0
9.07777421880818,33972.958164930285,-87.72657057558654,1.7018443954406974,6.613626329979223,0
8.348401964684935,23651.440571986404,-104.24476653652071,1.3232231689395917,-5.821979108061026,1
3.9969397644573137,34360.14351263076,-82.33171954185866,2.9601031707505605,4.997283711087313,0
5.630437482676705,28205.9173793676,-79.38549733933004,2.5301785140770963,0.4590887610915786,1
8.071973817694182,44189.31821029628,-114.64408055719817,3.234546314157116,7.368577708751204,0
4.714107713056533,37799.97069948324,-97.82404923637908,1.3028680646538948,12.27115543727158,0
9.275517306704792,35255.46068671367,-104.0271578932722,1.0624749693580164,10.72079496669879,0
6.07787233267943,46233.52330650101,-102.97054324819408,2.6227303924639167,15.288807996744346,0
5.736408902468625,44351.81119839865,-76.84072238877773,1.7022503821494293,-23.572241453816755,0
3.15617444481621,49634.2918594315,-78.31092464348481,1.3397952072678336,10.75961434615531,0
4.377690315586061,35891.049931042886,-121.75153673489844,1.4301092391304884,4.176185747165476,1
7.6749793108039635,34700.94185954053,-98.27644506368976,3.972237158809526,-13.574964305092976,1
3.972182181274638,53603.38335861955,-99.60420634373104,3.900688231593124,13.471421096456808,1
7.830410789900615,48649.352144485805,-98.23492986341108,2.726807044295948,-17.27385487950825,0
2.055959727946325,41601.3954633595,-74.30277167744676,2.566776700080817,-25.359127982453277,1
4.404531876702024,34706.5403157727,-98.94860921847264,1.491932301106893,15.630044062373706,0
8.784450608979604,27211.15876831697,-96.10193710605418,2.7250583320201245,23.02055234786761,0
5.172966483706976,31260.23677124708,-110.68637386751875,1.2150776377052663,-7.959901603863571,0
5.974214314900018,32909.586441217725,-86.37326175559856,2.836823532301444,-0.6209577125946275,0
7.664479216402187,30089.932808186324,-89.63048164459681,1.291951704891228,-0.5734073925311733,0
6.59701203735317,50283.11509138204,-68.9678178649628,0.9568103637357804,-6.3107907449236365,1
2.975436628835013,52569.60327611587,-116.16365407641857,0.5987369912352132,-0.5539650202571096,1
2.0736327745132965,32436.95242698554,-102.5667171795985,1.3504037050382682,31.127347409238222,1
5.662553711565746,25813.49114461996,-79.37059058099211,4.070575976594345,-6.93793225132449,1
9.177588003781093,35677.77661223807,-81.33359635823282,3.27795601017024,-20.197613404846248,0
3.786280712762532,30063.9864503635,-84.91465044110876,2.258087230544339,-0.3510279548834027,0
10.435348907466448,33855.91562770939,-84.52284572127247,1.7435942554893584,22.190895897465843,1
9.273088530735969,48294.10585181352,-109.25735340672624,1.9575606061311623,-23.136406645040665,0
8.92908525435651,25600.02174725293,-97.91458267409116,0.9421295304591186,7.768229874538704,0
6.92773799696352,39370.61015997856,-93.46433319967916,2.6555941383596986,22.90940832736152,1
5.6886590492081375,31952.167086793896,-78.95696783378824,2.9501739243989884,-0.5891754279190735,0
4.096872940638892,49537.92585927327,-69.95862152138143,0.491237750568482,33.5828918574567,1
3.220670168511616,44686.53113579285,-121.33009043274492,2.061332142385549,31.52552198959836,1
9.918374469431525,27473.674024786527,-89.29044881655427,2.8330202322891096,-1.4822570475345316,1
7.274410689774976,33875.22048621224,-89.12000608066383,0.6328900805835488,24.18041029759914,0
2.952832829852773,48708.67065023111,-83.83824496462825,1.8721663462998896,22.578118268098045,1
6.309530361985636,37464.69440290562,-96.42930889755532,1.465469398628627,-6.306063933120793,0
5.776472706185407,31471.323753814144,-106.084400539286,2.523614937836949,-8.669036055965623,0
5.409008477866804,32495.605466229677,-110.74018628350473,1.2156594992671497,15.189590135353988,0
4.753630973677019,48652.38733822503,-93.30259574197848,2.8834362597870773,14.384592207023935,0
8.455655899664183,42321.48172421588,-88.34576136038982,0.9604544005078384,-13.10473378117482,0
4.537282078253172,41957.75796283703,-101.31436007330863,3.429315580362532,11.871577802311217,0
7.243064690542281,40057.54085791356,-114.54262476149586,2.832255854432142,-5.875651890736837,0
2.5170391129180385,27566.24783965165,-119.23780735895568,0.262597162996943,4.154680131228218,1
8.02572753086514,30062.094330948512,-104.45723158847647,4.403398100998612,11.375788323954112,1
9.907466864787793,28037.523512665422,-84.03933631579267,0.9551882866093522,-29.26641269894792,1
5.785521266821728,52887.69817216607,-94.47625179529072,3.793991400928795,23.542071053538137,1
3.072526417012128,40190.3036834578,-86.08140441274016,1.1055575928603327,-3.617288317784745,1
9.114580021063045,42123.44485738609,-78.99563106422332,2.5948507642664502,-9.561630635330342,0
6.787804705608806,25178.80934279068,-86.9270315526046,2.244749647713757,-6.59408848391897,0
8.099240532324629,44907.06933480223,-85.0016131070374,1.0652401576755737,-26.214852458092206,1
2.383628470656602,32441.966500485723,-109.67049229195716,1.622014369184371,4.545619735152918,1
7.30925969765891,30574.364787065304,-89.49611779618849,0.8458352049944659,20.110857036408056,0
8.429831256402036,39744.48955059951,-87.69594273598057,2.9185668809827487,13.914805612187877,0
3.6964108554742,37334.61268785299,-87.00651308611832,2.6918596109946744,8.304120596540287,0
6.2013540817289465,40796.063989547765,-87.61154596383693,3.372706425158471,10.328293335953006,0
9.1885785650247,35262.49278841961,-77.82593494092356,3.624965299155517,16.35797389883544,1
5.302228062701808,30101.71469856904,-121.31402956803196,2.0954930152710545,31.54082616026517,1
9.785065052125669,35034.06077894434,-107.51477579724016,3.992980045392729,-11.497982041489625,1
4.412032760830556,33883.619127291524,-109.50751338075472,3.1966388958182925,-3.017952992353557,0
5.754596674602775,34477.95707276937,-90.53934778753506,1.258195128439534,15.811769857577062,1
8.352381912792804,47018.07538268714,-75.37984266835939,2.1319902101601307,0.9784423201588162,0
3.6246108925618903,43224.103499507975,-111.40778447697429,1.4224429966500014,22.040038258502385,0
9.73067511153739,32028.485191936925,-67.12000909243142,2.916021090051408,-8.963218375936215,1
8.45262677652392,31802.784856353843,-92.39895396974936,0.9786830977511984,-6.4384292819236855,0
5.523786986535479,25882.975120660605,-86.67724162496515,2.2161273021105234,-15.504241979432464,0
10.458516496535015,53558.23900316445,-82.81170206665342,3.661312667494696,-7.928966674235035,1
6.63541287133874,46042.82473720782,-82.33764657603902,1.905308287085956,-9.34051697973164,0
5.502579258182709,36011.06768678197,-109.82290475974584,2.1557378108970724,31.7589042084647,1
2.973280397053101,27671.818231202185,-81.18236922422,2.1905011810223094,-31.88243539780129,1
6.983751676606857,25435.09804459645,-105.08675632002388,0.974177987917512,-19.79996613766882,1
5.448606076704575,49528.56987904946,-101.6742181322866,2.983654082941256,-14.469345715615924,0
8.721152665036684,33901.2715075065,-94.47418637947872,3.2813068754927324,3.554381423762436,0
8.020663018920056,44177.8559613485,-77.84717790791399,1.6239341104497695,-13.072983846073717,0
10.226708556515502,33902.458988313825,-88.7242369746129,3.903576338869093,-25.41526273580608,1
5.211449219143366,28409.355981364613,-94.6536502392471,1.8659878122568097,21.728073162872967,0
6.193488017458948,43280.71320183188,-90.74023650946287,1.2015935426476252,-3.698974897495088,0
2.6498808458055385,47644.18797536128,-88.61171191764856,0.561305671870959,32.96729773404637,1
10.292560235339131,20115.705795851583,-74.41588919046485,3.8848744857638726,12.081937337292755,1
3.0986921885948684,44989.72309429175,-76.9613107221148,0.7566106021137406,-12.503369237728718,0
4.650852706188025,31383.16770397885,-114.62410274180516,2.913899230925439,20.06047117994415,0
7.912329081213353,36642.38407607922,-109.72818878504152,2.9385530531931776,20.984452105536832,0
3.974515670607389,40840.5022720234,-112.44768570549904,2.0215273512473333,16.780658299313508,0
9.438121124251204,27845.77092608425,-89.88859154282451,1.6806318719491844,21.719691446589067,0
5.288681273678937,51910.29551443489,-77.23491931068733,2.6472498211467155,32.567927982801066,1
7.1047616493279735,33953.033794938616,-105.41112463101068,3.1937277217601663,-10.153874682698804,0
9.918605089022064,54093.72745002328,-88.01177633719865,3.960290581158685,-27.29473700133928,1
8.77838310506295,30835.560100608294,-120.39693171020171,2.2792985280702167,14.775977598664433,1
5.506677844504397,41266.06547151669,-98.1003225578315,2.387448997572474,-6.488296454577981,0
2.5071527000136795,23410.607493633204,-113.92495448458976,0.9266310395994888,-20.505882324283725,1
9.097582467902958,40263.44971576213,-113.49515152088644,1.0400014009445626,-0.0056182548218224,0
8.96722413919001,25978.006112834413,-89.20897334329119,0.7083623439794783,-20.244009111132392,0
5.057079897910085,48126.66256302339,-116.57129428481076,1.6643396490533109,30.8261507139337,1
7.159939513016034,40934.08165904787,-87.65296172997112,1.838718820676838,-19.6738596149299,1
6.267266051770989,26112.80757372419,-97.48522268653656,0.9370081474141504,7.5378758560756225,1
8.36023766967107,39851.66550316183,-93.36631389352164,1.499919494293183,13.282988713887498,0
3.770350375985332,37171.19694016727,-94.95651154044954,1.6006774695037929,2.8590023088448118,0
6.140186330093451,45175.13665744722,-97.28870016441974,0.7826216400531456,25.52263969001546,1
3.155914183868144,40636.51855974133,-110.28297104314912,3.04420936571056,14.978217562775306,0
3.6708217261818135,49394.64779807806,-75.58677952108641,2.4785929370605717,-0.0015411413894774,0
4.476486581254488,33809.886510333185,-108.13204050911122,2.0362771164317044,13.415985769342464,1
6.149115211938472,35665.65372573345,-90.65475167560297,2.901198829016944,6.119262778489741,0
8.40444675205824,32658.559038166062,-99.71508603790554,0.5382570019366608,13.260441374606096,1
9.23199848439204,35399.57010485257,-109.85316819713508,1.1764779757383443,24.322253862652524,0
4.641736002280719,34330.369457777946,-101.48486957473828,2.535667525257612,-9.991335108828189,0
5.250671129881421,39871.42140799856,-90.24998311981932,2.6869869995335147,-6.341994604696055,0
4.836897878770884,29964.32420514016,-79.96544209459076,3.3524982746609946,17.85783980909124,0
4.10005128723274,53747.50833272912,-79.97590742911441,1.7711114004035156,16.93083683324334,1
6.603495994623634,39006.553457088216,-87.19429588813551,1.12445374482382,-15.317947881276533,0
5.046931953671051,49856.42184273907,-102.09388618226036,0.565721895780619,8.537283776998748,0
6.900842573998816,40663.42742974369,-99.18126105016488,2.5880052991314217,-2.543589797285112,0
8.461997952956914,40439.59019339368,-65.68126205964701,1.796281917720533,9.90802636646648,1
7.748234210904817,44768.853946802,-113.19868285610316,1.4552613254955498,3.4338485720461094,0
6.266088878790871,34842.923071309946,-87.54645413878443,1.024401086357147,23.82535976185209,0
6.513483127835989,34516.86865955063,-113.34974207185375,2.027948270871058,19.22997499837372,0
7.267965178262938,48985.72205929701,-79.94496694778712,2.629705234205021,10.94354185431122,0
4.585434152587952,29361.330820603347,-108.59457155138564,2.1795468574695893,22.923131086697488,0
3.771814545892708,27419.52682342613,-81.59869425168083,3.3592767740563128,-20.875903245222155,0
6.4426019080102375,47338.06323227081,-84.42575034787414,1.906217110325747,0.0326365789701625,0
8.741703499433722,52622.10207735082,-66.36183587394635,4.273703275470264,-4.035262803814856,1
5.519105216172937,48917.54925029567,-75.96709111775495,1.4379619426839023,2.606229876653177,0
6.748212461983808,39171.86537937103,-90.40763192948744,2.7229837271259782,19.07793550610265,0
5.185156034450926,36979.8809404205,-94.60545229104972,2.431619466505695,-9.785500500330723,0
5.765886227607782,26963.29838596699,-101.3200527017265,1.6446802136812082,-6.036559095867339,1
2.470515765320949,40332.5431150909,-74.73607420361927,2.9132178585173207,-33.49667475678906,1
3.859891392830879,46542.20726508072,-81.62880320334708,2.2215935092380072,-11.036147377489058,0
5.55376799194047,41971.066708386745,-113.29650650619726,0.902071777842622,0.4029050137898124,0
8.644248468253203,40699.90118703112,-95.95837146810928,2.5827352960023457,-19.02081579968251,0
6.613271444727744,32458.06968569981,-91.90709216135392,1.9774296611224504,-30.18265022817015,1
5.170600203810795,53953.097108548405,-85.51837169364646,3.2072285441556647,25.245008271189697,1
4.631551086370897,32307.937216024984,-90.05297244349777,0.6350086961416033,-11.127839654684252,0
9.872403840601756,26848.347053490987,-114.073421512002,1.7358620979635486,26.23716475209443,1
10.34615742983574,28483.112249856124,-81.49494209697305,2.558540977580938,4.52954919491642,1
5.91852833213394,40933.04570556202,-97.35744693298317,3.348372518107329,7.157279704987793,0
6.154059298341961,52770.42943005419,-81.00181052847992,1.267391836279768,-6.530325391215403,1
7.441587693913223,29987.66661622011,-109.57236992826692,2.162851308275532,-9.946886708961394,0
8.073531630093616,49163.089967125874,-78.46701055501849,1.870256031620649,-3.3149196798189777,0
6.490480337641686,22458.249108820022,-102.20923125262836,1.9723248921236385,21.669865215066476,1
3.907726743914034,38911.97703756788,-103.82166806510708,1.795887296144295,5.52226547331372,0
6.451678617391847,32285.48461377064,-114.12592764482868,2.8163021453448955,-21.59980465817253,0
3.544482109846687,28833.10845397497,-70.15124935003047,1.084011091243248,-11.196379464316536,1
4.90430212785985,28773.115670357904,-101.63682865069052,3.2495393357559754,-23.126798644020997,1
9.671282778676842,45916.57518661856,-80.13793517064299,3.341247282918815,5.057147311425624,1
6.617355401738539,40442.35818778569,-116.44550443218051,1.0927501274587823,30.492395108402206,1
6.345340592900272,31497.63351821412,-100.10446500793284,0.6674340899061318,-0.7245935471064122,0
7.838989998936425,47859.852176947024,-110.5533164331866,2.1380259790367275,-21.1819988094893,0
9.408708142870758,43489.2972427841,-90.57917545883171,1.7058954611486643,-6.135434092452822,0
6.8309407153554815,41406.18935191246,-102.74878651964846,1.7817315735615609,27.37226124094599,1
6.286957936917256,29927.124835935007,-90.02138386989782,0.5360667505065192,21.10871985678221,0
6.3521650233878,43348.5552121136,-104.35118345522308,2.45851086852151,23.9626426090592,0
7.301469636741291,21760.410355634544,-66.38060341553314,2.374853413329012,-13.250729730416989,1
3.762778372256062,42964.58559592025,-97.59365058739206,3.2599671467010274,-2.31460674581772,0
2.0151096184106225,42341.14884900344,-91.76145474064656,3.094887130526359,31.054772887648117,1
7.128478367216961,53309.449239740185,-101.95441603122728,3.3184826391592472,8.745850926387433,1
4.785525517501017,49296.319383761074,-87.44032155953612,1.2323021125519675,16.278570481978534,0
7.225612756933948,47528.00000962609,-101.30438705699588,1.283185562929089,18.202758639528767,0
3.7632023479910464,47903.25964626589,-103.19849599375011,2.343876344431547,-14.043569953232804,0
3.413848082646103,47578.33967591616,-94.09769198216176,0.6825953395902821,-13.620687557779032,0
2.4410288311261303,25008.413512622035,-87.99304429171087,4.195017392844531,-17.34381825033867,1
9.315430582327023,38434.71736783489,-75.84950451016965,2.834557978935917,14.02565933140412,0
7.274792512140339,38564.839858929874,-98.47009716802714,1.0627476241835814,-6.911032042416238,0
7.613598428759138,48382.93890567088,-92.873970958855,0.9855164645218436,-4.1035075327563,0
3.300124349279861,25578.36907982606,-109.82393798804506,1.2709374956507091,10.863569043473582,0
6.756600255057366,46170.09716684248,-105.53000130887926,2.00518641477638,-4.4581093167646095,0
3.6198519305597454,38203.9796410412,-113.2979296953182,1.1342511676536415,18.40584452908028,0
8.98323827136003,28852.154088880827,-87.89446965779038,2.3867669213191705,-8.026080017615396,0
6.711545172304137,28227.21899695768,-87.34912211497513,0.8454305870925171,-1.063140197961136,0
5.735621815868484,39031.56006043166,-99.17427113468338,1.427560483174522,8.26906403992895,0
8.987561122457887,46088.199993885166,-80.37484764806726,1.2462160193022689,-3.6539998625708394,0
10.080899442756808,29381.05440292956,-67.20406948521136,1.0428740071166511,18.73507439934307,1
6.5331663083695055,28309.88150707856,-91.34253096196127,2.1204385705615296,7.221368822166688,0
7.0672800987252895,33828.93440408386,-105.81579144933524,1.583789485695239,-12.364588223158268,1
2.1395373660344843,30019.041918200623,-102.809086117476,3.593600928841046,16.459966052313717,1
3.6287196329323415,36999.16050433161,-82.67763703345551,2.2775923117374086,6.314855417259334,0
5.316646265043141,32507.00639604178,-82.76889384389452,2.2132282061754687,-15.028060130790822,0
8.904148553287818,39244.93971324367,-93.48504019838592,3.223591581662532,-17.574867280683865,0
3.3379907141567022,46677.17389535107,-109.17714647604495,2.364894897556108,13.179887781726428,0
2.0372689459570714,39112.39320035352,-73.98648276370201,4.005633898968546,-16.906503826239586,1
9.658500594506645,54878.04286915959,-89.74258055585084,0.3030064207284358,34.709372096011975,1
9.161378460920062,26876.029124703982,-89.49949848466807,1.5899333919529468,15.054798778108498,0
7.634014013414946,36186.23507869727,-84.20996292314919,2.34432985109128,11.823949117575658,0
3.4276366841933075,41939.11143686435,-92.62967793577816,1.384750310702532,-5.927225797741464,0
7.403753947593275,24528.49645799401,-76.13330403702128,4.442430321747803,28.45677087319138,1
3.741173158950592,37748.8015580743,-78.76309073679798,1.5481257964171409,11.368955283695216,0
7.960049066690767,39348.0444583474,-93.82160473854842,1.69410213785735,7.47803683530158,0
8.452404011265285,28795.332751508315,-106.50135155737507,4.248338533613015,2.956965014004105,1
4.151815850263946,39463.85964260442,-85.78021353028889,0.8851453461547334,-5.6297210389667,0
3.023899793055288,36263.97418665211,-81.69956688366321,0.8771516151940759,-2.5335674587948667,0
3.948894307061713,31562.47749141239,-81.99085635548474,2.760733569971141,-19.410813330861103,0
3.837722450756119,27542.24013204352,-123.16275173466738,3.4363354880120567,-11.364833248640114,1
5.153452671140288,29204.07189995104,-106.86442059249694,1.097091450723441,6.477073486581695,1
6.235909504449966,31109.19512390796,-85.35950282341061,3.419871764571678,-7.029003573094489,0
8.945817629803386,39059.64873967273,-76.28855245813493,2.1718602745978197,-18.2953624470461,0
3.654537070940609,23492.16325778822,-88.6618735797194,1.8236460743403256,-24.8309508444543,1
6.211760662613026,43861.14563117464,-84.60491401569007,1.846715770985189,21.20771291928297,0
4.961291397793129,42885.14339493033,-95.7733057776578,0.8091362142270127,33.7961409180803,1
8.501794812895596,40877.27524536945,-85.51843193356298,1.380800050991676,-2.2194651867490904,0
5.087426176883422,44950.766016298985,-91.7300389647148,1.0202468287321351,11.229634926744744,0
9.133914037640956,48191.1396878993,-108.41072059686677,2.4293855100262003,4.60243378998786,0
5.524204518835772,37814.11246872617,-91.37055688185742,3.563972624651151,-10.071503794909042,1
7.672372837561472,30142.88605621876,-98.67652217005369,2.569321091307064,8.970999474818136,0
6.231364152147688,35904.60625750157,-76.87343955165488,1.0140235428984874,2.997936475451389,0
3.7928595681867128,42603.69076183344,-107.01914759933884,2.73819224372272,-20.942220022687764,0
8.57150757968574,28741.337944630897,-110.48052508363708,1.0284427041609026,8.956360191294074,0
2.8146194663662865,20991.806142490947,-82.47789349119019,1.7722413277104685,-10.04536857680505,1
5.615517867721163,24237.344841428632,-97.47123117354064,1.5737973658306594,5.883757908494701,1
6.535206917626951,48536.91506237436,-112.28221183402913,2.6447082883772426,12.8643615916125,0
7.101019658754031,28719.907122488337,-114.91197574778,1.7739195676151116,-16.116266506766046,0
7.490182047564017,21591.56480557399,-95.6653738355072,4.276191668251775,-18.09948797426196,1
5.919973033215641,39852.95412443229,-119.46346913046077,4.289681987012544,-9.837759367825836,1
9.054618826009037,27328.15719554424,-103.02822073613946,1.6057082764252222,-6.053032420476995,0
2.3649140448456576,25740.902968414302,-111.78544635547556,0.6245311236203293,-2.287428457439205,1
3.348087787984052,38260.031859954775,-77.08961839476535,2.593098172113921,-19.308567507710386,0
6.256818275795988,35385.79985938505,-86.92757445505934,0.7472834357739376,1.828240803500769,0
7.936706418970668,46679.72426375564,-82.15930430406159,2.04580910782867,-17.051377868049975,0
8.913351663784628,41955.20622374723,-104.09282386152417,1.721548375646837,-24.064052558671477,0
6.122276868177032,35953.232255728275,-109.66053068126864,2.843023439521066,7.261017890983282,0
4.468994766195564,38872.48602029056,-95.03165842252692,0.48839495314979,-23.076205371079613,1
6.709089678342869,44231.95769206234,-100.15075509678816,2.811494248596736,6.643825828141388,1
3.0678290137352686,48963.148679146354,-93.69446959327156,3.058493835631875,24.237943617370192,0
5.557419508577114,25094.102388390413,-97.77865037655984,1.6265545409545303,-24.51461971201713,1
3.55301341854353,37545.57789014487,-84.04699453774974,0.8911255246855224,-18.25646181370225,0
9.135777309837495,54055.044988448026,-118.36387498224238,2.1810768319979,18.05288764430848,1
6.636015601610721,44258.52185080308,-114.33096589131095,3.008481775022674,31.67287683763512,1
7.771498025524885,39742.32086998104,-108.24061032439413,1.5997743541995455,7.527019006061238,0
5.392399935210084,21014.56007640932,-95.96364526196844,2.6434504342011933,20.31036299928291,1
3.842490146380032,39187.065589950726,-101.92035842446164,2.1014956368984867,-8.309857972432571,0
3.267484467175042,32915.64594479746,-109.94105951759558,1.2812215917484195,-15.775170845853031,0
6.747813776764183,47205.66130039914,-85.08249334995698,0.9622879167564832,-14.872601301435484,0
4.774042539575866,20769.70774849666,-117.3186293838272,0.5370601471997447,31.31595400884005,1
5.722526494364898,39233.55635773784,-81.92864329017848,0.8758437765922458,1.8807948548137825,0
5.69366210054522,36416.62535008716,-81.80655153435409,0.6287315150615057,-9.17197301191013,1
3.207609143785507,36046.93964306777,-83.69963698242638,0.7970822545287648,-5.997734310320954,1
8.397363235577824,40020.96786028,-83.21535718958195,2.9613595403914923,-15.905792406495015,0
2.9899821101150845,23963.102012817693,-87.09511580523517,2.5014461240813937,32.14328213312554,1
7.695808171368095,40702.00095852256,-108.94503476622876,1.7351296830790344,9.328308493787,0
4.9988418151173,26448.12916235469,-79.87961603183838,3.3408483358939822,-20.71732739660606,0
9.401993144898563,32779.53947058502,-96.977724722522,2.0008516708629016,1.950657329268552,1
7.967649994685059,48524.363469391545,-114.2086060625134,3.358002757183903,-0.8860757600485059,0
8.33233452207891,24694.475677521197,-73.87555208455021,3.086809324319241,26.082576346034337,1
10.164593325117236,21383.84315935255,-82.43779575881868,3.999134715721977,22.824141215459107,1
4.380715819075165,32423.06085203663,-88.6062836436623,2.313949873842067,1.2635619004632517,0
3.585309409066188,46567.52135883967,-97.13945980267994,2.976147050269352,-4.687436450970356,0
3.2482583589998635,25720.92425318816,-79.22939458092736,0.959575251615932,11.80980845425563,0
8.561148881207082,46074.137243991056,-117.34778794323664,1.3449006652138975,-2.613006908102385,1
3.4881741572655853,29575.543295053343,-102.77446905071228,0.6918915371329813,-10.783894671836814,0
9.370079061850936,54571.74327817317,-80.1100343573546,1.2939411712817188,18.205878225638564,1
8.053049053407172,40207.52032684021,-83.54289607071371,2.3896248124714794,23.872852295234104,0
6.261934207725046,45195.7984994437,-103.09484551948783,2.990392862214148,16.08558315668472,0
4.693635030137074,32351.27804125857,-80.9514444715436,1.9116097030120405,18.31966848462698,0
4.188651231973678,35019.43785701883,-76.50760279400984,1.3154992722505705,-5.7142255120342895,0
6.866796765903169,38569.07197011191,-99.73746708481671,3.0352748258323725,9.42753280709752,0
3.652669273984934,29455.939622849637,-121.45396137981524,1.3257538562415017,26.42691499980895,1
7.604945583279364,43402.6026348017,-104.75097624270452,0.78583826624602,-22.062384317773358,0
6.292433111683646,29376.56003795422,-112.17037531805508,4.412660660451956,-5.174083361571856,1
4.726186084742729,21364.700582946283,-121.46683656790822,1.5214408910004795,-34.28160830226081,1
4.142564739741473,41609.83464239395,-65.36288301158913,0.3849016335699783,-24.99143155042037,1
5.8045937032321175,28265.25239541498,-90.25617743282768,2.513292768805814,27.493730129243254,1
7.674689033167257,35717.22999266934,-87.7701875784679,3.483403074420876,-2.3213138884599367,0
6.600453292186069,32264.733125448656,-80.78537332178306,1.0663549570018147,-21.519542152153463,0
8.83947082528982,44240.65175868987,-88.58076931564258,1.6665811544591902,15.261197392419184,1
6.1825209008232775,38224.00297017772,-86.98177857036649,3.096195048436449,2.5771115984968667,0
4.468256635987334,25401.82267971021,-113.41067442680831,1.1063468442285884,-5.601752625478433,1
4.476037873128712,34583.80978905797,-108.85966858397848,2.860303661809536,-3.2434158927282795,0
7.246577835559844,42561.75625401577,-105.21915293057212,2.232815471046395,19.726082511307133,0
9.31979442105495,36590.59645024731,-79.03641716706974,1.8565292243514544,-17.895855479739907,0
6.093149705681602,40368.70423700917,-113.43853745527488,2.8516047045163053,0.166460406922976,0
3.48635727338988,47316.60050270522,-98.1299943679178,2.768603610289221,-9.110835264103684,0
4.377117582430063,40476.0940104717,-106.24374348154932,1.0510813181662175,12.29978687166698,0
4.035150720741848,46953.9235237113,-83.90181213842948,3.346916681620365,21.19019730563609,0
9.472867961765164,25585.208600645587,-76.06571725491057,2.169318461657733,-0.4621561655103292,0
2.989131997282521,41972.6982360532,-88.54695816096552,2.021310423158069,-21.75080744787685,1
5.783723855506812,25422.674709851934,-77.66619125886999,0.7739719504765862,11.044826126089411,0
8.404044994820579,32260.02058939325,-76.47483764876668,0.8474857041709148,-9.799690210684952,0
7.007531322881819,46371.99621104623,-109.4230709405535,3.678180051017094,16.175389538292386,1
9.147102322003434,48143.23207232126,-98.2585181592524,2.024666824885575,-21.672872127091587,0
7.424352529450021,25451.799301428284,-93.63368372749788,2.5587753220842178,-18.90090387475401,0
6.917040580248899,35652.901822076135,-87.40940766218054,1.5546409513159762,-22.88224185749353,0
8.976891376600081,26336.78041471,-93.84952448271856,1.186422699736411,12.98610750008298,0
5.708026493236199,31266.791771372173,-114.58857612451328,2.458107953348041,-6.137652440669893,0
6.021089310592508,22010.50739764473,-97.71832284747516,1.5505674867686543,-34.459859128748974,1
6.249079555233148,35847.74129929156,-83.62494756839556,2.197569883853105,17.89801566818347,0
7.209167766073999,25526.18259753291,-108.48325404964297,1.033202807996404,-5.290133249995556,0
6.017038055919,38995.625263320864,-97.55468355953124,2.440766153610996,-23.149813263866864,0
10.033813504005057,51315.04207145872,-81.23997584450788,4.374348098230245,16.829170449854225,1
7.856563222289906,44026.26369621641,-104.70687512070828,0.8045109251245818,12.662872085092566,0
7.669313061569484,43733.58253486428,-84.93474952833957,2.0704112485841684,-4.616085377746998,0
7.1139082783613405,33112.83719075242,-108.30558574366856,1.328300131515343,-19.017520399463063,0
8.237117002022252,45627.98428968936,-106.87435163804552,2.3488899026239043,22.723665893225288,0
8.925758773495122,27538.44301485145,-109.43178768992452,2.7210691790013817,22.3336214591585,0
2.885299276609892,36692.34380411138,-112.92249063057815,3.148241952026188,19.16960339228823,1
2.3915309896446124,28733.47974428375,-104.81543330899326,1.1907255432179669,16.53516886315282,1
10.15359972814534,51886.06742496244,-118.84116296937545,4.041266460542517,-18.912407233900225,1
9.7052868260348,20195.228424556408,-66.4489599844135,3.035701343548187,-29.4982691054069,1
6.694866991006188,33024.734786897854,-104.419298217418,1.036353188242212,-1.8637865717460684,0
8.581569986438229,39661.43902399445,-71.40262875674401,2.7108373712039144,-3.6348570448991744,1
6.635452562763086,27858.58220877508,-94.58349365838744,1.7579849462599209,33.116577865742784,1
4.843428747649933,46990.17902066593,-104.42003717798092,3.015452524334335,14.756910469136272,0
3.185833533452638,52834.95706317912,-70.10778799827142,2.4502397748160325,2.82061403010637,1
9.37261974203906,35678.10038781521,-113.50261732549076,1.9233028033232895,1.7473946845622486,0
3.522872037345456,25996.519604590325,-97.7188534335691,1.4669647500749,-12.481604879399804,0
4.034263867770769,44438.11699457144,-85.62157154712185,1.703349528090738,-4.574190694084535,0
3.783994026337414,29949.13710004923,-101.44607995822987,1.1800550976466768,-2.629565120374167,0
6.930335199942217,42552.6267380056,-107.64822860344503,3.3882383452721148,21.038550251868607,1
5.358311448725303,26843.27892174696,-113.79929645219696,0.845567877793356,-10.471189230528433,0
6.274052953636012,30733.23069602457,-91.9730081326753,0.5002787357666875,9.818954150735884,0
3.4500782048722742,42720.979606509965,-78.61878181952476,1.7571770252789565,-23.463499730855464,0
4.64012422984143,33436.543620190816,-103.15422184263656,2.957508028079502,2.137424896372675,0
8.371169216972493,46868.331324782994,-93.42560403256732,3.1299291874837603,17.40380358520907,0
3.919284473798066,33745.5196883961,-76.29213969229022,2.595439888435643,-5.402100783231983,0
6.338643971131568,44402.23053123186,-72.97758030636442,3.486452724002888,24.87064359652273,1
9.330869101267764,27503.35843262394,-88.72542314495064,1.2995810031970492,15.814258080436735,0
3.8592287949107074,27063.627815964566,-92.14237637957484,0.6479332942102641,-5.040435022652908,0
5.19492966826812,25827.65310359736,-114.53881538508904,0.5819654190980846,8.244106803418525,0
3.520724524063815,29645.62402451808,-91.1985957419989,2.5256376608122704,-13.23980524995344,0
9.048368794083522,26699.73651492888,-86.31475395586112,1.9169042759424868,21.1567855547372,0
6.419150125335783,28891.391867818587,-85.70559023581839,0.4120532408814558,-29.203113419469403,1
4.779623923237136,37362.32318439867,-81.67008140829829,3.449786884016733,-12.7324130851269,0
4.718798386415323,31658.24652916246,-94.56793931261736,3.9610933378587294,17.78086849935317,1
6.920816091018288,48783.73085223437,-93.07353608371366,1.1460087296504438,12.574782055931545,0
4.307293286446489,36682.01632953299,-103.99850144826216,3.8941495362936056,21.45257191974724,1
8.302040836152365,33475.38055230466,-109.44302283856358,2.708480096026934,-16.444558739131047,1
7.080630929201045,44501.87364227257,-122.78155503313654,1.6541110704727702,-5.268155519464166,1
6.0680259596675015,37816.17432632942,-84.55357851043675,0.947843429419386,-5.124735747434762,0
8.963043692723442,31576.326797387,-113.80087881318488,1.514135727764793,-11.955944746542258,0
3.194609677383488,29497.60589917013,-102.0927535207907,2.8726891171764186,-7.11277416150341,0
7.964757904812947,40331.828234220346,-99.39425944455002,0.8109689000039936,-16.15612421895169,0
8.182706792317807,47118.60729273685,-109.34138791037408,1.610131986894975,1.0330375978867004,0
5.862253099869956,48257.74477919996,-99.7535033323701,1.4370509241973417,19.626159916345863,0
4.9431820442774015,39751.37620164802,-86.39007516974641,0.8280097484281677,15.386816126113608,1
4.517263464105728,31317.27351344217,-100.55211178183755,1.633911633444169,11.946855744628792,0
5.695615253063121,32616.998195599263,-82.47174079145195,2.5891267474376543,9.679975590824084,0
4.863001063034215,31264.02518645457,-81.42472742139316,2.57178455109203,-10.2429717019197,0
3.991222212017445,37780.99588805069,-105.02132854427732,2.8001828144867718,18.20834028107327,0
8.949258938903487,31947.121056522443,-82.54769088324014,3.2651580951825894,-18.278636115255274,0
5.754578557510314,42068.46118836602,-76.46738640137501,3.138300622648148,21.84861456785781,0
4.6453272888513375,49117.24158929248,-93.27451819075937,1.113778292972995,12.636903380049866,0
8.263331343746124,22454.885297250374,-80.86326305023663,3.704210829160803,5.944001818239677,1
3.944454549566414,46172.78876854827,-65.06726639798106,1.442401336748412,-21.992451048587085,1
4.596945207516684,31838.17418053551,-103.5010595411862,2.2201930249110555,4.701082412691658,0
5.558556458646487,45579.82685955494,-111.84266348086784,2.255441562773464,1.2307957710876387,0
6.757825756163396,50695.45406344649,-99.83208780125985,2.396195050059528,23.376658339368035,1
9.096844479262447,36587.56342229154,-92.09589787744876,2.2049091630208277,0.9456430599468604,0
4.267130031457277,44971.212466085184,-103.70174966805384,2.872127913892468,-3.8504337144471386,0
6.891928896959534,27251.98444326843,-75.14201976339633,0.6507550579963088,-1.397323155137734,1
6.25844104056765,34744.3740929295,-91.22021075534232,4.04179163241489,33.8069502717358,1
7.781840401944597,31156.146012677826,-112.1342407863566,2.83031569637505,-8.829417942189437,0
5.084623048296326,40982.85461716125,-98.71993417323746,2.2406353742281917,-6.394504209054947,0
3.609617747987019,46606.10732666021,-90.42927263016496,1.4821934956994636,6.783235186498271,0
5.510741961070222,29618.486387192934,-123.20083532140085,2.191330122109129,4.1163660108201725,1
2.349068223970167,23584.337010357107,-67.73309203402502,0.4836138760160017,-29.04797802633508,1
6.342890794996,49307.77312376583,-112.81611112860936,2.639609547878758,-24.440241625853147,1
9.40764412234688,51968.99290126171,-123.10602976585174,0.8557482014232412,12.53279705826484,1
6.117909955540981,31164.94165994195,-105.11290671535592,1.028634820139724,4.810953270070357,1
3.562521357895672,27257.406842723423,-81.37106153613058,3.479352621941182,-13.760227342403846,0
7.545444723352879,30726.895683396622,-108.74629220161016,1.4491091185529967,-24.68912790802352,1
6.487078128325809,36158.75070849867,-91.66444248775342,3.4667042854279337,-4.976072292028512,0
7.848520177004946,44218.05520321817,-89.72920770711087,2.6099171739839884,-9.204565089664744,1
4.670921589274391,21606.134683458477,-80.71432774685344,0.8069550950283451,-9.732509284043536,1
3.855623583685392,36950.34552490833,-104.1327189323346,0.8893276729064418,17.23510940158954,0
3.215800911284868,40222.01970113999,-83.28695327673529,1.188633210770779,10.959330404296018,0
5.45056709584658,42936.06835286465,-85.55990048497078,1.6449515146148124,7.105110133097277,0
6.053037111364542,42744.72907348257,-84.24974353472997,1.6555929193418388,-10.04449872762286,1
8.667179572333406,32813.42603897143,-78.37048354690076,3.417583617780827,14.340306922991324,0
3.5573652677823397,36230.084040486414,-75.28896705168086,3.101907196976283,-16.47166080051519,0
7.578299024894971,32081.6924002176,-105.20699704549465,0.7137286136607279,5.663144175798855,0
3.922210197817431,49302.738828638656,-102.4107088835117,2.4048086581036965,21.10429381778821,0
7.64017245231089,50542.31622075074,-115.4689832662625,4.0968028247984005,15.18329015043745,1
6.933582443719031,43240.91975200904,-88.50745682663802,2.1268469713587503,23.750466748769924,0
9.39861277230736,49677.13735809844,-81.93711154807454,1.6153513323720623,16.88936553968442,0
3.398992158620306,36951.3840536539,-75.62520513793831,0.7885050956680654,16.866671643857437,0
3.204920824700322,38754.33127213867,-107.12052563275655,2.693612234520853,19.07419217834656,0
5.350436542911758,25912.485721107747,-76.00131096462924,0.8265593008609797,0.512994566302023,0
5.651890557898193,51913.86150345968,-87.84556445113626,3.6658861371161193,15.973863841134175,1
4.252292621923546,41110.85895324456,-81.85800401819318,2.903994938700058,3.892680789940968,0
8.658507347304816,31844.40692561787,-89.87667186923696,1.3756687715647429,20.814816678592507,0
5.721753502588246,21172.375995764574,-94.7911133061741,3.435326515175624,-22.001025999517022,1
8.798653139431131,48473.98970787674,-96.5547865398831,0.3274426403420276,19.093055348270298,1
7.985815895962324,25486.990589375248,-86.82644361191598,1.1258271261018802,10.833634904000654,0
3.9742064403787616,46900.728462765815,-75.17932414055326,4.472112050224794,-27.36123794126624,1
7.04467024633142,25674.16129762844,-99.2391897464118,2.1931759490743223,-23.64489768298438,0
4.443247044895374,36278.19975551772,-101.01659687445404,0.5800105724088156,-22.33715564144628,0
7.117723361561698,40258.4639805128,-120.75340875061514,0.546767286356614,-5.153292658042538,1
8.706328887809452,28297.988342055676,-102.30730452827945,2.0912714026778114,-17.910213298944385,0
2.864441085501324,33318.70068670973,-88.8498224733473,2.182710111198168,-16.797429156668954,1
8.715639338917011,25433.94451039153,-89.5797510923901,0.8137971738278635,-33.8701314226139,1
8.816249908669647,27946.82361599923,-99.495332174835,1.54418503460774,-22.61209998336988,0
3.860854057038386,34888.08040438938,-111.95945897609276,1.1872400216730212,-0.9191209925796712,0
9.103804370277375,32504.28031620104,-81.93156424477587,3.2874318652668952,-16.919229797643442,0
4.921758816418656,28182.19497647883,-98.18214664908368,3.321091012190549,8.865897263636647,0
5.059789699558071,53694.8886876811,-109.63715272350518,1.4133494127829274,9.792965934803064,1
3.6565187406849207,45187.35833001512,-108.99253367671808,2.2615265279129737,-5.894413412752364,0
4.596127620093961,54578.366436228775,-106.78545022621184,3.567267455167737,16.938773230930728,1
8.733758623078558,30954.91521427343,-113.69702271238184,1.2771441908675556,3.6211158759406734,0
9.659277324494672,26233.180622162872,-65.50074433108855,1.1467967792026517,32.00948371869529,1
7.186125379194114,40039.38284701519,-121.71007216246016,2.191862922137037,-25.53104371735949,1
9.696326886030494,42712.1406372482,-106.98075466554272,4.255849548232475,-6.262304582913483,1
8.078378015217256,27000.39929729201,-76.09779198182167,1.6947334195163282,-16.61169809448962,0
8.875535715139305,38639.75723013806,-81.61619920455934,2.247528699469382,-17.595310721625868,0
6.742376606486545,35622.86086791285,-90.07043754070384,0.6902299319769853,-10.005015852357058,0
8.017861437403422,39804.24936949745,-103.91049982110891,2.921898746578369,18.5668291955766,0
9.238457713426346,40945.14705272887,-103.72924091049089,3.110648849590773,12.446716543582156,0
3.1364594430058985,41936.30947493827,-99.84308968339288,2.862242241613824,-19.451549523180997,0
8.543152792421239,41272.91662203264,-84.24149079581045,2.6625197499727973,-14.248846683625157,0
6.681278741275223,26682.22952608848,-76.27482171257437,3.298842746571741,-6.103750567826609,0
3.805780457823904,39218.33624844607,-113.41629434720514,3.077009766249919,-4.953039285155676,0
5.662527458460055,21224.71390963084,-86.11057049613314,1.6393226151295146,-10.791306388351304,1
9.592639568236471,30621.267241090423,-117.22583163366502,4.1133273416109,13.905293321155597,1
9.493907766672269,49018.25527235365,-105.76715665224566,0.6153211157283072,-4.838392210454799,0
5.86792400850055,41984.76853330353,-89.60766465928324,0.7704983969739176,-0.1474787261473764,0
3.4202466934958635,26569.57441827712,-101.23106989184215,2.698742540040701,5.992269424963787,0
3.688524972598237,26344.996893055657,-97.9413701915989,1.0369489797505196,4.806068126587526,0
9.973554501614272,42452.54266244808,-112.1523265722162,0.8691812796849125,24.32658933390811,1
4.781323309860279,30066.66732946024,-104.42920179091026,2.468152126137938,-1.429982343099745,0
10.465604078712303,43161.588360540016,-98.37857632148724,0.8041337831511048,-7.018910564516023,1
8.528859902531064,48891.71066815476,-104.67666549174685,2.175705758063317,19.45851516027969,0
5.666681058692529,25691.82345877556,-92.64363586115178,3.3724752612435003,-3.9540689109157863,0
8.783914109221167,33214.835382087054,-86.60084975629609,1.545588435699799,0.9949643635818362,0
3.014779805248434,24751.59456058185,-100.88900110930513,0.672852320197181,17.78532545877019,1
4.681218820239771,40852.92948707163,-90.85455810811368,2.907255185579006,-2.4865029372045484,0
5.3631701116623205,49517.05424400927,-67.73648714634078,0.5940028614866264,-19.67706424444566,1
7.00164592281993,45955.47382574332,-90.73784255818438,1.6188831585164902,10.172819375007208,0
3.30582068484424,25453.2648918753,-79.763755720613,1.5711316245107616,-17.069726744772943,0
2.1953783564030864,44291.96875166141,-106.36249070527326,2.0383504596209217,-1.1567233821205036,1
4.0576700742806935,35537.64430541567,-117.38028752571812,4.249422556961213,12.799422872429602,1
4.07541237745685,54411.68336980532,-76.97058781972578,3.015184758797793,-5.413349676266396,1
8.990342471035158,45155.58574307565,-111.78459721801816,3.271552708611298,-2.717588883975914,0
4.163631510504053,37187.61629003947,-99.3276854458148,3.453168626465175,7.962515545031565,0
5.568377873766924,44572.18693226765,-74.40331496194234,3.5834376527541547,-2.37146987925275,1
2.278087011489966,51677.980375785424,-77.99452039823863,3.734180739193077,24.10820059026849,1
4.618301298246939,32133.822250444784,-97.06915230520792,2.406811316342674,-11.406960762133629,0
8.872151417181124,45972.61131472574,-72.52564051745779,2.482177655614376,18.724907328245838,1
8.746875559431558,35159.43474580292,-90.17353959397148,0.963660014996614,21.49405078468372,0
7.559747472955129,29095.815773385188,-76.87935192981209,2.069016088185225,14.149355077187296,0
4.883876687306435,48600.23814331026,-75.77240884480901,2.2211827486802878,-17.645826265373763,0
9.41034286153018,30380.10348785684,-96.91553106611214,2.115187101748719,8.73338107193301,0
3.9569627652611183,27582.18610778765,-84.53693089633845,3.007749836104852,16.50661467425217,0
3.744993148703221,47751.01878304043,-94.6830726142898,2.394137261737879,8.573651637075727,0
7.6726527892896765,38142.39137075751,-84.23341798501208,2.970018198525172,-21.31246435443805,0
6.065194193873234,21736.909396872117,-117.3624507007537,1.263334705923728,19.315122952155733,1
10.45655969160697,44891.358591540295,-90.45660801701251,3.3856615616127383,-24.555866548947527,1
5.046264512835229,48118.24952035338,-97.66489502774512,3.297104001904361,14.70986996639401,0
7.803087830464054,41261.09244868708,-112.07896853039448,2.443519590241248,-8.009514043462623,0
4.555937672200474,29207.161752086224,-91.26700798202378,2.014216677309368,-3.190798593933504,1
5.987041737312921,44964.00016633603,-108.61009321099776,4.289143469489069,21.138040687403027,1
5.494605908593837,54930.5991036484,-79.26078884903242,1.929531822009708,-34.73877193737988,1
9.310812387355403,31681.695374847422,-111.19591033392126,2.7763282344916616,-12.509622412545893,1
4.110210041215069,44198.53786912103,-90.82239074269586,0.8821820059705451,-19.853389484552302,0
2.9787877615301337,37716.21765763627,-79.23628144898998,1.4494174827172477,-12.525839083494017,1
6.912623792164659,44262.28090848295,-109.725935626671,2.4561029461637904,8.747504191339253,0
5.948499703657053,28236.89428093086,-108.24226785143009,0.9040688969308108,19.10320998505626,0
6.538275403574414,29346.24541116125,-88.85298747464464,1.595890333973143,7.66682732784249,0
3.735568402497075,37038.32271727505,-87.38010940549877,0.9262624397170276,11.564659150841848,0
4.492227023923052,41183.50127309705,-105.71641741015073,3.375383970955489,-18.44360506435838,0
5.840049296828615,42252.33851343284,-105.16368729529852,3.0491133998902757,20.719534133195104,0
4.636824499919205,33873.99114262365,-91.07289513399022,2.705655952224497,19.869994284331085,0
5.706723444034799,26920.88656987202,-84.26986292060889,2.530725548289088,19.368384900934167,0
7.905584319381496,33385.58438701244,-86.55700979506878,3.1670933987810894,-28.470158865981883,1
4.172643585088521,48391.35457418797,-83.54594926002619,2.307881720986753,6.601741853998821,0
4.900163714471903,34605.66685671094,-89.52950679423867,0.5840141143855261,-14.416897824693336,0
6.103145842908504,31815.92046532006,-86.55327460810068,1.388797644084268,11.32047500395175,0
3.8899766282990127,31457.035022916894,-99.81675356647946,0.9591102811843472,-8.002940248795976,0
9.246249242235484,24205.11748858513,-66.97677455202398,3.5860077929198195,10.151318443668076,1
4.768307903712262,29817.130713249517,-72.48310639602084,0.3282995956165778,-6.724194803768093,1
4.426487317549032,31340.9722239322,-96.2621589180907,0.70316244067393,9.612900436988369,0
9.509140788063618,31491.849760666788,-122.3326391387557,0.5407426013078538,-19.584649661321528,1
2.432902256394517,40284.23572010295,-68.28674162276815,1.1062540547260604,-0.1528521796730331,1
8.169745744493602,30689.88718519426,-114.05342261194194,1.079389364983126,-8.586902440114674,0
8.003104044524722,31445.423979674302,-79.18725200214445,3.3036049081934977,-9.881829264194808,0
6.639819702532964,29986.303634471187,-106.40080582572348,2.008830266597192,17.82017211391144,0
8.953758695789652,30727.21667764045,-102.53606612484788,2.0615239083792023,-13.40921823985498,0
7.513027829227621,33059.53493534638,-110.383789908655,1.5567134073886322,-0.981503880468658,0
5.94787692115165,37462.90748533743,-105.54690496945656,1.8384416938057888,9.217766601920538,0
5.3813011306129255,40148.84060581125,-112.16504156199512,3.2906331104271533,-14.563095325324928,0
5.573912332893988,50007.31580452985,-105.88646699108396,0.7021366276776724,8.984550060583317,1
5.090640442021531,36059.02225333871,-114.7582936094353,3.1096002196887644,-21.5007540011178,0
3.9775169308872425,33427.89224315457,-77.6329169548855,2.270459054213089,-15.119347529524465,0
3.507532469529518,40842.1916028852,-83.07607037436114,1.4374991643363038,-22.36128639296246,0
3.031931104120386,35389.61019221292,-96.19613555590874,1.1312513132417243,4.674248211035593,0
2.9215474987965497,45104.77133125614,-75.25348603105313,1.012321223589197,34.51169179492936,1
3.749678194732568,54668.63158778001,-118.69068761274266,0.2694401844154286,2.4527323638707514,1
3.158511525422756,51881.392098510805,-110.79999033917298,0.8616120867218462,-13.82592798423364,1
8.459608618755386,38107.22371430563,-86.35443284973022,3.050743429754432,-1.689188636482278,1
6.855137509179592,39327.10871348875,-80.39181951956056,1.7363750490087368,-18.42474691749441,0
4.325003127710417,45363.93405565101,-98.69963827725402,2.7409514803432327,0.2829091013306701,0
2.4941332021623595,25628.979627550056,-112.25928858771007,0.6064342535091432,32.732858443899346,1
6.475900173209134,43531.44719036837,-80.09537545459054,3.41131165917034,-22.20126001289753,0
4.560151959457238,40098.04585862116,-76.7174955374413,3.2219206885007483,11.039219491374835,0
3.0874565190461327,26229.348835048644,-99.24508707727418,1.6582018453542229,2.81237031362236,1
7.734811694711205,37681.35452296227,-78.08373574163932,1.8300133578357565,23.144241830077377,1
8.712920695974276,42145.77558399377,-79.58514332014492,0.2510916677851983,-0.2543556091745671,1
4.754669194866488,30895.12932213769,-97.7112499307666,1.642650146694404,-17.707813233123183,0
7.581322206798017,44342.04453270351,-95.65045063492036,2.914163929164616,-0.5412811036934038,0
7.131525465164433,23046.081588333487,-73.15959421122571,2.4556702344735872,-7.435397827570025,1
9.138648714370373,51414.97111023019,-91.45095368135446,2.884342203165504,30.94418243491468,1
4.408835911449684,48170.92367190635,-97.70231200911196,2.077893828735919,8.240066717106188,0
3.322591718743328,32604.85523688415,-85.14868128985455,2.869732223841578,-9.018522841477225,0
4.376688335373533,38482.40221948646,-85.80275723640095,1.1034531901690876,-9.414185434955252,0
7.926737729231844,49234.76376534788,-90.26606628882362,1.271767194080998,-22.80145771191075,1
4.635860231978635,37695.588791524926,-98.2141856351559,3.00888874198308,24.15433055038053,0
9.167145433041332,33695.91354433508,-108.57770655896124,2.00190324591403,11.42770447319613,0
2.669906311512059,32913.68907804041,-91.16827902052754,0.3869635518795459,-16.632383710442273,1
4.696476244472979,34255.58200361195,-73.86955853416632,3.2645594422534687,14.285404273706924,1
7.7429362741601375,39583.58130431837,-100.73563031926238,1.811796227477957,-2.3091466588313168,0
9.380892121264916,44714.04564467184,-84.73209907194445,2.9165761297597577,-3.064055095170133,0
7.348171460707594,30514.19629878276,-79.7085576961627,2.8907724954646468,16.52253332142113,0
9.482210213463503,25734.955554099804,-110.73016842168911,2.8358990493794387,-19.399268720395703,0
9.496352791498314,36063.40136865788,-113.36908631148827,2.1439616491275686,8.376066383971747,0
3.3068490682839844,32573.64805506568,-107.47043956763578,3.3925613359607087,-22.378237238620923,0
7.248568822782967,32436.74817875841,-113.60028985186764,0.8602295510929103,-17.9080958430746,0
4.518155899376305,44388.61187748147,-113.25410803610792,2.734115454695588,10.261394051250129,0
8.647207423276598,33127.79031270184,-98.55492640175682,2.478560682807846,9.015726400563338,0
5.492237174056273,27989.275145492484,-66.45614236274875,3.466515278811634,-25.98905694564219,1
7.1840984568632535,38119.94017631582,-90.2853075851488,2.526505579289215,11.957534858079136,0
5.053497401102902,33635.65545912969,-76.51055609947488,3.2287615742290123,-0.5495526082134816,0
4.165738276769987,45108.45048646892,-75.7434454423402,3.362238222381283,-21.553678111362743,0
6.658457381049667,32595.887796055693,-75.24327509159119,0.8553546866343847,13.222172266309713,0
3.429114231974035,43552.801336344935,-88.79374444447873,2.916086471021937,-14.269091667356593,0
5.811223782254896,40635.420330745415,-83.83669520898228,3.2408328755560736,-0.3618432397394215,0
7.553645221784219,48688.96837675038,-92.45574052867224,2.1893266725920557,-15.588316754737184,0
9.4375921729889,48227.458288187,-97.94788091848451,2.349402074507851,-20.45322847949337,0
5.598170969571404,44857.61295876364,-112.711284077391,3.873096241853122,12.01327384541235,1
7.037191072126857,27257.86898861433,-114.3270900165754,4.49178337029527,-4.591863507986808,1
2.2736283583172487,40030.70149928509,-91.45781787116444,1.4537389869425923,-22.838100098426565,1
4.637991610306194,36667.45038743039,-87.91215374450746,2.9729324644119908,-5.142373001393992,0
8.201171754881104,28249.936753747897,-121.12271229221771,3.4816623421237347,-14.224914156031184,1
8.892439321187467,48825.96916062593,-93.08938154002284,4.427322229602168,-12.380276398623623,1
3.0641116621841085,34428.89954512663,-76.24906056456996,1.6358970541905504,-19.74986352669686,0
4.864753732235854,32846.108473458145,-111.73976170763292,1.7630677708616689,24.162387530654136,0
3.001341195385023,44136.16723679022,-70.53350303936386,0.7608751985936859,-9.72954297396688,1
7.418697496863198,24876.03849094117,-97.01974128640968,4.3346589305191126,23.69923279072812,1
5.127380321046047,25061.82712854962,-84.03458838249227,2.6981720796184607,11.546596874352652,0
5.89717512607739,21977.713528323668,-91.3809510049926,4.015631244482833,9.27661113658705,1
6.49433400685726,48950.78424246003,-77.37183954707292,2.921614503880917,-9.4167325887708,0
5.320332144229862,44521.039174460624,-80.36806891687769,1.4957740591440336,-18.776249587780832,0
4.20125104428053,45463.75251274528,-88.70138548592273,1.0123264754902197,12.083236016194768,0
3.7335440427011832,30591.160177703998,-67.20604193365833,4.402794814876175,-16.660971596292214,1
2.2394568785666973,37179.99842566203,-112.86317916106884,1.5671199428703395,6.623828674414668,1
6.118589184051241,32620.915055610767,-86.86782048365986,3.0737663336928365,12.364334830515126,0
5.392577967351261,23319.84892632319,-111.89471621663031,0.6720857474782822,-21.86777275473701,1
7.083784767515977,25225.811593978902,-97.2264940326887,1.3935845692439623,-18.17481570715772,0
5.507020855881898,29987.900405655266,-101.57833681850276,3.76021172371816,5.982992618950988,1
6.317731794240941,37336.24734229088,-81.76140222760648,0.7833295766721722,-4.956627449675416,1
4.4984835235931335,43547.71646726237,-106.5692147246754,1.617169955184551,15.818985472597204,0
5.357224499371854,35457.46225612691,-99.3757698815058,1.8992190752173783,12.388721401485547,1
8.79424022620497,40978.7639488802,-94.68009640069656,2.3830173474697416,27.962269126231824,1
6.190923798705889,24314.009064676247,-79.91743775207391,3.788819517183604,-17.13116878032266,1
6.64678830797626,28094.54028381299,-92.6258870705509,1.0772802000157906,5.935202740816148,0
8.223771535189712,49425.53620950836,-95.42674965269678,0.8112047445459314,24.56426063369178,1
8.195918041676489,46550.36070069121,-101.28608018634569,0.753204397127307,-17.746487410536375,0
5.267094910103017,42154.82305135226,-84.8520941127056,2.5773145049452832,-34.55603437416383,1
6.727578384508369,53108.008083853085,-117.47300326090094,3.2620420625711883,-15.12911085383552,1
6.042798061664385,25725.6423825976,-118.12968728733397,0.9839825535632528,-29.828000600738,1
2.6520429056012187,50861.99780685429,-115.1888774327932,1.3186339092739447,20.52459057009528,1
6.507481987559501,42033.043240545776,-102.4216562918621,0.5203260251333232,5.4797217447202335,0
5.2018028014432725,36091.19095853086,-109.7970399174116,1.9122067370256568,8.774796892127398,0
8.778263803673774,25406.93619531221,-87.33340128599956,1.6578194527620624,-3.301473938151293,0
3.182955412849875,26127.96130184048,-81.52263392018972,1.5466303633798677,12.102856704580404,0
7.136105596907709,37413.76425428968,-84.88963517265799,2.240639433650017,20.55582962280409,1
8.376662528314643,27112.33237008006,-103.83630071444088,2.329243176816469,-0.2321250666497398,0
5.92287544080429,40775.66018086669,-81.73078233883541,0.6101932812407266,16.736209610560152,0
9.540542902167918,49213.97385305427,-102.01541782038936,2.771753913873685,-23.057680121713,1
3.692817427663003,35628.65484856835,-107.96453273173871,3.3738981268386192,0.897887522187041,0
4.193691803948201,27644.19661078201,-93.51044349230196,1.05131075342252,-21.94258472780275,0
3.7954285530937657,44268.5013490193,-123.62856451957413,0.90941766282017,6.570403171231185,1
8.118930700815312,31533.03226601446,-85.02820850090615,1.9762388382577103,-25.288172838895445,1
2.111755066728865,44271.38984129754,-67.27662882078697,1.751132209701495,-12.627798699179111,1
5.419558334803985,40757.43871509561,-89.21259937165993,2.2469714042421893,-12.058967382673709,0
6.458914336328581,42039.06832717112,-114.97381496471355,2.430648375739988,9.116936335414708,0
7.8135170101191,35056.63377027266,-105.62642886049753,1.15180763053266,18.186512133502816,0
7.463989996738764,26439.221941845237,-108.67118329693206,2.935021502893129,19.839954993726455,1
6.7545152686744725,33684.90304110371,-76.03675134208254,3.057694268810206,6.680078768514136,0
5.407260898868991,36429.46272807566,-107.39041283475038,3.262459150805301,27.309590401594967,1
8.211496411169682,35335.235468674466,-98.62762722430668,1.876259191747916,17.619523970840604,0
8.962249641934697,30880.795027639917,-92.87869921643644,3.285668529256985,7.493782134342425,0
4.166395159204795,32557.47909707707,-87.60379323573619,1.855688997151098,20.43543737213278,1
8.896666010316729,29699.104504583265,-72.30311289444589,2.618413000507363,-27.127439993164938,1
4.076428613842642,48646.72951672581,-92.9892885166844,2.453845967429551,13.519710785143978,0
5.039355561897667,44847.15627508197,-92.36438770373331,3.115768819197541,-22.02394827806366,0
2.7808626829265948,33942.515396624585,-113.22528961803349,3.9936269489143146,33.946443230180435,1
8.800429684926062,32469.77779797466,-109.00282814583376,2.7964231649108693,19.98435223727474,0
3.366317909371912,43525.558011445566,-99.2245420432908,2.475236099619453,22.32524271734229,0
8.363309967296065,54776.07878654367,-87.14010376646857,2.798713762217377,-9.457668102006052,1
2.119171717333053,37893.86436549791,-124.9061058253768,1.3402270817309527,30.80496821338416,1
4.319627738082323,48039.45739355772,-115.18496565912012,2.6733968236776238,9.616002194322618,1
3.1706499044482923,48227.107274873415,-81.82156840161349,1.3023431754623318,-15.97919640195728,0
5.525484382598031,35162.99883795297,-104.8691639858041,1.5331819579855015,-16.638965160272896,0
3.328302691410131,48778.99490407624,-70.31997487841105,1.5536026573021793,22.494109794391942,1
2.397301696202871,24232.11330200907,-70.97720663267258,1.958737673855816,-7.220794414948159,1
5.8569873738458655,28023.24418824544,-96.24910081161588,0.6899658096693471,9.374142145763528,0
7.037965617046101,47704.62514498,-111.76825701406096,3.390121871800367,-14.255359843961596,0
5.395222599745593,31618.17750856057,-94.43775589024172,1.4292888446431613,-18.829704943392755,0
9.29136887731994,51493.255290678615,-107.4201088205412,4.3966061152442855,13.458507293746123,1
4.963457297203334,44505.87554604207,-82.1470554595316,0.5227697905513619,-17.438812164558747,0
3.343713750262185,41057.8704528354,-88.93208717171771,0.5068987788883125,18.18624229275202,0
8.049241718021664,41825.98870012854,-120.7668134727287,3.1660696581084253,-15.16035640161178,1
6.898168984294637,39349.62529259329,-79.34252934435082,2.619102698101991,18.983597223454566,0
7.582896403953962,30262.2057865954,-107.08837027882385,1.2811113372449394,-12.499920948545828,1
8.170134814015167,31836.438418885577,-110.1250357706914,2.5298667373476373,-6.015290731280874,0
6.663430565182473,25465.50089093092,-86.21810801983645,2.4852351878874743,-10.827268679717978,0
4.801029756791803,29175.94325864632,-84.70694401983354,2.6859937758674457,21.31141083018735,0
10.282625535686048,34356.89796957852,-65.39852695047112,4.373678782341274,-9.438553427819215,1
8.106824314943868,22339.291443620878,-65.43049211196794,1.0801827793186831,-13.57769182125472,1
5.325356232357601,43887.27638630863,-91.01239751574488,2.944590110255296,24.928949334006177,0
4.5198423643752905,25625.616241162057,-79.63060619140592,2.184222146749637,20.76279543715797,0
4.219269861526514,54355.02762373866,-85.94514396401001,3.6268312154325737,-19.58311319377833,1
5.307922695555182,26845.827475612463,-94.51050736828894,3.977333770276279,-7.357512083579614,1
7.973654317337734,29591.053857536543,-69.38360751517038,3.4533563720129217,34.76829382726139,1
5.084799358542352,39846.92872602676,-114.03172678658925,1.4144565426391793,24.38259584818646,0
9.020083910354014,33437.469585924904,-114.92053286349542,1.084028831888301,-31.67879164855911,1
5.454568943813406,28286.091477246897,-102.68844267251409,3.6031668360339184,26.37476645378512,1
3.8625568248740154,47029.48810561415,-84.43997949711945,1.5755200711165096,17.463506372046567,0
6.892722003764702,32722.285669739915,-75.3865955207944,0.8703920380797804,24.842430221911243,0
4.185345769979,39380.791242033374,-104.94551250674134,3.4747259244352504,-21.7370668711961,0
9.955546630038214,38402.1186370031,-121.5987730945502,2.065979707345469,-34.78823369727091,1
5.930115180669214,43554.816173569365,-95.78204769776958,1.999084792291682,13.170623961496148,0
10.088385632157577,48066.83858847919,-65.06444533174457,0.2292905114219091,31.06039626341888,1
6.776553423366404,33135.90499788566,-90.48887614552916,1.279102307270894,2.428170018959431,0
10.412936581179055,26025.20143019886,-70.92678879840854,2.2238722321930515,28.312700343921183,1
6.931409291243751,34673.789736725186,-108.36857737265646,1.7321868962871032,5.994129973952049,0
6.4722080972261935,46507.36178818873,-87.7223513473287,2.713770710336302,2.624798000668488,0
3.295212856928779,34881.58490219072,-91.02700172222198,0.5230612576996486,-9.92903189907816,0
7.190109452672175,21782.86077261595,-75.17948659634071,1.5539885030282976,3.81155243143791,1
10.369086452203758,49252.71431627874,-73.0817201787651,4.328575828787672,32.18501256872969,1
8.966809448908933,37482.92574690012,-90.41335196178385,0.833596251702785,24.2936713170077,0
5.223657720105416,38052.1677090261,-87.41880788361752,1.0825113239591646,24.555676774946555,0
9.459947755409187,41706.68739471858,-96.2474685081678,2.410512777778131,8.0037384531823,1
4.200228748857791,36517.977307944566,-104.432303265039,2.1540819876074297,17.024638755486905,0
3.251747547439683,25666.13532716348,-78.54128458002714,2.8775897639819843,2.692167546544571,0
3.5210197403678087,44003.48985974536,-96.5640317903058,2.544016814447446,24.637594389627075,0
3.337406662837772,30127.79799144052,-105.60747003275516,3.2671403983646576,9.04672889168218,1
9.21826341342578,35217.25889908774,-65.82695759498353,3.680645061124457,-8.174816788590714,1
4.08135997147185,48103.29101249387,-86.52751310607294,1.355739746591758,23.66030446267104,0
3.580990097423702,28695.555520214148,-97.30609414832736,1.7663672280517182,6.692723761024428,0
3.794527889771316,22550.02862074284,-97.81599493728018,2.659041633327961,3.234497114869356,1
6.281738677908583,44588.698380031485,-98.80022249231106,3.962441213735519,28.45817405764101,1
2.0027515442264896,50191.24039193186,-114.9589835467394,1.6565647190603523,24.820850593853173,1
9.291492285589433,53941.21164935745,-110.38392029601624,2.87345675274555,25.602972235838827,1
6.316827151200692,40262.904464804735,-110.14217135338724,1.8308621513473649,-16.8228623332127,1
9.764645033500107,36322.66386788517,-85.06823285876519,1.7724800265005844,27.26270627040219,1
4.153464447153829,26953.21552303727,-95.15964333952012,1.3956419332351742,-17.792346259384537,0
8.432215621420841,39264.103060769776,-94.39735615752836,1.777405126455942,-15.655891478002566,1
6.9980134246408445,51482.93358907027,-85.06391074225502,1.110337507924333,33.28287184116054,1
4.70277947143339,41380.21950561225,-108.1845724992882,3.109672164156521,19.721933858466336,0
3.070639245782341,45817.00236045211,-87.80385823600234,3.1279295411921257,2.7077960637982024,0
3.6962744896707496,47469.391726481415,-104.91604929873046,1.2328825836867892,22.88394818769653,0
4.594427507149375,45373.296369281634,-97.6450653423679,1.3165655954514506,21.99700232924335,0
4.8111408731816585,36090.03153317259,-75.84448330352724,3.2476393704535145,-24.73353127392708,0
8.738572667539309,35593.43304416719,-85.11682919511976,2.9476765986997338,6.145548115506433,0
6.710814986508847,45150.75017120608,-114.22209030853504,2.889477763351681,-13.982161235067412,1
7.122986018122889,38771.94509024899,-82.32611881429408,1.161917112564959,-11.560324876040736,0
4.126231139486813,47084.28700351447,-104.38753731221055,2.1626300548526367,5.328998271686146,0
9.05040058848328,35674.084841010445,-85.38534033112305,0.3085313225090053,9.430396339620508,1
6.941460445244761,26598.08436598612,-86.26657833718198,1.3784137872711586,-23.785856832382475,0
8.417576243330839,53292.80017547769,-103.38262985213302,0.6311254332551282,22.98228543642464,1
6.656410728518303,30531.852457905632,-109.16309147589806,1.2823223297293087,21.737912514817676,0
3.916520313351184,30171.077801317617,-81.44840016701872,2.764594215948561,-23.632493764761264,0
5.000622238122997,53660.21714893669,-122.4745247233491,3.947594264527064,25.17234201741836,1
3.975583274318327,46720.46343695509,-107.84532941306924,2.636142463638868,-4.020915438211638,0
5.28904297326056,46905.48159309188,-92.59140294834192,2.072160866363908,18.75955725666037,1
3.7186820267575897,47774.40325929127,-108.0740929028106,2.4624532218647275,19.071290172543627,1
4.84059456525944,40717.13268608296,-98.1356653812605,1.178033366048016,-18.6694538847295,1
2.3687954433005074,32642.813267722857,-72.75268418566087,3.66059522844468,-14.403984628305714,1
7.153101565340079,35607.723461522444,-104.99607102369195,3.035911775427796,-15.039150044555385,0
3.048060210895557,27816.62212873977,-112.46808851716489,0.4631603433632584,-17.485483659502844,1
4.466086967176679,27054.72460820996,-111.20843240104077,1.711515596858407,19.345896175136623,0
4.676261339920547,47770.11214328985,-78.43304252405653,0.7010358591458372,-5.595042349262464,0
4.439432993801134,25565.61562081084,-94.94545803968178,1.855101260111085,-1.816865724582705,1
6.442604405428928,47995.16328086385,-96.70540396551918,1.3483393621001596,-26.20046370973745,1
5.322632297846649,36538.770401131726,-97.87969435064215,2.525606134835104,19.509609466755716,0
6.190234785442554,49609.86706693887,-78.35972681309771,1.340799869549561,-13.895360846009336,0
6.463125048566546,35990.38567203523,-100.31133062276707,3.324891253077567,8.983483544092003,0
5.044092539974226,29817.456451289698,-82.92608642278864,2.317064796397276,-1.2303434482377753,1
9.187818817266637,28101.593684361244,-97.8753785388895,4.451146126149185,21.486834525400248,1
7.790523253766836,38338.57233627934,-80.71296807731244,2.180194545075037,-5.269647423426445,0
7.188199663729028,27797.09732241904,-66.26651436241309,2.8265235622838074,33.95366833796592,1
7.049331090256758,43242.02336633377,-113.51907900166148,2.2156515313486285,-3.4275724067227564,0
4.713853153839114,30025.329917614465,-101.44658094495595,1.2182658215022435,-18.301104858456025,0
6.679772635287894,27307.329810269155,-74.20184664608145,1.9262848415502811,-2.922664608187162,1
6.418067281229753,47757.563473513175,-79.83042434127373,1.880613680095124,3.806637614624492,0
4.796772795505438,29842.97482532991,-83.13548113429027,2.5557312632452325,23.42869189064367,0
4.266191969276175,45144.1466128328,-90.4234687222412,1.8687633125239091,-24.97524386206725,0
8.36787710823032,25687.409185302084,-84.87050301313157,1.220078404460807,-5.535330077360968,0
5.293817271763537,36623.62040578847,-96.53439124692449,3.270338061368129,17.32408029780281,0
6.627195426152908,38000.9753439028,-89.58883715696552,0.8549398363935594,1.4569312315458447,0
4.594477074163968,47090.88798316839,-94.33840129699652,3.171187113249057,-24.94919085785561,1
7.924777045018801,46656.8363594761,-113.30723220509616,1.7098375511614756,-13.546047091065304,0
5.077927224314106,46957.931610435815,-109.58010424453454,0.989926555444784,-11.366482317014247,0
6.068378067173329,47712.049373709,-110.96953200372828,1.0545200091361189,22.416409288080903,0
3.229012195930827,48920.25574566788,-105.32552287570093,1.6466931636137885,-5.919766264862485,0
9.26881894245321,32299.58909520704,-94.12059653583457,2.606288159779956,-22.711094507248287,0
8.360483781525648,37046.19574684353,-82.74046024824935,2.739678052151135,-8.064237309905685,0
6.075983824321485,25845.903226027134,-108.73876172578504,1.0744658115152783,-21.69723248149746,0
8.70644240676516,45922.97605869016,-81.75111188017206,2.993566130750451,29.17950216061017,1
7.089955446394081,49653.22797019564,-101.67242988742892,3.906511962328232,-24.595518707974747,1
7.613864376823448,41957.70729805884,-93.68578138963842,1.3767930593783788,6.047563391978233,0
7.837746537359486,27205.792128741377,-91.47445506710228,3.2490001525240397,-6.92601066154392,0
6.162499908219727,46934.66583608276,-81.71096438674348,4.371736758521852,20.765883102919997,1
6.650787764263933,49867.29691259586,-105.87558581829256,2.3201932211309075,-8.711095649694446,0
9.567509363099552,25376.42127615046,-115.06529119621048,3.676865667337714,16.96565167850725,1
7.004816647709768,27469.767062878516,-89.62832870376202,0.9333285721584792,12.532642586919607,0
5.145635198982292,47129.367687377206,-92.8508409157242,1.084424865568581,-8.886543023033788,0
4.221002588325399,44253.276650221975,-87.08234923550847,1.128754260510522,-2.501403222626404,0
7.078875681241888,49436.29364079383,-114.86516650048009,3.37586455090873,-8.631166156942726,0
5.119767805563418,42698.3210501162,-109.50472135359703,4.307718784341309,5.7749976551435225,1
7.707523945554173,28514.0037976282,-110.52270544440348,2.70344122127254,21.646772369981782,0
4.422888368184363,48780.96209461139,-121.09652295670594,1.475751142344082,-6.2427013260179365,1
6.2757911970733,25679.32849209872,-100.02164693030927,1.0971433374485802,-24.781598497982493,0
9.087332778031824,48592.85391368707,-83.03256658205738,1.2056322031328897,9.217307978055253,0
7.865650465585665,45966.07136385207,-86.67730144327987,3.0263406410199964,4.907845999894089,0
8.36945579867391,23511.61782464348,-105.9953861745848,1.1477272668445635,11.600427970032976,1
4.967441534336738,28451.25871505568,-81.86256703199498,2.583407941209032,-22.065864778175303,0
6.811117980107737,37862.31163449794,-108.799857829571,3.160174439050276,9.529995768834064,0
3.024097472921418,40522.38722482325,-78.2668496832925,0.9624958753883228,-5.251426695292832,0
3.902460383236209,32528.28163437672,-95.2750423115686,0.6898014508308632,-3.2661865368627545,0
9.199490711525968,33242.777947146125,-85.53334906255836,2.7767641277235944,27.18735993850354,1
5.6359843036526,37145.54410933345,-95.84255168137577,3.100321824065453,0.4543555882720653,0
6.27766093930083,44110.10286768099,-103.81117289504073,3.467272101862168,9.01993200594304,0
10.223639754704353,26404.034778233832,-113.50976788987232,1.037870571714274,3.8612325931390217,1
4.224441968263273,25382.640229906858,-123.01682238839994,1.9741429713526923,6.97167483095096,1
9.288463677911274,25016.893905363893,-103.3426429090559,2.251196121614519,15.421174585070863,0
8.827417485517678,33293.245990545714,-84.77562941916432,0.919851782705592,24.423897895705156,0
6.6348688110252985,48044.1664727816,-88.5244481848777,2.42759888239974,24.79648844213989,0
3.426292600665003,34520.43061243676,-97.8345048736562,2.1469192499335805,1.8229591334834725,0
4.347305666555162,42624.70649350492,-102.31837019926208,1.5464095226039198,21.68501873854003,0
8.431682121614504,35012.15755429136,-99.52290080121315,3.1629872119435865,13.951275334722569,1
2.1270795472794,28533.637338556106,-111.48030901779876,2.6828422506572918,-30.25961346990472,1
10.058639845605036,29049.8621188465,-78.1660282532395,2.005610862743341,29.656281438878224,1
4.86959722049191,42853.53218745989,-101.14545943617534,1.827128335594506,-12.177801226325895,0
4.084918022757741,27575.23285142215,-112.4483040163536,3.136072929349224,2.421687190914689,0
10.10671389659557,21078.915350708823,-70.88755075184658,1.355271391679731,22.480755848549805,1
8.025407174563718,41261.10941330217,-84.14185917252843,2.330252071340069,-14.07784683373302,0
9.941612894775492,36618.11688412881,-102.71639347269434,4.216347032819337,4.488528630888837,1
4.415894577598838,35741.07751713091,-106.52594134369048,1.3056105149432675,16.417180852440403,0
8.320812475253318,25272.850375282957,-104.56048482530116,0.9321788019561033,-23.735815275899608,0
5.690109106382712,48813.66250625989,-114.94017358435696,3.4921456719960475,12.33027443072062,0
5.2473716684737735,41907.38920893603,-99.60493530373142,3.0170990636893618,2.917211835109395,0
8.294725058205566,47186.27758295969,-103.24350964623092,2.2103203454035207,-20.88941994166513,0
7.117077660379511,38535.07076552004,-82.84520176919742,0.9383371844980644,-18.652220868376784,0
4.7807688269944375,40317.2149886762,-91.96167460530783,0.8091504568367294,-0.2503602387186099,0
7.611040818331792,26973.806901938708,-75.24132193586115,2.8843161169856404,28.63099565802404,1
7.211111984659658,35045.86880409073,-71.71859776556167,2.905691768235771,-12.162700111899015,1
3.2483299191992847,49592.542435040894,-95.28520720304952,2.0261587776662284,-12.267376384267646,1
8.521466812997348,38876.65597583802,-105.4826382226828,3.0452019943489117,15.420487149168828,1
6.555694238074185,41843.41034345233,-86.34727878897161,1.5990092110122325,-7.405100589423597,0
8.466294145907781,39054.51010113509,-71.17756795651738,1.208898375127226,32.934060586162246,1
7.53709717761634,48719.78425588494,-111.34132709617356,2.223082841302488,23.736228421712557,0
4.912453768250566,48049.2554381911,-87.93267361190688,2.0674403083857773,5.755024362185999,0
7.679957697069171,53199.229094268776,-115.4578735815184,4.297165489911095,32.47299703926046,1
4.895414058559602,26040.3654106088,-69.11471154027873,0.8743437481831648,17.567503865704673,1
2.9854550527983115,38019.820780810456,-79.83225145135214,0.2553267691356657,-18.001563113657223,1
4.175200237421297,40224.71029458835,-101.72859125259166,1.1463645606905997,6.760113555012747,0
3.4867174075679257,38664.47557117983,-101.28408124998916,2.676051977445152,24.48223075307459,0
5.12848635118089,28077.66442343732,-94.79086555798824,1.4815828459421825,12.771007334766727,1
6.144539919354608,28998.88271410182,-77.69283866656973,1.8492644984505404,8.160356103200861,1
6.268133398033681,49056.87827745328,-112.45671438249708,1.1258652189212612,-10.982140106531546,0
4.689633587689178,52619.772150048186,-113.76230773657514,1.3194165200862449,-30.11731686355621,1
5.462921586842489,37357.37868491357,-88.5934096391552,0.7715990144970661,15.851679496063568,0
6.963861211732365,34593.26690934569,-105.0538031100169,1.2944941133757644,5.590196858833817,0
4.9369750105917385,45184.386951107736,-117.67491078007336,4.428559614132709,8.565336407960757,1
5.429170064162122,42712.61960934168,-81.93898988637385,3.3614647955537875,-7.1248007544957765,1
6.186818981118812,28069.18559669314,-65.42543533837558,0.7569294329183449,2.295314938257313,1
5.036410227828899,47545.09392319179,-106.87971718800536,0.9518088092943262,-14.349407215579662,0
8.449793915031735,35541.37369574284,-84.79520285785591,0.5672156135532906,31.24467395727588,1
7.170351324188021,40753.90853796247,-83.35922728744185,0.9082766697498216,-4.966907501192647,0
9.522485662284948,41796.184023442205,-105.91761747453376,1.88312766837984,27.93075253453057,1
9.751461556962791,24045.137674673537,-105.35156520245437,1.9106609530384688,5.060881068983605,1
5.647685943771762,40676.06832181769,-83.32646874702023,1.9235527030278607,18.911718732582443,0
3.778056146520344,43119.44095565692,-98.37956371406553,0.5092223260316534,6.052905201956911,0
4.040177711488614,25697.28063239145,-83.13605203034501,2.27751080524974,-12.933011042986449,0
4.078619574084027,23037.319332342504,-105.17485691563338,2.406877063151476,9.435019424583524,1
9.483652514221056,26644.47060165292,-83.62169230815155,0.6268907768023391,5.527920130211566,0
6.585922737321543,35692.17297451699,-114.6132120156664,0.7257315802213011,19.15531966500715,0
4.6857874571469145,47556.8322225689,-98.64830391385244,2.3805121387460395,6.2210727889818855,0
5.654527210940182,45271.50176838023,-81.38574178828604,1.4287907676792315,-3.847140434949342,0
6.363755578596852,29507.880833595857,-97.2807863283648,2.581908826674222,-5.701466438400409,0
5.031786245105065,42959.07212781094,-85.63200980781812,3.082332097262976,23.76870639574401,0
7.707408628490868,49498.55606954759,-76.30921010799871,2.913762932061686,-6.711247529721682,0
4.054750217548058,45606.01266502247,-99.37187713829272,0.6141543192269355,24.66570972817085,0
9.261674648589327,25936.835294386256,-88.22884721749529,2.140588812557364,-18.23155414670149,0
2.942496467665207,45990.59390865979,-72.16533809633555,0.2234105323718936,-3.585563794663045,1
4.527007506206278,22593.59988708876,-92.452246034052,2.192409802991572,30.76469142697971,1
7.108137259862096,49388.89728294584,-106.91156436923404,0.8816352940818947,9.610526475558366,0
4.543266878275309,46570.84209231786,-78.49102897933477,2.709974353620221,1.430397904103721,0
4.110825219788937,20152.9834999766,-109.59980620251072,1.7897823497095753,21.789495987969964,1
7.518748189935909,40757.78350407342,-102.95534180972832,2.4849937282721664,8.124148294444836,0
3.056852199998543,46385.1832173382,-84.3460147761293,2.039737727045397,-23.96410200710852,0
3.7428810748234698,47696.8224988662,-101.8498799094135,2.735664882557817,-20.190863667482056,0
9.007340820899444,53090.177375266,-69.78114053111705,1.1686364337101227,10.87908295960652,1
6.593355315089219,49882.90953798817,-111.93865455526208,0.8156736829369104,13.32695401441702,0
9.810028702629925,51583.53049616258,-91.0194573033366,3.0320769107702024,7.659514642036832,1
2.200606888967376,49706.68022290303,-99.472829731009,1.783812091413166,34.84511973831873,1
6.2042668863215,41692.49148577104,-99.3524311823187,2.592958110567671,-19.63320804239672,0
8.199375136766523,48634.13305826914,-82.6481649344908,3.322627661000125,-21.71862043874205,0
8.26231872612653,47646.70499637276,-82.78557380098559,1.5321573880353645,23.6712720466329,0
8.046913764701987,35190.43599704376,-91.60978655043166,0.914420461778618,-11.986052320951243,0
8.23500094777485,29321.84780157465,-93.265411315045,2.9490680792747703,11.85230878506816,0
3.454829772321016,41605.94212278181,-101.79199855829614,1.441746935175079,17.40076397531677,0
9.245956132404004,27797.1457421181,-86.7235254534693,2.9934744573704744,13.345961767677686,0
5.390966228462713,48678.25425610307,-75.62240825873691,1.8850399353229677,-10.911413364811228,0
3.095587939246913,48924.52759367728,-104.74297258077532,2.6019831857825166,24.39871305735625,0
6.231164913638361,38344.26617112037,-93.70102270358429,2.9642125941093527,-5.768637327992277,0
7.230888803534971,27501.166893637856,-123.99942060978064,1.615865191231584,18.19495901817209,1
6.598554662445927,33829.190275919784,-67.77412261931755,2.7077222276402906,-24.435919781415837,1
8.945331921733683,25802.76123479071,-75.58914043031385,2.333836867034845,18.312182715476297,0
3.6682995262754976,32418.462280662,-94.538303349478,3.00945015434812,-17.90824867739886,0
3.618522225582257,31604.996280371917,-101.64859374811896,3.1652251584170825,-15.869052120889965,0
3.593624763101404,49047.77755482092,-81.56165544375276,2.225597327659792,22.539313890317622,0
6.262266010635823,21801.02167642475,-109.0702789482965,1.6177202329768936,5.88851583714002,1
6.532550605467771,49968.20437529629,-96.11584196868296,2.8255917165122844,-6.709068494849525,0
6.198061558136357,39370.38673716645,-89.62504623320416,2.703301423986686,3.265340288036878,0
3.908799331911688,39670.51903214137,-100.10869009382444,1.6337304709472833,4.419539086995606,0
3.086997242805178,23240.34184688586,-109.06608640916131,1.718444172768412,29.24663462602453,1
7.062718970497816,39845.159950976966,-107.1780710047896,0.820917102742706,-9.767100212437152,0
4.18156212064772,48155.48205453691,-91.89134888018062,1.21516886260102,-5.260353539328211,1
9.294497998778034,47145.857194250566,-106.63049706003112,0.744223105564681,-1.466635319964137,0
6.519327227444869,28300.684219953582,-101.13199012871684,1.8315801561856848,7.234222077385446,0
7.486642458005406,35447.86105738418,-81.15493538875671,2.402848380555485,-21.26056159744305,1
8.45412191896705,45558.11839043268,-89.83194086381022,3.437244630205948,18.282635965331583,0
9.04357239156655,37335.04562412181,-108.80901707661742,3.8576465414497103,-31.99749643277782,1
4.1280302141947,30508.540436526888,-110.7045236220454,1.2163122297338007,-9.575288208129528,0
9.067794304279756,37054.65649688671,-91.08528993997308,3.018463164865921,-5.992324278041028,0
9.03594205737242,38699.51084847937,-99.44616622207684,1.8438067423703768,-19.1809186083432,0
7.26458315417549,47505.45441910836,-105.31027322020648,3.191266513662749,14.517789603047,0
4.457276541143136,33215.9141489628,-90.9967061546631,0.598584438224418,22.796628024291024,0
8.722026311955444,46681.07807205172,-108.89580870007056,2.818976003265764,-14.692791436433172,0
5.623009996412307,48879.98826717278,-104.50511397544616,1.7348691313474291,-21.45131145316195,0
3.905027278524044,30165.49140466933,-106.72229116992936,0.6780735009180233,-7.459226052358453,0
6.241938104584753,32713.512051360733,-114.07294807134596,3.335698412207712,0.2722231511885766,0
7.1017130197075184,29420.60666408652,-89.62004123389316,0.5141405042719815,-11.32360688992502,0
6.792304369969815,30553.59642604056,-77.57339693096426,1.3337815075155124,-23.87256768212112,0
4.522427117776777,26130.104201369028,-107.82433742408274,2.98183238228569,-15.117766658727763,0
3.824861115890074,36590.22420260481,-75.03490923083203,3.2235638054386886,0.0099944045837574,0
2.408554529868637,32180.54535448053,-107.65640710353284,2.2362880371729355,13.025429423019917,1
5.759160858101381,48978.905216284,-102.1977080486838,1.2403457139091831,-8.151998251322055,0
5.701504781478832,36310.49719819421,-110.07542860514428,2.7387646595586963,24.49738398771281,0
8.9955663715005,39787.032132756816,-84.10296302479097,1.9083013320406748,1.139637311985915,0
2.5700010885992204,44535.30941184106,-78.62788763730958,1.617979731057433,-15.117287416420371,1
3.766918043027688,50060.01912881408,-115.74488472341731,1.5310296819216698,29.67823254229006,1
10.480168781692145,21831.453662875287,-115.88687204466196,4.050052155441121,22.2473762042477,1
9.3307188414333,41708.909085166575,-94.20332297178972,2.231501325688725,19.17914199334601,0
6.678538610212043,42144.9873183503,-85.21324635338699,0.6471327523279998,5.320324653823725,0
6.6860859577277285,37825.390575537815,-110.18602338060174,2.2135829570784638,4.046637059295094,1
3.048754019250324,22420.2963770088,-73.19741843323543,2.6022089627953853,-28.011126867324307,1
8.608023267141157,34616.58124700556,-113.22337799535738,1.117190362050987,-15.778660155860452,0
3.576719081705821,42724.145328630606,-89.43589248380484,3.1599605456534654,-2.668503295110309,0
7.021783285411613,37110.78036978723,-92.50256538276456,2.1597373883838995,4.764449766756712,0
2.6001819422364028,32731.4871711344,-107.7489124656202,2.8797817998404147,1.3585254896994954,1
8.043999425050592,30726.201799102608,-113.71599024383848,1.446359144177246,-11.612956201214864,0
3.359979079807282,35661.76358766826,-114.05873475856124,0.7557591377449069,3.077880010866725,0
9.123427068526349,29480.14637580677,-85.27816081161023,0.5367121414298798,-23.33798145771257,0
8.82603800831578,25370.75085091713,-107.33368577256638,2.928753508185221,4.067716068517917,0
3.524095679962908,28937.97360347812,-85.59369241884816,3.480830684102,34.17048293464657,1
8.524002725851297,35500.07571213184,-98.557564069165,2.1617254181790453,6.730037303425114,1
5.938277454095083,47466.97576965576,-97.1955522903018,0.7633722233141932,9.096463012531856,0
3.101597120743804,37174.18687059033,-114.74601685785532,1.0382385684431408,-20.54293799894257,0
5.20546693506726,46541.81340881978,-105.05374664318856,1.0706267253224344,-2.569322608343405,0
4.16880317903615,32971.93918323449,-106.23919247707622,3.1872943448429414,13.92691406642372,0
7.704239828470273,35821.40606550641,-77.10676436078634,0.979461949035722,23.454995701383503,0
3.2539026607257755,35604.55562457154,-108.17111652309748,2.9094608915877886,-0.640331156601988,0
2.678681173793353,31399.63797556379,-111.65228088650274,3.7470837133275294,-27.619236592668805,1
8.64639742364566,41418.57928992213,-78.95862609017779,1.0581393796356977,14.371104983942054,0
3.664141797165384,27364.37222199617,-91.0057924822736,2.078634242708609,11.06258626229932,0
8.088381313968732,26520.081527951603,-84.1280536880517,1.2848157586527402,-9.119082089055674,0
7.41534837489104,51134.156346429445,-110.28659434018466,3.268621946927903,19.170787859578542,1
5.452520926342175,40011.293806177535,-89.86664396804446,2.842370297455252,11.609095397670856,1
7.294005700519402,35996.53648798351,-86.09825920009473,1.3013175460089328,-17.88943791310908,0
3.1897497832255386,40352.67343429799,-107.10702256871016,2.276609475081105,-5.558210982214646,0
4.696342363707495,32580.035480778937,-94.43841709519695,3.062730948486704,-12.812379861527262,0
6.731568714093843,48374.03986896822,-86.41388923067942,1.859323814330118,-12.237799323015253,0
4.85546265699334,31242.435995237487,-110.01221268866657,2.3484116054293533,20.39902541976283,0
5.370849219613222,30985.385922228703,-105.10139537498284,2.468400789646812,13.523186281727469,0
5.845144359082576,40545.17583331268,-79.86097850410106,0.7788539463122669,15.74821447682482,0
3.828395875333902,32706.458748253342,-79.0407404502964,2.8883669146641253,18.03512910004514,0
8.150213329162343,32210.213338991733,-76.22120439757857,1.9967810569830169,9.276334996197775,0
4.0124811503972655,46914.90981870674,-111.33523018884324,3.484743638702673,-0.2572410953517021,0
5.136484037136551,31953.16108270337,-89.25591713578378,2.781481646886635,1.0436429797782587,0
7.422194846479557,47243.52267435858,-101.26184955049966,3.254896049046029,24.13570457140461,0
9.342933659115864,49283.9536839425,-113.72763728796252,4.306962250469309,-3.206240377432252,1
6.823977682933668,27670.71740541651,-95.92091648503398,1.9076693536974616,-6.943590042744326,0
4.854044207085819,31469.019911081064,-79.1879951700327,2.0640118535795704,10.36239795503142,0
9.92927247206607,23979.872540994533,-122.48166928774504,4.301418019622209,-2.0268978253401784,1
7.947756327897495,29215.14391457269,-84.42065055416968,1.9687312718900487,13.178458355274962,0
4.0704637230294445,45353.64784340739,-91.88974729538587,2.6244733862789307,16.523048699019007,0
7.81432788269275,35484.232609069964,-102.12791942111755,1.748769795503946,11.014396071409855,0
3.682026880014721,46783.09299342756,-109.92931270275947,3.932918572702945,2.0972268674194723,1
7.769077340768723,54418.90856209514,-106.32043705561549,3.0157484221167303,-12.956931266596303,1
5.928274080015066,39845.27987798908,-103.3496284387589,1.1944287036680774,10.34779149395166,0
8.187271812985497,21401.753453009776,-87.4172870962255,3.620044410674695,-10.651481961115495,1
7.306531603750591,47696.50033894958,-88.99241648794359,3.195565699414879,1.0104261854749377,0
8.821312191201407,40112.65954954605,-107.87728892903674,2.091441921923549,4.980574243279349,0
4.481034785412721,48028.43350570598,-83.08825495608039,2.391865930759471,17.49048281383339,0
6.412793955247617,45006.499725050526,-100.4937539877125,1.191270635136099,22.35817499353544,0
8.142055132257836,32437.779331193226,-112.85417016378749,3.193420570255644,-11.487568162939466,0
3.8941747956510153,26929.12710752191,-81.22286445256466,0.8034222910036825,13.543736018155052,0
5.862298364351499,37671.199696846175,-97.493286152927,0.5346020729638581,-16.37124826695231,0
3.7756462866777136,45985.267412476845,-112.62584102930722,3.140170845554222,-4.140958158793296,0
8.757844653694992,33732.2420520218,-111.65140177555088,2.928563630683418,-18.30893865683043,0
8.534394164342123,31946.21992335673,-109.69844948774644,1.3429157944444663,17.892919203995064,0
8.450897916499528,29478.41396125678,-81.26976497044748,0.864595195074594,27.1809591106572,1
5.06040262422109,37040.30101135239,-92.15448887976846,4.164258281546515,-16.1432456781581,1
2.9377143064513174,53705.37654692322,-97.88603123888733,2.700580715344806,22.983726649917266,1
7.67257665501489,35754.18383862257,-76.12467226408486,4.208517549943207,22.14951055622392,1
4.091238768444022,29176.181376727764,-98.37279960140584,0.8230514857685043,-8.64292669196443,0
3.0483815069649607,28567.29970234103,-112.4411982820682,1.6977107436548604,15.37829162435238,0
3.3150611074663505,33288.98650042314,-96.61209009868124,1.200584667600999,12.807301161202943,0
7.524480996397818,29953.686704552165,-105.62112888089769,3.195801319647027,17.250787338411314,0
7.179240152606631,41223.28860370049,-112.68765707915192,2.4717934477326766,23.626556190781315,0
7.249405567654,43373.05305737648,-107.28594897488098,2.3362405335139296,-15.183369103202804,0
7.101888309365869,39432.80569446605,-81.75851944903083,1.0603159080477154,-24.265373012898245,0
8.421626297707999,39077.48978752508,-99.84705477507524,0.9864545973587874,-16.772888835920913,0
7.958542212893949,30330.411215722623,-94.9288131876636,1.460047582531434,1.5199759870304312,0
9.982590849125794,38190.65934774942,-79.8385664421673,1.972520752426809,-3.3035957048879325,1
9.146217287057434,43402.93162940237,-101.73814759454804,0.7913591732191465,-1.3668361932484103,1
3.6231114493516823,33878.923799360346,-86.70948194552633,3.1371935960355577,-0.0159088184183531,0
5.193024014993066,40781.83520814592,-92.13449704504826,3.046702315816426,-21.43279609117213,0
9.222395120890004,46595.63241199555,-94.61262189191982,3.468940542815115,-24.735675498317484,0
9.165149998149271,42547.72756166762,-71.3266547056484,3.9939227064219502,-26.159282312064903,1
8.57050623393016,47928.50290994808,-109.8406304595388,1.6001967976796458,17.241782182690464,0
8.56963747267418,45033.97842897885,-83.71879808101852,4.109880289564505,-8.551647360619963,1
3.6891341112544818,38678.72836452402,-69.50522851813723,2.6954873391278262,-21.94292194759034,1
4.0554291434203895,37438.88478802086,-102.75740730653575,2.375937462743762,20.449042633706696,0
8.060460461346022,47204.30641294147,-87.58996456540217,3.3240868978105067,-10.439735061190088,0
4.368461133719267,42517.81567040752,-100.10761488524736,3.062978261722459,-11.018523405965796,0
6.880855123057176,45063.8192232375,-79.52636937199296,1.3984453959846976,-15.3015345570681,1
7.319669394484838,44177.343239521215,-71.43718798665726,3.540641837111524,-24.05831479250491,1
4.052042708712466,22845.878090621485,-105.24057907305308,2.2899966041966344,-25.40976655308056,1
7.900081173138114,48020.47377297325,-95.79297704671924,2.290221123814787,14.750158781849294,0
2.1690985052795875,22314.80745117688,-65.38491823113873,2.019374787488478,-23.834747837186644,1
3.182394179706105,47352.58041078951,-116.24635551438038,3.059452893734553,10.494852096662813,1
5.243623772558216,43532.428457925445,-76.2799886498608,2.095046413354688,4.730848924078469,0
5.8066082110118575,47951.050410431984,-80.66577307206673,1.5049022198541335,-11.645609214039016,0
4.164443695406035,48717.79579032445,-88.62346772188093,3.403206679512539,11.795990441741225,0
8.092134683489174,36358.934448750224,-123.39041910434705,3.520341507989625,-5.991721825805872,1
9.390910800356158,49207.42823209736,-93.550827549225,3.8154337884031886,29.281426378675206,1
6.996220650946238,26046.87207920801,-95.34666121691065,0.5945541150866787,-9.018407631107811,0
3.899360510169524,40093.55141322694,-106.28447565641508,2.0870414696165334,11.10177803931746,0
9.342549908945896,28628.809872312795,-77.67880214308373,3.251336362020252,-9.125189457903044,0
6.052731883604689,43934.78177842564,-81.6312536812068,2.851109729226246,20.164552862641656,0
9.113933960085292,38654.552206485474,-78.9392844069686,2.2177834123641915,-19.84486939751131,0
6.87569852726242,25343.519694905077,-82.42715199830124,2.1576487866751,22.89108199793123,0
7.28230470650845,45841.57443579457,-89.62236536904362,3.333401070817843,-19.02114955169496,1
6.076196200103643,31400.657587339425,-79.93368523059922,2.450876249167936,-17.977637820009342,0
8.031150771899183,30209.432674696734,-113.49016543128933,2.1948046124696665,-20.563588167940555,0
3.965870219488129,38464.51444259685,-101.1950423322797,2.1557522512124327,2.1715031479336524,0
5.715301297203165,29226.5039617598,-80.94988696196205,1.076069440992686,-10.98770797921852,0
8.055386156845863,20880.676224060862,-65.36185054481119,2.5773246147263795,16.87525486842852,1
8.680016115599823,38076.807185060126,-99.3512556010358,2.0701101967277635,-20.849991149371416,0
8.240068789666358,48067.44690493943,-90.62064223933194,3.3331455007668804,-11.94542694620182,0
3.05417213911478,34716.12868092448,-104.1475848367865,3.056248834271776,8.005018666468239,0
6.731866795639927,38378.80692234012,-86.07529287030306,3.3100081392518783,20.66148628349262,0
5.400970161057775,31478.44752850497,-94.95005990817498,2.777688747048328,23.142637612244435,0
3.655828635101296,25839.40689385702,-91.08860413073788,2.609858800594786,-22.566183937812543,0
6.154463865556336,35937.50010412648,-103.21141614236411,2.5911133249869645,-15.511208189017427,0
4.583197831566154,28148.09713270107,-92.41688096368146,0.7058304584730677,13.25786879442922,0
6.933536982681014,34227.75404985284,-111.67015375303392,2.616385151832992,2.4637536198042973,0
2.15176550936084,34679.33578874563,-69.92364912395072,0.6500373241113261,7.229413171447319,1
5.188695256033752,37010.86134263674,-100.6601365152504,1.7964053540206466,-8.710381388645054,0
9.26896688880452,54154.73567883674,-108.7492719667176,1.667983419691676,15.530701152233902,1
7.086633988856658,45424.73721705,-91.91194075177408,1.8563123418248917,-14.258190448137526,0
8.381666474688805,47361.43676628897,-113.72119968926444,0.6909967587381917,-3.468976872425795,0
5.861557542564407,50078.814475897336,-85.96745307308618,4.103114540529529,-22.460088639455112,1
9.35858773708955,37531.28652942894,-82.52428559601017,2.3773770911472893,18.93386370955802,0
6.628219533390175,33332.67284983123,-99.90452636657876,0.8210266630134884,21.55050838747601,0
5.804209640514952,27393.05773371032,-95.9341496957016,1.4554326098494894,-9.814776443741682,1
3.640510402825766,38385.429914581386,-93.12380368439584,1.5849861531576712,-13.1977047123713,0
3.0083275237154847,34648.427448835246,-85.69662022004925,3.4073054753170555,19.22759987936137,0
7.239505112961257,35373.52197721362,-83.77302862727194,0.8148868654212227,6.517047717299455,0
5.359487079746586,42891.78072805317,-82.14538535232205,0.5632226313366944,23.340257966976395,0
6.686439628131014,42423.57452724884,-97.12653659961327,3.244034977368356,-0.498881970723918,0
9.829654933067284,33808.76068841992,-68.43982738566444,2.2494384257839064,-29.28288158713853,1
7.160601302465136,40832.68325215402,-96.4674226955612,0.9711588120221796,13.620044764392055,0
6.538776476796126,35576.283182409235,-77.19086061174889,0.5002566929534914,-9.970001114097888,0
9.143393700543374,43636.51176815723,-96.5704335950502,2.480722864846454,4.521894292539336,1
8.61610317907543,47295.59738345108,-114.57312228932652,1.0544864358463186,16.017442951563467,0
8.78761355951195,45371.46594195842,-113.82136406179168,2.164818054790417,-10.990307768589746,0
6.46538318804132,47758.71695867695,-93.81095126554484,3.475371420747627,1.1746434503625878,1
2.6528910368095024,40836.84851445981,-115.81143637130144,4.024612567625487,-25.204643699441505,1
7.329635054879772,25719.31760386356,-70.93150261568901,0.3290552984580634,22.090418509159107,1
8.874701747431775,29138.126978983597,-99.14633732271068,1.416527734532692,9.97206857622868,0
5.825019989089454,42492.1884783729,-108.35243276770709,2.6410910379945154,10.686115382238228,0
8.580588381447424,40028.24184914287,-104.20729163315444,3.3929038509223504,24.29964079321995,1
9.075679980681867,40286.78413951848,-100.3748848383165,2.268472107476012,8.88276253338362,1
5.915205826894712,30496.021143756523,-110.03872487368918,1.8395018048909264,-11.00297835976371,0
5.223293342585462,42747.37207306256,-113.8496185110628,2.943722325234045,-13.882107612224493,0
6.089335457641754,38745.0898373736,-104.39773484239764,3.1172991232557723,-3.8431029899556535,0
8.062909672400487,48535.09466869761,-111.20981109111696,3.4588406462969945,-24.04516967299424,0
6.124448235743724,49872.69819550539,-84.89446066919561,1.9434633180032552,11.133004747778706,0
4.969290945463628,41113.13079490179,-75.17784810576119,3.033750249740495,13.408050280296898,1
9.793423639047113,48391.917227351936,-112.22855609330638,3.009462796186808,-31.76755853857962,1
7.790291763676309,49176.02176133322,-88.21073991329222,2.2853640233525456,4.143196928673433,0
3.4356187715976203,23610.717999815213,-103.85182012648306,3.465301677747788,-18.05905875915213,1
10.408641724414212,21463.017606196638,-117.75570604155776,0.269139294535949,-19.83587294978369,1
9.371751342555656,33368.292693779455,-106.64653359985626,3.2436573720265294,-13.1678047851811,1
6.250918563992022,49611.11669553255,-110.85916889501016,1.834240560373888,-30.827676800792947,1
7.167496339471152,27126.30957171929,-94.5866099729785,0.6420940410979565,-0.8706076903776889,0
3.1906512493545085,47420.12043790864,-103.41628542617237,0.6490110304736667,23.944436631435288,0
4.104183073363586,40579.638798675376,-96.86823079482178,1.1438174269980987,9.885834581455796,1
3.2074132843344905,27000.41280209444,-86.62247832834154,1.4234426344322622,11.007314298672236,0
4.32111780270878,49753.30259390635,-66.49898624111756,1.1797899327444576,10.904176283430104,1
5.09709519430788,26271.38602988067,-77.70472537715236,2.34682602829799,8.094510548246951,0
8.27255794105205,47041.03618780212,-78.46348199728743,1.2930014369116591,11.5705640489017,0
5.005389120370411,32973.30643325258,-106.17069298258797,2.843778487438452,15.263231325377047,0
3.448710300332187,28036.772318221752,-104.59914670241255,2.3453237261980764,5.234704709395928,1
7.715225273033661,49362.49616931206,-86.69990337564703,1.2473348828751272,5.435149527431925,0
4.838453391338373,32463.89624429418,-91.52249110343357,3.4967069996880165,-0.5179826672149517,0
5.137182092217657,36514.4907533535,-99.06809915365376,1.7544979764752957,-16.538694667369757,1
7.156274189976244,25625.268880566677,-103.99882726523524,1.169632214446468,11.823560708200617,0
8.622703134748056,49913.59300434857,-107.35964317967915,1.5629397114481849,-2.695447201553847,0
7.589384824536276,37286.99021612873,-109.6204703115047,2.647169568890642,-0.627253665025858,0
6.678532402453589,44812.98684702383,-108.20065403727612,0.7369050519799839,18.54197993224274,0
8.702682143080166,46661.81861208436,-112.08203103214788,2.226584079345622,-9.941911162031358,0
9.1131361265749,33763.70471793108,-65.47242131789102,1.136161920391022,-33.84430867197737,1
2.533531740258148,45396.668908897016,-85.0829709299314,0.7005111177839036,-24.509266904094616,1
5.035080914726603,37718.422302980194,-110.46991061648792,1.4491703674652527,-16.562591016006706,1
5.8689719485381495,49950.13514282976,-81.56426225714955,1.9832427789208864,5.774789141353935,0
6.198299775153688,27118.59448423545,-94.42725601836742,0.9611319991361884,-18.8078675742786,0
7.253733852923021,26996.370960879547,-69.72290653649065,1.0978448607442233,-22.008515443657195,1
9.131256051315464,41756.904112215154,-81.08270481910237,2.4937502809328267,-22.498731215620616,0
7.787669066408034,33304.63669866072,-77.76736455806699,2.906705416811417,18.203201418763967,0
5.641708404852896,54995.00135634352,-102.91913455164814,3.097368951298368,-10.076791202827042,1
5.06791091160113,40297.05386082518,-105.36746570956596,1.9709165465400391,-32.075748331883005,1
8.714944362465696,26778.754286857853,-123.23740030189197,3.279384663698115,5.151071294787222,1
5.299076360865161,28481.620284525103,-98.00585965154134,0.3208024692547251,30.1863901527322,1
4.63790157114464,41766.42209422446,-102.09435145832605,0.2029746144283885,-14.024154014003404,1
8.818883224964562,45327.46174317213,-111.17417415160816,1.1004262030822605,1.394009868068867,0
5.339080114713782,31382.11341737495,-110.52030564996694,1.8708612475427715,-24.637220285822032,0
8.153303553199553,46370.3949737192,-82.20143322619786,2.697999442882122,-12.665616207181492,1
2.42902580676006,54501.60956420077,-99.6139644189658,0.6363247158682013,-22.49006375166109,1
6.76928965048994,26048.8896730184,-86.30569212795722,0.6824386034541678,10.727478188265536,0
6.005749374067025,23275.883833168533,-116.89603619811136,3.60974107693469,12.041049256023754,1
6.4130195048049465,32668.20218189713,-108.93764088706853,3.925372535877752,21.45491705116627,1
9.566418194258656,44433.66571557241,-112.2101349686605,4.093312181544231,-28.65725057578948,1
2.325251671589199,47973.70407047415,-71.25012708124258,3.022707594131639,-7.988838585622993,1
3.966953276019159,22780.928488783997,-117.6338225760353,0.2684053525770051,-34.541516783530774,1
9.469860937964402,45148.49406429278,-110.84751841734708,2.448873758683201,5.813018579966105,0
2.710455540183352,27832.591245920747,-119.46398394256867,2.7458710014446064,-13.62792343472062,1
8.761047657231163,46131.70610423948,-84.51643755132815,1.694410740890001,-4.692778305373992,0
2.787850330464674,53985.39705923829,-104.1439121943698,4.259442921927629,-33.480854434425694,1
8.293622923200711,26659.84135717273,-106.28283264111528,0.9041376772483284,-9.035099864093276,0
6.510836705170737,44808.57965119228,-111.94912869547863,2.4196827839563566,-3.957448952241979,1
5.552285595376663,35073.553150534484,-114.761886160729,2.9224430791213107,18.74554362818907,0
9.464672928253457,44091.88534134081,-108.94941015372434,3.059100983802664,7.870973883812198,0
6.387794824895929,22759.427537218748,-108.62779054571804,2.832780213280756,1.085563928498658,1
5.717588107547366,28125.540358294304,-83.64985955491703,0.9803629268804412,-20.6729729393993,0
9.531581408753585,37455.783326704666,-107.70203665482562,1.5468571582153332,-12.380738053812712,1
4.985770037348107,34185.6808001561,-88.91171858691453,1.515617610657979,-17.717900175649554,0
4.487863753101154,26342.476719833183,-87.20829786899228,2.5258026516175787,-16.98679296092112,0
6.955585864432198,39805.51555805149,-77.40138467020668,1.8072273641736316,-16.148692308843586,0
6.154097595918531,29228.02192546097,-93.99052516160832,1.0261620689332132,19.85668032611622,0
4.713859208759812,46053.67145787196,-85.3250379737579,2.9635338844933887,-21.65595828738483,0
4.013971195095033,27667.232252634774,-78.19247481868041,2.52743637462958,8.171203916022499,0
9.076718795698593,42814.962632499446,-96.26484502726976,1.7830075129841094,-3.974716752228545,0
9.166303212348856,33941.06467713146,-98.94692107823089,3.257823353482007,20.330812010119764,0
7.953731021422899,44023.76132204945,-111.17572279875432,2.4673594816618487,-10.604439500894037,0
4.9286117630999255,54775.18319911377,-96.82497118699564,3.456924995100288,17.646949745105694,1
7.117539934685126,50069.039616981856,-73.05542839163815,3.6516148432874673,22.145695742737608,1
5.063493336721955,36890.69251987185,-76.46709191108394,2.657425382478096,13.124824266690013,0
8.051920978246672,34966.76227850245,-109.04191844445444,2.2628336354259453,13.657242547997342,0
7.4035673231172066,34990.44365562706,-84.89268889081578,3.397150333141485,-3.477222805490886,0
9.023208503353151,48542.827475948725,-81.6124214512131,1.9934114401124432,-22.19894550341886,1
5.491556730347495,25943.13296187345,-107.02342995087533,1.6193042162821132,-24.296144063768395,0
10.030299131597708,44584.82025726944,-78.33224162254149,1.000456194029394,-24.91823995826468,1
6.109992784033814,38677.36173416537,-77.90556358045369,0.5721212339337617,6.459976295346625,0
4.710294444433016,29102.748565113925,-82.5204403921997,0.7284190687673107,11.52234305102666,0
8.346805406839618,47986.40533140682,-97.42095055521452,1.262663398049713,-3.12625620900225,0
10.04326294865156,21264.126521904174,-101.0913393505204,2.318661493992653,20.84904051337805,1
8.137907073019292,53283.43793416134,-114.8729720164791,1.2711576753643845,-29.738747595297387,1
6.8398769694372,45056.6196011274,-87.86427455003178,1.0437816816119063,-6.012461044205619,0
8.167340843298621,29231.642771504543,-86.18745876951625,1.9649489637623967,20.84496948471834,0
8.94879071848627,26181.08242761937,-106.48583738627306,2.5389711337889747,11.010192480078835,0
9.439298571108868,28069.054192466592,-81.47563474634165,2.675601500997918,-11.074083386057245,0
4.5041404548675015,37499.48134096828,-87.14572056200107,2.2068639416719207,-28.050707976112776,1
6.388331716404756,49871.82908930317,-68.00895571972075,1.684924129354642,-3.035324747109211,1
3.639461480895716,42763.092737773695,-73.47329640199843,3.86088871738792,-3.29587165281621,1
9.46542151877092,41549.24789594737,-88.85729526396989,0.5592252995424355,9.487487418871304,0
8.39683420652554,41043.73298672215,-84.6202142237691,2.738057033637721,8.795430763914915,0
2.4187972817331764,29800.69456933096,-124.13104038240006,4.305480230645896,7.0174243663629525,1
3.812258970153176,44579.50123040205,-94.86388168215224,4.286505952423079,-24.940574067238597,1
7.567531728382851,29204.75222800782,-114.04827970083866,2.6512602780978938,-6.452548161381017,0
6.1815129546606205,54774.125325812594,-117.51833841523018,1.0949103132456135,29.281278250340208,1
3.526729475833669,34874.477679976626,-103.91659867846514,3.880343141301823,-22.71263327064765,1
5.03758538177952,49977.43568289455,-107.38859795686255,2.2616873794172614,-22.865025814300548,0
4.510765602977799,39686.7136852125,-75.46476542553555,1.197817713496388,5.817433729373299,0
9.840086228445458,38891.1057456284,-110.81663162559371,2.113760474888886,-17.814188695921196,1
5.508596842653349,34401.36897110901,-122.27798725414064,0.5481006364484229,-13.883136078263412,1
3.0551841108150826,38509.26131541703,-95.29406103593668,0.7769451424712146,23.503010643120614,0
5.059551845510622,36534.27262153962,-84.69839426939825,1.1702144664724476,17.376667451404003,1
4.759077925270868,53395.9077891851,-74.43250445377546,4.204245132391347,20.93266666023749,1
8.584349736346443,54163.54658930266,-116.16596436444787,1.016601279352528,24.811119459728367,1
3.1022101576509,29228.719320038,-103.39499508511756,3.485957600309846,-1.617478791096488,1
3.82405233048845,31467.29648011684,-93.4703941424982,2.7590244832624755,6.524346039381214,0
3.402988618182656,52492.4554928946,-87.74095868715635,1.9871829695520615,34.65212454912671,1
7.90631595132961,54534.30905641666,-122.48590115610644,4.422416561393626,-32.427650445201884,1
8.294246206508731,27321.2954344682,-107.99612864652175,3.2398496324934856,11.22591701019413,0
4.378806677974741,20828.396161266035,-112.20336425317764,4.349460583904943,-7.410319668242415,1
6.685044982841573,25603.61058088416,-77.1620096776002,0.7964126011493093,21.03348464226123,0
9.663921998842907,52554.52257325098,-78.40860585105278,2.0529808642047005,-16.554482477273282,1
5.448696424951134,44026.1266099027,-114.96923353318596,3.254872420896911,-10.31780122135466,0
5.97918104286059,48593.09729745868,-101.2654926758236,1.6960039898695676,4.076248607201428,0
8.453959778145585,54592.45963033784,-117.60783770828704,2.581764138992264,-5.6389912063823004,1
3.078248891567352,34075.47086541602,-102.04232252757576,1.217520533749478,-4.35635283175267,0
6.017802822034964,27495.222876440435,-108.01192764218436,0.6183335599060807,-10.471641138116029,0
4.302417372641013,47712.50546002039,-83.5894477163542,1.5246557710175717,8.393006949024297,0
8.962200348491839,22269.92066386965,-91.33321981007904,2.4038907170384087,25.55787698475805,1
3.611448696800657,32999.62000697661,-79.99607516407315,0.7859357416880837,-26.0123787323406,1
5.527945590158315,50605.61523829671,-105.8277216627148,3.3808022236600346,19.594325772205472,1
8.437475125674057,35853.722122673054,-81.0876737081999,1.402083312631223,24.985328205382054,0
7.251778892410958,39317.615465284834,-77.90214206049802,0.9527281282662412,-10.708123401915426,0
5.693405373615166,45115.27631058747,-80.22246468685208,0.5372433763322763,-19.26224000095594,1
5.789578360328686,41718.89714482262,-113.95463186116255,2.85437675791833,-5.335180934246981,0
5.5126768598164,29072.685139965517,-92.10967755918796,3.3947528276067653,17.855559371915113,0
3.236789720255545,27238.54293336121,-85.84402442380915,2.294652094105937,12.38494961094368,0
7.387031156056224,37715.277366183625,-122.98483612779036,0.2348586478279954,-20.721310796160587,1
8.114204142481599,46274.10912535336,-86.28962456488648,1.1867126463575774,-25.85181293233845,1
6.72246241687434,48132.32586509954,-77.52614002873737,3.251195094136061,-9.682525132579515,0
5.094385370012448,45830.7166641641,-107.37693160238382,2.5302444250313303,6.334346433581128,0
3.2063522507947484,21871.47830977075,-84.80655832018806,0.2908795658700844,-30.56814623052359,1
10.1465701220059,48665.58461552864,-84.9666594993839,3.4243374663453245,-29.178506603402365,1
4.994582274004031,29884.52095853005,-105.46699955170376,1.6683923092273305,-28.958068721077883,1
9.805581390943471,40313.25797823011,-79.00266509960778,1.7559528452007371,6.9018581618746495,1
9.10220274572472,28709.60996788366,-114.41820729992402,3.20798712958813,-24.92549535682454,0
7.280159389698734,34569.715258866505,-102.68084533991411,1.7348269764884316,18.82002350848935,0
7.516970750863785,31828.36384886258,-114.09764209303954,2.1896919566331428,-21.835807810934625,0
9.49570476833808,30800.006456936,-78.50148871164629,2.7274974459955192,-11.103196569275504,0
3.57551898551131,29143.254234921267,-66.88725083544779,3.133404723080032,0.0157749041165757,1
6.256303901760688,29461.36572033458,-75.70800236599649,1.494653688195973,23.623805915658863,0
4.407334701233111,37166.89950191419,-102.72417516151069,1.1848127438890104,-24.202712708593648,0
9.2586646215517,35742.48709715416,-91.43828584584776,2.333871601061316,-12.089294769992998,0
4.512089481072019,38430.42404799523,-88.02939058452726,0.9516176401714144,-13.882484148895823,0
6.326221826534049,35275.622868046725,-93.9950549534398,3.083733658989249,22.974241158699307,0
4.87405816954003,48319.64063261342,-105.88086269751852,0.5488509164173253,9.990162429673298,0
3.099669090485204,48428.99408005619,-76.51689775542164,0.8519485983300035,24.97860035089058,0
8.677386090795089,26764.836932304366,-88.15601079158036,0.2120246441877976,28.023743145939733,1
3.622896634135118,43799.08394275382,-105.67552063924587,2.2987275597633747,7.98620157838171,0
5.175267500344658,34024.05052637804,-92.58599860742942,3.2955337273333045,-12.11425872737904,0
5.346518794983921,50515.71553906326,-109.16973349361784,1.639548602912151,-3.888511762711524,1
5.5779053330943045,30943.492734539137,-83.83554367794869,1.3166018428320174,5.2293489802148585,0
9.874443643952493,53335.63719328903,-111.63916621736196,0.2434691356918724,28.73643390910555,1
7.9632434531190945,27743.381919495445,-101.9313352518845,2.168816056934753,-22.075617913356645,0
6.286682378477488,47865.88779879678,-88.86680290575191,2.315655750714611,-2.551598926520299,0
5.670785242444933,34576.08682192632,-95.57660830854678,2.3268864558573057,-23.12671647511433,0
7.981405916419965,41733.62796902189,-97.38179623769194,0.6113112648533663,-31.90006322737276,1
9.332031939776185,29490.82198460832,-112.90111538250838,3.440830279486668,7.504890240164777,0
8.347051409456583,20997.215295268983,-123.62971880588404,1.8190190939360555,-33.78452271035667,1
4.226335576297613,36868.98881164853,-95.85062586840316,0.7971410417352163,-5.607123094412486,0
4.404800263518462,32758.795892995964,-91.65893752545432,3.5983146641112658,-10.27654562223518,1
7.437832048793086,26912.198475388897,-97.58620187749236,3.6695779076237898,5.202095195881732,1
7.583928470505582,32801.1442895794,-68.02477647696713,0.6620020058919456,-15.01051109653067,1
4.773143447343818,47632.65522445603,-109.10605376033584,1.8124176805849423,22.320663150588032,0
6.487763984596239,44737.12082462937,-78.52154218722418,2.241651505775869,5.024922213620911,1
4.052344325477959,39955.37387014531,-98.37157705943696,3.150381180933594,9.289386115327552,0
7.860851890175412,48155.92606181018,-103.68297967231491,3.1308091565195406,5.64657853155925,0
3.0637272291785704,44783.15718121304,-112.99365975758984,3.468242214779338,5.232911717510426,1
9.354188778972675,41201.16062699082,-103.46179582162172,0.5710799968766425,17.34674227717263,0
3.623492490487816,37284.86963774755,-103.29875312424916,2.188925368044192,11.160225303132307,0
2.937963541639574,29661.099367747243,-71.8822529905362,4.044604774833987,4.435746177149497,1
6.814978527919068,49138.15082056237,-98.44043756505307,1.051658597310152,-23.844945384174626,0
2.0570645890331063,41787.10666434185,-104.31796789561484,2.8626824925436085,4.744173561015387,1
3.429578974277629,36707.66538290941,-75.7521092398155,3.274465352429713,-0.3258883527528446,0
4.082297224533857,33053.70529617114,-77.1918684220397,1.423900265361431,-2.2765046220239924,1
5.724961949683172,39591.80723228062,-94.08869137872163,3.304118773209282,-14.787040028823178,0
5.008798476126253,49319.4600601068,-107.43549715402068,1.2793227092531292,17.393221208725386,0
3.6668332563646606,46147.30691833596,-80.95335807660885,1.3551890421779853,13.155841514584544,0
8.927802612935006,49891.76422553997,-97.15728080063658,0.543981434412202,10.57434447949602,0
4.421093638460981,37465.22804834543,-88.52379315843802,3.1058121275683908,-7.246638245026709,0
5.843430324033403,31302.781589898725,-97.66826437008902,0.9758152975455952,14.06965437864389,0
3.8681970842792266,28829.63911722948,-85.09060651396574,2.3172168442672083,-4.207719228438766,0
7.318628408843887,35112.23729039432,-92.92754409557423,2.436591293680575,22.1395963008252,0
4.533221448159374,52974.26048005454,-99.65568163173268,4.098586039698631,9.739702378694965,1
4.498897510258674,43774.90278877944,-112.36948578114972,0.5291682403363398,-5.366479125676449,0
3.594011795552446,35542.0682631329,-75.42837500138285,1.5113499273477466,-15.39240901173669,0
3.0390910805836118,54316.61324818902,-119.55430704363904,2.319558272020988,26.805299397147785,1
4.605883867712655,38129.79667869705,-113.04577066801272,3.342581351107364,15.373970661859468,0
6.378984716469031,41587.81499691385,-102.17787745241311,2.0820124647691105,3.7543396287433417,0
4.711100573544063,47963.06359323236,-94.06737804602142,1.6801529807892837,8.971173030792158,0
3.59925256108446,30739.856445354737,-83.46401766063613,0.9926224874203884,8.281226343157847,1
7.466089482420678,37133.15911789076,-103.72406035222969,1.3061969108551357,-7.151414792679173,1
9.205364823756494,37372.19299858167,-110.49025349584764,1.9987476238179729,4.696488406886157,0
8.25181889638867,39646.01346870199,-111.69469574452746,1.071266050952223,22.654432730888303,0
4.730158590167659,26646.184647852875,-110.9587203635396,1.1793950471863213,6.01103704404543,0
4.748462648273154,34129.59629136352,-83.22891800773604,2.8833675605254783,8.564592723970463,0
5.497063888570454,29775.07902288257,-87.16470885571697,3.18938209355104,6.5308528724471415,0
7.181698085297816,47815.230571028165,-86.38398728996627,0.8098613478584787,-21.354024831052005,0
5.915909580884603,25131.279957640447,-111.83096914917115,1.267771785311134,16.748154964119053,0
6.623698536423257,43779.46373681737,-94.8614924179617,3.135949855742256,-6.898541079120374,0
6.324359742333135,34652.346327419895,-80.15363787427316,2.5653550682118778,9.762478083442026,0
9.301473824377734,27436.151362301032,-106.255089120356,3.437095966659269,-3.991194554997208,0
8.910641858019506,24308.438950221964,-96.36910086638488,2.8218990559493613,-14.204597152058051,1
3.068942546450891,34598.00062034448,-83.19341289159485,3.139814502452553,5.961527713119207,0
4.831995914871491,31798.4814275038,-112.44502474410208,1.717000649533318,19.68124080783545,0
5.746444408631379,25559.58687959804,-76.98564477361231,1.270574012136324,7.644771688686646,0
6.349756589567901,47658.710077085256,-115.8979589493188,1.8658249611961164,5.363064592377704,1
6.851376809679183,45155.25563398471,-87.0949374560168,3.241940012385603,-23.589671513642045,0
4.922446297487587,32532.34950077384,-84.04511993009933,1.9966914249885368,20.46989730758594,0
4.973517786041962,28624.66318648912,-101.65111341276476,1.5618007144905168,12.260696781928331,0
6.947275912141986,31596.07884049439,-88.17789418710286,1.8800182058510495,2.3469310085645247,0
4.294300024464356,37156.18629922022,-114.7723000087429,2.827220344793739,15.340132882398189,0
8.503402233821472,52109.38462103554,-101.56898449049066,4.2300700280333015,-4.8705235838111385,1
8.992142974555152,37706.02228982235,-79.82694979414096,3.0920808032857643,-11.187629858897951,0
8.953024465828381,27309.419515626498,-87.18748821233987,0.6501952167687813,-21.037231935093605,0
8.269962509684287,44373.27394226889,-90.55148639813338,2.6750893246340506,-15.976976643028896,0
4.389061473656067,34197.62116107021,-83.31669856733305,0.9017789040330934,-22.10274782916459,0
4.177383075726005,27440.07659531773,-109.88223441215789,1.2759555516806236,15.41719345712351,0
9.893184255397378,52254.17607962756,-69.89735427722022,1.1832643354904513,-19.67504641906,1
3.4249538762137783,28610.806145281174,-78.03378131067912,2.8846943495342385,-15.41593539247114,0
2.034619085470167,28302.41734069177,-89.75686909948269,2.846549081834312,33.61525515333089,1
8.1349003175259,30948.290152261576,-102.0491415215191,1.0227386042185316,-22.380049106941176,0
4.566802098546539,43319.95825424949,-79.79092883767909,1.5856434795191154,-7.400769531556545,0
5.507881509338807,51536.56436394241,-103.2319632309256,1.5631427363749526,-5.670634695034401,1
9.030436498715977,25664.234746614784,-74.30296199141159,3.0136677087290424,20.709169119912367,1
8.222175875530322,35007.708698803326,-80.70027706025064,1.5640432989685036,22.286589186631787,0
3.4795069217635146,45935.92986351357,-80.1809209113797,0.5905571910788118,-6.737789086521605,0
5.765774782583896,43648.38591784024,-101.7683481121628,2.608564826557307,-11.454178651190183,0
8.908847182719281,38067.02079654383,-108.64132368520896,0.5110806413187141,1.0991117934192012,0
5.491797255508794,41327.60603317989,-76.03010433367801,1.7308814120786251,6.820843752116335,0
7.908124316042461,44877.58485907308,-112.97689782174488,2.265542860753544,8.326826418697323,0
7.869763326852921,35379.615006243504,-110.77943272403375,2.415872899664126,-7.101831706429813,0
5.770374515598492,45288.02574349492,-75.71228988828409,2.5351935118885773,-8.788252949415732,0
4.254509008170903,45647.61643054254,-80.06609367754128,3.407973878603996,-15.685514530185202,0
3.424478638284579,32759.790909380445,-106.60399412702542,1.688161331487113,4.383038582131714,0
8.706740985727677,44506.57322095771,-89.40824282533347,1.0458894096564122,23.31323069670534,0
6.423727651566503,49559.93051610056,-105.77436139109066,2.597060932632669,-11.06604782325441,0
3.972557506473168,33256.85773960734,-117.12081981902436,0.7613062130875581,9.49659477670656,1
5.8583387651859145,35541.97327956134,-95.9288884061383,3.026636550041689,20.108817908099724,0
3.8204363366823406,41736.47111549777,-92.44121672279924,1.153893622719511,9.97324856230754,0
4.181613582960448,30459.34643145173,-101.1900815078718,3.1162912849302837,20.630731491249485,0
8.636355290612755,37512.53244122077,-114.41078091570245,2.453995531578954,8.45648380671686,0
5.949604690255074,44350.55012476048,-101.56473338288085,1.4758138258553897,-5.761716825038654,1
9.022369696970712,33438.25394840137,-96.9564117541182,4.032719032490277,-23.969735662074456,1
4.123779507398286,39888.10980366143,-77.3292570238218,1.8322650178683968,14.279673955315864,0
6.435441602444107,28998.92559860844,-108.59471508163143,4.327694732424884,-26.174192101721733,1
8.91893227386202,30717.34543380568,-114.96825507262643,1.906465957053638,-12.939983249939209,0
3.4376984017001844,30836.535051650524,-73.10514915245518,3.4556236836660936,-7.924698655706617,1
4.83425148211648,45194.0714282954,-93.33384623410372,0.8017147496079641,5.705925009379126,0
8.638735405538494,34541.73049513968,-103.06576984730148,0.6621859119277254,17.71198852016719,0
7.1975187528141245,49273.50495442108,-85.32614055977922,1.6184628995381185,-11.00106596295274,0
5.724276311367565,33292.441489346,-91.96825026080587,1.4228446218326185,-12.423620290644564,1
3.246393651123462,48085.22848883801,-91.07699245555658,3.3376294920681318,11.96278180082586,0
5.090924722519757,45283.00636882974,-75.74070226247177,2.271607546921505,-18.14689001297774,0
5.118035622768058,45504.63447691715,-79.78142179219304,1.3284118528384856,-0.0665540171373209,0
8.283742861904031,34346.122462516614,-94.4116432330812,3.764853734249813,10.164030578420444,1
7.805843399795485,46168.57790746772,-83.41859627026756,2.990925107889761,-13.89014241610016,0
2.426662584365658,20638.73507081073,-123.78873708969094,0.5332199419198229,27.707184557293356,1
4.201081859759272,33788.34166177718,-111.36882747842164,3.037584567357555,22.09224897525298,0
2.2765741614196005,53874.30836909547,-93.5013760593721,1.8107692456778872,2.246702277018521,1
8.81505508477545,47506.35204104172,-114.70820777175778,2.471878820090351,-13.461554002733353,1
6.744076380225282,40815.74415442371,-84.09420096930737,3.1996174047868484,18.820284848685983,0
9.017360764217752,42168.1067763388,-106.80429040195423,3.1739346160060977,3.3283669724613,0
4.698927256675938,48121.36086043784,-123.7106743423268,1.8235940332119929,-5.158512064353765,1
7.800479719991626,39159.74500433868,-114.2362674786304,3.449311789719379,-4.910233086193028,0
8.240323007585406,46895.95699494942,-101.93331928108556,1.0127040546745265,16.784713375430456,0
8.266583963458011,39773.96566728952,-84.70991133828606,1.5228331549268872,16.461972751293523,0
9.19729720005569,35475.532065745545,-85.09937324087797,2.138396929201517,5.162629447062066,0
9.223227710795967,42715.27885902734,-85.61844279579462,2.5954560567242697,25.26267559359009,1
8.361439071850786,37063.82802908828,-109.155192141627,1.318272701427362,-8.998216508069,0
8.454711445213686,45176.93534854159,-106.07888361977588,2.8415843428960192,13.813439000066388,0
5.195668552195259,20271.68405830461,-94.1589271147143,1.370866776791047,-4.716392847499922,1
7.872936837150336,32921.98952569214,-107.36075424840227,3.4554563110498555,14.989560658823764,0
5.70373274136099,54569.446271298526,-103.12475338459168,2.599292526246217,-24.04423035040724,1
8.90086640615402,51918.34584070768,-103.49582147316964,2.8268159446039203,22.62442222240816,1
8.090333651598357,35095.27853612136,-98.76966064516864,2.239861341367797,7.765425373573123,0
3.1095363042424307,43282.49025059784,-92.0046115350972,2.377721306800267,27.5042637589756,1
6.467404795558924,26609.94049689788,-116.36461845579174,0.9720999076816444,-8.232176429514706,1
3.1862750495466523,21756.09770550413,-66.75418893689414,3.542967026263762,32.191991399528945,1
4.852026603309728,26272.90874742417,-94.32009917926158,0.86989338435679,-3.080107734168891,0
9.87302242007221,36991.713143287445,-111.65326836769022,3.187067185340935,21.02510929158584,1
8.45975746372365,28856.682272343125,-75.10175827958116,2.5101982457686027,-18.286127592771223,0
8.237315433745861,50789.040351735886,-93.4100470381697,3.778091505573126,25.243020069717797,1
7.826418774630237,32162.92771772198,-111.46336001215904,1.6018914607820842,16.035710078654873,0
7.930115526753857,37728.21604855713,-72.14352237037659,0.6323938515207115,4.421770896834197,1
5.082606097625888,27146.23756116322,-81.45033748676474,0.7709819559942483,34.44313413595026,1
7.526418799640269,35969.68051002674,-69.47430368259896,3.0239425155416453,-12.027504634582815,1
5.322128261099596,39299.93139347438,-113.38280672871424,3.178639180431531,-8.492913059900957,0
8.57032946416361,37230.33496405912,-75.17342650400323,2.274742613885305,16.8494513119619,0
8.889693813349169,32454.38763853515,-86.71780419255415,0.9331466369081214,19.75147550308718,1
3.317022255025567,30405.872201042483,-101.89808386118594,0.9400429662675892,22.267723900937668,0
9.814372220202678,38178.30842113195,-115.09440998213644,3.429261346991311,-5.01441117605096,1
4.723937141784298,32900.927403918715,-83.30659043642044,0.9999958722937404,7.00048674448194,0
3.671175410612717,36870.52672389824,-108.73383085699272,1.8729997246729868,7.243065050930582,0
10.0136727788124,22137.20802192789,-67.95503093763875,0.6210616854519652,-6.156595748359013,1
4.000946804522743,36390.71883124847,-102.18487145295464,2.7354838895690468,-20.002712699477865,0
4.540364203685444,36916.460610940536,-76.58481437069064,4.254128884177187,-20.38989964984244,1
5.902866703198925,42482.78605737633,-108.52819529167456,1.1433744246142403,-4.971954678713857,0
3.170702376086432,33847.85718363147,-111.27742958160503,2.2941313933828185,-8.778483471379367,0
3.2940450383677446,43468.71057911286,-100.80169470610647,1.846686025947501,-4.556263748246437,0
7.621902113054715,36910.89675010868,-118.4955573210161,2.536891256422734,19.28357275241797,1
3.727215439482169,38536.43042020702,-102.8953962480342,1.9353059386838527,-0.4186714326895853,1
6.450655479609202,34361.80300242263,-110.99447706925962,0.9969065480286032,6.715631059907679,0
3.448321700654449,33673.98690932035,-85.44535390904859,2.112632488774633,4.153897402011019,0
8.727127730744286,25295.382558510435,-80.68646105503066,3.0896684162319747,14.391962675142729,0
8.73619259473968,33443.02398080668,-85.58301162429751,2.036616903995146,6.475801417983046,0
8.476445026737029,39090.4508607824,-81.99054930693472,0.5851204636966328,-22.726909835432902,0
2.9948677919762914,33774.547223818314,-95.09512954999848,1.5586239396490054,16.542550785636017,1
5.896119834216167,26096.29152276254,-79.06873564376588,1.0775371638010314,0.6947350063716762,0
4.257615462073844,48049.63218173339,-108.36218416361326,3.476298684655936,-17.703048607581216,0
9.420292914453835,34250.53924364936,-93.64207561859232,3.1380402521263178,-20.741246836685367,0
9.327757801200525,40547.90922089618,-108.58748723021093,0.6338317310260076,21.515425723069622,0
10.359277592674992,22164.707036348176,-77.08679227911193,3.814418136362866,26.581862156807645,1
6.792887872235378,31195.309347033224,-79.10957510548438,3.3228759113428614,15.828900827595568,0
3.78218290474074,35287.635784147096,-94.40280548591647,1.674246618423639,2.462448261115817,1
7.854653652590597,44457.72435250012,-103.92584755970148,2.514318921694357,5.23112840900966,0
6.268304745979024,39211.41172583377,-79.53491759054825,3.4087021256670336,13.677785892221536,1
8.01042561586517,45197.01988992089,-104.22914370588816,3.7049118788385136,33.83839122822259,1
7.633957342071237,25858.75456620684,-102.10577588817038,2.57917802266721,4.740793287680049,1
6.029358230838302,35162.81379773034,-93.56301803639906,3.393904166750686,-14.618188719482324,0
8.122566100799109,27818.814576522094,-88.36355231228843,2.2567185505595644,-24.5571254553854,0
4.819917755621852,35286.01077993935,-69.89654914109434,0.5778656302276324,-21.60322598386449,1
8.227345276162222,27507.265188891717,-109.5769758414332,0.9221557827526556,-1.4143808157578768,0
5.498119067769143,49611.20251578183,-90.44137637133144,2.0630166296616768,10.58029158544906,0
3.5114234412358964,38831.29277969666,-68.45215729453508,0.617533786793542,-19.57625261117944,1
3.888656801200278,30858.320385747364,-76.5050734922079,2.452668695767029,-1.5638457739825569,0
6.451836641249733,43574.259364405705,-96.54303541758662,4.249584910207289,0.0668126828607569,1
5.141876746076515,49776.98696500006,-88.83617950300706,1.8145376481761688,-31.41361828381026,1
7.440197505404495,47748.1864746972,-95.04002638545268,1.0989996172829275,11.771453262141534,0
3.633195853790295,28732.11459518022,-85.83193155548126,3.978746121031444,-20.59575032021373,1
6.048220422955816,27733.597366401296,-105.85419683515094,2.999284201593634,-15.776083587256068,0
9.88694612186061,24374.452536053144,-114.68092276967572,2.063493653619468,-8.184835939837328,1
6.931667096714189,28796.188923633967,-85.56506407612687,2.877860018412558,-15.28579598982941,0
7.830961162477083,54147.08066829462,-107.62827443995197,2.8105171831359854,-21.4282270139786,1
2.792572234799646,42220.367380690746,-96.34345471397006,3.3494019124660386,19.99868714063495,1
8.708864702987182,35710.206077547205,-94.74070858610432,2.5961890810497983,13.015854092021044,0
8.8077691527504,29648.412308655777,-94.352223326592,1.4007721542648603,-22.71533777985913,0
3.6918777614602014,43644.24472453359,-99.72076089809649,2.461474156171348,18.501289422150563,0
3.68030692203189,20626.160702298443,-87.85274579673478,2.79191910507336,31.783501437707,1
8.418985261673853,43708.107892190594,-94.028720173516,1.11151963651339,-19.47917570125066,0
4.626335281600781,34735.271666532906,-71.85259320624522,0.7422759364731075,-5.702080474849598,1
8.106049611018635,36960.80033008936,-112.30745461190818,2.233528638499673,22.979265722151,0
4.722279739328608,37394.881614705264,-84.06466994920666,1.6230013433085917,-11.369250087388483,0
6.112985696225378,31064.829546143537,-90.82393863684877,1.113539428933681,20.75632297967782,0
3.9783777514125793,32533.88509530887,-76.84585522836637,4.490302032761822,-9.463888690866083,1
8.135381266007741,43179.472819089846,-88.75324450372328,2.9978922734383744,-1.1467844641245826,0
6.430646281448057,48011.26479112763,-86.98819744469581,1.8385671521100253,-14.74332143083969,0
4.288849304291686,29618.74127635152,-81.59477071200669,1.050619429062423,20.841017097109173,0
8.587345998068937,37608.988151767815,-98.20819949313577,0.948683580879368,-20.18507116383978,0
4.787603997126696,40826.91810752539,-93.0657426380656,1.475556329956004,24.73138779304618,0
5.630569360001164,44024.52343607253,-97.01971500697,2.9882002827019,-20.28534552732551,0
7.125812829955285,43859.532961142846,-103.31852309293858,3.491414833530083,-7.694694191138041,0
3.5052949425795994,36548.59363721746,-96.46530810298675,0.5739923274867917,4.791886778951561,0
7.072835638727668,48679.62324340389,-93.16339927250591,2.349404498856543,1.920187703299021,0
7.212092137722817,46135.02509485608,-89.55469832817933,2.9644268197689243,-8.567162280032154,0
5.479761119535963,47277.918691831146,-110.4864970961516,1.8995770534704008,4.248928713968397,0
8.48721474601519,27368.3403789745,-101.52647755343769,0.7018093295342093,15.059283573576678,0
4.734606984529117,39176.07732347437,-105.76354605067948,1.1965476028080069,9.368894258918049,0
9.157294849076406,44698.27142634252,-105.91406661578674,3.0322324964021425,-31.32517576211765,1
5.358558139730402,45306.257472419806,-110.11784925016444,3.100858805396748,17.882356957496256,0
6.844693662728159,42974.13897876229,-109.98500271558328,1.7152042825955638,8.221895857498765,0
5.996466993012614,29199.73021822641,-92.04463200773108,2.965056204596851,-5.250065588904029,0
5.716914513103125,41785.61076243197,-113.05004235916051,2.229362671957005,7.149347753643482,0
7.574479813513172,26952.568053686005,-92.433251109061,0.6852741426700514,2.382462435546572,0
4.213498683970361,26737.27588939393,-76.48021775904473,1.351452861857987,-13.34802870038691,0
9.780108151724612,52733.15103453542,-98.37985244049652,4.169283161957636,-2.10259115175068,1
7.640696448271332,39936.55789611621,-124.76203866741444,3.797094117093197,-29.164797942694687,1
8.283516107009294,31029.10540442488,-66.8569113629249,4.392289225060117,-15.403605132562802,1
2.679945264987632,46018.287317856106,-100.59800616711526,3.0631037511591543,-19.07108077651612,1
7.293358055408362,30389.68964547256,-97.03765707466414,1.0164050447407829,16.834501473127503,0
6.968721534779392,44553.90644415979,-77.10466024223922,2.970830684061487,-22.90152813967104,0
8.619267883817233,49826.93126023807,-85.73465029337538,0.8493879206874869,-7.313941864803031,0
4.227106635427705,32494.49333126344,-107.68991528714407,3.14661442865506,-10.648443341120368,0
5.102291206234872,47850.92798297716,-90.53902336800267,1.1874358115273334,13.738321321703758,1
8.987703953974389,39599.56553759748,-113.53582048201574,1.1585788479794104,-14.849975164204816,0
5.994662457360078,49036.155034375406,-120.83871479175082,3.1320771230818387,-23.788396237015945,1
5.198672494691594,43165.72836572115,-76.32419469331299,1.7026601987158057,-4.121552150089837,0
5.025434779799776,48076.30381238842,-90.47530931413624,3.3778272584113807,-22.038888649951836,0
2.0661172808393187,37414.27147088162,-115.19476542985473,0.918091089685398,9.886861902818149,1
6.508939840005223,35574.558738071326,-91.3065473182729,0.8369998198576049,4.992039831190663,0
8.257822567917186,40607.92513700167,-103.5273738250851,0.7475305004452465,0.279805465363804,0
3.643335273159496,44881.54232650891,-85.97771386496626,1.0127503663493358,-7.371417840233313,0
4.694905493245087,30981.634381509237,-89.20965680971088,2.173053734545973,-22.375844924560727,0
4.251025407304574,40859.17398184772,-109.33871956519052,1.1126600382974967,-20.41203037884987,0
7.762277667029305,45260.46630462105,-86.98370345362258,0.6576989126911277,18.271594783678182,0
6.989875339292391,44106.10531588817,-93.34104181587902,0.6267893801929932,-0.8853959399474682,0
4.812241068658027,48803.4899581535,-81.63584624476309,1.9946321722934892,12.72627118868779,1
10.37837626448459,44268.8276288922,-69.80398493774732,1.851976718892392,18.59050424465905,1
5.910447856024756,28703.30355926368,-113.7807178889416,2.6593778381090227,23.710058384656527,0
8.628698226634384,42680.21565392689,-92.12020825442396,2.8884763443081485,10.369942452329424,0
6.263046245506031,30894.451846585816,-75.21898595046835,1.6247380202533028,-23.590622723592496,0
6.598412390026407,46019.92916075626,-82.26379140538506,1.7558962248033516,1.775720598946485,0
9.19978400194058,41802.83727591507,-83.57449156695056,2.4108025804505755,-15.915549832144803,0
6.707328238794382,46750.81850667295,-73.12806085591839,3.3278503546162184,16.329043669397926,1
5.6101216284968185,33437.821764039225,-108.67294176402676,3.495300716159844,-2.849391500085609,0
6.886247895180338,49529.04136075718,-113.77497960053556,0.8179006783108501,24.52044324154707,0
3.80952844885561,45608.42203696562,-78.82293149656942,2.4195752519678977,3.263406455952719,1
7.087787202169653,41158.20793879856,-99.17849207580136,1.4798313963357073,16.80366611500513,0
6.70303211307715,54772.37921941544,-70.65920125196934,1.3316209388448077,29.038998223885457,1
3.5434741326860646,32386.79267267712,-100.09314615019684,2.8905787563236163,-10.561805567997762,0
9.24159043742556,40540.8540176321,-72.91559578924364,0.6234063854001914,-10.96933839524826,1
5.709041173667036,34506.34407319037,-93.10870461084298,1.923189014983212,-17.343645093778182,0
3.013308837690308,36913.22375168637,-78.9422002406184,2.5181192123935228,-4.341848360080032,0
8.830703853971247,25505.8222148318,-82.3045629877889,1.40916486034429,-10.982667340767922,0
9.085611021179265,36114.4414189017,-106.13916941191422,0.5593450089936179,-10.943275809081516,0
3.892034111358421,29986.445166664664,-79.61389935100141,2.077442174758339,6.537719441237773,0
3.0564002418213776,44295.31168210874,-96.1882655031038,1.6998284575637377,8.07387632760345,0
4.922104180919945,43923.424808819545,-107.16753164598968,2.342836395635447,20.62189731911201,0
4.287571456202497,37028.05292974892,-102.64039975762422,1.6150857793805418,-16.99734439493473,0
5.6213062309493536,32381.715438178737,-96.80712646284093,2.5512325243406537,24.389425724347014,0
4.8565376344185776,52412.00576130506,-95.24975866847385,0.3959559340275169,-0.2047982057556439,1
6.128977052693027,35313.81993942526,-89.74770662072757,3.335865701739216,-24.260892910553057,0
8.323165909911538,45375.92514375036,-105.54924604213105,0.9393326548330831,-15.136409858800835,0
5.358326650486104,33337.93371507357,-104.06987990548323,3.1065661117009227,-13.711726563555452,0
8.21669045143881,38075.842000806544,-114.81879113983048,2.78606635910089,14.908485333883364,0
5.827568763381701,42669.25371393762,-65.55133478270852,2.790899592960692,1.5676320124593488,1
8.806268673362716,40996.84652829752,-79.48972781331736,4.24605765344825,3.802094644138201,1
5.223052074036772,48557.42098262637,-99.06718891848548,0.8240370972669456,1.728859297199758,0
6.2206302471962704,37110.14012985839,-97.32704098775848,2.4345670246868942,-1.6631339179864495,1
8.254777211441969,27670.446037732345,-99.76717433542989,2.829217201119957,1.68520958272903,0
3.389499607638349,34363.090712339894,-103.13541078507548,0.9550117561760828,-14.78073349519115,0
7.948244333753691,26128.934722460028,-88.68555635732679,1.7965891808514989,-16.570710868676358,0
6.992645847508591,47737.24406105801,-78.4067952971236,2.316360551604292,15.685866212806827,0
6.204371710421586,31508.407374530107,-82.97787026888581,3.0026008316910904,8.422162467421643,1
4.757723628869711,48613.72279945461,-113.43709215397548,0.9731610071048518,-13.79992791485628,0
7.172290423014381,45681.34199464136,-108.40702561894904,2.9100177818122086,7.332359784924201,0
5.1313568347005525,28405.53462462051,-69.35263750135917,3.7858067530871535,30.362562177307268,1
8.592926304372327,48489.48596128845,-110.75157506467892,2.6318458629672072,-6.538428602440575,0
10.17704501506,52539.38241860012,-83.997398554759,1.8881282050517367,-21.310279361132228,1
2.673694400573983,26001.334487840955,-93.40594218633042,2.0756598875113306,-23.39808512143953,1
4.598869913593894,51117.46370921893,-90.53405016934148,1.5310052398838307,-11.21700883245844,1
6.495254713899332,33275.87826079029,-112.55568843335725,1.906082308168436,-17.17734893159121,0
8.912245552323444,34534.73553029312,-86.48926563184645,2.997817983405929,-14.961378718978349,0
4.014390051418549,26402.507149887235,-92.30455884375668,2.60948059565707,-9.167192852485451,0
8.733091858539913,37540.04158254969,-79.28172666270598,2.5195248377979644,19.138197585842967,0
8.748371168660789,46565.15371344106,-74.18656607470544,4.236593680314637,21.364270048232346,1
7.377723716075914,41664.027848432765,-67.17018631857627,2.0298000781368857,-33.94451551272253,1
8.218529875158163,35718.85790314713,-100.47914610697796,3.0316788646027675,3.4674847328926184,0
6.275232849482918,40792.062922474506,-98.17556302868589,2.241656973516226,26.63220082843537,1
5.805353006598784,42549.22897089074,-80.73490398221307,1.7414165215742103,4.526155527585956,1
7.2893923552097295,35989.42063620839,-113.82401756685384,1.996711819782179,-0.9799842161064732,0
5.582807463320734,33153.1701342434,-103.95196720371004,1.8744715433678456,18.673312668637852,0
8.481631951586783,22989.267490114613,-114.36072960475606,4.124310860283412,-23.417949152182324,1
5.752910103877111,48366.2227868343,-83.05551501840542,1.3721138350015056,-12.734372068207051,1
4.964430777546267,25407.48324298993,-98.06204948355855,2.5258755723364037,-7.793810308278676,1
4.739991350178474,31190.511622220336,-93.34293517792622,2.357742544081905,-23.53283503396513,1
3.367172736010352,36349.06124905939,-108.0494069210858,2.4678044097215794,-27.630252651599136,1
5.897962416390149,47114.63045604766,-107.63439884148028,1.904979196809581,-1.959815486444612,0
6.962826097429561,46457.37990777867,-103.86314480039115,3.377170293833607,22.44495540889831,0
4.749538299452433,49086.8671957725,-87.9961028392585,1.2389482877324138,2.735372502934524,0
4.166776961683658,48376.45797176169,-82.2439805557683,3.474373128612276,10.333420778762402,0
2.6178791077405688,38865.522841679456,-117.90423522801214,1.5197376524124662,29.22030435631676,1
9.09777986052605,46515.05578935306,-109.81172047901482,1.239488823031293,-5.326169424721613,1
5.361463543091562,49405.57591870603,-109.48528416483394,1.653101907827089,11.993156572662508,0
3.711047796241539,27550.59156057676,-107.97988440331667,3.215948108410015,22.26732238673062,0
3.759473365070316,26104.05403720524,-109.88514021062537,3.115038677454847,16.74020189084137,0
7.001201495937114,49398.69899950727,-108.81485100693152,3.181271833244024,8.842305315927376,0
5.841844957111434,25802.100442310468,-94.83153764215682,2.894834734359458,14.506875179264467,0
7.986249353332038,35773.66821798604,-103.9254035157814,1.8538657625620611,19.02702934829506,0
5.4745902831581645,37594.7956732176,-69.42835001562113,0.5015584673392515,4.412028291865113,1
9.469342467018471,35737.82631285052,-80.51227882064524,2.393249245789318,33.61574090472968,1
9.712463273511055,29443.44046909082,-113.49530091062252,3.098678945357748,-4.567461852397006,1
9.910774660493036,47578.46469609455,-72.598548158395,2.641801902526942,17.10500082887581,1
8.353817757685277,43905.70472031072,-104.21868581928696,3.0146914523094512,-9.64551216596491,1
2.024634304716667,48687.11131743397,-71.01750540056452,0.7139273356211768,18.974822009800143,1
3.3704669792242674,46222.15711400718,-68.12055189251416,2.019379835202721,18.019402771920294,1
8.697655823889075,50758.07031544589,-86.95193526188643,2.443324435080211,-26.18883949303297,1
10.327384211486656,51643.1164238972,-110.68328257972608,2.257123667007777,9.79666201501201,1
3.194813627020307,33041.29100871492,-77.26201427735265,2.321628680763329,-12.480857117703724,0
6.659041721745437,20902.683488923256,-92.56522748830388,1.5766741601040557,-12.226661615059562,1
6.640418269470775,22627.75088635485,-98.0247907652932,0.7769071830374459,9.19071920204118,1
4.148128159689603,53000.35816177797,-101.62791322190007,2.074344650515496,-16.52677617505238,1
8.216336333736871,43081.34173992989,-104.01305815065216,2.76107683805729,-4.982782870617808,0
5.077679429302558,34125.59606088663,-87.82791318478431,2.889695907972172,0.9875691174502528,0
6.340807301310914,31747.648691373248,-69.03789132472505,3.610827900100267,4.736061882761,1
3.061955830936053,32935.22136842282,-115.55592111981493,2.339837601839375,-0.6249997950613277,1
8.84076330727889,29104.479476284512,-106.4888667606545,2.108689949080719,20.76003314095728,0
8.610593713995067,34897.49938595923,-102.76003854721104,3.1661267886403865,3.5685193379258067,0
4.945352191993758,35708.53674638893,-107.71271838652272,2.934631562295892,-19.5652503559853,0
5.441695969712919,42068.258852538536,-88.52829847498128,2.117900791756581,7.676704920935101,0
9.285605368739557,29901.96409143384,-84.5774578994845,1.752360229979051,-21.18295620804834,1
5.522875894150571,32270.041183434405,-86.48339456493022,1.2352040908728923,8.38733012517391,0
7.829568029263852,39307.54742710601,-93.20922604696888,2.450905220560679,21.078905696835943,0
5.471977117581066,29579.466172703414,-88.28648288728417,0.833028495875762,-22.444372056583845,0
8.962186636707862,26397.716396311243,-75.14431805974172,1.1582347581317745,17.325254523256653,0
3.509892319952441,26932.786024850822,-77.57928520669955,1.1737430222049885,0.1747943452793947,0
4.222478731876892,32492.730739728577,-81.69488781237217,3.3722687840657235,5.107219350364289,0
5.3955345271111135,28480.005253245155,-112.0864135670766,1.8829565426977035,-8.219279903733451,0
4.721434652438965,51732.2811149161,-116.91495882000608,3.5639672535382134,13.046707563992108,1
6.937795763658444,46036.82416294696,-88.51106262238582,3.3225448292793107,9.534122764117,0
7.848335992375663,45571.85668825853,-92.10820247561978,2.687583995846231,3.828954425565641,0
4.343922285296561,28464.413169963416,-93.3458469259594,2.900315177492281,18.12938307900341,0
3.178223790991201,47847.4681436309,-124.14765549353932,2.092070449219611,15.211094822203016,1
8.793062183930116,27472.04680515948,-83.49057443046325,1.3995556795100224,-11.327129353714616,0
6.421556708272131,41150.62051833719,-98.06374534711586,1.5854842890403538,-6.87011655089778,0
8.139432795828093,25347.96637752253,-93.53710766923764,1.864358083201624,8.64141909368768,0
7.90251582638692,48740.29331789972,-107.02557270549867,0.561140051960997,-17.38088271076048,0
8.537162484399431,46735.3908653192,-112.0053903009206,1.974943883433204,-12.955409165138445,0
9.20394439561576,44259.17623061535,-114.33242392916576,0.7025977078183016,-11.890736141896646,0
9.619255930854084,29131.640001518022,-102.82304451637734,2.385195287003964,-30.41461122607481,1
8.292271158314815,35943.61601238631,-116.6097088102387,3.0641621249864994,29.789675097213888,1
8.062590506011357,31979.72860491296,-99.60046785206475,2.887476413393937,-31.21404514689852,1
4.812864339619072,38932.038974398325,-98.10979066284342,0.6955260206887784,-11.861221165291584,0
4.293271180230615,41776.26926519972,-80.11327601164436,1.1010968448287848,-4.8710073692409495,0
2.764922688804232,25517.754757496583,-75.41497773232571,1.299161367260367,-5.0975643643932,1
8.610734050650144,27961.596605970164,-98.9420568791158,1.432866072907316,12.198708933242344,0
8.122396551723709,40137.11338903115,-88.79502969458537,1.6832569801116195,16.573763897129915,0
8.321780410650618,37920.41832962292,-103.62064461495832,2.0378862552561072,-4.295746527362532,0
8.313372863739403,42822.46711820411,-88.16518938264257,2.1004547866853835,23.68409444495439,0
6.678207420704498,31475.392334390068,-72.3905387717704,3.668943994980081,-30.947990740692514,1
3.1902678083491187,21364.371378214822,-65.19737898132152,3.8735908013089793,30.329623641092468,1
5.402371930561374,35525.998533106525,-113.74951445684714,4.2681856199773724,4.502458116319907,1
5.556143373984476,50155.21002703864,-77.01195531793655,0.6521013018433115,8.788033391198923,1
8.431017871228153,22369.92820360577,-113.37739740578807,2.900537679303836,-17.40332777229583,1
4.729916976381098,41965.20660026384,-104.25449505583774,2.986475774886433,-21.972498885429324,0
7.211426027617673,39025.86073104058,-84.40023043746984,2.7945269959662,2.25325221729225,0
8.865561389474092,48174.31644012174,-106.3419755168544,2.153619443447873,13.970484942678802,0
7.180837620813198,49126.84348064031,-75.1286289928119,3.769584815774811,-29.24697453795924,1
7.586966813660226,46443.12118338024,-103.96848214318771,1.8526712049191196,-13.679252350732718,0
5.030660254456673,40571.43862336117,-91.25120793700948,0.5702107310346705,-3.979576405938325,0
3.625789477680097,30700.08119131888,-87.22012539952618,1.6732137754387415,-13.69895358693218,1
3.797230535194441,48682.05635170439,-104.75544832498622,1.9233013349394223,-15.173097540341336,1
5.09242386014898,43271.61451479538,-105.96677926427144,1.2914361007407749,-10.188290584317826,0
5.927172612521172,36160.21713944652,-112.86252740809012,3.147440436678908,-13.393961772766133,0
6.599698473267839,43238.90639510936,-99.3001773795198,2.1481222406558027,-15.917374671142891,0
7.941142892869279,50886.44070698482,-102.77774638482622,0.5140830582401243,13.154579528607409,1
3.824773095989767,46651.96987477892,-105.0129103224744,2.634184546517507,16.42409013493163,0
10.37870500833444,37178.66737517256,-84.2276010739764,1.908393428846609,-21.185891580813752,1
4.568654728041468,29831.715422806712,-93.00024292225304,0.3857135051681789,-13.75705995363246,1
3.532981389429233,42810.62529313062,-97.29889775801136,2.717493166508937,-5.776223968496037,0
8.135757884206889,35588.06983986739,-100.8155982413442,0.632063578688103,19.979349356833097,0
5.381334172686762,21384.700438999786,-124.5636807534882,0.9622667456811258,10.638023506867391,1
4.428712510180912,45787.46143414135,-114.62764937456716,1.061182580845608,19.103259969916643,1
4.108829121665828,25451.65319125886,-110.97939515792233,1.3824339611266117,1.7326916536116883,0
3.618057955291601,35669.10015652395,-88.39568547758765,1.6229030703066103,-17.36805376156381,0
3.0977885602962045,44325.13947816525,-84.59164852063438,1.7896895204415264,2.4117381134264484,0
5.88479148135878,49319.681773216085,-113.13637033429264,1.935910790197939,-33.51769120208153,1
10.188814635094726,41276.8926071977,-78.81580438635565,2.687411807511446,-29.413177983902205,1
2.4146420632299868,54422.1220176175,-77.29023371778028,1.1213468360692531,-33.70211321277584,1
8.333884734708263,40750.12342131116,-118.44174278789848,0.5381831656454562,-15.082928884250418,1
8.04178781200559,44141.66525546459,-113.59540843871385,1.4152006271580837,-14.58677068701103,0
2.5713670281148757,44740.42087431016,-89.96139335201747,1.5483394302107898,22.154977824917893,1
9.022672542485967,39383.61171852079,-91.9946918495632,0.634710805529112,-0.2351446441814566,0
5.924626135492367,32737.043283416016,-86.32353056002422,2.4399443414150777,-14.168289920711947,1
7.18033183667603,33615.73874004834,-75.18145645226296,0.9861528253643644,17.54910356887899,0
8.092949937136272,39481.98955209904,-89.52891977073695,2.2062836046859804,-17.65340740593009,0
5.64275355153851,41400.58199088674,-114.251337259633,1.195972099824675,-2.461887629998621,0
3.03652089567366,44107.63568413914,-93.35944546586695,3.24057348997901,0.5218372692454061,0
5.7878718927692825,31503.944499278663,-111.43754930554842,1.6037604623315382,22.36217542262483,0
4.794508157615669,35090.13487404168,-104.02608743495772,0.5807053361113682,-16.78977079268964,0
8.446053937051879,43765.17101942301,-75.09817277979536,2.80570606232668,-14.900240295627338,0
3.9758325098164464,32167.824055175657,-109.84770357098732,3.019974145812649,4.57006066801171,0
6.747246885381371,45038.59511314143,-78.11520240568848,4.223778599155575,-9.405177599124013,1
3.86784002663122,45499.0722973554,-112.0067806268049,2.203462184867625,-3.2508560782507345,0
3.5988053435775536,49704.78770627188,-110.50357640721488,1.927068109760433,24.16843936408938,0
4.5913091044749645,45530.87587669499,-114.68228216333324,3.059179353087351,-10.466969990796716,0
3.2200236066834496,42532.20709126684,-89.82111681733008,3.107987304799797,-24.605084896553127,0
7.368100711742938,35508.86555772761,-106.97824991616037,1.767564459621357,27.30641288306457,1
2.439790662792761,52435.11712860875,-120.23161635017358,3.951675653193316,-14.330719559583248,1
5.212035093351437,47769.69946232236,-110.90328567687386,0.9636647441249242,-13.944324913779816,0
4.776975058802406,22582.98542003881,-120.775208392998,2.7173052353903238,-21.523148049940414,1
7.679484606078808,42577.44269294272,-111.19865959519076,3.1220529715917924,24.062938411601174,1
4.344683754703473,36955.86993276987,-112.2960880816976,3.004504525059614,-14.673638365015712,0
4.898799420170946,36037.94775194762,-94.76413533139498,2.6976556823512774,-20.03528805289577,0
9.452182555491785,43202.36884888763,-83.46508122970202,1.984633873064418,-27.325955147853293,1
7.4058080505198545,25052.08321897256,-90.04200166894643,1.020905100997821,-26.375252219973436,1
9.137289671776614,42942.92156750435,-85.60706663032164,3.246268667240058,4.448743065064335,1
9.35387025582237,37037.82003532374,-116.95438813788948,0.3707840273524196,10.520209250322663,1
5.632075460264882,28758.512946309456,-112.08551301871614,2.4539050631990325,21.85335538320792,0
6.708175593470426,54841.29771919071,-105.70957797924235,1.156201753166151,-23.38386136780537,1
9.082167852625393,46562.54413165056,-105.69309821431096,2.149851845742357,-20.3263800579532,0
3.4273639764120185,27060.06832971216,-111.09030312630875,3.1429668035287794,19.342106706872187,1
4.1742572667241005,29207.37504026604,-94.65048944277412,1.3183746612797838,19.544726112163687,0
9.070622055539522,28853.75746295121,-95.16206897712908,3.480756724170175,13.518389457153894,0
6.962600929593347,43502.23263711363,-77.09639198698488,1.123363717470654,-14.448740234730352,0
4.989499530803502,21704.77619290068,-103.58453373349876,2.0249876537024605,17.290528555198513,1
7.8922165137228895,37344.78258405381,-117.77766873318912,1.5923940110107502,15.030073956334212,1
7.162737421576759,25389.817738017788,-78.11654645756224,1.1180895172131216,9.46947601300888,0
8.922959612571704,41059.32699166412,-83.95593908986979,2.342925094428912,13.554867920242522,0
3.519801947110976,36490.15702524963,-79.02378757514444,2.350395062444848,23.972906683428725,0
6.974779098400221,26620.217914720328,-102.82634471104646,3.1164484416064497,-20.0978734053824,1
5.070262484121628,41694.49486826491,-94.65216230465312,3.253428624540012,-12.40627416107985,0
5.459938929857373,25863.83006257156,-90.42549302780868,1.0083971535542218,0.1711680725771494,0
9.479245281098429,27644.81917905604,-76.35212779517387,3.238052629735631,23.69017162957777,1
5.609572696970112,43082.2123666819,-113.8104181268409,1.6722624720468984,-15.659048840799969,0
3.556484252727138,43001.86660260486,-95.4568861260485,2.7744939604473995,9.530466972326153,0
9.195990846289725,33713.83449213274,-92.94011543633805,1.3829626321876884,12.25972280241986,0
6.627948908153559,47535.86204380754,-76.75505850627167,2.523342815886348,-21.18603675739169,1
7.90433849226518,26676.850762750262,-99.90299608233444,0.5017201741159519,-1.961364772583156,0
3.627816965319802,45362.358762138814,-114.05977546685338,0.5932923323463813,-18.946223256331905,0
9.46110584211772,40590.21208308784,-105.6490752073171,0.9088765237385418,-18.27789756276121,0
7.833283656793568,20602.620635314262,-98.51340609245572,1.1946881380370418,-22.262357784200283,1
6.536112750083746,50992.89160997039,-86.89612442029659,1.929970536840603,-3.205022187488879,1
4.389569744544716,38994.8505677832,-75.08399548512513,3.3182214466702344,-5.877129221630895,0
6.8408088233236,36231.78345425064,-102.98869970693792,2.456164088521109,-23.064476319873236,0
6.51379704904984,31810.36069030785,-97.20620270517024,3.4086267936636387,9.88114384535237,0
7.088664067444864,40493.39513752724,-81.35331500166943,0.9433271249009956,9.036344752533942,0
9.12691287749188,29999.92871299886,-118.77301416111128,0.3003593442494514,19.953841486170163,1
4.739892651796917,34270.851970096715,-104.80755278768902,0.7965037957983933,18.10012037243464,0
5.473945560197453,44206.50809460971,-78.5098888471147,2.196474735542507,7.976517030102194,0
5.383111439078497,29784.164904946687,-75.93172773212278,0.8773336207343831,-5.363772664501983,1
7.269332336573701,39402.61137284199,-104.00915086455385,3.106811787937652,-4.9447497882061775,0
6.824847171648022,36731.79401050565,-107.67086572943604,3.490829744902925,-29.3262701166842,1
5.3108343090281815,38896.94851078509,-94.08354984796216,4.4668968068706025,32.73612400413411,1
6.142082286486997,26285.15654269619,-78.21015098644475,0.8072081897976116,-17.38078075043522,0
8.105797059048754,44548.42729973395,-83.50067426343679,0.2155182498617358,-22.366354091483306,1
2.8862199923693463,34544.9164262687,-66.73604076001752,2.510979220802921,31.80382426709336,1
9.946609644448314,26707.725875612905,-119.40532795563746,2.0318215817329013,33.43177177152681,1
5.531227270130419,44273.88471994908,-77.74900236278789,3.6281765790077207,-29.230601647453994,1
6.535909918611996,36640.4023073914,-91.50473155671662,2.7061361273680835,-1.2665278647008016,0
9.120445421145874,28854.85667198908,-88.65068506464982,2.661898305311819,5.256945393092771,0
6.570837561009298,50405.02748767428,-72.7217562808134,1.1549506787445571,1.9954128455999156,1
8.812063322888555,32602.851937544336,-109.4703742382776,2.7734980088526653,-2.435432766823798,0
6.79116323380361,33899.86126368471,-116.83544455741244,3.074243938429104,27.492906865335577,1
6.454464225433517,25646.499180616986,-81.02141265787955,2.3642009939656363,27.886289083311567,1
6.443794178890081,30954.18986302164,-95.31884492600408,0.6796852269595689,24.84796350537742,0
7.17753185079069,37796.12347276316,-82.5690200679459,0.9209915917749396,-18.1447305998284,0
9.639142791860202,49873.17746687144,-94.74808126050264,4.104713438834192,-30.569308912254463,1
5.4962074107302845,49081.217763831606,-102.41985327271324,0.9194905664277012,-11.151617152757732,0
5.339403619896128,22263.33885129195,-109.5580188798107,3.216757990289335,25.95934018007544,1
6.754965746308377,32817.87302155683,-84.47514499445487,1.9947966261797263,0.7362419615742226,0
3.902609677366337,40047.72941077026,-80.23978873174508,1.3384025905518666,9.963231068640852,0
9.855322661894856,28168.422613281306,-100.57072341251988,2.511450449825388,-19.695814406636742,1
4.920690109456405,28924.357816621432,-109.44661771380296,0.8930658853004008,-9.898225930700876,0
6.788453015756822,35951.010542120144,-92.5583997634534,3.130525135344309,16.194260781679418,0
3.5644898803044205,49836.36497789592,-78.66267531064679,1.0953784537678166,-15.094219752370025,0
2.217042642973297,32111.992741780647,-69.19210907115233,0.3308547468058329,-5.204646808203485,1
8.230890738294487,50654.630318724456,-114.6019565543717,3.318087195829275,15.795347076979446,1
6.884944722479334,52626.666911543485,-75.27927720199217,3.4977384606048183,-3.72710417294708,1
5.648323128471533,53511.742606440544,-76.89360844048926,1.1269458000442312,28.249613408802738,1
6.72575355670635,44977.5551347208,-90.6856621771847,4.477184177782256,1.2741079919096308,1
8.76675969877374,28262.135131202383,-85.2965025300279,0.8610630417102336,4.328072804335569,0
6.962964660962096,38158.88800235816,-108.7025674393331,1.285000200734193,-30.14645336038772,1
8.323621140238657,25370.61748193085,-90.83786613806744,1.8991946106261224,-15.956685348536112,1
3.6104156423356457,32615.056783685948,-85.55254151353915,1.8578490575550908,11.740750205062715,0
5.875194636632424,31633.70714646101,-86.61379236716742,3.40588750535729,11.596146131060088,0
6.656167075755995,25867.22721635425,-102.3222494190864,1.5315410453366685,-6.354253199536693,0
4.0512040466816615,27788.567886101624,-97.90557141862674,2.5559250253673724,-20.83093868805496,0
6.076855005884998,29408.02880147331,-108.15641466921625,1.599451283164984,5.238902593002251,1
3.813606918324868,32570.6151527219,-93.66087880926476,2.0077194342237883,-16.56820491261466,0
6.397558123629672,21577.93202764265,-116.36717402646649,0.6149515582767218,-22.224169984692463,1
8.151932666272302,40876.40853380418,-75.23430704328936,2.591858561537544,-8.66842214211146,0
8.806072304053906,36788.49458321615,-73.42160971272241,4.290145280393882,3.5453996591447066,1
7.288949737714948,39142.67619553498,-87.70465594441518,2.195420701254804,-21.73196874999829,0
10.340101246246707,34335.63287856768,-76.80095416215231,0.78524351740315,-25.73809654201464,1
6.152899074158625,27901.627136554474,-79.19683300396805,2.6642092416767973,4.635333113283579,0
3.990249107822719,46671.85644896526,-110.40846172017685,1.150873356226778,-8.623013593791047,0
4.997929508787447,41157.95770029343,-102.39403535438724,0.8637877459082596,11.17534727848765,0
3.140227405430939,25722.950126782005,-85.14169387673104,1.8606676197836864,-8.16739731546151,0
2.570359186732741,42020.33191801459,-113.90155773198693,1.4872884882881652,28.537430511402043,1
3.356803857393641,49390.41145815075,-80.1876642913225,1.6727669525454982,-14.08056813898998,0
9.251330782047049,40860.37247402237,-76.23022319888366,2.747303866510916,3.756898539516701,0
3.561977536081559,40685.426841972905,-116.51845571103262,4.236666118649101,25.0380897025672,1
3.274208451365752,48435.52309080584,-94.16294988329962,1.2599382210052663,6.92600060210119,0
3.1005562631366965,48232.33280785131,-67.5611071043829,0.5646501170108218,18.09884777155576,1
6.592602538052633,47578.56966754604,-113.75597069656784,2.198140614265718,12.694071242658929,1
7.472397536954733,46333.30270298733,-76.00047041258814,0.7694852609184664,9.753825977031989,0
4.290599158283348,31415.12968896488,-123.76701232384444,2.232111182062821,34.77705998992843,1
8.416802315729209,45155.0046641691,-112.11698013631369,3.085293086067765,-22.88488692186043,0
8.142802965267068,21510.61310246399,-103.9768686722782,3.2847145240468043,9.063631227024416,1
5.930219311773379,31556.60089777628,-111.35158063111705,3.28142420816865,-23.13991183237444,0
9.408643318986844,53642.2770215954,-76.22287953046049,0.3458824207414805,13.371914769694726,1
7.0427839499042335,27408.340714903818,-111.9393096384166,2.7548292395461105,13.378605429898016,0
7.5634599868144194,50421.44125090562,-81.36927248621774,3.907440895333314,10.557124080968372,1
5.839097393791616,29878.42691816811,-68.3503947238878,1.6913580836908493,-26.075238293477856,1
5.048726552123595,47466.12510613963,-112.73337865663744,1.3339820349608722,-6.490244637947761,0
6.321730863328475,30924.467780448853,-101.96843815733018,1.6140780857757742,16.134647161147093,0
4.009283353001052,41370.816888583744,-79.58114731614404,1.428111960649996,-12.630174034240389,0
3.5859138565167665,26986.87167404093,-85.80187879799702,3.3346008455820444,-16.744343722121158,0
6.159905998034864,48998.02630212064,-98.93186437414376,2.814078980412586,-9.852274348966333,0
6.675238907674864,48312.12919238921,-112.32823557582108,2.833219630946499,-23.86324651640695,0
10.154855311687111,48788.23240253069,-115.09205181438276,1.2573171395088036,24.47803175078986,1
8.528022719173379,29286.477761704504,-76.63861182488662,2.2996014354606182,24.070794742879983,0
5.874038695481248,30342.535024727506,-96.07255256362694,3.2035424774847625,14.801238006339013,0
6.239684295780978,37944.26906284665,-103.9421907248884,2.636900575460473,-4.444306287068816,0
8.883849233036832,49454.32660034718,-92.12158277001842,1.0087487701769766,-5.9633988255628445,0
8.532388387128663,31353.855028363418,-88.36505991535682,3.2689404095228034,-24.25081346410405,1
3.349076403553467,26383.755092229505,-109.41070338299389,4.252290068652941,-9.04536442580412,1
3.1255253282212987,43245.3830447201,-116.9601429402552,3.3822296897399493,-6.6851509549594965,1
2.6540335917373805,25204.39485347117,-83.0052449682956,4.138551535871488,18.90149305371225,1
3.2583248979179142,35456.15272322527,-89.03273839842362,2.639644877585138,20.12586396473803,1
4.972893851947472,48879.89402819698,-93.02685461113762,1.1832178724545104,-0.6732614312972913,0
9.76110773949669,29602.18923508192,-122.08662991549087,2.00968163498471,-17.52469798339607,1
7.496709875735763,30386.88936553109,-99.09844259082698,1.6322750679380769,-23.14194161540887,0
7.706101748503921,38205.8772289785,-103.91090226570176,2.90411225154494,1.8420171079036225,0
5.729935012394068,37014.13893933139,-77.876328374042,1.1293609015343409,17.465326555889163,0
6.82760512669801,36892.799745078846,-98.59394537154574,0.7382147521052485,5.005105214779459,0
7.425886404869347,48265.48298728079,-99.07181850528517,2.10878025635568,-10.764758715216782,0
8.828256938571297,37552.13000235176,-80.28967406608302,2.5979514382585283,7.445583864691912,0
4.771841880265447,21632.34196001933,-108.75009518826522,1.4456759534258894,28.16159785486682,1
4.886636954857524,36293.81517653797,-71.6809554885156,0.9375200630599572,-12.3002701862863,1
4.864939159648027,35747.203749745866,-91.80060875217272,2.4641168711092147,-1.7505904876492906,0
8.829115495680554,42320.28285101752,-111.78684062489398,3.2604728231898013,22.40317744387593,1
5.438771451350395,39165.05267243146,-66.98680864801679,1.745033870880444,-10.935405407626844,1
5.083969699325139,46992.54049248659,-70.02173375615465,0.6182984544590646,-32.31329614908671,1
3.1015483700752577,23356.24235991787,-103.4801126989404,1.5667598688446012,-33.72891019438367,1
7.9173893624020035,32728.002814155778,-92.9323449129683,2.41516688307826,-23.381660416597445,0
8.682660054323442,28723.840739773863,-91.82617150754164,3.274447435260567,-23.15611662884812,0
4.581103308041895,26251.72115159464,-110.43929358286412,1.9785253134799927,7.02698774141961,0
8.317345906597568,25563.37786641189,-74.99569807406624,2.9905865092753308,27.925303869865843,1
5.453436230405575,23701.34716395659,-71.52108370512369,1.2623715102256847,-19.79909415614158,1
6.87295707875498,38857.61313122257,-103.36901872246943,1.962489539377697,-0.6949519688801047,0
7.355867811887705,46443.327360008814,-101.8078534568414,2.5810210219502974,-10.589110231927211,0
6.173997716426257,31187.76073168372,-110.62456010425792,2.9567793164564105,3.363336503522934,0
5.639178164180259,39125.05456119923,-75.3906787344109,1.1775717578822666,9.202081273519276,0
5.301115299073924,25036.39056241385,-101.14733083706824,2.725962849238225,11.445987871515037,0
8.930446921604446,34596.94144319524,-99.19332571346555,1.636906965441259,-31.815910491551257,1
7.02148914191346,37469.93751261499,-109.6923813742323,2.162281460907692,33.4341445884244,1
2.9651124665954507,49258.85451738163,-70.94122930153355,2.9523341580576234,-33.05624234272052,1
7.265544547111788,33041.72575687875,-96.99072627491564,2.7102361501833045,0.0095812959144794,0
6.447293544659658,39509.09734707656,-107.84289835484078,1.3799520862216157,-6.1832241719067085,0
4.755786222373566,42698.84000271311,-83.70026396400019,1.862907577128828,4.42015118677282,1
9.097155003659076,41917.932218447386,-109.69131374204544,2.6737118967597007,-2.03157946929775,0
7.554643184147953,49782.66204858397,-95.26974851483632,2.122754421707518,-20.649668142175187,0
8.3623837110468,20774.734745877187,-105.0291472636036,1.6610762689254597,9.14147897715074,1
3.205208336723646,48705.12926960753,-110.60417914665211,0.5568121025198377,-9.31537582770724,0
7.770459773925014,45946.66962419876,-97.24248438690648,2.847113998385296,-19.08651343921619,0
5.479653742882546,41274.0184336678,-89.32299904433437,1.502023644707795,1.0960335584233718,0
3.106607248304706,42519.905437993206,-96.69695684305428,3.0600576144859963,7.1238886647854045,0
8.877996500080968,46840.61276915778,-98.12202266353988,1.4802774833782602,-8.864203244097641,0
9.08531624187642,48176.98984346617,-86.19478970879717,3.057188524183072,-18.233037678808643,0
7.186878605684512,34782.79661015316,-108.87609930431208,1.3754167967795117,-21.81753098024592,0
7.379413975173175,40985.82794221052,-77.50686373676922,3.375723786377145,-14.993548311382366,1
7.056929996807666,34462.71217228543,-80.00290820932065,4.12647916250601,7.499514573594844,1
5.731313988840502,51574.17191187243,-89.93171355403436,1.654810388801687,-16.241796467344432,1
7.967198391378412,35764.70181833114,-85.96529265539321,2.325240110771117,3.1572351402142047,0
3.47555820327952,43443.25872536614,-112.8270585974643,1.7233731398058156,-16.14053962271717,0
4.056567652091253,34532.27588298404,-85.17464518767206,3.273983416815704,-18.406364356088417,0
9.45497075195228,35128.79018851935,-80.35314626272574,0.5548596310760829,17.337112165368936,0
7.692614336221003,40986.29344367706,-102.48302619999656,1.9915780791522937,-15.690392718998911,0
7.577766321989882,38507.56447658892,-98.61604998601344,2.066201663550199,20.230105253864014,0
10.455128327529351,52092.87274713917,-83.52465093361144,4.339012271828113,-4.552505219432312,1
9.058065609324313,36327.52078567247,-103.27388759206713,3.0755007587945555,-11.074326980483267,0
8.506635628318934,31933.900547672365,-93.0603720142774,1.305242869125801,14.19353190656402,0
7.060051790864013,38446.84995216463,-107.97092270901244,3.0920189609878803,27.57779040317049,1
9.392833145397464,44182.83222102552,-109.09467255645173,2.517973827235234,19.47145405952285,0
7.941840272647635,26011.18740506645,-104.09554583612186,2.1032980796322445,17.549572596121408,0
8.562182765803339,25542.53428643999,-82.12240310211541,2.569157551728281,-11.202143162819716,0
3.547616653986913,38834.91579461825,-90.99968531096587,2.3227792967465697,13.948482625662995,0
4.918217935589509,43687.02162345929,-107.97439718222772,0.8964793932403506,1.9703879492210523,0
4.506743347011859,22424.49230138961,-108.34190487670688,0.696850693581174,7.726366406934751,1
7.622815124014675,20044.431116540734,-76.1046518876741,2.4171871576407544,-12.904260140325349,1
8.751530797397614,20711.384576110067,-91.99156162823786,2.9726590978376417,-33.37310623206496,1
3.861295529212296,29684.79458819693,-97.04625291914196,2.164220001826603,-4.597791245843126,0
8.152754198976918,30048.29386129285,-88.51627066794066,1.970751080769183,-11.916736311302294,0
8.92120436498298,24946.740712853178,-87.06600886143457,1.287350950506026,-32.824256339481366,1
9.441101787324891,25372.463999922536,-86.20692603292395,2.9378656757671457,-21.16941621279173,0
10.311109086967996,34876.81271316655,-68.99548526274012,2.4183291859486595,-26.34643003615041,1
8.255626029907791,24329.369581821607,-93.28471507228151,3.803310410311914,17.389029412617177,1
6.119040406799867,43025.33434932421,-114.21977291893134,0.8549454703365152,-1.3947955660538869,0
3.281318299241237,20963.17175497954,-85.6874661319305,2.253633071237679,25.998771346833895,1
8.566865357983541,28247.681330136664,-88.74421484355398,3.19969164538173,3.3034402143955437,0
5.45251208566485,34638.24646663752,-96.02087993771087,1.4352854975756129,1.0992852289124997,0
10.42330999909319,49452.35105487378,-73.19891520250246,3.362138647511828,10.157981356799468,1
4.182280149740816,46909.75032324344,-77.2097138063076,3.1530242913303645,-13.775643326068437,0
5.267191922683908,41466.17101196729,-81.04934846709645,2.575218669970672,-2.648236980492026,0
9.479984593159454,49277.33581537053,-84.17397858672209,0.5860153990665321,-17.421867540198427,0
9.14703061941394,37189.51102467576,-102.2316980679729,3.423063170378236,-1.474683547098966,0
2.520950534937666,50945.0914703897,-93.24682490638236,1.015393749907621,31.364628778820943,1
2.4890629977170318,21621.252561632395,-83.15881041474901,0.4820995758811696,11.485688079251524,1
8.268760669011739,28636.316381082936,-113.95421824656812,0.4326644009080921,5.8980189619628405,1
3.892274206206,40391.92586036231,-91.5267800571674,1.2273741152308604,8.491698244655197,0
5.78179732498054,40985.45287738995,-66.04673436913356,0.5795322385429698,12.643359923256064,1
7.984303736296302,20649.18596979466,-74.64526088736628,4.417312752776942,11.10716009285354,1
9.475480006842943,35050.68380471375,-105.96456091863745,2.728664076878303,-20.402108238001603,0
3.546674088639482,46068.52815835345,-87.39825774964794,0.8805131889141905,-5.549798884399632,0
9.161244337508034,32003.06271828301,-117.48709619815844,4.082722959499749,11.479203848410805,1
8.164947751419925,34044.359241377606,-113.80948291940132,0.9367529176954594,-24.50256432681317,0
9.70396494704284,39520.05637394901,-77.87887144866386,2.452007028730354,-12.477209031180196,1
6.411947088725695,52836.46122521095,-109.54201040007698,2.096420104399336,18.07934283939433,1
2.847891940596702,32903.05293951244,-121.95744950343952,1.600927643151096,9.210052342792755,1
4.09010815974375,34220.858530684054,-106.63396747419144,3.376074770158377,1.291383139207447,0
9.152793489809255,46497.98209582015,-105.0371227802026,3.516818838538208,20.854738105845364,1
5.766770828987395,39616.3577873959,-98.9683198611284,0.9034160317969,-4.913749633389564,0
8.72596393713843,46926.8356282111,-104.44822579110378,2.0774736127049582,8.801081715811613,0
8.722500192184011,28426.54480031304,-78.17073367724534,3.081757057019826,15.06126456467846,0
6.880625771487722,41644.007750992736,-107.56541932511269,2.9400186941811968,33.469940460941885,1
6.61496105003709,42767.8603710176,-105.79637071649132,0.2453109232198516,-34.89441171779603,1
3.57488193635649,39444.28829859756,-118.7961163498739,2.5707273679063896,20.652489922593503,1
8.802150250296023,28086.78554854895,-85.41380060138412,3.333023317284524,-17.407689911935076,0
8.365652716054651,43118.90722471489,-90.71648838240051,1.3500622030777831,-19.375312146647644,1
3.668654493724422,28262.065315294807,-74.92839246016982,2.036599664203366,-16.548997628593593,1
6.245906331296613,39928.39701363363,-95.08458144817732,3.684778390090047,30.09530628806627,1
3.992956567787995,28337.93898302469,-86.00269134509215,1.1601907831526557,-1.312140703556274,0
3.742551126617064,37472.68725863196,-113.64975265553636,1.3339019921773705,-5.791167057896839,0
4.784019617283164,42641.06594101229,-75.08017178241458,3.49521529350428,12.619167833099269,0
6.650872619937706,31544.4169146874,-104.58840915440386,1.8388193372168489,24.81825560773804,0
7.204828887764402,31218.28985137467,-79.68270372896282,1.617536467873093,20.76757542623036,0
2.476552878463776,35482.638704470235,-107.19200066253,0.8247049719166049,-27.42089018644049,1
5.605518236360844,31787.354723908866,-107.63734638583644,0.980009166268214,-14.109613898354487,0
9.215202822479904,38063.75717035011,-103.9677053057317,1.8711092856056093,-5.191035297609332,0
3.9344274019012166,54391.42781152225,-76.83205881832356,2.1019350937352246,6.636080454919714,1
5.476311062523811,37273.936799968,-86.03286044438852,3.2275641059310245,-20.52695474126848,0
3.837658018663869,40906.83728277901,-75.90577461477736,1.021151812444307,20.208568617003017,0
9.363828529034954,45468.944059754125,-71.93125885578115,1.9581388873601315,-16.7555968489336,1
7.838657226663342,49574.08947046088,-80.37799390158003,2.2230087684141213,-14.765695041666838,0
2.2876951024371763,38234.96115383519,-80.29250927109238,2.446666124478344,8.351082068852968,1
2.321322419620614,28210.20236119386,-120.47682517192077,1.6097658186105748,8.44769622002027,1
3.833398452873685,41386.82451742382,-110.99819770898308,2.358547331462999,20.00592954214609,0
4.207130575748811,36057.51233110332,-82.14648214790346,3.0216098793234103,0.1627433473900552,0
4.902381519517114,47027.001040671,-112.6604123594324,2.9429726200999475,11.110617001945949,0
6.787630202062886,39291.42916015741,-76.86410462171888,0.9172253591618974,22.863306831197825,0
3.607987431345719,31528.504813476626,-93.04370280022027,2.9843303228537006,-22.799071882769205,0
3.101113931265105,25827.34032168682,-109.66124479750636,0.5502292418503999,6.245021939295114,0
5.53883330587966,47113.49003155295,-111.46481012756458,3.113705592514638,-23.63652386282231,0
10.285573571836249,42596.07352148059,-109.02261940373091,2.608795228673331,-25.38403695075425,1
4.905541455462614,44960.063838964765,-109.60186236700795,3.129016885055483,23.200438240998587,0
7.162323824843694,30906.801587554884,-92.97364290241214,1.2093641734877203,-16.671808687931854,0
9.449689678570657,46499.59476246717,-106.33299799985194,3.1873466769379317,5.996661043558213,1
3.507934740385044,44559.68393334129,-103.07092067572088,0.8537824861417467,-13.471324722662942,0
8.433321361159479,40184.53658597883,-98.7425211382148,2.515465781705438,-23.48952263693098,0
5.693895047219207,41068.47640194853,-113.60322116874754,0.8389957390209297,12.506011576967282,0
5.821387455444688,30147.55020720051,-80.40921642582418,1.9988085938104097,-2.7065700256074763,1
6.648892872060481,31568.540213073386,-91.6165603910584,3.193468650807431,-5.029974742980137,0
3.9227480086173103,49447.74252085113,-87.06632243386585,2.4497242591722004,-2.311850729195413,0
4.994395115838873,51993.006959418126,-78.60362202654538,1.1932353454829374,1.4745078458914236,1
4.2167178104102,26768.2589778106,-107.24635275984969,3.940222989507893,25.08198656275571,1
7.738993021489029,41834.113682332536,-75.63339154536135,0.7952536134558766,-4.868935894886562,0
7.60941631267004,27497.867512013792,-100.0996291903499,3.4172366377365626,0.1680246797522535,0
2.685726967670481,48590.78535148526,-121.58783002723428,1.2566411455443285,-18.05769388938703,1
6.5885154015607945,44387.84705159426,-99.77353022508308,2.100950382248789,-7.037022222421214,0
7.933114957732342,23316.0645835358,-80.29396192319322,1.5603265604688348,-3.3174718547765814,1
6.816670439292357,27151.94935791926,-106.6886483719256,1.9238393900181892,18.37629099387714,0
4.373010236491236,35885.0157061313,-101.41653377292558,2.462134804871879,-3.714434001316292,0
3.76943747777716,44106.75803127552,-118.4159681555395,3.414933008158185,29.668803171598757,1
4.311306808756603,48984.957527581086,-110.02731590585276,0.511340529843144,16.61691382279532,0
6.421963905101405,45380.35976783207,-104.30701053293456,1.6906892674942142,-6.347420826815892,0
5.446899248261119,44308.298917652704,-66.85967041826027,3.783144327217418,-26.18764753924523,1
6.298096570324736,49829.76253413815,-91.76625498904372,0.6945197836299208,-10.532519859908367,0
2.0171910861635998,42231.26444025815,-96.47216649823974,4.192062478251133,14.044801603268397,1
6.374377308850479,39378.44557307358,-90.38090011049287,0.7983996051701666,-10.760452164116302,0
6.549855249572685,32533.815655124286,-114.8884313050819,2.7445510587504884,24.68586540348378,0
8.285701094796206,41752.90999986806,-81.84164108422142,2.716324016388448,9.27072201387881,0
3.1050161990002296,31714.857487791327,-115.82464396805317,4.31846128036586,-0.2777357217238929,1
5.643983185710342,37490.28382781644,-95.76268578999029,2.5174143605275083,21.140705027069863,1
3.4151093571540203,45270.24606546428,-78.0145370194845,2.267658592567598,-19.20377739756413,1
4.491574014312099,47609.51075322251,-104.83432340776544,1.296097740626745,1.5371409167426968,0
10.418141833003563,34465.93047239497,-101.75084375473682,2.401533999015004,-0.2428466936715523,1
6.493981593787536,35593.81141538771,-78.54029072667592,1.8552260035676973,-24.949947069345523,0
7.566887687103663,49096.67176847287,-96.14043205391532,3.0793893363218663,4.261313469197468,0
7.814710870094831,35670.059842597984,-124.48859162016488,1.8547628323292384,-8.26845357593217,1
8.351617106778711,46579.63304184927,-77.89700643098078,3.4916947321790364,6.612004136473203,0
4.3408848093937005,25164.013534300862,-108.28909151414678,1.5725626587994914,-22.963149788243985,0
4.972009325408672,30333.45536674335,-113.8240205194201,3.284039141901052,-31.87128638339947,1
7.943700345069307,26728.595317475807,-104.27601870411388,2.351363209956701,28.528827533042985,1
7.2960859859672755,25455.630974373664,-89.34586821944777,0.4306094304472999,-25.224213020499626,1
2.3953460220492677,49788.70313407266,-80.69151012592147,3.624127631328084,-8.917954132780736,1
8.12500370015935,38648.2924501619,-107.87155715184365,2.9128157095527865,-23.79331786894328,0
5.057121856773548,42732.72383384658,-78.77101004532867,2.2605424684763444,22.215048732704133,0
6.523889559783808,41045.23657955916,-112.6507179367708,0.6014712714940716,17.33486915913612,0
7.849726453037094,30378.322000837776,-98.20670024941988,1.5226879453079984,-6.497345376149806,0
5.28203554494109,42469.74937304326,-98.99242551544204,0.9579282668812362,-18.4988993122943,0
4.546658354210387,36004.62520979328,-89.49701334020995,1.1325702423846138,11.718055546966577,0
7.307850818529928,47085.8944789791,-86.55084807500558,2.114979218400725,18.48651000687488,0
6.151849648169081,28923.637658933123,-102.941342585014,1.190015717556078,13.62058173420654,0
4.878351764822008,40541.37408515622,-113.301606680717,1.6383357748882703,-22.98084180535984,0
5.574504667218403,29199.48485776726,-110.16336348585575,4.460950780361956,2.96797052695068,1
3.789353782333508,44149.99481946068,-83.8184989885712,1.895891677829167,-18.895124464764496,0
7.284582102258457,49253.096425545824,-113.29013777279718,2.632563184677183,-27.38144549166229,1
4.67448597403382,24808.78966018923,-118.85953916938428,1.931361285328356,26.447559873412672,1
3.892874184625305,30007.41476987859,-98.63232612991584,2.208210763920362,20.33104672530638,0
9.34480946015718,22745.34021029436,-72.61238275471217,1.7011927580254171,9.040258509807993,1
3.727781699368114,54746.27861771935,-75.26331518392674,2.9803250580212066,-9.72950263205026,1
3.774589793592744,32134.54325714144,-113.84730087353483,2.31010357218388,7.570430886688214,0
6.550350452982365,48303.52618917699,-104.35177350016994,0.8194444393547433,23.25258279438244,1
9.008714129224527,41000.10682379812,-71.90141802821748,2.723724984294167,1.7804656616006014,1
2.9562659855124487,38221.89839769535,-68.10326169242184,3.476159522530546,-27.788200770874163,1
8.948190256665292,36586.130909994026,-85.0080188017618,1.8868979009371316,-13.97080586820939,1
6.627129281555141,48456.09644249652,-98.36187189160988,1.6072059525754203,10.421689248941846,0
9.086060628290276,37846.662326495134,-84.34230249284806,1.049742492244155,-20.27456738100853,0
3.108096976723912,34005.14030334251,-113.1698286623962,2.92267343556463,-8.72374002712614,0
8.425570420608366,41579.07275895284,-102.50825135828038,0.926402058070126,11.285627157349708,1
9.711395860151184,30980.50764581347,-107.46967019420164,2.887959392401623,-14.13606002421844,1
5.077236298979962,24947.709480818343,-96.12542882296364,0.2285014017038152,-6.862580976016162,1
6.692505014225333,41806.79288234192,-85.93456260661802,1.246645068473497,-11.546236187335062,1
4.919028123976975,41548.09861079723,-88.6900126509058,1.394769776515058,7.8814722139035425,0
6.690577945736106,43932.06875643903,-107.98020344646142,3.0684395128203734,19.852138089198757,0
3.57226873443379,40361.993468126544,-89.66049837189624,1.7101804411938513,23.26639200650165,0
4.231532183454547,42046.775007284254,-95.12659214217106,2.3717421375660037,20.18868743690078,0
3.714071236025277,45460.585816235805,-112.83053521324156,1.7651042662393075,-18.68133293438933,0
6.224245735720762,26242.492482133413,-99.78282346047456,3.209654349676076,14.449291381343684,0
9.31815603444617,46815.37893656765,-104.16995371720157,2.5082061883490474,8.407660585201285,0
9.095975975045056,42402.85354599489,-109.5877330323855,1.7406779152928498,-2.455707257646285,0
6.266463505400703,39346.75864133128,-83.42623389403067,1.1660077482294635,1.731103807736389,0
5.069450933089055,47434.90027137389,-88.9199370006759,3.6396704102042094,30.390893032573945,1
7.67199182313677,34244.87334928794,-96.32382071663082,2.6832926211596497,20.80688017972892,0
8.36506266107466,46842.63010207639,-85.45839652169501,2.071953315642941,-16.085494120141277,0
4.397333540323009,30714.76465134379,-90.1481542376876,3.5269739856538718,-26.81233064717973,1
6.3639397684674055,40223.21916581194,-113.65767719197795,0.6794314045269648,-2.359426589541908,0
7.219132294753432,26938.077907757703,-113.76209917885896,2.996251593889071,8.580653907797029,0
9.330296252931916,34595.41146942599,-101.371433672834,2.9417471146745946,4.548509952108741,0
5.153256771920134,31056.224593113628,-93.42752991495313,3.2198961731272524,8.250300954422457,0
3.363190792746259,42301.02994804394,-89.9005658794603,0.8692265455694772,16.246245072977935,0
4.9347088526237854,39680.20970450615,-96.80007405359916,2.510779599471716,6.190519708333188,0
7.870152961911613,41676.41130888644,-109.83613783917096,1.0984526684056393,5.287450362811136,0
4.3665794950800025,53650.19055970713,-76.91391113916274,3.4120691098877285,-4.955678256809161,1
6.867587153440847,21009.44727206816,-120.58383244364704,4.052745133280239,-34.18697863521,1
4.331157916999519,30460.30867860624,-103.12572540300248,2.539930219436809,-21.41908116432428,0
10.283610418427756,51932.97832093353,-84.27380532081973,0.8377264716258064,-18.0791233657947,1
4.739841839621941,29957.478639958223,-103.1330583806144,2.724228036168582,-13.567955173048956,0
7.693041521027709,30207.15673114052,-77.5283539945497,3.405631578067381,13.974377620424477,0
8.616709269390256,41562.19001008372,-67.0684059369997,3.942463976106336,11.776076164826245,1
4.794702194240066,40765.598553330026,-94.48623547790008,2.8311367125977984,10.340490075922595,0
4.617350298693232,42338.11867925993,-101.22600903746716,0.8867924012849082,-5.822476184615315,0
9.923425855885714,22575.172909704197,-109.17823612750595,1.3283173633789185,-26.259174685438605,1
6.038356207568972,30458.598249359435,-77.43066219227546,1.7425024111577003,11.298828388091934,0
7.077998447400642,25337.42260046311,-76.34556948858614,3.3728530732913478,-19.68305276991049,0
3.7619928345624025,31907.285747064656,-114.26500052378744,2.7834185193921157,5.21034930762626,0
4.507061058174167,35126.18590700632,-107.62192899394424,2.421436629980234,-3.393277378535874,0
3.170995182493512,36681.711869497,-94.37715010024851,2.9594411828535003,2.027516754065033,0
9.126716956700651,40567.22605770348,-120.9198068426994,1.3968540044915885,5.02399422410258,1
3.945402016404108,53343.5494958081,-90.37057389579805,3.900662926852384,-24.06481157597183,1
5.712942975114216,51338.68866691931,-71.13982744971915,3.220008839584999,7.616302335776467,1
8.339455188598615,30266.827891487847,-118.42967791597768,3.100041862105765,32.64632353079294,1
7.988155113214368,31300.596224490288,-102.54180170878436,1.5136054419202378,-17.469401271451375,0
3.87097354149912,32901.05158577552,-72.02540406749574,3.170454418295776,-12.37855509708788,1
7.800217379256682,49390.02590391953,-101.74877415679576,2.6163540697594776,-1.304466316112336,0
5.305067256574072,32944.87634563579,-104.1637688249696,2.6593860336816246,-18.021299280089327,0
6.913650863226128,46061.6783639787,-88.72167454109571,0.8934757012838138,-10.330297901110724,0
8.4490532416986,34770.0052150845,-95.35852170126395,0.5658709052297127,-21.32120151575011,0
7.580750948740267,38928.30307076435,-113.37565747432473,1.4843462219919146,-19.213869651861074,0
2.503754032742888,36617.01808084188,-107.81617641157018,3.9129725378512754,21.8451868282405,1
7.890534861227409,34626.216990753455,-110.3967451246716,0.6818959337101081,-1.7588233377333466,0
9.284914411564834,24925.28897894624,-66.87860110725734,0.8790608518995675,8.323062278458274,1
4.955235796107288,54978.600551255615,-78.29679042038268,3.965371596679184,-21.46892560598289,1
2.288352929815744,34949.830099053,-76.59605053683981,0.4098780063500437,-34.39036207603479,1
6.948535137950852,47414.256082468346,-108.17010333597769,3.3395309169264045,-5.521833456802188,0
9.4832684992154,43669.159168448175,-97.64114112307496,0.7953293791495939,6.6873914390395655,0
3.073147948509208,29826.75214541225,-92.51298928623784,3.403962456616431,-13.628324389006671,1
5.437790363547613,46629.59767020712,-83.5793146780045,2.721680205946362,2.837618668895388,0
9.23446148485335,28738.701431637077,-82.7732655376964,1.0298218299788386,-0.0201086944074653,0
2.113229534376777,31301.920748751,-94.76004278656352,2.6794175248982066,-13.139555216462467,1
5.1679186069713445,40550.34345839375,-81.56699580436091,2.292860695471618,-21.45086728379641,0
3.9699068065310543,38281.39552688287,-99.40069359076853,2.23379424468785,-15.216668991125498,0
3.3179721996296934,28706.404204492257,-88.86892487137919,0.6101631554672361,17.691464361709386,0
9.259921779347906,40402.57843204431,-98.25218846541075,0.9868399598788,-2.2848953023159986,0
5.306345242101381,34490.376417355954,-106.42903998069436,1.182662637701138,-19.35772606677956,0
6.458621748771938,38777.82071051465,-84.74773025435798,0.8419002089801338,-1.975432069588024,0
4.8645531067655305,30985.67518237028,-103.58961110135591,2.007306219179827,-8.285885625206934,0
8.598769180951898,38758.1328112462,-112.97646681900476,3.49784740523818,16.801379253997595,0
3.7997944709243674,28220.399762518893,-106.75080399136527,0.9836307858188656,3.124810478374542,0
5.788483306583569,28046.184703543004,-109.82287689160206,1.3456913681573548,11.237837513295815,0
10.062960117527336,43428.5958821164,-110.76292489606436,3.3366769621131187,21.684468473425675,1
8.533129235285791,35103.64935742564,-65.91604601514148,4.3757056028977965,1.6913058548309508,1
3.62369972819227,38431.72681038174,-109.71923328402484,0.7131129879605842,-23.854112009793045,0
7.344839527799898,45783.67480328008,-86.75103597559273,2.789168519905576,-20.20875685379881,0
5.876721043943115,33112.5503999098,-120.88869922466128,2.662122480672751,13.159467201036025,1
8.015783899739006,26189.01615001648,-102.53797899003112,3.196875466168691,-16.922520140695557,0
7.855019076244022,27349.472852781328,-116.7156589112271,0.5930612494346396,10.458253003826536,1
3.6775576023183634,29409.55474667765,-79.2023467618914,1.9058576583273417,12.827021601568838,1
4.452469700537856,38252.72846327134,-86.75324794072513,0.5679014505270473,21.131198915268392,0
5.86789539641693,42225.78345530015,-74.47789345688619,3.823861740858288,9.733692805313275,1
4.351074698279731,26267.691753245555,-77.51581528353867,2.587635654567205,-14.04912402764883,0
3.0632342330598945,26647.95163979215,-108.34001177570168,2.730440945778477,-0.4166011935773426,0
3.7561386262822207,43881.218447485866,-94.9589671193135,1.7458210606146651,-17.9316796934391,0
8.324312949983717,37219.84140613782,-110.10688377990208,1.545946830531162,18.52132679696473,0
2.6926434456273505,21647.97165808913,-76.5315694666696,0.5802366483757629,28.761749401804707,1
9.964651472370736,47753.84193372571,-91.1839518215829,3.637078919421592,20.943679343267945,1
3.4890882582255083,22577.31972449676,-110.22420220448132,1.980826927662828,24.433499670370267,1
6.9410647330792585,44768.52074608549,-105.97251451739862,2.0677176053906536,-2.474276755562286,0
4.648714239484977,47775.493134361226,-111.07479126177758,0.7886633850565705,-6.304022967459272,1
5.726841033515381,47802.61552988669,-100.76062707641276,1.3695685928686878,1.480616494620783,0
4.907905145533912,45580.94989595069,-99.5522855317345,4.316562408552548,30.227905967951628,1
5.2047521332459,43124.13077359482,-75.82297228195692,0.8111031031353226,32.19235971336231,1
4.683855875129514,31436.12686844881,-87.86448721738729,3.0724709223823394,-7.33324790729532,0
2.374849379167002,51842.09468887135,-79.30760783581292,1.0051595688951551,33.799134147478966,1
8.884149661890628,54585.02272253703,-121.89562448428146,2.877596191326139,23.890762525094424,1
5.317919432450788,47935.49146281612,-83.84919876810824,4.459103513875764,22.220481646855937,1
5.4979542605775125,36773.56759254243,-104.81567520237678,1.0300579382588435,-18.88341406532492,0
8.67176501194609,36091.96379154264,-87.23995348827061,3.210272186151458,-22.700451566139364,0
7.454632510272259,46505.8092370876,-107.8544715838872,3.375062935510403,-4.748631247445978,0
5.679119879841675,29608.29721268975,-68.03566926541038,2.2820293708447577,18.63685114640404,1
3.088529829318857,45047.850212677775,-97.15538527521193,3.482648068329953,-4.572565930884959,0
8.669186797822917,46663.42173798289,-97.67078918688236,0.6544707660005284,17.313966624759978,0
2.889393335511362,23755.93844878076,-93.13224584551594,4.269156335842114,-8.542584591755578,1
4.4449006037888505,39070.54104516494,-85.34268248149797,2.768696246958406,-8.745180346030907,0
6.876037078886188,43347.05676941329,-111.23029733148849,2.0097204575191983,10.023561351790406,0
8.479645499019718,39866.21229360144,-92.54350848015392,0.8494816778500116,-18.21148489660405,0
8.968335157469317,35084.79111252813,-105.86326860656698,2.681506484408964,-18.439711179140872,0
3.958017002435253,28330.370550349755,-86.94104391613311,0.5335808628467892,-22.000300694184,0
5.527184631476036,38529.59634523349,-87.61062807277818,1.477040910103144,4.864386179610094,0
3.3976794919023594,45059.50682048231,-80.34619756345475,2.482856570774717,-6.4147980445790935,0
3.400639632015648,51463.40061781312,-75.9948689601321,3.081504739766211,-34.82985325640179,1
7.007320252221168,28073.563763391663,-119.92886190476578,0.6245414385798447,12.99355393138147,1
8.285544363662108,40702.958729935126,-83.89476912266096,2.5072050968128736,-23.71797143815476,0
2.891763796223959,47053.88364825115,-109.5078397798796,1.2098638919544535,5.276627188316091,1
6.875379845555481,34284.96658258084,-111.42080389001302,0.9730953685921252,-20.42992238478935,0
3.496465014780925,53672.48790024591,-98.51615816336312,1.8961899086948757,-14.132078156645155,1
7.618569425777136,51950.414922721546,-108.96011804393376,1.66028135156217,-0.4657959084874079,1
7.65806005916025,37788.99249234576,-89.01480780838554,1.7857656133344066,-18.79715766622759,0
9.183831675478292,33612.90066104812,-67.87788469909344,1.2994632988039183,-22.97186518674997,1
3.0677425067095254,32073.144349892045,-88.8218877582618,2.2709446101542583,7.884721116363245,0
6.988710834623963,29444.37777661368,-109.84412631257126,3.3740153599019918,20.524337559438408,0
7.438696020939647,26025.440375761,-78.29151435753901,2.412272453766199,22.809182794481245,0
3.612276434758144,38900.32423972413,-113.22171726559706,0.6510317865851324,24.62076461804159,0
9.4370429498255,43942.85462635807,-99.35747621303103,2.0835333032925707,-10.848006500913176,0
3.651689839553947,33382.14411160236,-103.97291792823528,1.5155100724297137,-22.64771523218221,0
7.25222973738552,31660.02598542017,-84.18701884893764,2.363509732352994,-1.645555866249353,0
6.089244386376353,30243.47896637702,-83.17393002609563,2.454610440665609,-9.90764926946181,0
5.571607356894318,47863.68974351359,-96.64592589650404,1.2946404994941574,-12.668624615300828,0
7.230246902062721,31127.17629006876,-87.41450198966851,1.8681981528721157,-22.988360382848427,0
7.956519171658971,45160.227840282096,-105.32992618204696,2.345962480550302,-3.094571926315755,0
5.326453112062098,40149.892231646045,-91.18018111671202,0.5958493426730219,-11.354023183781864,0
5.119859460596617,27451.6033450362,-85.49008535963432,3.1096589088430067,-6.223380606112951,0
5.635207984294582,37563.01178095974,-79.19526520734983,2.610671105306768,-9.451102580766984,0
5.438647136355217,38555.80515273695,-96.94510941408834,2.455475590296511,17.80695481278103,0
5.434856185363214,32388.03977358317,-105.92943128565112,2.302896463799077,24.51749873603294,0
7.405047558810298,35744.812467583084,-115.0579535164712,3.497870357941623,-30.03855675564026,1
4.181218104571612,38292.29229305024,-93.87510696757847,1.566000553521957,-3.7045804025949,0
7.446069483558791,44693.10610273848,-95.43280031772812,1.4764618962672658,16.82343922440446,0
2.2892494219356667,46007.22581596658,-124.33156701903144,1.0493088179951588,-18.67449028728721,1
6.857050536720747,49243.17433472133,-89.92109813614178,1.7119819874689206,-23.300358608811152,0
5.170415783092981,35492.2102831199,-102.24157387628628,3.207368073256052,10.368169500237949,1
7.147893444133257,42432.79662110758,-99.75237637498168,3.0554639623068605,7.005749522588552,0
9.071076346332283,48772.5530185766,-85.20213346919525,2.141156858158564,-13.769722609228802,0
8.358322741018156,21197.21078685627,-104.26498004346224,2.559552229155803,11.300301908542297,1
4.818619684204811,32265.01913983005,-91.97162361145864,2.944165792994684,0.2608168558308641,0
7.23231318622568,42768.890542508365,-79.11254431579462,2.2072425974984937,-10.971011079315437,0
7.934824334657469,20841.239930853437,-120.07572585455884,1.0164922547626372,-31.81906708618835,1
6.746689816104222,32125.922854586745,-89.25333565971087,3.0683092007583097,24.397738279643285,0
4.866864587474883,32086.154311770217,-107.91759686882726,2.8071606907345568,-1.338301678860482,0
3.962155833032469,32210.760754708288,-106.15913841719312,1.6125533557729297,-6.863788249416974,0
4.621752892229668,38273.26852427136,-108.79590102676435,4.247285068184798,26.329048114921257,1
5.8027077075933695,49803.40588909411,-80.8003521322632,3.6926058708809872,-17.617639498584534,1
6.175489235164612,29583.964038070237,-101.90485740680494,3.3305093736967355,-12.175041826323715,0
4.799876254493596,49543.84214399653,-100.69009348731088,3.067518715434272,0.160281066142069,0
4.059207502581368,38999.75020643818,-101.8760657645988,2.6633584995302293,14.377373188733516,0
7.821167370201971,38152.13816494668,-85.17338899864018,1.9287378962697508,13.90085196571014,0
7.486321010381305,40092.60976661052,-95.83768063405114,2.858401939629294,-18.336928930009417,0
9.17527997867148,32478.97811793321,-106.85289588813195,3.777594681620535,-24.914438152982772,1
6.261675084134742,47441.99860910626,-98.33526604005851,1.6812397595744968,-19.341298096888472,1
5.292071457634651,42753.92877566421,-79.34510334794788,2.823578886626743,17.84780802768757,0
6.382338477629685,45657.55089784129,-113.71428979313296,2.743553852423033,24.825019211479948,1
7.739260597476821,31850.44594497422,-75.52656991395024,3.477490211762012,0.8749128789339622,1
4.215438528539944,48654.52439167125,-112.92639169050604,1.2491515414889671,-7.527094501346127,1
5.59184121784201,32534.17824884248,-85.15397818438656,2.757283559198512,1.6260416186084257,0
5.382009666695176,39734.51427838314,-97.41336683227846,3.373243207648199,-15.957573117784356,0
6.741346438752051,47216.47023708943,-89.8358005899588,1.7900348736791265,23.58343933002472,0
5.745568366597205,27129.686357220675,-92.14855001270092,2.979805227330428,-5.730994627423314,0
9.63110330141136,46114.47653539119,-99.12594087445989,3.4082765942926376,-20.49396341205492,1
4.606833068809539,37597.90045075762,-86.95034381260102,0.6332054569077179,-12.25344627972864,1
9.431901779137869,40999.99399635232,-92.72201024901416,2.553842752969624,17.142596009490482,0
5.468705161979903,42640.1951145512,-96.01641676943746,0.9354494928667424,18.51388679248628,0
7.157798092007545,35873.4333096973,-94.3150835252803,0.5559396345081197,23.820245263052456,0
5.147649272525125,31543.130590516885,-78.95493717727194,3.270037285063264,12.266451947915044,0
6.627704672344605,45050.9541997193,-95.76614209566534,1.658701489605815,-24.439795856274284,0
7.147389398394044,46629.18108886957,-103.79185740878434,2.672157102803349,-11.206718197192494,0
9.967552332749484,29293.36249112705,-87.90578709808545,2.6966851386262367,29.477500527131085,1
2.9797858556011008,36281.86385462362,-87.4186329281707,4.061009846454748,13.296524052854394,1
8.414043038959605,41855.15832423091,-79.53391385279352,2.9535808780052646,-6.953083923541097,0
2.546512073397242,39751.59134685343,-88.29279639827587,2.963039174090456,-22.124516064613253,1
3.217816895206788,36520.865882807,-84.16016128839246,2.063417360171852,24.105792570280705,0
7.954378729098901,37352.04130233195,-122.11533086189938,1.6308591762361166,-20.565290244995506,1
7.55406701195743,34168.179890991574,-76.29294653237602,2.664722615044466,16.982303109383437,0
6.83255758688912,26216.27616450575,-79.2298828646052,3.167171618718258,-14.220927214966297,0
4.737729930807521,46450.42112365645,-75.58046790952824,2.53789794776993,-20.238741809282864,0
6.803807253764703,30525.27901215714,-83.42725444624757,0.7682908094228235,16.452945641053077,0
9.22205237042252,52992.37303793394,-85.79160325652545,1.4779122968158518,-15.631488696602691,1
7.330446861212857,32965.34807635083,-94.6483487201276,0.840575814761388,15.537754121618654,0
5.278963299654327,54540.62649534851,-117.03477764999197,1.7469040665545907,33.65721531451332,1
7.758961965568655,48637.225483140646,-101.99918758576736,1.2498222626699254,3.465307364424735,0
4.9206306203863175,26193.20685993774,-111.93869921049416,0.6352847109753158,-19.618391427900058,0
7.939308515540948,28292.67742632777,-98.1191619113771,2.48360548493015,3.968427977118761,0
4.369800080751309,54210.88880657781,-107.81943435030016,1.4668056559385594,7.282997570694079,1
8.49199195397538,28538.39846818308,-81.21743653129235,1.6015066094013664,16.52522683145883,0
3.888266270209937,36731.46203080485,-108.81102177019956,1.068877443764669,-24.358286387601822,0
5.321341987507913,49983.82001259705,-107.85853527693344,0.7976309698453281,33.62870204523975,1
4.257046629010267,34900.7416867748,-80.08127299059595,0.5115465370215208,6.59041518211858,0
7.856444565791989,45739.57684763445,-89.78088169656569,2.834055329681162,-8.125409395378586,0
10.436160199906997,50081.8359136674,-111.59963581300816,2.0658470227683106,14.178344713429134,1
4.5292382919481335,53149.04033769432,-120.99060562326812,1.3843351504076815,-0.1197547959835958,1
3.5125949911563903,29992.303937813165,-80.75364562557085,0.9357783156057492,-5.510118835206214,0
6.409411952357717,25114.38558330977,-94.68429836598273,2.326843424679213,-12.814840615142847,0
4.305149283273753,40479.67385084118,-109.621248793506,1.393635887720151,-1.8159821280665192,0
5.495420336343196,37519.20350347682,-124.46110650846389,4.14166552485318,0.3517002947263492,1
5.440312080596335,28323.94034498588,-84.40579536813578,2.5691173741595152,-22.89856808188164,0
4.309379788409345,32440.31409303515,-97.983114490269,3.8440316961161978,31.12480904733204,1
5.281059546606619,53155.05564518853,-100.08806835897369,3.1172444749629613,30.773064904200623,1
7.871446135759563,28155.44005968611,-96.64610783214016,3.3581421714262563,-5.287945474288168,0
4.062917284608725,47312.54417846682,-124.39834028706356,0.7995815019792265,-17.71720814995049,1
2.502141846983675,25462.99206892634,-66.79259673540328,4.461180243706831,-12.628717152268456,1
9.390140396063993,35733.4773985109,-97.2072434260215,1.3844756101940547,6.192456980746265,1
9.141871372151572,34151.28708873056,-86.74326094478474,0.9805008828957368,20.500602090098266,0
5.727588170364093,20510.648596765488,-98.57624783989355,1.4587193136579792,-1.2269000412625672,1
4.6075068020787615,31811.456149428224,-110.05428677410012,2.8521608347711727,7.763797939103448,0
5.584481678292471,24453.07553148366,-100.85391599230292,2.3524879503655565,-7.373649984187843,1
7.555504913041418,34312.299351852016,-76.01780839326996,0.7547072525494686,-20.221149733130723,0
4.732690578284327,39486.17358828711,-69.237263107376,2.0875792001132245,-14.711358982825086,1
3.678035653283864,38822.669382698106,-113.71763383553184,2.567073649243204,-0.5693338711416374,0
8.982549199108922,42292.72164745269,-93.2541918645009,2.8721627511477776,-7.023525349187004,0
6.303123204996296,43161.44400006023,-76.88740593119512,3.112949488247248,-5.295966217650999,1
5.540521763972542,26939.632496124534,-84.45643812083881,2.532149425296164,-17.325176134460424,0
6.550080692367928,34174.25063130667,-75.87066202227324,2.204448733104798,10.244127127743738,0
6.462327088371895,33351.37120688984,-96.4391405414967,1.0168120045219011,20.36404427078481,0
2.993842274878876,53813.55569247093,-97.5455418864313,2.066660588010861,4.521258628979375,1
3.186857799731348,31438.46421050263,-110.25886848236205,3.427120531727436,7.7501361973864675,0
4.369575681836462,29031.156496565643,-81.66540014418983,0.5673381144628741,-22.84278343324173,0
5.557561000931457,48065.08110495153,-98.44209979252248,1.803873596668549,-10.073144744197045,0
4.2813473578205326,40753.50430229859,-88.16390599589802,3.046107087945022,14.191166303877644,0
3.3488453449360165,26464.004730905675,-109.48207281023367,3.143703728406781,11.05088666678666,0
3.2463348254221467,34036.879830402206,-81.82681587135755,3.2420081836638976,17.91226138499276,1
4.88059206247036,30878.810494907702,-77.26648047738325,2.910866138705697,-4.18272931482387,0
4.263120399751116,29533.94961934125,-83.01359785577874,3.056753383302427,17.56938612127371,0
6.586940872526246,28500.33535765751,-106.2019203200882,0.5614870603090881,-10.982355775516004,0
2.324622885116368,43578.04924690575,-68.20125440494658,1.773693871647274,-19.70782328792346,1
4.893051250219156,27326.5598755801,-76.32454681207815,2.182988776532365,-0.8325240446541535,0
8.075090222517305,46004.71734084902,-89.27013812205692,0.6784917031537923,-0.8639407476086198,0
5.52487855786727,34089.00654647524,-101.95956061322288,1.6966491818379164,11.165385518199486,0
2.303036088479527,33674.01262209087,-99.49862536428824,1.1333848664040085,20.439340073671342,1
6.475168365375436,31316.5667203384,-94.19666167963308,2.810517323496331,-24.97276158769356,0
9.622253715475937,38161.22108950658,-115.11254492241088,4.390290888608554,-8.652577583989341,1
7.7309074244042835,39909.24796538756,-101.48659395168268,3.163922131511125,24.77362049139642,0
6.300188363143468,50883.253948281184,-87.33396050474651,1.2779779528674209,15.805509622252885,1
6.588325197476626,36251.14418281516,-100.7877107781944,1.0573731010728742,5.228662866141644,0
3.4188192346888604,41793.269691139736,-95.02156112768876,3.4452337358037703,29.4977254219956,1
5.451788475842196,35712.695360018355,-92.73605517618668,0.8901995903461168,4.199302884196559,0
4.700483636985184,32855.94862184677,-86.81727294077507,2.533786763060493,13.376435914495516,0
8.782232390442674,33287.35189335677,-105.49682824334772,2.7372494595174084,21.041749145308263,0
8.927358855531185,53737.78060587403,-124.72538341142618,3.153003074381029,-18.90631483269007,1
7.6257410855506675,27325.66595895221,-78.14902388111574,3.1918624157943776,0.9879609246018504,0
10.18897562991008,23487.40703959256,-94.40625492305485,4.15871038927029,-15.535542394364535,1
4.192345736147024,28833.246744260192,-78.72103657708239,2.8809924035909598,0.9989010969776402,1
4.186072543418213,53705.44614170012,-115.53167819223064,1.8211887598230816,20.52874821514687,1
5.423374633318024,54089.6167116301,-121.7697093711445,2.0575344588429787,18.67937567385321,1
6.622711937608197,48715.03910411904,-110.26450837131286,1.452792767573651,18.981906080813268,0
7.910725614847739,31650.49708055026,-65.53721916794666,4.447846117635555,5.699879188952146,1
6.7509645498385895,42377.53736096174,-94.09334960258508,3.4580585657834373,-7.394143713201533,0
4.0952534396136615,37537.55497189519,-110.54717298695007,1.553523060758001,14.637180290967564,0
4.123399464916567,24537.374696552128,-71.20162489089837,1.4339708601496943,-8.940377259575467,1
7.097664222192703,42827.32036556824,-75.82052248248878,3.045848783009571,11.853915668525277,0
5.22776345517414,47534.59440361311,-100.6299645453347,1.0652781016726085,22.40421768534713,0
4.942935377210258,42537.35776018462,-80.57169815483368,2.635623069185435,21.775603873126784,0
7.5384076487927585,37277.47503182267,-78.90953020700039,1.3801684272338834,-16.86269080645722,0
9.304648328205396,33281.0956435437,-87.17313436392506,0.8127410894930793,21.183962311056163,1
10.219322642824698,33216.8808481278,-81.97708257768312,0.8968332303737954,34.4729099308975,1
5.319542509622629,22995.135640612265,-88.9657866330048,1.685204908546654,-31.85726384296392,1
9.40164593191703,34229.786378151315,-103.32707829747868,1.4460142579264756,8.725068519778588,0
6.52822961600767,33438.30882964332,-99.21595184844548,2.3466417478234294,-6.915256653447692,0
5.571690401893431,49005.10225660862,-81.4823351273587,1.6333232814323764,17.84510447721408,1
7.478705456849201,35897.79146627538,-76.10223564598358,2.5053258848920623,-3.895909984159268,0
4.7841777179852665,47574.480794385614,-68.71496080414573,0.3397899968589911,-10.49295519429085,1
4.6565913282796085,27044.239038349457,-94.86221730224231,0.8418064729984736,8.0789161707755,0
9.238804222105797,34273.157792924736,-101.69937504448876,3.041187965862506,-11.624446329502286,0
3.3956262358708638,47024.41009689012,-90.36871083720698,2.338244501150183,24.332034047708547,0
8.851796241203598,38569.67579077161,-89.36270287226033,2.717771158694238,1.7146065935355068,0
6.681321876648601,47542.17610659762,-101.32408689792928,3.4579510270840643,-20.110554402337648,0
6.038998620904312,26360.35593586376,-86.0927228748098,0.8693247267455497,21.67879146908958,0
8.064201252323153,27669.285821085028,-107.61014013701732,2.787342451198896,5.599079883451203,0
4.508774367694231,35019.556829353576,-77.23383533252711,3.064912705513626,-11.296526166255571,0
8.183039467966157,33870.115864128995,-81.43110990776363,3.0356627070988424,-16.194981621000498,0
7.395035671791272,46625.20566226894,-112.54934625550618,1.054783541878709,-24.684330418870488,0
5.118820043086489,29968.784888663657,-87.92589816499569,1.4770548767610616,13.948763947983409,0
7.876762974431225,48994.18460927633,-114.08325270032104,2.8568230577443385,4.430579596980795,0
8.2472301101193,24511.817911496717,-73.35730623100629,4.217367531298521,-13.54368050122677,1
5.874702052221958,34631.781111558594,-75.09250019686192,0.9211916591045872,-20.65655228950056,0
7.712423086650915,45650.15071521315,-78.0868439720651,3.269270167820791,24.099122792844405,0
3.9538103686092905,32838.48617708129,-90.97521218508965,1.9111512156900887,-24.64947869030804,0
10.292067256495828,48763.50244351133,-100.6602610625128,3.013214501834713,-26.249309173364374,1
7.216533634599275,39809.82237486736,-108.49063857750194,1.2063974791377892,3.400658738743058,0
10.157288703778107,37633.997801565565,-120.39024065755814,3.0049890919134405,24.69434996715673,1
9.429006808417904,20027.15543685145,-98.85089489539811,0.5145774703058721,-32.09251195012536,1
7.554716441090024,43383.8217195592,-102.27769122935598,1.3158676154973632,-21.265628209876013,0
6.582494195144558,27422.45276859004,-111.81522177372844,1.3126102331362546,0.8485797225650025,0
5.710233652801795,29616.269073151645,-79.82634952895225,0.8271780188813573,-18.982283721393134,1
9.403001051066552,36632.16089254868,-92.02963386874993,0.6596043659800036,5.94029703656992,0
9.21039696630184,37912.60543012096,-114.611072331423,2.996531134769686,-12.587119531896125,0
8.55787535251412,46573.84656823783,-95.61074963469862,2.580757864625461,14.89688740271312,0
8.131067976881921,53466.500318993705,-84.3070858234997,0.9423668486348782,-31.09281454604532,1
9.254081153605718,35599.59059153368,-94.65270551072317,2.692392098972836,-1.0172026240061245,0
5.092952271927124,26256.955233214125,-122.51255539004666,1.553631839723353,-30.369971489842506,1
5.708907876955212,37543.79597837961,-76.89610995866356,2.88388916328801,7.000982682404604,0
7.9427406992552125,34040.63236063227,-100.32166688862732,1.276971654209083,18.69823746681025,0
6.306176932489025,37804.41671682272,-117.58273292453552,2.928602725501744,-14.49722674964264,1
4.836894956987947,24644.69296155761,-123.86326564701328,0.9748184078245818,8.149493734766274,1
6.974018222928533,29642.2221955473,-105.13500820578663,3.35491956322859,9.176279430353304,0
8.829149193695596,25584.340783434636,-91.21193610526694,0.8795125936480672,22.16340083143692,0
5.453900538226284,37687.171005523705,-101.02556524533884,2.336232306795315,18.74779847011782,0
7.098791938716964,28655.253448878237,-101.86489382815564,4.0137356033362925,-12.11358669057741,1
5.730365015532394,26609.247561903045,-90.52385501549128,0.8434213482756524,17.340092640345894,0
7.622182649749038,31740.21524561326,-114.01265963628688,1.156081392556604,1.0545515907058205,0
6.715228558210513,43797.44412683928,-97.80014130296205,3.339904746867065,-4.823316461310757,0
3.9079683162038665,32162.65742235833,-95.32036276445936,0.4190860578227363,14.603498982940607,1
6.058851791279951,25501.52963964406,-69.04727417099724,4.089217717259333,-5.595412424632471,1
8.768669627260493,42750.36859254721,-70.45534687219406,1.748974324454027,1.4099026992570387,1
5.448778266118605,30596.91895783162,-110.4747015646024,2.925019736004686,-17.004515765904856,0
4.237754169376204,26572.88967190225,-106.99275624555968,0.9296378242670896,17.058352248798272,0
7.926752454167158,26657.11883822088,-112.73611584088918,2.570423837633757,9.473352354602936,0
9.03126625687866,36374.77181443213,-99.50678784445373,0.9092138437421662,10.991060806123508,0
5.748463902045579,39263.493327456046,-80.45026484069592,2.3785712341160905,-14.756185956197688,0
8.96077828901602,31935.31617247856,-82.9957378474665,2.8763160037201123,3.625954932694036,1
9.223586388099934,38886.24481923482,-76.95606383493339,4.216589281067799,-16.58623665990269,1
3.5933829383426428,31303.727698401344,-105.30136079481268,3.1887395391810065,0.2678636178847995,0
7.5849257475850544,27116.68016967169,-74.5417003888149,3.2618072335730464,5.261743403062859,1
6.454045949811757,20421.10325225337,-68.04521643098485,3.272503326085084,-24.03849044674233,1
6.321243030762173,27389.56648561048,-84.99230708230868,2.3708209914338947,-20.934616577164995,0
7.195600094046839,51895.92880233379,-67.27461565092152,3.694609265749852,-6.548884108153974,1
6.981955260971747,33628.656338924746,-75.48090081313325,1.8649528431697728,20.971326119667573,0
9.536350752419937,21604.71503609369,-98.15393221715782,2.8969523280003755,12.512890523288071,1
3.8338360960644433,28921.95475860793,-95.80743040917002,2.0557816593180496,-23.978887465780563,0
9.795607097592963,33958.93269344436,-104.37260985924344,0.761213392169293,-11.128353397285782,1
6.13766895700943,46203.56686975926,-96.56340363899952,2.875605284643851,-10.583460856315812,1
8.37654807789826,33977.257382934185,-93.39800406969916,0.8358402710169165,-23.14723091892405,0
8.209470868409756,44471.91694516448,-80.45238403218642,0.5289357317188482,-24.32763884346801,0
3.5218122244914367,27853.76884816466,-75.92017552007144,2.07674636904591,-23.031109923093595,0
2.423473189090628,53439.46752867901,-103.94225519758554,2.3685622954231422,-22.14201730287233,1
8.922191905477039,46401.4615561227,-82.11891612576972,2.3200999800568454,29.205809758043745,1
5.070829417362069,25272.525607944022,-101.84522443599332,1.896129881608544,14.761971057042942,0
8.864084377765888,39893.58851394706,-110.48955730499702,2.557352472528269,11.41077713660907,0
8.617762622310138,27391.620914848863,-107.4967564466524,4.246978417868795,20.08332571085846,1
6.146788886329914,27132.98253011652,-118.5248498232011,2.8055363289196062,4.946763871495975,1
6.1925987302856536,35245.80775476211,-108.23692287111822,3.320603765201203,12.843114920540444,0
7.481849468588792,28149.633582439423,-101.54154978331526,3.5831144641483346,26.162747994280444,1
4.950679517559152,34840.39379596039,-109.02056005270128,3.4786904067180053,14.548376932894584,0
4.112194835212646,28543.662220701317,-101.87157859515874,1.3508172532465137,7.686990559827436,1
6.694711798679003,23494.83323486093,-81.26790896539919,0.6084298804860278,-6.4948247302125495,1
2.609640456804312,24370.59623714446,-68.62068522657853,3.872673161859088,-34.307996913273726,1
8.990135966739908,33054.000370218055,-84.47653735760879,2.9464314519192967,21.73856601264116,0
7.515983360180071,33781.52607258195,-112.18465373680569,0.7358189766663793,9.138302776291091,0
3.891340415833047,44336.5120912656,-84.87368796035727,0.8994386935586365,24.647007762319248,0
3.813942088217585,45762.17139461664,-77.77407856479431,2.9437596477448364,-3.917228653045996,1
4.864716082536243,45744.03957882056,-87.15712045696066,0.9163780754545586,10.276808764454016,0
3.108292054613078,28532.39729807723,-107.15292214810316,0.8704735733943137,11.554320110823404,0
5.086211171642539,48885.75207917517,-119.96226663539473,1.8272230752429,18.835465076370056,1
7.713862717834052,53491.99240553634,-77.19416627186507,0.9148620823391004,-16.530213625255165,1
7.736252015531346,30454.03400466356,-108.35103431298828,2.986698415767836,19.973540900622325,0
7.592394741109145,36957.06867260431,-81.85250782498566,1.9850765755361717,10.207023831641555,0
4.743068426025731,24371.25327219357,-99.23862121597624,1.1073541816242842,7.305061036457943,1
8.674175506904993,53370.15848732565,-103.43896792411988,2.432332978447872,-34.61098284766732,1
5.250430730903412,26382.255399618483,-91.22218659037102,2.008996763820165,-2.370545357006627,0
4.443816882239954,24104.21942482458,-121.64437771637382,0.4188427452057905,-34.68739248371696,1
7.754797238467847,24580.47650645632,-110.615227847035,0.532995418296879,16.312989955395395,1
4.479166126985415,45095.72537615117,-77.09428633056778,3.3568047902119686,-14.23434790954105,0
5.729295206250416,36882.99493517588,-113.99911246742651,3.1163579706169138,-23.873630554118165,0
5.574526236413437,42774.17631718036,-75.33452136551459,0.8835564523015275,18.730940326725,0
4.163876856527849,46715.57639121064,-66.74248271328524,1.6235897270693382,-11.357419339382922,1
5.6884861487260965,29966.00841112728,-78.00870431828817,2.6362360306115478,25.00020769127553,1
8.455650423064547,29854.20990642548,-88.60505868169264,2.2564633205986,29.033253191281418,1
3.2742004579089765,26742.68603639662,-100.20631871138671,1.6976814381321412,-2.0685057012293058,1
6.672162126989347,35526.93842997855,-73.7157477576944,1.372292482259503,4.653482972186289,1
8.813800842167305,40003.07511294094,-110.68812183031795,2.211365075474672,-1.400316666761647,0
3.82935627543386,50959.79175812136,-91.10169079756554,3.774789652719119,7.21148111329061,1
6.082724893838883,39442.76262412221,-85.31185177451134,3.370979284602526,-8.631405757300115,0
7.531539977848425,44675.44491047591,-95.15242600272848,1.6373439451499134,-4.897150717727506,0
8.970470180092162,47385.000101604746,-111.80286960488766,2.752145075727778,-10.536227229833043,0
4.017483724067614,50901.59749429871,-70.66341363980061,0.8048672379568882,-16.742960740614137,1
6.864564263910612,35021.765438732495,-94.62310633581636,1.551170699573231,0.5168200503509652,1
9.474626911058111,26831.518027490823,-106.47382750931838,1.2956012442512042,21.662968899685453,0
9.342256804452006,24021.759427291738,-73.83821905758536,4.154712023326744,-1.369160128565575,1
4.161401249583759,36746.70898513726,-79.20961279023842,2.070076697215711,-1.1695604953833154,0
8.855310877588753,28800.42235613926,-98.39256521509871,2.0969155410728937,5.914444628983695,0
4.031328061666161,46721.57775275835,-120.84863693369998,0.4459827031807181,-10.698710154908747,1
7.190187905508724,31781.20253378373,-97.20406449408114,3.088419450941008,-6.841757987478562,0
7.347875131527758,49039.37776279128,-102.172056647435,2.634224544304204,22.43808872497725,0
7.469480060703586,23509.355106581635,-89.41327904922318,2.111604401478586,31.58537730991388,1
3.044951218609956,42166.61946265165,-113.03295887351132,1.0572062575199268,-12.855630742825458,0
8.16498100775284,29441.53408892774,-77.87725403831121,3.2466988399424683,-0.1085991255029448,0
8.22226955526482,31588.93351095071,-100.19085992440148,3.2001585794725824,21.846108598525007,0
6.417233903573433,50136.66477378424,-92.28104028116525,3.326488004394274,-15.187744543724047,1
8.859614790378574,29777.15148542233,-84.76669825967835,0.8982044453282743,-22.333234779793603,0
3.417078499481876,31694.985971269605,-108.8055626532436,0.6965916635431562,9.832227006585384,0
8.169622156565786,27893.366311676506,-102.42411438267516,2.8914520158147,2.031904135937417,1
7.307996797402857,41042.61168083044,-91.1141616192182,0.5640723642091119,14.339729522730837,0
6.876454930726359,49526.745631375175,-100.33906584000496,1.55719729770641,15.898804805430942,0
5.295329811817432,34878.57792628015,-91.55679339161206,2.0532281029678847,11.846277007319747,0
7.335202988890989,49237.34472796788,-114.80851285407272,2.186684405625823,-23.57113247236772,0
4.716723881170008,23810.20171243801,-107.38722694748304,3.215333494548912,20.28415430870741,1
9.908808602518157,31398.031415309364,-82.7718119848849,0.9872471503019457,22.54646633457095,1
10.155511330947157,43801.93048587463,-99.62570194575058,4.003401579576913,1.4748052916495809,1
4.69662206717987,47643.60182368032,-98.97284921255638,3.246121092238112,3.419251717688539,0
5.049614358547951,32044.71559186364,-76.7324806496623,3.2844996384261758,-5.791364172802432,0
7.015543463012138,34705.11455254748,-93.3289191737304,2.6991657764503003,-9.9899215462332,0
7.076806837466151,36284.23783432756,-84.22316105947239,0.7289274288958867,-15.684656761687371,0
7.343999790273242,37868.84610090343,-88.70519963946174,3.439624175497064,-4.17357832577326,0
7.08781182024784,39832.20479507904,-113.88726663050066,2.6227277415321577,21.029719700068192,0
3.732189307111999,53928.10808214882,-69.87960501024028,0.5283259196100746,12.20212037230204,1
8.784993120916397,25022.860444606333,-110.6687519255513,1.495406887496416,-5.424778122557537,0
6.802066315581032,42202.31479839275,-99.58890456133994,2.774748352179896,-10.912628951440922,0
5.742230658923628,31963.62861667351,-105.007742084716,3.2697967978280387,-2.843462747327152,0
4.85793927397049,31688.53233457731,-80.28807843243405,2.656266206539305,-25.67894061421783,1
5.34825409713484,40296.67464081345,-65.85498298759335,4.069720777110318,28.193659195782388,1
5.978329722167393,49774.392253683385,-104.47305209380056,2.8809230736030367,-14.53094908651793,0
9.82915386866921,26161.263826827835,-110.08494192737,1.92237511323948,-0.5103480673702805,1
7.514312879304818,42891.24681721477,-95.20831898636874,1.3050063754883412,-4.952696473112113,0
8.769102995724207,36887.50719113183,-113.13752117033027,0.7230441797769532,21.27924050404616,0
6.734735705094895,41296.32491808477,-86.3105398086386,2.9899121231486827,-24.312003920467266,0
2.0409080557872104,23262.793449395685,-101.47037539480476,2.525743699665002,-18.769866576391223,1
6.734431335423507,20895.20168401513,-76.68434913492894,3.110545584407216,11.733032326514603,1
8.556254978038318,37006.996141530544,-88.14731849716061,2.709923831332903,-8.286783352672934,1
8.531888300756979,36700.51922515725,-107.2875440690476,0.8379402830604634,-16.875286873013067,0
8.20859400301794,40453.131582606,-81.71896347713172,3.259309255224154,-20.593505935105767,0
4.932010199824472,48923.17187074227,-95.2441107688329,1.6910354944307768,14.234901150649236,1
3.4358120855429544,49424.40334811852,-102.52637961463196,1.0630232810810425,9.70225859204227,0
6.799256913833105,29207.04378977652,-102.79425742507644,1.1501194058864608,14.006972922998642,0
7.287005600475208,36351.38787857382,-76.79193876107978,2.2826127780528283,-24.70973196274529,0
6.015562571306423,28271.697957525044,-111.3412032012053,0.9613024259809076,5.610088448130767,1
8.497234274467829,45964.7910807242,-82.1999325938049,1.397719186443454,2.022395352844679,0
8.166137621613043,29000.4493504853,-100.652291009653,0.9608328793392374,-4.081957012208775,0
3.1174178819032266,29718.35035335485,-110.2381180148798,3.8115508747882103,-4.859170627424703,1
6.264237547669669,37698.170604880805,-112.87371711691004,1.3177666001717898,-20.109365117127304,0
3.897254509666226,35976.503808146765,-86.84833639865458,0.8911686865940307,-15.558550093564982,1
8.363589028172186,48760.13659039338,-118.89028856433532,0.2948827613996433,14.922944572139542,1
5.256107880591898,50432.51621786848,-89.07030230643925,3.683829562924665,33.02871366489646,1
5.063926791679794,46035.77601875556,-88.55478291582017,3.132720596181172,-23.218190688944407,0
9.059491594844031,25288.577391707644,-100.62592866997778,3.555974418068866,20.918629483937305,1
8.816944190737516,44937.19078420929,-104.26995345302056,2.8162660511450786,20.07438909865417,0
3.776771172661944,53865.66130893374,-72.47158589593928,0.5756528259256258,-34.908443163933235,1
8.173389372473336,34322.243367187395,-91.86730652939649,3.541369421102844,-14.737377804239568,1
5.645997013341474,37104.287748952665,-98.7002484102424,1.2012213672787344,19.307794801377817,0
6.607472361735423,39430.494940619545,-101.75757119109346,1.0831333153364615,-18.64335761760403,0
4.17170899869949,30354.81653022251,-77.09326929862613,1.958812762618182,-13.672847673305638,0
5.223987465298423,39641.16000286864,-95.88411525333096,2.51841377676726,-19.959542896782395,0
9.50101244240066,33899.60416750486,-93.68488222950845,2.510385730275837,-10.799186280560336,1
5.097510343203868,38518.81215207797,-119.01857050160817,2.867392542968156,-19.45877376179785,1
4.924689650774738,28593.00743819689,-81.07879643643261,1.1051494524238463,1.4641834074765008,0
4.258494521516598,39330.3033199127,-89.50545057389199,1.268858306602937,-3.949649825170898,0
10.429617227325862,47823.57966184457,-77.78647892947917,2.850348251200093,-33.375377640404494,1
2.10497471679954,38829.463391197976,-86.11804977640305,2.029128105439105,10.678707330863476,1
2.8461323536138377,53631.305685904124,-77.90747467973269,0.5072031054566544,5.809672850379108,1
7.463021700736153,53018.46984497273,-73.35318314368894,2.402037749478409,0.8770668926632297,1
3.2823488416871296,38245.41297349264,-105.820549744838,2.9069005880234413,14.47777925754773,0
8.722079868428466,42529.59375830504,-103.9492569697526,0.5304533433160313,22.40312888885156,0
4.88580013765433,34698.32102249498,-113.0209641503037,2.592585379117019,24.372481454643346,0
9.891283697588548,47908.236967353616,-103.59113024896786,0.8179942275257537,24.77032162783996,1
6.117214735375805,27660.625639717862,-81.52919178900487,1.253298658022565,-3.2907564182832765,0
5.010645126226113,46658.86424154825,-91.45193626988166,2.996172577357617,14.50527425768157,0
2.71861990793242,45965.75637389018,-83.19804453433494,3.8230485848325895,13.871464936755984,1
2.163714420383116,29628.308553759955,-93.3385902814427,1.2830735952890182,-15.959286963810328,1
2.361259717119959,38939.03720789719,-120.47739653656248,2.8280946161458016,28.492570051211715,1
7.671709782556541,31264.52526658085,-78.29150768999472,1.2186523710642598,11.024829522705623,0
2.355271454129225,39096.00524845973,-74.266672052676,1.8974330232436276,-31.547198251083884,1
4.129278534705887,35822.94867447769,-95.47175092271968,3.3554971823828708,4.139277010065037,1
3.880664518825637,27828.22534102673,-115.00012847257514,4.355165061745718,17.178985703017702,1
7.826065008772132,43382.64146265136,-87.72956956734862,3.276317714361634,-13.224188544530964,1
8.46687878829119,36891.919921912624,-87.83475566880662,1.0378918501612358,24.93616628429253,0
6.111655526517593,46743.32549757174,-109.98938868695436,2.092311118752349,15.524568393152428,0
5.685589469240477,40839.25753596026,-80.8774491299298,2.536336008424038,-12.99674257177374,0
3.023084776565616,48512.81034009952,-80.85568373681615,2.0950835041815754,-22.75725596640625,0
9.519432912485977,45815.78088664632,-122.61610436102872,0.9767761647557318,26.348257856498947,1
3.6593594541009113,40990.71665530874,-103.9581511801792,1.6083464869437596,21.180304618267463,0
4.571846394106075,39255.88392994125,-111.0357726157944,2.234401034487278,-24.300784420654647,0
8.083792632299055,32199.04932127204,-95.233273690321,0.8905979938352536,17.816886382775735,0
3.2747064846067917,26476.770209164253,-93.75524838921724,2.9790553421157187,14.880054854253054,0
8.028106954853595,25740.641473629126,-104.06691885484813,3.477757635352392,-0.4698271944603363,0
8.92196046349957,29128.56822524685,-97.76851986404613,3.4641354446654256,8.01611473395176,0
3.567055346610553,30300.61642358181,-103.77075201743068,2.2025002979271906,32.417592316407,1
9.786015159305514,26592.425621407077,-79.96340913826242,1.1376035449640214,-34.00146869531382,1
7.849598221565949,36956.71741805318,-96.03808796367382,2.6931097005762643,2.1030441915091918,0
7.797159086126605,30461.76142448131,-111.1257526169372,1.2693696173659967,20.910172755829848,0
5.784457086025839,34264.2719054514,-94.76156841291689,1.5236935245838494,17.478781349978867,0
5.039015436282721,33421.31226891169,-78.04696030902213,0.8605578076525897,17.16539196373555,0
3.7866639584745263,44472.416410407546,-111.97862226784812,3.4336365154811594,22.39436980122759,1
5.472707672565377,36170.30967744941,-99.03287196199962,1.1168968030285178,-5.974755588838015,0
7.164526991404166,35039.11397027531,-105.91947296556972,3.028817886384381,13.275391736818626,0
5.168103365315017,22545.56772069309,-107.91930777484951,2.3190960638904072,-4.524577533331129,1
8.380489656409745,42111.21734822816,-89.31836068404392,1.1655107222765906,10.51658610494968,0
7.824352071416896,36682.3828346908,-77.51348297657776,2.09815800507963,5.7211148935461935,0
8.246333776283471,43243.29466734544,-93.55087634181196,3.419347291938112,-6.073281139582328,0
3.992099849162524,46762.078467323096,-94.97664501683144,1.4688507628632768,12.798153845343954,0
3.7050305326433706,32658.451371058964,-84.43351136897545,1.2535031369930565,15.229659628846337,0
4.475313931772959,52518.04010665856,-98.20514139728932,1.200544979134032,-0.2398661874641945,1
8.828691834641141,28099.249766323235,-94.72379648005877,1.8069300663103496,-15.304002493034272,1
3.5284748395194723,30660.535252024198,-104.11298514245068,1.3156905445928313,-1.1880979248725403,0
7.255300781334844,37611.87555620179,-67.37862116668882,1.881316074981957,-9.520901935570752,1
4.183859018370466,53414.33032763364,-111.80793627927036,2.932952487631635,-26.475315980123227,1
8.356742181467078,24489.153157016703,-105.68421384576004,1.6058230377886211,-30.267409362401494,1
7.911435762883582,37105.98980944151,-78.53783728737892,2.742565409809356,13.619993446688063,0
3.470508808423576,32356.295611703,-77.1193813928935,2.908826727717072,22.83546747926376,0
8.241295773469275,32752.53268028316,-87.60152232542228,0.8938600054169652,8.276014810842085,0
6.480211931936212,31131.36044262212,-83.79884189155776,2.858144597219831,13.519579269170656,0
5.8111689045871255,36642.53957801019,-107.99908430191662,0.5398071909716877,19.87040566058222,0
4.948830881302511,25568.305892152297,-75.74984541977787,1.4832615297610197,10.590015386445913,0
3.576153292971844,28422.85416261933,-90.2140690755669,3.9304281506618977,-28.3644796624741,1
6.957665836032772,30982.436558191257,-108.66487344779073,2.15251702100801,2.6125704526866507,0
5.029849354167361,40440.39384606159,-111.90055918951528,4.248528690942053,19.31643919914776,1
8.050347519218077,43241.6508744584,-98.20179785550864,3.5366459445496066,-13.99824446967268,1
4.498174156493279,40457.79753544578,-92.1753159905295,1.300207330163975,2.6307897096691413,0
3.920705586940485,39370.48263448221,-79.07402202689798,1.592996627295088,-31.7810549755504,1
5.483869935717,40898.89270246905,-106.38407741277084,4.25890426460773,10.825784457812716,1
2.629585569732117,33627.34890032609,-67.4611046675741,1.99176900448474,-26.04161380266074,1
4.162710763133502,39757.88688224135,-86.4946243477479,1.1057960141274727,-2.2658396176324587,0
9.080742895422915,34352.68388214134,-92.97792104340824,0.9029909465824684,-20.798592532035705,0
10.4691865393213,24757.95573151192,-67.44469276953558,3.6124285282122472,-19.16424872977577,1
3.741151829312299,43982.998776977925,-106.1301156871924,1.5240713437305162,16.494194281720063,0
4.242308100238758,45324.00774612367,-84.97183421657137,3.549935071900844,-33.07965050084542,1
9.31468227787371,38271.30934256963,-78.46052102073213,2.991417858702192,-12.151495771836885,0
3.884779205099192,48453.58325168364,-114.98585549745845,1.2539877230303222,2.7878689274639505,0
5.20818110880426,43795.38467042668,-94.04530904955632,0.5612022849761229,5.307971336283117,0
9.064982539403108,54786.44957612893,-67.535497054968,1.7528042649027435,-11.795505423693289,1
3.5914200171400346,37241.88841417928,-101.30359902002242,2.050992741056532,6.568293669422854,0
2.314542265569126,45127.34149930818,-83.91882147517882,1.1919712589656726,12.721153880881673,1
6.255181243770396,26750.69486664248,-104.51680192684316,1.4742850192971786,-18.20284110770785,0
8.547415651359756,30988.228137334107,-96.8719867258919,3.442512220356998,-18.16455675676565,0
5.979920168418165,41603.59552079607,-100.67109082636053,0.689992058180524,1.721223219378242,0
3.351503848096011,46700.51504353857,-76.89419962208974,2.5510143210646588,-11.507594491514832,0
8.025843496362185,27734.01120527491,-77.11101866343365,1.6625947429909131,-0.8577028097823067,0
7.159588102295715,44271.44561236381,-97.2922422805907,2.597931547819419,-15.494794438175314,0
7.57797451611769,36586.383373371325,-107.1805699144712,0.6273518743050135,-2.3518435278287413,0
5.558693682286688,34318.44166716568,-93.13674339217582,0.8249128859997618,-13.796956994429427,0
9.41864786109247,22556.46182408319,-69.26502683556767,2.332914831204909,1.550520799286609,1
6.112124969208285,44968.450860053694,-112.33323608187332,2.4432628701941748,1.5786320177547104,0
3.569922214180129,27228.485669985013,-85.37675124639259,3.311631951961436,12.230887614938496,0
4.2435414131269935,47742.607260473495,-88.94438836006557,1.8783032579529024,29.31732885882145,1
8.821394615252274,39838.832168476336,-100.20504365148928,2.448214280311625,-6.031270950869892,0
4.0283377260407,34982.01050866939,-112.08085291890762,1.6646689967995631,-1.886071387994825,0
4.953698171248163,49319.02861674815,-75.34748393156855,0.6538597111128369,4.584642239042552,0
5.6847861442461785,43559.166541572486,-75.47026330148174,2.773329769176888,-21.69318378825553,0
3.0429803204490327,38791.08902278142,-114.52596127488432,2.088252940524952,-11.2629631401084,0
4.657017247851903,30713.92090415985,-100.33620985996764,3.4912972433833573,-1.073462457173246,0
6.604449663551401,44845.28424736296,-75.59412406461537,2.840729792283532,-7.869535945936946,0
3.171254735624764,49122.82981438725,-100.13263074932,2.6042052903624584,8.13736601978804,0
8.87922698017,40342.52742651986,-90.15473209505464,3.3766904482218005,9.127568038426396,0
9.104461561067414,39502.98463387999,-76.635850756513,1.1293819268012082,12.250835731955576,0
6.59992236851306,42351.44408167571,-94.36677832689686,1.3776426492861868,26.377016803558284,1
6.732778456313716,20466.51817009628,-109.69347324349675,3.62385968246515,-6.505114445176446,1
9.14375800716087,45339.15086844932,-92.99613564112867,1.8644777258051883,-9.274142141491604,0
3.0382095825005986,44402.843275331325,-99.90865089225731,2.920749839858928,-12.798209279603768,0
3.264531679482824,41604.40304956745,-103.80120189363764,2.7286410046415868,13.280433288075258,1
7.947048599854352,46355.05405370188,-111.41381267036456,2.066637254406829,-17.740947553789393,0
2.975447041714982,26289.24874672924,-90.25311628263158,2.297525512926123,3.7327682269655256,1
4.049522645691682,48107.96052245761,-108.12409740921125,0.9767459150569612,-3.744289117956392,0
5.236323209780901,49339.48907360222,-105.05195669036137,1.8380209680730804,-22.61004435847983,0
3.4311708446663864,27121.06661954417,-79.33398134200334,0.9366913610603972,7.070006072502039,0
9.188292231699045,34342.07739000964,-87.71196412646943,2.017827289926088,-11.85862836338259,0
9.09932957653583,30246.4150447052,-78.24065657353796,1.92453161954786,-19.16117770943721,0
4.634509694292439,26904.47414899666,-112.88066484814588,4.457990798482282,-32.411941430787856,1
4.225413353515714,42081.69480703908,-108.13037839087268,1.667052415500657,15.12378639864535,0
3.023046979070585,44277.98057549068,-89.51546490794482,1.2858657873030446,12.061545417396538,0
4.0173647748646735,43149.41979669935,-96.47383420365593,3.811690308328061,-28.06606046333237,1
6.795987094007747,33108.36596944492,-104.77047800576632,0.30046425179964,-27.707159801916717,1
6.821505330349269,33765.77102784974,-86.56984162024801,2.3983118927814155,-16.70091911548704,0
3.5392870849438127,46674.18728986378,-94.81105113547672,1.6926742975419746,22.06248599500368,0
5.04330479215719,48933.42277366268,-96.57717422048512,1.8707544570592192,10.30331704400939,0
4.762691212917423,38960.874671834375,-83.45286079881791,3.149355991240484,3.5286740674714707,1
5.874309683717769,32466.25435773147,-108.29640563183456,1.9781355866663524,-8.105473775338996,0
8.695111628886227,40055.54337791269,-105.14208784938512,0.9331383806912724,22.738655226540608,0
7.37846527779079,27962.80872532799,-86.45745152141292,1.0716324958067904,18.096836214293692,0
5.439915664814589,42294.871246659,-83.18699161090377,2.47555655441309,13.886540555832449,0
8.333784539659977,46681.574367340014,-85.79240946068676,1.8579058875116672,22.916574122440217,0
5.099048841703571,47714.982730355645,-66.40025577238754,1.6464856197859776,-1.4507638945687162,1
7.460562663010665,43891.294097592734,-82.98187770663888,2.508554324220834,-12.953821702432116,0
8.040426804340296,39869.21225433815,-121.74858936873322,3.693212334108884,14.28299378452541,1
8.428529188617116,48616.90163334256,-94.1195884198915,0.6653687230252806,16.036201708160903,1
5.630975987046379,39980.24323348213,-77.43458545907046,1.821115471686332,4.589580465515574,1
3.91397719162294,33090.04175212707,-105.0781166533142,1.2823558311963317,-13.223937359923305,0
5.343225379225448,32458.61589706551,-104.62500372655305,1.481768236977207,-5.605685255942021,0
8.73513339653625,33982.456415323104,-78.06571229703586,2.1610950464375653,0.3198141539871884,1
4.95648327506248,32918.37217027897,-102.64214926556022,2.655182968294469,-22.208173031805018,0
5.785684714149966,26736.535965163534,-101.8882480685866,1.5205426238496624,0.5798528158959044,0
8.932066752899427,44927.45857774159,-101.96732113999758,2.0723354834732635,32.90987493550787,1
4.552225534270307,32665.90298397716,-97.04275727386656,1.7988490165215243,-22.977213087366323,0
10.287232961700749,33902.06703097353,-65.49827576725338,1.170802785835375,-19.83053506351625,1
9.30838236379204,46475.30075662123,-106.63082078662002,2.4458696651120677,7.48699130184211,0
6.139141318140227,45117.20385539332,-87.60036635217293,1.3923016142892268,-21.35134872473271,0
6.929645505765407,47410.45720845324,-83.17293982896435,1.5713742220090707,-22.11127917173176,1
5.987765552355925,25821.49490283228,-92.73333798068434,3.081082108155991,-9.847771419323898,0
3.06292750126646,45260.03462427261,-81.62804473797607,1.5194667255615584,-4.042634209349998,0
6.12753357413406,37970.54870691578,-94.94980399730736,0.6221017555383744,6.572776544829331,1
9.310659929779806,40423.49190944578,-100.889449189165,3.433348833421712,-8.975860826140654,0
7.862269846052023,24584.35103943496,-73.80557835274749,4.056603718384986,-24.96114748246702,1
4.438886800480935,26580.426029004884,-82.04578594438209,3.228162915283676,-9.890491273537489,0
3.379602637825773,29747.426374484887,-81.06302536380872,2.805969520595501,15.290232869809472,1
2.094540658851957,39904.6072592125,-116.65086150375812,3.638507764986327,9.334668402179048,1
5.140954840655169,37844.8678349262,-110.02577109413208,0.5488699517538034,3.052990183523153,0
3.028002687172724,49266.23607666277,-94.16981889139254,2.9090127867878506,-20.58675501893156,0
9.194529974660924,36540.55557082872,-86.66531794975747,1.8153648629267256,-10.433439600735234,0
3.895507795745811,35948.821365459364,-79.11413084994162,3.4476036705870468,-6.614566463310613,0
9.021285942260564,33105.1283999288,-78.62675636510883,2.4371390343112584,14.076991904139796,0
9.209582205955169,35344.11032656278,-116.36980440993194,1.6952852542821044,-17.73977207725607,1
8.340258386779812,44628.49769309632,-99.98697884988796,0.6256194610717143,10.71440541720986,0
3.0527751406631607,49660.54121226517,-98.83210335742332,0.8826670911723042,-10.29076685666645,0
7.207723780419837,40226.25261595042,-103.0609629498681,0.8243135917575304,-21.808147305144505,0
9.016633091887629,29393.284307136324,-85.86690340175869,1.4196486604696597,16.067162456660775,0
4.555168064367952,25007.181796365585,-108.70220956598436,3.490451431481619,13.983643948820864,0
5.413155215876841,47341.99737072573,-111.68022590903249,1.4550421866156522,-2.79203190864083,0
7.433045564619301,26635.31898609069,-86.24524823543716,2.209260879129441,22.367556354600534,0
6.050699878019839,31814.54566598032,-100.6339636060521,3.2573170837839043,-13.483037012845044,1
5.909692168743554,32408.31726210373,-80.45229028453022,0.9627901038028917,-3.9200313755133713,0
6.091638737619941,29247.01571371933,-101.34031680537618,4.015775111647865,33.554312503793554,1
4.185838796317384,35314.139470008035,-124.92141157019132,1.0422630892876754,-0.511588042846121,1
3.2018605250710808,48847.93931708502,-69.4966867003087,0.8533633400064744,-29.13969260232616,1
8.497456146159642,32372.715327903254,-102.2513236817337,3.3549863943023617,-21.289979911667032,0
5.940868893409913,31012.78731284505,-92.66052134243289,0.5372689744791351,11.58931419499892,0
4.894859181559788,26573.73771481898,-80.12825196922151,1.1969841905299017,22.37243559942412,0
6.378368367607525,34624.971082288124,-102.6455455712774,3.934108452596537,-11.366159592566614,1
3.7647304517943594,28733.01806999296,-104.05452456639398,0.5457701524711708,6.147248133877575,0
3.084274044885149,31283.52820930764,-90.17753217552604,2.842774678627656,18.50590461606675,0
6.158938011557989,26730.31296170959,-84.57591338971073,2.797503287920964,-18.58042677501186,0
6.048840946746501,26746.95194600589,-68.20978197075854,4.247768407823371,16.945377154602568,1
6.79121708221788,25734.59245883698,-120.43788778647128,1.7282321235741962,6.124873936748799,1
6.430140790173664,42314.65416764069,-82.1916589294363,1.7971915130927485,-23.925823568751643,0
5.343427528550179,29588.169768250627,-87.77863972746138,0.846461152915041,25.7496530953419,1
4.47271744637583,24304.02729466633,-72.79582428329003,1.084833951043403,18.36112132813777,1
8.134702139504878,33554.77214405909,-113.67854290371008,3.512384060640282,22.029329144258817,1
9.007132704725421,41583.40318357936,-79.86919282009347,1.2068516051818827,-21.3544049092896,0
4.618552483111513,45585.25666780256,-93.61620303506112,0.5041998844291007,-7.626905056579829,0
10.323295675959557,37124.758699963146,-121.03170942135397,0.3929414540548959,21.185118949178506,1
5.992240921897626,36663.82036221397,-88.5926875055924,0.6605103861205109,5.291865680879688,0
3.5293230078220184,27626.096909065174,-87.0297774441527,1.6270581512290792,12.8443352928849,0
5.081005700024956,33926.85429696747,-76.67635628783731,0.9034784061088236,17.997234995457482,0
3.191634904501895,42080.32291879207,-108.08771152676844,1.14414831791008,-15.642444314441915,0
8.125380105816848,33620.06232908478,-85.68235914197433,2.3847708874269693,13.575068705492953,0
4.657287912028908,34544.55782655048,-78.85360265871304,1.700178126753891,-20.83729619356227,0
9.038814649082944,47852.630146661366,-90.64958167913626,1.1928357092236617,-9.241022603660015,0
6.711360747720846,35140.70255231105,-111.98928119134656,2.0271768166171293,15.136385190584726,0
5.079473450942333,45770.45061370125,-109.6305947601551,3.0163121147033856,24.50591403742831,0
8.467124719610396,30938.975613093196,-92.38638857700325,2.502693236177144,-20.702314880299262,0
6.1740106370612855,43510.72795134516,-91.54284178409092,1.1650821317491262,5.426116726607095,0
3.5085584294417376,36970.37556172416,-94.45127325367736,2.0418021039811425,-17.59631295113421,1
9.18815027015018,51219.34440669531,-91.51742122791411,3.467188279396229,26.414881625386265,1
5.222212655517863,32272.1954944867,-109.5077376773432,3.388529519829281,0.0543361744609853,1
7.34864254826066,28728.612316669158,-111.39669305696302,2.035116040893977,11.178180844923943,0
5.674637055103478,28185.166212096643,-124.05557267190572,0.9358008278565272,8.035420776427245,1
3.7689129678184834,30281.99897949141,-108.31180933168136,1.8269504937596883,-8.60740195070198,1
4.731606788602552,28297.25874685417,-82.06770016147134,1.5398343357670736,-10.317576165181247,0
9.8471761934271,40586.77638717269,-101.76766738879324,2.37709252379204,-22.327328948587585,1
5.741289784512421,29088.571928109253,-87.70640894253594,3.0026974850840245,-1.7538648820560674,0
4.133295537976608,49184.25015890073,-75.03438077652129,3.1458124703239645,-6.596095211801838,0
6.1297209002823445,40680.01219269222,-79.31766692840327,2.1109026349170934,-8.244517273280742,0
6.909168619891605,51986.98959760663,-119.01209354543938,3.438173560648953,24.11611765031688,1
3.1740963567811646,34509.53394152492,-107.81471101537068,2.350790679603336,15.976301408785666,0
4.178440309451034,24888.511546624075,-124.47771598519968,0.8869501858297719,32.953336254590155,1
10.363837063146596,54123.07618084578,-91.28858229012354,2.090307992121544,1.342561500945159,1
8.2404732514427,27676.240213766883,-112.0234149166622,1.6201648726677709,-17.299693609808088,0
8.879299335750268,42674.20016341413,-106.63654714610118,1.0882603820621264,16.056173532618615,0
5.501445279926877,20683.50434447891,-92.53144349289936,1.7505188466267845,15.324712314092594,1
2.871980087698756,35049.10664599149,-80.5226472210206,1.6009195993830527,-6.269561639918269,1
7.868514661321615,44220.05505042794,-88.24256172227356,1.085476609912586,8.666727466346252,0
5.166061813818487,44434.58123921587,-83.22115190506963,0.772584219581137,20.522832859853462,1
9.303508339710575,41404.31892543376,-76.96416126099169,1.474746404903048,11.57726086669456,0
9.76651674633302,33552.361514460696,-108.90608384385348,2.833887185815956,4.140472978748122,1
5.22248344725047,47002.014720455554,-121.37438278293958,1.915430737580949,-2.684037971573374,1
3.586672949530868,30815.58395208097,-106.24764233233692,2.079345542445533,-24.96582518080846,0
3.265146105512067,33913.00290614713,-86.63883430932327,1.9555985433852603,-0.3505724994499708,0
3.5981789490570675,25326.04782003669,-89.10780656546731,3.2484196209378937,-10.045459170824389,0
6.462572373661926,37545.21966501177,-90.4367902752495,3.1410028286853784,-18.127030512313382,0
9.009268265385604,29173.429045242192,-81.2750681906949,0.5332789222241406,0.851159657562313,0
7.155435379258046,47682.59783459437,-96.92587140240856,0.7458478688177935,-24.28056451446181,0
9.085183389426335,40969.51269608806,-78.09218436621208,1.329150686473231,-3.650830055690751,0
4.151322133752486,25016.250813932867,-111.69227997456152,0.9056994955742554,-3.113130889416894,0
3.528287065787535,43106.919143951935,-105.13071527845194,3.011924967487692,7.115869575238754,0
4.067009890085041,28511.229683056223,-86.32575549408469,2.664677286353948,-19.65192472402405,0
7.686037747258544,28848.962076250667,-86.6401807307497,1.7376785102796373,31.533107620263763,1
4.473882797541638,41425.6429176398,-78.48468965865209,1.9831255202917253,13.541950828527357,0
7.778605530076738,38942.52374533524,-94.35493267620808,2.391945659278161,-22.5352275409362,0
6.315135177627938,28671.754918779512,-100.90887311867526,2.6505488433678943,-2.411527932406376,0
5.4844381169931244,38913.5503675615,-103.29535928307313,1.732661632628942,-5.899798886682078,0
7.508961142032628,27912.816171784496,-109.84854208632828,2.840920288410864,-24.1015583504568,0
6.9822400979514585,42981.84903189918,-94.80887340702392,2.991707509164245,2.3935975305414203,0
3.253124609411142,39571.58757044855,-75.47261326327512,2.343090027575488,16.071489051934748,0
6.729001841745439,49430.79945002835,-83.30888801639891,2.974056512710783,-5.182491212433803,0
10.422030928937543,33545.58498176694,-73.61325472254819,3.834039707816342,-23.646144465689268,1
4.516243840019441,27250.58185938265,-78.5460971205097,2.3013938361769286,13.135315157440315,0
4.228301256862058,30260.783941468253,-102.2831475604302,2.206404052992414,22.42947077479606,0
4.423657918321665,33633.76137398195,-83.76380821012225,2.8883917077564587,0.0491581201235646,0
4.34968986540569,53843.87939426372,-121.1377993051317,2.935288100331054,32.951273373212175,1
6.424894713887495,31632.7333283289,-87.83734549616425,3.163984708440207,-5.448688719739081,0
7.984837639315565,29194.728584195054,-90.71010024436274,2.7437769558658576,-19.27335643105512,0
4.317541105394189,31682.110954898013,-88.15029762030767,3.38956882518511,-15.59650926484969,0
6.664081990084625,35077.69859486493,-81.80015162966265,3.327204965788819,17.34529197935432,1
2.8392671017878013,27614.956933502435,-73.01557485676837,1.765520369286805,23.784748280574117,1
8.62470797587876,43832.73675272749,-81.35094641304607,0.7493971349744031,-34.18216669761703,1
4.907578632269648,53394.643000996926,-102.35149086513285,1.735446147612883,-14.08433628709843,1
8.76852461571061,47626.98657329746,-109.6044621621088,0.6514931533779766,-12.171385367961507,0
3.298279066107199,46299.96812686221,-88.46579890036624,1.011536829069126,-7.123629788112783,0
5.880245608319653,42246.137270383566,-101.06882159230916,2.673768976324781,13.248060129298906,1
7.688847959504718,26496.852590866325,-109.71818290772842,0.7077424230092563,-19.306140619966545,0
7.96889947077037,32076.783543591824,-97.60704836608464,2.042924950863492,29.32531285332564,1
7.678922644050453,40127.97783285177,-95.68128288018698,3.406463728306296,4.82904321260288,0
2.3726810486709424,36478.653684189565,-95.09745791384682,1.0240648072211658,-26.004643440732288,1
4.764447419950859,48504.65406837847,-103.5352321234869,2.1455862893579214,0.0105644572835004,0
6.892649127149911,49577.56232292844,-110.92745640500452,2.108544590873862,24.526564375394543,0
8.77845851103432,33739.51923836991,-96.4777785562223,0.6493684342457208,-13.354272528529004,0
3.5931664564896773,47754.08227843695,-100.58800226168071,4.357393859135558,10.721063719243311,1
6.181488404566786,30528.05766269224,-72.00495899199306,2.439554412988896,-12.125264743685229,1
9.07950382540574,45970.40276697291,-95.68272145856297,2.0249986972156497,21.058115702190054,0
7.80848333014298,33066.781527856634,-79.77661553675907,0.7003066009882899,11.952698544801294,0
5.474557819258512,49415.29849724635,-111.0158515262985,1.4463679079263392,18.33863727640599,0
5.009178295850552,43177.35255686511,-91.82531535699935,2.364947232869911,19.925908052409632,0
6.41297581555266,32585.254284082926,-106.18654689301142,2.624764113169491,2.607546046042213,0
4.990326803161618,40006.12435179095,-112.95217231016292,3.4666051696280293,-14.329272309657188,0
8.616613702976622,45292.375648296416,-102.69601879905235,1.4217156855626003,-4.0361930136736,0
2.876104421872996,40388.32541532109,-94.70976163098928,0.4595077511703117,5.359365433628533,1
6.764429019243103,35439.45183887934,-108.90354359263426,1.4895958579335795,-6.0080112629422935,0
10.227329191818356,32248.05436081901,-83.39949241505914,0.5613637598491115,-13.563657976098902,1
9.508347411651451,30207.437300796475,-86.54696594835033,2.3751977645540374,-6.8727124846069785,1
8.947282718154892,44606.19601832358,-91.30574060315936,1.4181831709565087,13.407792158743687,0
9.217544418817807,38335.22252680398,-94.31721996086304,1.6647347806403077,-22.001569343313843,0
7.145145075519193,37105.826573532286,-88.72236133982682,1.0401930036669147,-9.99497143898463,0
6.344534714805459,43412.535190597904,-108.1601518151698,2.184700573624923,5.848526200746086,1
2.066595877633425,25447.90840421424,-75.51851412198346,1.2349072456034078,-19.45870445366852,1
9.131444210759298,49627.97654258113,-89.66280531523896,2.303209764188228,-32.62229031149094,1
4.80921093823199,44065.18967048152,-102.8828045953879,1.6817861885177363,20.808001175271528,0
5.93510695377433,30712.33935911461,-101.442735246593,1.860496708722342,-4.200517486925236,0
3.2995858812106538,25506.395085090477,-81.87442685967045,2.315302597770468,-5.384500628776479,0
8.27075369762428,44747.689043334845,-83.20779862226104,1.1183320453491967,-0.1830127982238565,0
4.792052620327521,44224.77626715492,-107.29900226261428,3.342600819969185,6.738008793813833,1
5.853954371991664,49848.94210796543,-83.97473400476906,1.2108381661000438,15.535135841970508,0
4.185759324978819,43588.948462179374,-85.07571502701937,2.5956917766205763,-10.024615202030358,0
3.0442468432371808,41374.8545603871,-114.26881400172232,2.659218546681975,-15.36375435948858,1
8.966348712741947,44810.09396385588,-113.13333149938111,2.120551287293548,-2.0773667588452405,0
3.984401796487973,25878.69782593055,-91.2177272632059,2.83829838318577,-13.177715096278591,0
5.638299252446958,28447.49363887908,-113.1026863065814,1.501977489584825,-2.724196085220427,0
4.585898857259853,41401.4502777946,-114.77820727447872,2.752893429855418,13.502309428701253,0
3.7145888786284393,52955.59735066826,-72.7551833620335,1.8129990706843229,-17.66395655751483,1
8.198775537766574,41612.5578104685,-98.6148669161692,1.1984668500776086,-5.230143539980848,0
9.152562095368918,44988.872964219685,-82.6200229700211,2.8914898112282543,20.86356646216386,0
5.850718448056412,45983.93653321205,-108.52662797573971,1.5612133312320209,-3.301992265205751,0
4.386302023732046,49644.13857494288,-90.81196842088931,4.39353520956965,-11.129990234107408,1
5.290106489257159,32878.87490355993,-75.34148037527493,1.4739623258602772,-6.414024378231435,0
6.356077559695242,32944.02889561526,-103.72671054381767,0.8299695660261419,17.039746722445543,0
3.987378765540391,35416.798158615624,-92.05386122367544,0.4449253715579304,18.969503231693345,1
2.083366445064998,53771.67220638418,-65.07736583771049,4.281515497861192,15.818207024787393,1
4.224709102274431,47426.41831909403,-90.46286562393522,2.994248545598132,1.2826412342748554,0
4.20037478938757,46461.8958496104,-97.7872685653132,3.7807318481502,-2.9746433158578327,1
3.0800022484946177,40335.99662791769,-69.32412272131742,3.892484737802392,0.241171561730404,1
8.096494331636096,35155.77327283325,-84.47578926124507,2.133501269144286,-17.669386627470864,0
4.262185460017502,40350.09476122514,-114.33302183965893,3.011820584654605,17.411501295740337,0
5.948751580059958,45858.7319951398,-79.19062591990264,1.0649933975086037,-24.970193992114243,0
7.773037462437778,39718.10727762008,-107.20297261477938,1.5122198092427437,9.513916445231004,0
8.373947489937581,47444.24575344831,-87.31519761881842,3.1416679838519226,16.745089797122894,1
3.119525331615979,39575.12358316039,-88.45886632001427,0.6304460224983769,-16.48401764776183,0
4.879489103543762,25706.37404689527,-92.31122660148417,1.706194240863501,-21.841020334494782,0
6.054166433872989,49278.329302874976,-113.16000199877384,2.4782547069355028,9.390048295159524,0
7.811990973911734,37867.55540764398,-86.39378462058694,1.6890170747162756,-1.2914681787951032,0
7.357128887294784,35694.40707253538,-96.74823005044458,3.298444036002124,-24.464691639863112,0
4.365851115494951,37854.70837099644,-100.89030546451046,0.6944058907122669,-0.2943748226284413,0
6.10979365820398,53051.90397966109,-68.78781363356154,1.1648966218093104,4.841365228738255,1
8.105715704429574,49518.36269797108,-93.7315348507134,1.650415469787589,8.735945478085092,0
9.420645560949602,26364.152880691898,-89.26405133772748,0.9707821199052236,17.442278738800034,0
9.486124966843429,25908.396761767224,-101.04593882534483,2.1454404357122847,-14.395452784619046,0
3.7922720865370634,40473.99094096015,-97.77010851399804,1.156866201299857,15.516215666224454,1
9.150395003316287,37986.07679169988,-83.6879270394454,2.477472734468484,-2.7539856210891003,0
5.08432350993807,48681.9730504029,-106.96594045191712,1.442549843586324,23.228731154739695,0
6.189091138068366,37489.61164859967,-80.98631838251333,3.471389143243129,-13.895724183666584,0
3.6350419365928897,27597.682119440204,-97.16231186642752,1.1582489771824471,-10.835149045327269,0
7.198554773140568,37813.81736368968,-108.5618256974242,1.162363908072224,16.737418343403107,0
4.511512390213959,30594.92292825073,-95.34116696702226,3.075417485068048,12.921622146148884,0
9.502992214935226,53505.946887579405,-100.4696368541276,1.124727309869977,-31.05931827869161,1
3.4595408477016925,47335.86100689147,-101.68375446470966,0.5981425262225413,-3.704887348082657,0
5.7963117442075855,34167.95127706027,-76.7749448740784,1.8510882854236468,-12.684487146903496,0
5.922575624405484,26683.722632355308,-75.52126196549656,0.6333236730319887,-29.55168424391588,1
7.665761943440585,30856.448594502937,-95.247653136463,1.5889975362299986,-10.962182099805078,0
6.793235028326773,48607.524600001925,-112.15137050383696,3.168278184411164,0.0238687246352178,0
5.034835614445276,47645.27051228366,-78.71129475849426,2.1980447737410644,-7.574339221290995,0
5.410355511511616,42479.577855155,-78.57351594731415,0.7959522036589773,22.498215059081232,0
3.596075234328609,48784.79802824295,-114.84635459394175,2.874778189188264,-13.346212651498972,0
9.992740365190215,50292.28567220979,-70.92792164720262,2.4232934009096363,0.1573775532353636,1
4.820416102089408,54885.50111247308,-69.9680641082482,2.0041908966883355,30.31312282311697,1
7.774190303002715,46416.69409336624,-86.65476630219874,0.4453022451800322,20.86664026405991,1
6.750344009572,38579.50946541927,-69.39523599574696,2.104029292094875,26.6051427771463,1
3.2932478780966217,41674.793821394414,-94.63467390242124,1.5017220491015597,-13.49434338130962,1
7.940319918696041,45637.99512205947,-98.73476169251882,2.127858971358356,-18.747115135064984,0
3.6666470485823495,46118.68957737503,-91.39055006682132,1.7006827245423888,1.8236494535811616,1
8.919331553474986,38639.14935546642,-94.4341192538292,0.2804635260019685,14.348895469484631,1
8.431554076300415,29906.74123276326,-103.17863125338371,2.817674201774174,-1.75658057360069,0
7.548982286755652,25844.247817050968,-99.0629695648524,3.285739361466566,11.505662827991864,0
4.195760552412931,29858.477289953946,-88.6795113321599,1.8166147774154615,18.56686563809607,0
8.711426800092207,43415.8392089859,-104.09540253603356,2.5708437713286445,-4.205631530450688,0
3.319999876083969,52362.65039814949,-99.3572158705568,3.581340159177797,-0.0437173142498537,1
7.7482867654877,53037.74322767395,-97.0277679195907,2.9008172583099583,8.969075228496763,1
10.406562638395322,25400.47246845233,-110.0499145664902,0.3155148958864539,19.62999406381654,1
7.938519890698519,35082.42649991484,-91.31304505807026,3.10831627499806,4.822011052031428,0
6.683564047509186,31199.298658350897,-104.75711709342303,2.7183073352877343,9.484951919441457,0
9.915647716442637,34699.96420415405,-96.10884988549822,1.3735022685305005,-20.56053836832559,1
5.216320520857763,28939.75747766907,-81.97072760402384,1.0363085302484745,12.697489330265164,0
6.91534977323746,46185.8162663608,-105.52311331966534,2.671187695838232,15.230961741087684,1
5.423169637090474,28668.76118059335,-75.92626669293338,2.413443449418466,19.101844393135124,0
4.649908456571442,32749.13162767341,-106.6787842067392,1.9908156900873917,-19.82165377434036,1
5.739150457760122,33367.81195116636,-89.08474746257667,0.8006230634550343,20.657441153378983,0
5.523726027643031,31399.901682455085,-108.5648685825406,2.162282182183249,14.76827258664904,1
9.817327231371088,38178.81056962316,-112.82103844298436,3.629598491702762,-29.659793469221288,1
7.720859805646339,34216.00016734268,-78.91327426463161,0.7810731864562893,-15.924322806525936,0
8.236873103171618,49259.016830050125,-98.0467120621784,3.1892864796711606,-18.02161565590221,0
7.468534665961807,45669.21523354583,-83.01885328239283,1.09599115888176,-4.275178772360249,0
8.560171866723707,38587.52899010751,-114.76997804403784,3.148108761611584,-13.10608229902616,0
3.2632039123874343,26907.994002419557,-82.30403877747834,1.5826514111074887,-34.0442171950583,1
5.931715822323589,51522.92704202203,-85.43314460546475,3.939057708828709,-13.32051970513713,1
9.310832426547744,46842.59898962599,-81.9172380263548,1.3159318009108336,18.85905485557818,0
3.64069444100154,38153.03955528632,-118.64431888244236,3.966676148045015,-32.81833756863628,1
6.56722759538493,43180.86963312329,-93.88913976453102,0.8335605809727152,-10.594921098038473,0
5.737411056382577,43776.87848479196,-80.75141800930159,2.4245435775425888,-15.250629441864106,0
6.657444436602596,27524.761070636217,-103.5562858380451,2.10690044343775,-7.806541071126777,0
5.340805320891397,37490.25014403458,-92.324554870462,1.6030633335704352,-12.244195948046094,0
4.183570830443031,40864.3464404428,-89.48773983149954,0.86374733839035,16.19395873956352,1
6.602195558573872,49712.14108560637,-90.16656811688648,4.166805744320655,1.322215501715597,1
6.269885834570563,32841.14171977865,-120.88055869841789,1.1216580203440365,18.69959807390927,1
7.345229937955687,36835.1709487488,-108.2760244599966,2.850094748254814,24.454361280964108,0
6.136039458090724,41668.932291642486,-93.3657158759042,1.2108835716289512,4.750219634508095,0
5.089379381228122,39132.80900544116,-98.73862866418722,0.516715309056898,9.519866931894484,0
5.231283880189919,40309.185743883485,-97.66161507507178,1.8650830216704848,23.40765177925138,0
8.572700896461928,21299.41757849088,-86.40110078220768,4.138834235724636,-33.337010858669245,1
6.450649146284805,47239.65926631077,-75.25475722834832,2.3373913599530955,5.611225290842732,0
4.467912237065384,41197.37629062036,-106.36127616602876,0.5372550628362551,-12.815989939648482,0
5.818834155968686,54313.21293022747,-95.05243430236273,2.8110150339205537,-8.83288643932233,1
7.979799766487999,36873.88388671776,-110.4827479935757,3.111129581632244,-28.04048376905196,1
8.591765134356743,35558.65460563888,-65.48893692764618,2.290949612731485,5.901859468062867,1
4.723880863658695,31238.52157838197,-112.28820879743066,1.2699738246281445,-19.598269939268537,0
7.838373274209207,29846.05281067029,-76.80742371744566,2.416201258628033,23.272653026105417,0
5.543959559937555,36048.788656517725,-99.05281953194756,3.2371061903528875,-11.584138316845378,0
6.896846933801182,37895.34078882071,-105.73316108727754,1.0084486754393065,-23.19694334278256,0
3.140921451109467,35169.900138950776,-109.47640826854068,0.5174407055655244,-4.336213850008523,0
5.7865713664807,40129.90762884684,-105.44631524261602,2.8658540613349595,-21.01544550154015,0
5.143898601748166,30576.35506245485,-112.42344288716286,3.223528517728055,-22.506021195232734,0
3.4719257665201906,42024.018799844125,-75.96290929658173,1.823843525017,-18.21393772187376,0
5.315611003074244,43396.07892796524,-94.1473495358334,2.491986763459583,-17.008431846714316,0
6.780814696801485,45193.324025389054,-84.88409209386604,0.9669244314593652,-13.413842868129947,0
7.427025299040933,41954.88876836302,-112.36484749042954,1.2873119129348305,16.98625881935059,0
6.191113103236855,40064.99441348585,-79.36357708360426,3.3748182370027933,-11.699634020430803,0
5.826902086315378,37437.58619026473,-112.99990614447758,2.867533760573058,-11.893460094247285,0
3.7229943087638304,25120.73125752782,-94.3536810514056,2.215211863103165,13.907246130752611,0
8.561304180062375,42929.471493329285,-113.29134008782891,1.483220824472529,18.96598046110161,0
7.369160639111132,44867.23913145419,-94.8391963107565,1.3695853893279133,-10.393103487490096,0
5.454294050523858,52155.25784895521,-103.3573198170306,2.5374619043473783,-30.125676890996758,1
6.278593278265764,33827.497814007045,-80.18561318962122,0.4483587149093077,-18.21794447932008,1
5.006509989591773,47613.33721894652,-79.35700490914905,1.976369355465352,25.470425836632664,1
3.9159362869004193,48575.62826527803,-101.62930294506944,2.2629046307753358,-2.536044994967224,0
4.353675382793774,45242.73833922345,-74.36042870310973,1.806143178768012,18.062477224259943,1
6.228727362405158,47603.88227234314,-103.55223394163222,2.896580358522796,5.3532499082132965,0
6.769807435259278,37703.99122394546,-108.097130375048,0.4032734868104404,28.881461957195704,1
3.5439983042303007,42165.9435112405,-103.30357146851432,2.9883758544468817,-17.559154943526494,0
3.1592592216636923,41986.20362664895,-94.38744413006862,2.560095588352296,6.1766070385797,0
4.59076139704806,42117.839410034605,-81.17326415312036,1.6227734313520366,-1.1327955278270672,0
8.87373547718699,49403.11817701169,-88.44523640114015,0.9399388710227194,-2.754805573422864,0
5.154848212355848,43502.0346894696,-106.78734558811408,1.052733536647655,24.493902179123975,0
7.78485481678441,33459.747927770055,-86.70176980347479,1.1069649265534451,-0.9787284733087772,0
8.0197544399246,43713.58211682208,-97.63804846943135,3.203737610288334,0.23348324907505,1
4.908746251819142,42641.43571530246,-98.95623880089236,2.920897594030881,-13.243745716565291,0
7.624003708641327,48995.08420692032,-81.67677016818614,2.5193218809180005,11.729231610989402,0
8.26987055773353,31670.1427398618,-83.50501963458115,0.8242868792088713,18.608339145304484,0
4.988050001527041,47048.23210616781,-91.82820602107664,1.894441711953536,6.481887503551352,0
4.351333258127223,40321.99433184632,-97.94458352120476,2.875551373200006,23.94002067348724,1
5.129923929323373,26331.474376741637,-83.17552319762906,3.118554475749847,17.575131918590323,0
7.989338445228986,35415.772521680425,-85.73571070002292,0.3936668282821507,-32.09981217222149,1
7.170842177690565,29835.41624453456,-120.54440644652458,3.05839657167856,-33.07719415936537,1
7.760956845600313,42109.595519782495,-98.74591858652734,1.3333491607877008,-0.0368879491427236,0
6.902070034682078,54865.04194743968,-67.00019151865476,1.0229716444191042,-24.53266173338433,1
8.327002050735995,46921.0580134426,-106.0725652707175,4.021895169966773,17.853019094202423,1
6.285536904283358,23980.77321440264,-91.48816846714456,1.93389313698432,24.81455412888328,1
3.7290759668756825,38306.64951271888,-92.83585657468905,1.939071682718583,3.8719721201665287,0
3.768216206698925,45177.592645185054,-88.30734326746474,1.875111094268183,8.90389117233456,0
4.263622389016112,39642.159810794285,-84.37869061234318,0.6317144775832281,-23.51572133633388,0
10.214154512848465,44050.230583805285,-116.33693111333012,1.0861334009189345,22.787063310777803,1
5.470990945485964,49562.48782482286,-99.98264186748554,3.17822470541475,-33.63832589036773,1
6.437603413541911,34289.80712560046,-88.99006626726778,1.1300999056770027,-5.797532168317154,0
4.740769458658689,26174.665042783803,-110.10358158789536,1.675029685783724,16.744910750007556,0
6.474491516567113,27550.13704204948,-77.38056752342408,3.403701789887544,-3.366572008665848,0
4.428018132456691,54442.469727724194,-80.91436684634728,1.2963946934184496,-25.49331626503458,1
5.5597434477728935,42991.979479376365,-88.32306586702906,1.5141916023577373,3.059650801330882,0
7.5264460518949825,29877.30441635636,-80.74991120457351,1.6813173613843224,-18.454965828575727,0
8.670489613090485,25897.477495942163,-112.26317011273794,2.3934830505639217,21.04645493901484,0
2.0753670071242194,54736.66787328634,-73.92639066894367,0.5986780865802375,31.869673646661383,1
7.943204126349405,49485.72135285482,-114.39943966020708,1.9237559867384268,0.813518830380783,0
3.0426685854796283,41515.475111074935,-90.01074746555716,0.6766146848509307,22.55607257879459,1
5.734675252635756,32849.004923156375,-106.89899814327109,2.0744939538253977,24.44164597188798,0
4.533330679832844,54194.4261657027,-111.08924803635466,2.0740995948672767,-20.65099177524572,1
5.351846769397203,29048.84656505855,-105.76772822215308,1.984571269406321,-21.984551785010165,0
7.322555743591803,42372.71928650519,-82.58916841372596,1.5762557674580346,0.4437939473981984,0
5.976256655759954,32009.101877401645,-78.2893610042895,2.774474857825974,12.924362047072876,0
6.448580492626055,41371.05418193267,-76.27443829669625,1.2550045165743482,12.714854687923255,0
3.7555601442003175,30135.03713848404,-91.6740928623593,0.7728249333550635,0.5187677016417247,0
2.878901394583969,44186.06103105687,-112.20831432530058,4.415718893687912,29.991477100018443,1
10.025893215397952,23977.71113608013,-97.3931106100917,3.724246723084153,-7.27986334449248,1
3.7061493146230937,39237.8752980266,-96.93858693867824,3.184231384947422,-20.33792466989768,0
4.048188594379873,42331.1747148573,-72.48568555214923,4.406006323924822,-5.866869406081509,1
6.538894703662635,38298.34021241897,-82.06558250496863,1.2425361155113266,-7.692013250618661,0
5.392124633045375,47237.16292530704,-85.26769177921516,3.18391248486516,-5.667761586965391,0
7.881016869089466,39289.06163442046,-91.18104234204984,3.1548529191252133,14.001971328524109,0
8.418432070354289,42783.69194695428,-81.40495585285328,2.181457596458051,-0.4953247699514982,0
4.830760619029419,46803.96379167312,-81.31727523179931,1.1640957688845168,18.5485512016525,1
3.9805969985216505,26546.84250252752,-110.85992490918431,3.1973805018673205,-7.828111208086618,0
8.318117480856793,29992.130340143893,-100.04716838717722,2.773201347779186,17.638207258960023,0
4.354849344346909,53182.53739586848,-101.23231992294464,3.0990963214170564,-0.9265650600057498,1
9.124495182857055,43814.31869021744,-87.61149606032822,2.01602342465044,29.02380407519358,1
6.861283357438984,29439.59235409654,-80.18076912326148,2.2606407452672803,-7.512004917767275,0
4.738565883952186,31197.97206313864,-111.12753389757714,1.3706360149097043,-5.792508324919698,0
8.634811089086154,36870.609703048,-79.73384522329509,1.928786843244406,-21.05224751129584,0
3.8236533131496095,29514.83694512322,-113.2512228744847,1.549002392644048,7.760447595426697,0
6.246682605824957,39983.71163625839,-87.09869410531005,2.0623610062164213,34.911786219238934,1
10.458480713200844,45271.528979738825,-90.12532115379366,3.1752590636164006,-20.08798510494516,1
4.644350709762037,38426.60833601092,-85.17491545305606,1.5156081647331658,31.491081476264227,1
7.055595393190646,44997.08469239707,-100.93734779253371,3.3333943067603093,25.33067470378586,1
6.417190254747744,48484.82373244848,-114.5870652750953,2.2173287196211016,-13.5865414652866,0
3.437857923131209,27455.060034509297,-85.97642970663439,1.9615712304012456,-8.457453415863831,0
7.51116689645937,31069.30357514312,-67.07383283271395,3.1787098120057355,-0.3535942678605224,1
6.892487770367827,43514.50337808031,-80.6182993305209,2.750397174486728,23.33199363208661,1
9.243937007389714,40311.20983375264,-89.97901598020694,1.1822839323580263,-12.9819595914712,0
10.30552979531596,45860.85439763314,-67.18796522845888,0.5212247528227529,-10.141916246672068,1
6.920201754301728,35745.38574541402,-70.06983549159885,2.1700594670454247,-32.29257389514135,1
7.738654092445247,38260.92044013637,-89.3289467941544,0.5138325863268065,15.507302176360852,1
5.657635082825114,44224.30156458707,-84.36689268305153,3.434999854772303,7.294040904858171,0
6.8529154553380565,45904.36009506227,-87.02538000171296,2.348946013054795,-9.377967442448403,0
8.972319088168435,46364.85477376541,-88.27449455530882,0.5199658235166318,-21.73069333062333,1
7.04582342317783,33776.610663009305,-108.83301212844329,2.826696345003666,-16.19948711004698,0
8.994217771815947,27272.969888659103,-82.78307216469435,2.121477802414645,-4.769829290595755,0
2.857303595382044,24501.212867699567,-78.44926661530639,3.647101045928308,9.585921207563622,1
4.280769437691256,42054.54829788975,-82.00486181454625,1.5333030458222474,14.652359707232854,0
9.29671394135352,32286.20378950133,-87.2016892931156,1.973021938676307,3.7939640812480313,0
8.818828192876346,53330.56552255379,-115.07602635090753,4.200457263408994,-14.128081320099591,1
8.743416069488354,48181.198934646585,-104.18260578114304,2.871863954920768,7.120656214663256,0
5.178168930369678,47019.52914583034,-90.99453307509476,1.0391316479070476,9.1471407750891,0
4.802783429868175,21168.29395652265,-110.4184609456236,1.7348200697454974,-9.229888661747026,1
5.009907043449918,36257.38171827258,-65.4737646708943,2.032524997082512,-14.36490597559482,1
2.770762230576895,23050.461041557064,-81.57625538040219,0.5789206135687224,-17.537899271627357,1
4.800328535392584,27337.89649121904,-79.20867870421156,4.486067529581054,-12.828876767515704,1
5.720081511943282,22059.7487658968,-109.26630820649498,0.5856078369371686,4.924501329771481,1
4.160690805121014,49063.35789403888,-104.38134549908123,0.8252076416441333,-3.2718120717677834,0
6.773161611801138,33986.440279677554,-83.76404543260647,2.3591299284647125,29.42982968927683,1
9.364245375877717,41978.441747457,-103.5630438260726,0.6016973950060651,33.34745358300938,1
3.660336881175866,47933.60689213258,-89.31227545855573,2.572951462012356,-8.944253688737653,0
3.1687540959405007,42032.808620731244,-87.77442362249168,1.682509408300183,4.516924891303642,0
5.453441675869883,30853.28290163346,-72.97615519261619,2.336672480851291,-13.828756461397989,1
4.720321540955764,36014.37081944169,-95.3311285437876,3.2857588946968863,5.515094247696712,0
3.592883874643766,31205.469736531377,-100.77028977982866,2.0403790261361885,8.859168849453589,0
3.286246397208262,46573.21237256528,-105.21794198573188,1.9152937687332143,-5.851026281630045,0
7.684975867607483,29174.07385480952,-109.922775700755,2.8433719398109627,-11.561775679537718,0
4.249457572819928,24043.613349695737,-119.99623388988569,1.944533508518899,-28.655542119846466,1
7.734327409225208,21999.719647572707,-94.46496734092892,1.8639018426890623,4.613282238827786,1
10.081370202432156,45407.339484196535,-75.19589427906456,1.342215397216614,7.874407247466607,1
8.207348389021925,49989.326185116406,-93.73667616239337,3.629847368288131,18.570764307570823,1
3.022552860019795,46186.7164285256,-117.93102214191455,2.8535127852925664,-0.4886160812671889,1
7.814033437183507,38783.80861087519,-116.75670962112508,2.458406009510348,-9.66786937001574,1
5.330892946376128,25720.405739280537,-87.62143466474109,3.0156094296413354,23.672229011268463,0
5.925692799996607,38653.23043690731,-71.6145212962443,4.23892567715555,-24.31267073956286,1
6.533858327185635,26854.32326821512,-93.439884617246,0.7507036478618969,1.2537935888642338,0
4.134926991190415,51353.44187708088,-94.04405060284856,0.3170260584114762,-24.276615464532853,1
9.24563090914677,35001.362929102455,-111.80962855687348,0.9047346410178378,-33.77835561369452,1
6.762677772538778,39580.12891418553,-121.0703994827954,2.148656835813222,-32.87751595252308,1
8.366376220704325,54724.91873271513,-75.56209983238597,0.8411031868505403,-13.242852384746564,1
5.868944460507722,37632.3138567422,-85.60287581877992,2.780973393228914,15.980190393983392,0
3.42655228545019,46567.71390376438,-97.9447832626434,1.205094052428779,-30.42426594199527,1
3.3631268281897144,28445.03281959068,-76.51792058474399,2.611888568321092,-6.126960838928252,0
7.849136984924563,27230.914703744256,-110.4916166119033,1.7080888697021943,-18.52487589669031,0
7.169851805346968,43556.53732388423,-95.428591618025,0.5921152872956129,18.38049174569697,0
7.202647535569245,48493.77778770783,-85.12436697302951,0.9612637316529364,-2.038738236997915,0
6.51366769164403,37702.54528729055,-76.16734170204231,1.5479828468943722,-15.658251769435926,0
6.616926308981979,32829.36653007168,-90.50717412022568,1.6799824751565713,9.822846943127672,0
8.128034759462164,40110.73781741988,-97.97183316253172,1.039392131292694,0.4707457215058319,0
5.730403449093304,36221.53742541409,-114.79362863544856,1.083824418515842,-20.90955492850451,0
6.842048852290851,41640.71218404065,-110.84138184866234,2.842765781870354,10.4264544277869,0
4.475020965201282,43728.42688297387,-96.02246992775108,2.047476051457308,14.298732412090615,0
3.399215460497516,36829.01329885071,-108.23683036182524,0.6548596543741197,24.518241469470112,0
4.513372203113683,53871.93354772129,-76.41627843347796,1.7093293989651135,-9.710290667115387,1
9.461803793099982,48364.56997212366,-112.23923415358745,3.301326687754792,-23.41325644884605,0
5.996085069707871,36248.23478371291,-97.03701044649404,3.0990366576879653,-8.739185672508565,0
5.6084080023308935,41608.6222322386,-116.25860738251176,3.906234654189449,10.824360954449546,1
5.180112864369659,40357.894814384126,-84.5484406855974,4.344993568103127,20.850747044357384,1
5.557326794840344,32551.425990849308,-106.97384556245407,2.2515561821535752,-3.41913702470546,1
10.235474432841256,53433.41302013016,-70.16795756624876,2.0577125630193964,26.373758594103144,1
8.675937539259834,46325.75715651788,-114.8668712515874,1.2186542540635674,13.933243516959038,0
5.085517601610826,43670.664908978346,-100.47250403104982,2.3832035869128325,-0.8083324374010274,0
4.008924009197836,26986.328150843845,-91.49267617608857,0.8531544167029851,-19.616275281375007,0
6.2643217851520765,37964.123394171846,-94.65701711201064,2.2403318268607992,-8.470318834579153,0
7.590235974001331,31279.49659031482,-115.45599812041044,1.8237263899685137,29.62910307626709,1
3.843135394102967,39065.8584416652,-94.21176799262024,2.395572822490508,-0.3747773140742048,0
8.328641994937303,43259.30268926244,-98.01630240770017,1.6815510809596292,-21.41716020298482,0
6.013395522676443,25063.036355595013,-88.25239585964844,1.2005051815522387,-13.73263473161937,0
8.388550921242626,45954.55102674666,-78.71321702747002,3.1529262573575734,-3.689792926963911,1
8.864615295219643,39156.695941464415,-97.63407160599836,0.5898196820002537,15.229263100390035,0
3.1360913165382125,45136.26197350354,-109.24064903183135,1.8797962086730773,10.534291297124703,0
9.022790665107657,29821.131491309174,-113.81779028893882,0.5691145252733285,0.5872360471490659,0
6.627563230248127,30621.67594982042,-76.08357489637724,1.3928436958307238,-10.549793129823753,0
9.343046251286376,39399.17526131212,-109.5068239207298,3.0092812768673687,14.655083497327505,0
2.347048138943633,21253.441823993828,-97.69587776316244,1.0814352368847493,2.648936045550734,1
7.708578178271576,40399.8335749121,-113.83530472754155,1.0268872647139933,-8.474258395349498,0
7.972999573931969,37443.76348456175,-111.06150497753436,1.5868417604177594,-17.261776187874176,0
5.595149535463249,34611.80529812712,-108.16740286003484,3.109632827801299,3.7373072763655273,0
6.967719667829584,46096.01264145632,-79.56365680478146,0.8276219065723167,15.814080706587902,0
3.7800025065100167,27065.92476406164,-95.43126236158332,2.506376629512275,0.4874248895552142,0
5.601530937959495,36895.657082400656,-90.87338270242846,1.7133307975722074,-0.7733570369278979,0
4.999273114452862,33131.14965216257,-96.85293075218122,1.480303492268905,-8.611692785360969,0
3.4681245490089263,37045.49634813025,-90.77525153872986,3.263871212611315,5.348113652146459,1
4.812938448697419,32746.58330525897,-66.00363420655944,2.5539024492960385,-13.262229041432263,1
3.718641503056909,38873.53503320338,-84.23372503563476,2.8917771603971856,0.7091511497783713,0
7.814122093148776,48754.2807126804,-81.99303690583747,1.877111638996116,-9.806458485928127,1
7.272987321372727,39033.93096687968,-109.15583425029254,0.6432327015695192,-8.590599708071256,0
6.167092607762945,20904.120657123058,-65.70082907456933,2.0798705677563327,-34.59805760630637,1
8.332599863619581,28471.59294141661,-95.2211152906592,3.301456416921608,12.108227920408986,0
4.957444170371329,43723.15776417697,-85.45679069472081,0.3690487903304955,-27.65978879717693,1
5.7027067214690605,37172.3551071288,-75.46524633927456,0.9445033231830328,19.21095629794187,0
9.30785508591732,50710.77241098005,-120.43231960118148,2.4205072128218323,-23.352985471659878,1
3.88584597975506,42320.43707493943,-104.1824760377709,3.9413699175707007,17.972199756682166,1
7.020810463898897,29247.881048187493,-77.68797745655291,1.611116439963058,-17.825676164955045,0
10.296698179801172,47683.7128458958,-79.75518045339788,3.150307225161203,-14.536452595733875,1
3.827764370702981,43220.77389839997,-77.0484758311485,3.3460944795497087,-5.419928636119902,0
8.690991550459533,51044.94917001613,-71.48374428965667,1.0685707684725445,-20.071279079932523,1
4.266013882079857,44474.4671259102,-114.3568891234799,2.3449797938778976,-6.667725312583471,0
7.892129052888604,25865.182216157857,-96.94115991244756,0.9807431197209102,-19.54214602552584,0
4.06283849436603,47362.298007804886,-85.04155462060267,2.5665516128478627,-10.746531178261904,0
4.63412389530612,28016.397118807647,-107.2966282619393,0.8586642237651585,1.793198269187492,0
4.9272268044465815,47523.91549232389,-76.1196454103994,3.1812334837737493,-1.5997926436657934,0
6.412252926897072,41363.02979445834,-85.67831056387735,1.0119027683824589,-6.267430563867084,0
6.897940389538421,53326.283956165134,-75.23648161689582,3.1346186856619664,-22.56392309937093,1
7.526049878639544,41947.51305962976,-76.10532588618804,2.581162232151585,-8.397672632585824,0
8.189806767294346,26940.40602981907,-96.75569591006106,0.6360119495199499,8.569399790983326,0
6.71682750992383,25634.298471783222,-85.5022328419602,3.434286833320907,-3.808987156385303,0
6.470562626583567,45333.61086826252,-104.8073909110142,1.6553254704514078,-32.1286922912487,1
4.684562074721306,28484.816903586223,-120.7968252713688,0.6837738414134882,31.060969032037704,1
6.713739638991978,31264.90875654615,-97.1647179070816,3.1895371786736257,-17.55728622791718,0
8.953416571031145,44059.36640654482,-104.05616480175556,3.390780613039258,23.52458249560503,0
3.144443181131156,28421.948934185188,-122.70282023241784,3.4070356034713467,2.0262976450023444,1
4.163536400092772,43690.71237657935,-114.57310313110467,1.82624170245956,1.3001297395261415,0
4.14218923903987,27589.13391000511,-98.00675065655888,2.2357545273273502,-14.633482849406404,0
3.1569090069408063,35085.30134969222,-83.05955302330077,1.8808729130087585,6.088633584434039,0
8.1924473433548,41938.13535464155,-99.1993231921447,2.1244068606101334,-4.805076908769944,0
5.9669604558218285,47948.68969473442,-117.2638208191201,0.8560527590033922,-20.60549938039245,1
5.112738067230852,36889.900922863526,-79.31813778662266,2.725729700565259,17.87027061932917,1
3.3990098236507427,41010.02596425067,-124.47961062811714,4.105620263692727,-34.72666041795244,1
4.186018645205318,27655.147928338716,-73.16789529756622,4.111583631827716,-1.3328340801501568,1
7.923119502443146,40347.81156757851,-71.1215634811751,1.7198488722076395,-0.3753807854364694,1
10.318971184892394,34275.46474753973,-79.85413410166538,2.959229827858048,-22.845375439932333,1
4.926252547604084,31310.16664749217,-67.26436028359959,4.347041506890172,16.64286713986254,1
4.326814087911027,45288.18495104309,-95.17175426441516,0.956917231555283,6.7783891572119614,0
5.107014370530376,25486.91855964581,-77.83605534941532,3.1361656334695525,16.58327646805897,0
5.880718523542189,43685.32232179199,-76.52797683716736,1.167334088659989,-13.298178756814805,0
6.570024307319371,36770.70192198279,-93.49929249227196,2.492283318018992,-14.079418867133702,0
6.345958884065929,26675.3517223466,-102.1203929268848,1.024326836109603,11.943240865015106,1
9.279696701466772,50588.487460967706,-78.30884041794258,4.241612866781636,-13.878509632046477,1
4.407315811105311,26847.835815320817,-104.958183792618,2.1332116445408964,-19.81352552754555,0
4.065447093904621,40560.24299181828,-113.90354175434392,0.210487463790659,11.837784962826674,1
6.088503097868444,38617.41561821784,-100.9033250101711,3.021980210484619,21.798469203712365,0
6.261940399059822,28474.207676928247,-108.37576710284031,0.7312646772237406,7.173850119415484,0
4.691455763303543,42649.07156436384,-97.54280533909082,3.4856052300745666,21.36031705696537,0
6.3836038450389045,22500.3602360321,-104.4567592546698,1.7640285322007647,4.4627578564609465,1
7.847729138406802,39457.78162647589,-113.18840789088684,1.5335865996864038,-21.81200439439584,0
2.7374909345415075,23563.081092384866,-71.79611221628716,2.360244412903909,17.4213036694848,1
7.976953560537195,42265.42351354714,-99.06056256564828,3.82243553958174,-6.539453605348193,1
8.46985334939717,25308.434686945868,-84.16111257901615,2.433192172160956,20.84414265466769,0
8.558706571628274,39346.30794836844,-110.62076644295014,0.6992253068138835,16.759204071695066,0
5.19235465966538,43520.04693693872,-88.22740963708945,2.1240483812728312,-8.023189852801043,0
3.92854493442681,38262.70691366703,-114.66101032187962,2.450060639473421,-2.9950289610074066,0
6.217770169229537,32872.43315939071,-98.70395112637098,0.5362148337379187,23.47537346617045,0
6.022643224936533,28764.74634755908,-94.58577426495476,4.387850160011722,-9.618728444287612,1
6.308992811120257,29585.097438886845,-92.11833980418037,1.9561583688790711,17.37158577340474,0
8.965004926072721,49720.13935561667,-84.86124780591743,3.273547557704328,8.321680604900685,0
9.282980678131128,41366.90901338782,-87.54425567740185,1.2788890102540225,6.685825769080505,0
5.362602939631166,30586.111271480044,-107.3024459022262,2.644737124671721,-7.495133076398975,0
2.4433877192034386,42052.74221864661,-123.85370854843654,0.5102918954527882,-17.160996609628516,1
8.118367426759995,35935.40153830949,-105.2574117754394,3.328310178254618,-20.880635477324155,1
5.5093907925143935,38910.4030929604,-81.94316583615311,3.259899187924576,-1.849636083349381,1
3.931889150785464,35015.60719591325,-91.37771070671953,0.8051664696953925,21.26451577709154,0
8.163772388770514,48609.09753852544,-76.39425302178547,0.8401122785709861,-2.4354203278087674,0
6.194135759283782,47244.18312908666,-111.80172787068511,2.9030598470326523,-21.964990585697425,0
4.81278911574134,44199.98888943992,-110.6785332792431,1.2520695810617817,-0.1363108937361126,0
4.375701765931149,40474.87941117825,-95.42363893860718,1.9616407025922675,5.185140692365977,0
8.537795064695604,29907.17741210628,-106.22755482353746,0.8894228370215179,22.114456498099685,0
8.531585403089778,47062.24986154627,-113.2850026619604,2.904864474538891,-6.374820083690796,0
5.019782704312076,39097.69029092346,-87.84307155730355,1.4674397067214602,3.908370859614145,0
6.03106357102096,28755.693793890285,-76.3331412405426,2.371385400551725,8.216016055124555,0
9.823341871181974,38798.83362691895,-90.8977867940856,3.440176476162513,20.27383944172985,1
5.306588753648015,42460.030087101884,-98.0034290981763,2.003696480853093,-21.04204047474552,0
7.381417921981956,37066.15754834105,-101.0383985635452,1.8467699498888843,-32.087639396032515,1
3.318037263233415,38285.84363419849,-77.26607459839923,0.7862226732402509,20.765423843437965,1
9.308202138723884,34328.62244249087,-95.4179554260341,2.423146165628479,4.415450271678843,0
3.8676414519119984,49592.52660043161,-100.32932052649863,2.5569851082135044,16.337868832045935,0
5.133080299042038,39514.98745551722,-103.0300519120979,3.396458758324954,21.272026869927146,0
3.266775563344717,43989.766130917225,-81.36617451307936,2.633722676723058,25.47650265179736,1
4.353346898231894,34101.541671584724,-94.80536899082551,3.159538093484444,17.586889114425695,0
5.676509846846571,44296.99926274948,-100.98332982351651,0.4466986453228487,7.743073520906201,1
5.5121620203457855,52883.99004205303,-78.01265457401696,2.156153418367526,24.731816270371112,1
6.40001973686995,44556.31771578043,-107.32593809137728,2.533936150888745,24.597567681152647,0
4.02640640057292,35442.019022916735,-82.50175902258276,3.2569185730242856,-21.05300451833474,0
9.729244862003704,51742.7199330663,-120.56977913021768,0.7194569393181023,6.097093542489041,1
6.187005012967802,25683.20322408663,-113.45313699162952,1.9623451998617376,20.293770762841632,0
8.414003260019854,46061.18267897095,-101.95004083148662,3.339579180557818,8.025668505824719,0
10.448501611192016,36909.09926376681,-91.3377121568486,3.773995896094603,-4.365793258723258,1
6.46338039114846,34918.91848538672,-78.14966696940655,0.8108780796455475,22.80374792824773,0
8.368037003698127,30256.65037696236,-93.59679136305805,1.5848952909208989,-21.702130706939315,0
3.4221263789027008,40154.19331423853,-104.6007111199516,2.43039208150078,9.997136337642168,0
5.966916336332524,47950.77673352791,-86.81464219119854,1.321932495423077,16.175314584455805,0
6.414565816841644,53555.78822201569,-117.69588813426128,4.441318312379943,-22.25568042110836,1
8.311421050302524,35413.04281544799,-80.28675612195119,3.10935954236366,-13.66411643189242,0
4.338293023536153,26950.41821806587,-76.12939164203235,0.6808007854031503,-24.34359465893397,0
7.252430974808387,44220.64287933605,-108.55811894136173,3.391002077645508,0.8150398702468209,0
3.096408989670595,33376.27547589588,-75.44506506702831,3.311176287492385,9.337374666671678,0
5.395243765028583,52345.23524975346,-100.50832185127774,4.202025434360831,-21.411422271130903,1
3.02550515669191,24575.119507154825,-118.2196610465358,3.3258348333503407,-16.650182637040015,1
4.339847775436425,27107.693315404,-111.31603153398076,0.6947687473186247,-13.55800202744672,0
4.600138400545647,30538.142605162997,-85.40735136245533,1.8083721982690653,17.005502939032766,0
4.884206902933866,40045.73280024003,-112.55173801837022,3.019601848968063,-16.04292531663196,0
4.411087015907241,36168.32128279985,-66.52244591523595,1.68206084734939,-22.200719116194247,1
7.062877046567443,41529.5760713342,-77.65326166217946,1.7754168983126348,2.228118935528933,0
7.874984550983671,43994.126591215536,-96.67649905103131,0.740732558062349,2.5637056795410054,0
4.4493174526318455,25229.477908291025,-116.03461930444448,3.3200860000153063,14.777547483522952,1
7.915730944872829,33497.91849730871,-79.30145560825342,2.213630447923123,14.125841838490707,0
8.314692864345577,25871.068889516144,-80.85017693466474,3.024290460477298,-2.715699565841689,1
7.399670441756051,46676.567852453794,-75.17861799293482,3.0865069117840136,-21.48171932136911,0
7.131967404072631,27089.7820855934,-112.22963801804026,1.7152054402614183,-10.083159851366323,0
6.964158242277197,27307.478888703878,-106.4396770544642,0.3426077862494584,-4.4503445778840565,1
3.929680965915456,32689.94305057964,-89.74638639094829,2.3513937593264007,-15.20729107032554,1
5.2861116784034685,43982.788166425504,-93.56890745877972,3.954874881770984,2.678596319546763,1
5.668946103134747,25257.348769125303,-109.86463380055754,3.0881500618586544,14.041745300678812,0
8.803701774879931,35428.4364523628,-96.06648113818744,1.984366401047185,21.948223801769245,0
4.504317048503395,42679.2390925865,-114.63434153237353,2.0171987590791955,-6.339965365659406,0
5.959662128968201,30171.683155207866,-95.68296004882448,1.9284875936274903,-3.0917030863486445,0
7.360712878803276,44856.774168044365,-100.91734348132545,1.2654742485741677,7.522799242029009,1
4.912174770966839,42685.52265185217,-81.1262686697185,2.297531368797933,-28.333852458405847,1
8.210291486070458,42962.92510870886,-124.78241290944707,3.3095815510751456,-0.7631139065350538,1
4.761456039415748,43922.8738498834,-111.24390358311838,1.6686247878367222,-6.078952508714419,1
9.152695059542047,25258.879207191043,-69.75064860684094,0.2060064893905676,24.556046699881577,1
4.84109829037759,52771.20531411592,-106.8377642202417,3.894608992159422,34.64433159992208,1
8.279275681417955,37214.08156006255,-94.2439553626943,2.2541646183799604,10.687456212501075,0
6.95084349975744,26736.35299196883,-112.118052415134,1.2357615036150251,20.456552745818627,0
9.13166643372474,35868.175834005924,-75.69678785946431,1.53279387929192,-20.53562977063396,0
6.7222733475619485,37640.67773641656,-88.40224889519101,3.4804275557645314,-19.50813525113387,0
4.718522745177575,54967.61653062226,-80.21899842102877,1.476900953907903,22.047653686204164,1
3.2428622800018694,46913.60343998691,-104.76843304298828,2.104200302581521,-22.570651920913136,0
9.296610872299532,39479.50727040641,-93.31219194502904,2.743926681137192,-22.141736354625845,0
4.079877308791737,22766.223328856973,-74.39427021456514,3.4038744565901355,-9.13890638047672,1
4.031358102694764,28780.94624174108,-86.64640038572952,1.6690310146309382,26.782578199615383,1
4.193495198198381,45316.15886247384,-118.0394274783668,1.4588793942137868,21.417633109186426,1
8.212887289199562,46174.49721363727,-110.4982175198336,1.8861299956410795,-10.5512370024265,0
7.868457314985974,38677.12624709072,-99.02377366743728,1.3902530696447926,-3.226029874479657,0
7.685100001579308,47846.18279181796,-75.7383916964364,1.091081350197819,-13.743085507854332,1
6.011445483920661,35395.000681210004,-112.94614993173896,3.3431762936458918,19.851943343886305,0
3.7852257490951775,30344.499667340016,-100.73694696326022,1.0208646732940054,-4.893025512250976,0
8.034872310379038,37157.24885604423,-99.87456283799187,3.4795619536069395,3.1520179063394167,0
4.248242376503697,54578.87401637455,-71.46572841156788,1.7061957086131831,-26.811652514741304,1
4.250616139870707,42635.514179329,-99.57010383121262,4.188055971877851,10.77900848569945,1
7.30697967002119,26947.360064716457,-77.76546963694429,2.222564872430597,-0.6684846750189166,0
9.450918444399507,35840.67828561028,-113.96360547422836,2.3108217399008053,-21.123770151240667,0
3.9887474369478464,48603.34951838467,-98.43885066665612,3.398138627920484,-6.410330100471676,1
2.6994735383034403,37212.08552412849,-105.52275176069516,0.9305589747729196,-23.954108285648715,1
3.0095032634812555,41432.59625439995,-81.03976048884313,2.6816451171229176,-19.802549032422014,0
4.70569440435992,35130.62849404519,-103.32253093786984,0.5906210736836528,10.8981649188161,0
7.247308117663366,35834.558322676174,-91.07054135383636,1.5643231530732111,0.6280752091134758,0
3.263536952001646,48800.214719308,-97.0300027015865,1.690940544059509,-3.4994620651886805,0
6.103754220217404,26102.220784554986,-87.18192610280555,1.2249077334131877,-1.0509008538149909,0
8.82961782158402,28007.07941097289,-77.55272760037798,1.039230204277711,-24.05132082292344,0
8.037960148191546,27968.798875025164,-97.58622356527434,0.8879035312915934,-10.190285124441983,0
10.094767794579711,39317.316648528256,-117.95955522291663,0.3364287238034201,3.013462132633869,1
3.842392856211711,52859.05279158831,-102.62820167218834,3.4963078553260445,-32.404427240891124,1
6.748218552801967,39125.30564218479,-75.88417769796806,2.5095330746429463,-8.08496791157884,0
7.461570451999258,39138.584787857406,-97.65060600447178,2.818407664717687,0.1566445218512697,0
8.920887356492434,46981.74789880013,-118.30165447796044,4.407652395440003,15.75317554284124,1
5.025834577526114,35896.203203709,-76.6103459442541,2.7631209051104704,-9.440587988620289,0
7.981917636985054,32789.62823853886,-83.23601895396953,3.361286224172868,-0.6084105247737241,0
10.18696376035415,52015.9103454884,-107.05839653553588,3.686021545613551,22.87080948558203,1
3.362030702622195,46555.10851787196,-80.62939606883602,2.1167518717883405,18.564664462851496,0
2.118248828466762,40649.51626612232,-66.88366929484624,4.016421586360036,32.87432155340892,1
6.333294897661916,50711.01300533503,-96.6845751751624,1.6974790097299275,-13.37578930596388,1
7.872841691545353,31105.656175729247,-85.44067392910299,3.352605169723756,16.168169676947556,0
6.373142496216004,34869.56187933959,-104.45225161781796,1.996481917123373,-3.828890250432576,0
7.014628851477785,25799.76551943676,-103.69921802168314,3.3675849251766548,-0.3843653574984351,0
6.617143076916809,49550.53898376048,-96.95409556529592,3.071629596477605,18.035187641556572,0
3.803037409430318,27854.123470601942,-97.02406327901112,1.5888301674717638,1.1908653033074437,0
6.453396148148816,30848.8135845699,-77.75505134947356,2.626610726275607,-16.813708433807022,0
6.974932587789429,29248.38710168776,-76.19456632353197,3.065012065240047,-20.67628338497276,0
8.252077548812554,35658.462755467976,-114.82622828697453,0.7020908368030082,-18.084085403650683,0
5.072874026399749,39947.94185693156,-88.09872394252345,1.4619953461789494,-9.911778242789836,0
6.623927938078408,44121.11461598783,-106.7757867074911,3.452197276345836,-28.23317918957831,1
3.849178040561808,27338.42626547975,-101.5813941102219,0.6411044986655858,-12.326717229234848,0
9.734909363464286,39374.20714777173,-120.68063191838324,3.873628668000316,25.932690093980348,1
7.829496865726385,49218.83964058156,-97.21958945155676,3.2277346427454114,3.6514299190134025,1
6.941837328943765,46673.38565452416,-85.05565973892573,0.8819790515161856,5.744788776855131,0
8.617958765899024,27840.171901884823,-76.20095501126488,1.7191599144667988,1.0345849105291194,0
3.714414728714208,40874.74338066441,-88.9970456486662,0.9120595582420324,9.797271855233951,0
6.861319573920347,38239.06883736106,-95.25535091202902,1.8006960252490165,9.058026242953332,0
7.096932166169657,44609.22524571391,-100.1782389471894,1.917852896459838,4.280255784061431,0
4.3528926070694345,30445.100181173224,-112.56161987166963,0.5545211184444369,0.9498575243738864,0
2.7869287649032595,35194.9072041782,-90.58971933996904,4.464061957913146,24.810406483978237,1
4.705297070440346,46565.91368643269,-93.8913992148887,2.417325756998452,4.848541464149676,0
6.219247168781028,36067.37360336552,-103.7399618653244,0.9869368536363986,10.715768465001482,0
4.013199570152016,46315.26181494729,-102.4281506170817,1.623087749883057,18.270434411645795,0
5.903245589908096,45196.01728308934,-104.54989648386012,2.602324617718068,-0.7540743124450806,0
6.748323711258163,26353.7042822196,-83.02920328880076,1.9349602298361304,2.0383972795913543,0
3.415167929300462,42808.08120501239,-91.93393301143264,0.731210093859156,-2.2401111160286256,0
3.193058150777797,46324.84855981408,-84.02786692547245,1.0827197503749524,23.359104536387576,0
8.651781751910304,48285.25791409506,-90.88374358429137,3.054709675165771,-6.873391898954594,0
5.2793942207069335,20549.488526879413,-87.73087815748629,3.0840580212858346,16.648525629833422,1
6.613363504342825,36645.50904862349,-76.13657027263294,1.0258417061933511,-34.47921669114635,1
3.39598563305652,49830.19176596474,-102.41991684399818,2.2363255181106383,-18.35775493178128,0
6.499937981103147,42985.74997862114,-85.32199688642095,2.5118855132989983,-6.788926410936792,0
8.891693872189286,34598.2695337855,-91.1880976632613,3.100892668996789,7.045861740748116,0
8.190558967566371,32598.30481592697,-104.61833151139614,1.5901058782707689,5.275396061171193,0
7.04883468842909,47810.47831437855,-113.0200540780479,0.7683963360098242,-11.198876041012362,0
8.57048840321406,38973.6099079524,-86.8821226094581,2.8758913181317047,10.77846618311724,0
9.700309038540292,31304.783447484075,-106.71310817701828,2.3690242829989026,19.53405091259184,1
6.681879431384227,30165.393089322777,-97.522088828783,2.7480774554350877,9.815579530570602,1
3.390236455206108,45345.45173017116,-95.93842302591452,2.389586637086463,-2.507259046810411,0
3.277106679251076,47676.46088352928,-76.48813899180189,1.903721322471444,11.153263396900208,0
4.576851605778115,25467.385383250283,-72.4372251873357,3.871401081762312,1.842321129870868,1
2.676021286803458,54858.89546121473,-124.10757087604895,2.385886301161623,14.078341648809122,1
8.253294922243914,38454.3226612064,-95.66009984467216,1.8067234790116828,11.551310715256117,0
4.285862463315247,29353.66522873659,-79.58471081793343,2.6565100217078146,-8.009125349099122,0
7.628739140212767,33958.73784785115,-110.2126646713552,3.432061547138096,5.692522996525739,0
9.014511513947,28043.41279246092,-81.7213646777378,0.4382293020897374,2.418765154468531,1
6.270481018939603,34883.65518696677,-96.99854433706614,3.133350771679119,-33.81144964262963,1
6.255301169262954,47119.47129350722,-120.54164541019904,2.9954787399421696,-28.260351485337058,1
3.918751763093546,33952.57612032031,-97.33828213758898,0.5819494082188432,-14.821289829482836,0
5.84952435163861,44338.84125168323,-84.43370902351143,1.228688612531827,-10.326508564850355,0
8.801937866486888,33456.5694049508,-75.84363643492873,3.7402508644415726,22.78629811271168,1
6.917988132886715,30436.067367035237,-86.81692785493189,2.157413194488432,-24.221520259310687,0
6.604468983941971,39961.25965459868,-65.14806517486909,0.8726512526438182,-21.986685461427832,1
7.831774358046325,43306.21683891799,-110.5146006246606,2.8684121484481797,-1.9377950135311188,0
4.791723230668327,48435.25902837667,-85.99904216364327,0.838533916299432,15.473909176959722,0
3.4698048440212417,44152.85953631978,-124.22810574927747,1.9988688137096309,34.72227723617685,1
6.537789217419656,29439.903049193344,-88.27754978215866,3.7132185732128167,10.983603833363452,1
9.599144688757775,20621.17709277248,-73.34637934520086,2.337674120417703,12.456074045011306,1
4.2976971379967015,29523.876606063604,-124.91180013029243,0.5490586810137188,34.10692850482332,1
4.753503116692438,42600.15015277954,-107.76211842213482,3.3436824555815545,3.058906955745311,0
8.262882008627656,42000.34377473651,-72.4462911584201,0.9369977636957812,1.2510096439584115,1
8.546529338395242,49295.49003603715,-78.48184364405961,1.2274922254101344,16.391090387324688,0
10.216289895588808,21136.15409329944,-108.61015191238496,1.714952326198737,-18.787084023542327,1
8.220242229234806,33414.12990903806,-105.61804194424346,3.09646545362009,-28.605943047935764,1
3.032740811684321,36064.64734241356,-119.98757258544296,0.3623624133018644,20.757363174870463,1
9.52002475269882,29929.02017449627,-102.81943251869284,1.976707872141605,-1.4396059393965075,1
7.388193980514913,38853.59621135965,-108.16123241754036,2.253367804033906,-9.73630801949234,0
5.274025612377882,29069.049913061663,-82.78535443244861,4.422727282424644,-22.886542515285527,1
7.151083801172426,35695.20057259904,-121.11044833981305,0.7525144219349027,-27.526994181945597,1
7.328243085929776,45830.76899536535,-88.72834151980054,1.1153554981275824,9.282557023179514,0
7.535515967899744,37586.135064135895,-112.84009863536494,3.2012761327065644,10.275083761872146,0
7.361654524632327,28311.21435595084,-113.39175217424165,3.4944349359720044,12.24400738126196,0
5.73949117832331,48837.15788955959,-100.60393822870424,2.307330408182893,-15.185845754630572,0
4.850227376386384,33783.87583570282,-75.89905487132788,3.122905207299434,-20.620068454856,0
8.949568795688597,37645.13740264365,-86.25841026141904,0.9617459663088248,16.704404774862347,0
4.999749367074434,50206.56053594869,-123.8072548256916,0.9258861237354992,-4.810665444729025,1
4.845531086543756,27320.48919641815,-92.92856594555008,2.0640075953463213,12.85231621402707,0
5.395733619462352,46030.96403510944,-81.34261579224096,3.2222335277480534,-1.974771188927182,0
7.510446523367647,41145.95105932732,-106.83176264651632,2.6051802062130878,-3.203427384268931,0
7.201099529518951,54082.0919831355,-91.99320202267134,2.4951383321202,-14.926091951774351,1
6.293253948270286,32135.07537138801,-97.93906770618268,2.9734057116082093,11.772157714057968,0
6.429075843864469,26040.81354813257,-77.12880578959361,1.4213594919165788,4.373492951635782,0
3.14394840159532,36989.92962123234,-108.92653402319851,3.053737012189309,-11.043148226948585,1
2.492650772264322,52566.80510766692,-81.25040028511108,2.500251927267235,-0.5491679632132218,1
5.218758699198582,48760.35996727686,-78.12640900149077,1.5503516523994971,-14.967535100295091,0
6.270491563353869,37493.1674685776,-82.80645101177195,1.1206790374238134,4.989910868821511,0
7.912692728994118,30497.98825544077,-96.8497810666151,0.5937518981949902,13.243439949258793,0
9.11765411669282,53856.05163464734,-92.23023492574993,2.0662812376017987,-22.866558318626694,1
7.690373790327376,44420.89049916853,-92.2962577354241,0.7548711199315379,-22.369558678723912,0
7.854384783460246,45946.4924300257,-114.87102469469174,1.3212894177561858,-7.465761111037967,0
3.5779356598506484,28372.581974881843,-75.83680609088147,0.6986905060888384,-26.84519253260187,1
6.625868600676456,33751.019363841035,-81.54878568478081,1.2505603837498818,-2.6957375822262293,1
6.492322769916398,46802.67671826741,-107.82909131033028,1.4297899741399187,-25.52793810208859,1
6.02311215645976,32057.67176552256,-81.20613982954688,1.4819027651783567,2.6545697662033803,0
6.058255351135618,41287.73723584216,-78.3570884829293,1.0444674416693778,4.266481263892718,0
9.150064818996064,54232.621987979954,-74.18049959002937,3.813790898224749,16.485386972590277,1
10.071364516424415,34166.650790342945,-116.13701785416644,2.422212906784237,-10.805779544447088,1
6.210371659007059,37793.6888956317,-122.07777991007832,0.3404608929400717,-12.055454432236836,1
4.454441827619107,46625.7294109137,-81.21555532010876,3.3503931421886435,14.667906789152257,0
5.971012217585919,44478.38218822373,-87.63208767825654,1.022347367395672,8.547116109082879,0
5.943497089528885,28334.295775402337,-98.49018108769522,2.600042854691376,12.421343293895802,0
3.6076392323918105,48089.17906819089,-90.52903857267526,0.7805304707307174,-12.484166103936904,0
10.14739325590474,24189.279388168838,-124.28482958467896,1.831228351638356,-0.7198025221259741,1
10.452821697016468,27575.956982772917,-90.92449924243098,1.5047858929812885,-5.069965581499481,1
6.443048576792354,27340.18085386696,-96.888657940775,2.541902888734845,22.341711053156693,0
5.608272330675347,49787.66275715215,-106.37895041572716,3.133444152995068,-13.513908899587928,0
7.658114312372524,24526.96142087054,-101.75222645594388,2.1851797480673825,29.268537887179026,1
8.80031450048228,42810.26447570148,-112.08146073995992,1.1108247003393292,-14.66315292896877,0
8.34279292641736,41413.64250293422,-105.22435518369149,2.9259067264531406,-21.3949000938655,0
8.654681983054209,46452.8396626497,-88.50785784638867,1.969739999374304,22.45715047191733,0
9.73318291134296,51859.05122827245,-74.62954445145209,1.5872423813217216,33.17431964790704,1
4.1996814734733565,35035.693869107825,-105.93439181113224,3.4569080691164418,6.650366291988043,0
6.986475813909501,33242.10441284167,-90.80155177719377,0.5597597498508964,11.111436047076316,0
3.5273398166612697,29061.136883321804,-95.75305314407002,3.285229548727326,-21.6839701775588,0
5.889284550192466,33789.37379087835,-91.64151101078303,1.89575933319916,6.056290990253526,0
5.292346892809008,44895.36036992226,-77.64695148598267,1.7172050066590898,12.846647904412066,0
5.656398256746897,35680.59968971537,-99.67847536096885,1.3105986931920242,0.400409758334078,1
7.864848905462224,31244.333501963323,-92.6977475123395,1.0453637055356002,-23.926799237461186,0
8.643474123433712,42702.82601746275,-96.61334176353272,2.072542586387273,12.949334261882356,0
7.032222805384096,49235.55288339217,-84.34064296292539,3.4763689353339293,-16.885393431107353,0
5.891595863608417,37708.16039434295,-90.4335649241836,3.586988105058704,-26.940276058623844,1
7.191786976247787,24123.80389220585,-86.30831657606424,0.9505405281570636,24.29350667474351,1
2.101765147320338,22430.7406652616,-100.84718372016113,0.386811434115789,2.958547667210304,1
9.473092686741808,38029.99904790008,-79.64805054071108,1.1469184141540782,-20.356500544083925,1
7.591094299962325,46118.60311030235,-97.22379747364528,1.796797845361878,-11.847173390215705,0
7.9495783186190705,41905.86384249865,-95.42165096337447,2.2322765879124846,-11.564142395625703,0
8.135040183020237,35373.56058878363,-77.6300642526992,2.023213027428969,16.027473659278918,0
7.426917585868651,52642.4965601794,-101.91020026710731,1.1344453573052564,-3.935066697549132,1
6.514891909052294,53170.73590576883,-68.7301426435017,2.1776954732409592,5.12450832891561,1
2.293836443209768,31459.21577834844,-120.96074639960284,1.4648246371295297,5.728452421299643,1
5.964616247989355,48041.52050690584,-95.8024823645092,2.63289933763314,-24.940469436243006,0
5.486717413499676,35790.52893430307,-87.4983092005603,1.1453366961388405,-1.255442942679224,0
4.602269521729946,36548.65412276634,-105.832439860064,0.7391227327758514,-22.61008068435,0
3.2854630199990864,42387.47688089767,-104.87848184282367,2.375811235395677,23.55703472054784,0
6.4628461785341536,35020.411869610834,-98.46232377333186,2.362624516569623,2.397450863950056,0
9.44787268325799,29060.58940937146,-89.5881230127691,2.2769246093195563,5.077698235318799,0
8.3940749379274,44857.37574639732,-111.3696999808334,2.820226986945912,-12.089307524913956,0
10.097892507335004,24671.687365211525,-113.4572920789952,2.538838648293107,22.67211679211657,1
3.1446456001196195,35113.78792505771,-86.96627831713603,3.162992058055778,-18.987861444058407,0
9.273359574752408,27716.504037533043,-76.07410011458826,1.0696157475200114,8.19120053419526,0
5.016784651933099,33487.8320287116,-101.67725510027472,1.00439812413706,0.5241642271074163,0
7.205707501575246,48559.522691208345,-78.60185542840523,0.5566006602782035,-8.677953513148267,0
5.401328705408583,26070.211020966173,-106.72903701129997,3.223178277718882,-6.937431772018559,0
4.9177208491812525,31897.774194001795,-78.38337284171538,4.313447928360421,29.094215649197693,1
7.69920133072814,48540.00345162779,-90.73726665915116,2.017557765868656,-21.32492242748202,0
9.880500147202088,39943.33672254851,-79.77190432127136,1.4500174685698346,-27.97011228013417,1
3.3017703555609548,48831.28140925695,-105.38922446397537,2.5131093964898628,19.115266270630407,0
7.073103641495943,38613.81678315943,-75.98289046471861,3.4297165740566493,17.077707860988987,0
9.458055453330346,32552.451865345112,-81.34110441251488,0.6753360514752361,-13.580955365091002,0
8.89157962829691,43923.38029887725,-103.25452406997309,1.1764509247270052,-17.987274958927337,1
4.308699730160862,39235.76154363356,-81.64645868786175,0.6527665406581027,-24.60628595103937,0
4.404880542628299,45462.78610547264,-107.48330280552936,0.8136041538517953,-14.566927099974675,0
8.08016010535449,35112.64264125383,-107.10816982955495,1.4045942370060294,-23.15149138218407,0
6.68741002382999,40166.37147493826,-113.74198105418468,3.427747622344131,24.68697888656844,0
3.662305579438631,49070.241805651065,-66.39524736008133,3.86667416832698,-12.8907000761117,1
8.237802367617725,23100.824456367474,-75.9619872189828,1.7188508712512625,-5.567514187340009,1
7.143680014776068,44336.58450587736,-85.0906262703673,0.7007016981274765,24.65111231232109,0
5.984576402064674,20646.31616793614,-79.85616827273623,1.5267133168731222,1.6632682993116177,1
9.028179595584955,44384.94996333589,-93.98264370583712,0.8882659084596195,-8.796169389466908,0
7.8994182365794705,48850.87056637282,-102.9221664123354,2.6686475852029923,-24.4282132902916,0
7.722574197775873,30559.079849406724,-93.61459593823147,2.854691165888351,20.32632527525273,0
10.11476878795626,49129.99300037973,-76.24967666491276,3.259303693073321,26.379977369689435,1
9.18292902551185,45924.43021452769,-108.84898125264807,0.7431897102348469,16.534961278627307,0
5.335198674474584,42203.532118317904,-95.9359111982326,2.006973762351384,5.2355879801375735,0
7.482645560078042,38846.80968145396,-92.28195746502392,0.5043815556396375,-15.329043124850145,0
4.142576730275712,49590.22978396705,-109.91390926605514,2.705024294336256,21.2615127217571,0
7.661674513877163,43575.06624008759,-96.35954450753538,3.652066213600088,24.759040251760467,1
4.4159762498436175,26464.62089932902,-77.44662967933807,1.329337013446784,5.516426098141025,0
2.466243894286993,43870.83440621843,-96.94850943528007,1.0274789993324625,12.038182672825457,1
3.135030698582185,40305.51286102706,-81.48277120621506,1.7435775225532577,2.5613076978819755,0
7.52869135929345,46978.87542259457,-83.37412491059432,1.8663229607898983,10.387701064563975,0
9.280692649439017,36407.9145617882,-99.07885457915523,2.792820979316583,-32.59001853641462,1
7.5395684840654384,48248.65616837445,-109.12823592422134,2.35081909725912,12.349648007711416,0
7.867970690674422,39659.60319594196,-114.06420306782616,2.668357871485588,0.2832747471192718,0
3.269019300593511,32393.54077939856,-76.04272608388419,3.830494721357105,32.96540643517419,1
2.1548236508833245,33857.33109913404,-78.55069531118053,1.6130194401558493,33.199143341787035,1
8.871133504465856,21447.20009193112,-121.87027248278144,4.465712856914312,-20.076182607859124,1
8.032025616434392,43162.73115998988,-75.52181199035806,0.8313257187303789,-22.00271306872985,0
4.73013180951455,30832.47203955733,-108.0321831219807,1.4669586219689332,-15.849233340123517,0
7.538045495792117,31776.866718771955,-82.37310267177611,1.237054324427837,34.99922015154988,1
8.539015736220687,51295.78825208389,-67.71107878349846,3.561408901236078,32.46986877198506,1
7.040643984879315,30752.8782727884,-78.06150279566285,2.618831356330777,6.667861135110819,0
8.54801095127591,34528.32457396656,-111.05318843896406,1.974176588461129,-17.20145404471989,0
6.208597021876715,39502.33285752012,-118.50407752756657,3.565888388393965,23.77544841988265,1
9.558704437027847,32468.633775559923,-80.1004206334984,3.820511062035496,12.962931205564942,1
8.416857649365404,37482.53705923306,-88.81568135515913,2.5545398370377184,-12.13366211825586,0
9.080998195640106,36110.74929481365,-94.91709554754696,1.8895399333851293,9.8565524686314,0
9.178084325942864,48780.34386190683,-81.0343974946212,4.009481942539029,28.239306222591598,1
8.27473493200944,26577.513425805617,-83.95238401186313,1.87303873234206,-10.327871441248435,0
3.62947203123528,38058.36360748606,-114.7095217181248,2.308954615594613,24.34484212177168,0
3.757285794831661,24118.07864397477,-106.26819354362677,4.249743801184206,16.646346907707184,1
5.396180011311962,29265.802122033085,-124.80697707304142,1.252748229549914,-4.188317866571634,1
10.347709336854248,52111.070469930106,-101.86711210548587,0.6043081741219195,-21.95555277969345,1
9.46267089289585,31183.85927124516,-82.17562334860595,1.0952373774474746,10.32304494929199,0
3.7304163151031777,26363.450334043857,-77.04236339896845,3.280189085327321,18.43761758224843,0
3.990609144306597,40694.74115863527,-95.09908703046858,2.9141793328883145,-17.868873936564732,0
9.176604323490162,30049.4612950905,-103.41763220739864,2.272727226908844,13.523201566029575,1
10.259600936008551,21178.601131892705,-87.42000137829866,1.798493060272703,-34.64447886398497,1
3.855211706778557,30071.29263198616,-90.09758688050631,1.259332925354118,-2.067867108573168,0
8.925680432479956,32109.145472023272,-81.33428544793918,1.708432369761352,19.791476254711668,0
3.772271628203332,49377.0703853446,-99.24385149085572,2.884691685142837,-8.045735002371735,0
9.2121855672197,35524.4828129459,-107.798695188559,0.6215757680115092,10.021684509497618,0
3.3955860935563558,38857.02812235008,-93.20977350123958,4.1665641772765865,-18.267445445152568,1
4.00243626512587,42791.92886946542,-89.64396472147797,2.718965866929784,-9.166088565923191,0
10.335192991012942,46863.2023413439,-116.50725103195578,4.313818559863371,-32.890489172094945,1
3.7792629906563073,47257.182853235936,-105.151386088455,2.283557460600324,5.969075516605155,0
5.586424742709986,47591.332297159664,-104.03164085427365,0.7109623138667953,27.09608081648784,1
3.3607783250749907,52266.97569341438,-71.78969107723759,3.491313190369284,6.698791251951448,1
4.49725116189561,45279.315734324,-86.18977364500203,1.9445499481684585,-1.0592678639958957,0
8.984228334542536,41315.45652123023,-94.4664429286902,2.289390524978395,13.352895635733738,0
8.49052068253399,47743.37659334095,-91.08506546744276,3.090551128006852,20.92569241445165,0
7.156703353591215,23562.34160780855,-100.0194598828981,4.313344876277267,13.569408765051548,1
4.60297206227276,38933.5087391494,-86.51450772383723,3.512178276332352,32.369095442199594,1
3.0702004742801003,45960.04522223657,-97.55153207593212,3.6667779316717937,21.162878085318862,1
4.289087730488472,44680.29136158421,-85.86786174259487,3.277384934525598,7.76980429237873,0
7.390273636655035,37807.75495326679,-91.92141679689,3.278955865630443,-19.34015530575797,0
6.156184392783906,32881.38270920425,-80.7291258696048,3.349333687981005,13.608510465184096,0
9.104502655692691,39687.29883487761,-94.90099915362238,2.554507787353317,-11.227951123676178,0
3.670843873023677,22667.688734083527,-81.54691420353706,0.5946973167609447,-17.430415836608887,1
6.015523488773246,39792.2733746204,-95.2655729658046,2.817839788851573,-15.228878806358823,0
5.233244053490818,47160.22429897664,-90.854560686115,2.868640895066382,6.899960694000175,0
9.060404125120469,49857.82626063583,-96.54939185241624,2.1489938290375004,-10.467366623995732,0
7.423937082912415,43874.29751524584,-98.47087366816254,2.8513652508906127,-0.8766121496559691,0
8.40112560538713,29204.99188607682,-85.36398229134785,0.7875128974603733,14.413067010567538,0
5.907515482550891,35447.26552645898,-95.3123995127311,2.2918311345128224,-13.429247684890376,0
6.253027580528275,33624.18468998796,-114.01749387896923,0.8136480740181851,-4.201228573714371,0
7.616993022966362,25451.545405778463,-85.6273066849169,0.6901079930093494,-5.0350780712227206,0
2.056344364870476,22981.908849713986,-116.18696126877212,3.976177018047903,-16.03927840181289,1
4.473996236720342,29376.258570716884,-111.38119060518883,3.06360930933055,11.819400404709684,0
9.110953427481626,45548.790945907655,-78.20989812403553,0.9262662440222766,-18.987637356146863,0
6.826359473092468,29175.50468170773,-82.04624681302359,1.3946067604824162,-10.45861040952567,0
4.758606205848891,43897.01216624931,-104.7149360405685,4.460834577091111,6.139069152731942,1
6.460285422575815,34356.53150296367,-95.08966036575184,1.788149664593328,12.571504833214838,0
3.6082811348336112,39098.13536899694,-106.39404106909024,0.6497554814413969,7.654193777264425,0
9.476421639561808,22821.14222033893,-99.21319555706263,2.1694481766789746,-0.0674454605845298,1
7.574927219004397,43528.82642220865,-114.69579460036256,1.623931403060169,-13.803170059784946,0
3.068322861997006,43019.77772920168,-72.81623625635433,0.6435398207374279,-25.5688240141342,1
5.233050111515196,44463.17833117832,-96.24524758635916,2.0379893311721475,-1.538380394143875,0
6.5417320601880204,37452.97034751523,-76.76169100951019,4.310895343537188,-16.325879734877553,1
3.330865179571019,42266.33100997318,-98.30394333278792,2.7251594265894648,-34.84414837002575,1
5.287135517325751,42980.227724304,-101.42835692778776,2.6455469993948317,14.334843359902235,0
7.950165473100988,31593.94851270554,-102.4795873654558,3.1780154294889527,-9.222854026828248,0
9.727208314323253,41982.44431920071,-117.94653246848524,1.0316919182638962,-23.26490099218837,1
3.078753931784865,44253.94990169599,-89.4811981719096,2.971017500923619,-1.218480394640327,0
4.545827053865908,28682.65242762874,-112.20921046868116,2.091968303389508,12.263108807342212,1
8.130524676661537,35755.83695525736,-90.1419974886009,3.720735572937841,-6.253105909937219,1
7.837650306881569,32035.428707608346,-92.74949122241122,2.032638871410932,-17.006833912870906,0
8.351403459157828,44945.90756344983,-96.02158609530272,1.0408835718593212,5.851203584150948,0
6.980213587128273,33371.37724384945,-91.69408656420302,0.9738521793341364,-15.864614961308392,0
4.864435108062363,38480.73320318823,-105.96623652239158,1.6910064040844557,-1.132655761036915,0
4.190005919093461,41186.93337022839,-95.12177247554104,1.23690144102939,-0.7828340988451821,0
7.013822929024057,26428.994939835586,-101.38826773546042,2.6492349403255067,8.275608453838565,0
4.468248549781672,46974.75259833364,-99.61024770535045,3.1526717405360456,16.13924350649664,0
4.020534128840413,33669.49757268863,-100.92347670931277,2.375692910753031,-13.189761714639364,0
5.1466284334155965,40745.98267658535,-90.87988856024975,2.32351181448725,18.347237777294914,0
5.406176286259737,30237.67576928719,-104.32088711803549,3.309963763137482,7.40176926232968,0
4.608525290505755,43868.488743121634,-80.07459766049067,0.7456109194198246,-2.662601125175833,0
3.893559350911706,29827.71393221252,-91.33686483735768,2.0931636177718413,20.771010705897872,0
8.819243151897076,42582.49187636687,-84.50139034009246,2.1143943611044165,14.36526174721132,0
6.58296144535896,27427.401057357296,-106.8094912994351,0.8209074487470528,7.735064081218006,0
3.2535892219907363,43782.73292523711,-104.28093658316996,2.316018644031892,-19.20889868282787,0
7.428582905637801,46482.84719477581,-90.31365927362546,1.79706109642043,6.809858240804772,0
5.498751585585005,54434.86665275848,-87.12213053545133,4.136312931302471,11.97748164376926,1
7.333520763780129,54664.073171409495,-80.6284526594593,0.5666809242822983,-5.259978882372415,1
7.262175685234952,45610.93674545441,-85.89123204669865,2.928266270568357,11.278041871245122,1
4.808427513391891,40341.65227956092,-96.8262100919304,1.3088672653846911,-9.004947262108775,0
5.727954432153492,34737.15185031248,-77.64158441357466,3.272587946010355,14.742065136294435,0
9.437685161004072,45883.975779318745,-93.98923262859986,1.0019142125917777,-17.67085202960054,0
8.770102799851568,39006.4161755416,-103.31037518474932,4.311834916261973,-32.75486363457085,1
3.4833985705954227,36408.345435021496,-83.36520706604477,1.6378077154136927,-21.13103883439006,1
3.4042198308219773,24463.71409900912,-90.25945206536578,0.5556274711648646,10.13523826156782,1
8.775926916787233,49478.27707735892,-85.12828878715865,2.6202377855061885,24.095809595275263,0
3.4177306437575963,29181.22632232489,-113.64959956464249,2.0340704303919592,4.34346214302192,0
5.052365519313003,35117.60478782153,-114.4906908119232,1.9886019190443749,-0.2065959586019516,0
6.535997473244363,47913.57448520108,-124.58041591642856,3.464698930456774,-2.0378506314657443,1
5.843708866251237,32081.20906764504,-90.1849404162462,3.275406790656211,17.849863357553282,0
3.487774139003652,33233.22435615986,-90.4899746800578,2.9374565790494485,-11.50439728101163,0
9.36345423685481,47762.654110790565,-101.3449123873605,1.316308363143084,24.397970378760853,0
8.459340136869034,25543.3916616776,-111.82134483750048,2.7923815878026668,-3.0362525771292006,0
6.811328322792651,46300.677403324895,-103.3952247615984,0.9546134326392556,-1.844688848125621,0
6.745511001548538,47691.39105367736,-91.1907518976168,1.401179761529824,11.53946809781386,0
9.919259965900668,28534.20503556799,-103.38885685246667,3.5941636499779275,-12.511231122587697,1
8.669364001992129,26602.22522539621,-108.7779264698452,2.2963916072272488,15.133222548583674,0
3.090766059536924,33055.76653879413,-105.24559127068154,1.9866413395993,-3.2276636269219665,0
5.870507889637679,47933.134919270815,-96.56018059321904,0.9189726768641544,-1.6931118050721956,0
7.616722765560186,31710.296909952885,-123.33609349894476,1.5542982534099314,3.996563395619482,1
10.09142863046403,33224.60554398564,-65.90535954789297,1.3119371737777228,-19.14039516744341,1
4.338147969962542,35517.335062841725,-109.83550509950472,1.5747800021278129,-32.47447661919089,1
6.749561290625472,26321.8596498096,-92.19022467084116,1.0681876186406294,-1.2082153921429857,0
8.448067060236225,36370.756137435885,-66.70604759031713,2.101253247696244,-17.492011392416853,1
9.452498283574831,32380.76884708173,-75.8822206169255,2.474689447786042,-11.275980991088613,0
5.530063882179959,31757.54501048974,-114.47269937431092,1.4533195327454722,-22.888132011876,0
6.872416729492421,28677.08905350992,-96.7402669905588,2.007017676066436,8.053523769772333,0
7.7485865317190274,35191.03029697886,-108.65628539898712,1.2281486663098509,-4.010014326691834,0
7.46587346866155,47182.87227999347,-103.75668944064638,1.6784777738800924,4.182412770820122,0
5.057323468506912,40432.34593977334,-86.74209142431224,3.916175615248109,-7.018836134216556,1
3.463683151429683,48101.51380760322,-76.79799022408216,2.8058147894705696,-14.081684856846366,0
5.813442491096762,32609.66676874113,-77.84398434636346,0.9451451016262432,5.546920829805007,0
7.531318467987197,41082.80107423338,-110.635812198079,3.351160372117744,14.622713285363105,0
7.053216221173561,42096.43077051093,-77.83397018531441,1.9761763816878384,10.532683828607915,1
6.0018767247561176,48719.74220933948,-89.61576017986427,1.1142131314000956,1.7706606060983177,0
3.655874216240912,35399.60904848849,-75.24931058474627,1.4109556801926844,-14.52835293232258,0
7.369598435626933,33824.868308760044,-82.48875010717617,2.982400505274032,-7.101712976861364,0
6.310713465905901,25972.340690833065,-71.45292187924659,3.60826507882803,-8.116009796386379,1
7.806701121123525,46621.037130115066,-85.30349056508558,2.183811658372432,-13.120226371689776,0
4.169279986725473,28278.4791624681,-91.96429083168152,1.1857002484990058,-20.006512954527345,0
9.936169365068462,39646.07334807602,-89.19789814183007,3.959300908568669,-17.744357794859205,1
3.24233620464986,35866.44358486796,-82.66508210838695,2.935806146740245,-16.213606564596745,0
6.410405595196826,32267.575611959983,-97.50577924275902,3.2216231331574474,-1.119431741389164,0
6.826944960303954,32658.12353674817,-74.08285521162475,2.473803643111373,-16.727039620268094,1
2.4509364073066298,46616.61284385994,-81.93005504125428,1.3542493266515137,23.112894252442068,1
5.323493184621905,52783.89657297452,-80.98244789580306,1.2727883023455364,5.5817353401940935,1
5.438744354477379,26399.656312925297,-89.06859210752037,0.7403133055500962,6.493101122429103,0
5.718056694557694,49952.72218701484,-69.11630090427164,3.746190255578021,-6.796958786923863,1
2.191142297082357,25101.39716162654,-105.55994696525336,1.4769138895837892,2.463117955187577,1
4.410487492775735,29788.68800481107,-103.72572834140854,3.20498087452392,1.8563244507942045,0
5.190349806648317,34718.46064109697,-124.94232201874227,2.954575980698719,5.551364973372657,1
3.921933894568822,36511.72950764105,-116.13507256215026,1.3662282097442884,15.92275469399248,1
7.295809890200158,48164.55437381521,-85.84245824026281,1.9478927659727885,15.2888502121899,0
6.469797603125223,26866.194558079274,-113.50102049625536,2.416610347581891,18.917072144415783,0
4.912307117884957,28520.66780960572,-93.6281666977359,2.202404154045918,6.091503949931415,0
3.2366822260570536,27125.06123661239,-94.60242430146496,2.166396601341777,5.512157910791281,0
10.459590114328725,35341.931616912974,-124.9569761742914,0.8013749839737372,28.166689947650863,1
6.977437366980842,47640.13363023766,-92.2067463840803,3.665923639441541,-24.727729342854538,1
3.669826075998874,49940.13267229484,-90.8673572660284,2.2971409454588234,-6.8725309367133,0
5.723527047071292,48283.30817677904,-94.84522289309348,0.5656246952772539,4.95768311401778,0
5.112821973769356,41555.669992858726,-93.9809139439986,1.4412577962134514,-16.340878807133613,0
6.372709651479705,45337.57369205671,-100.9768296096181,3.9505571869252014,-27.80597928396364,1
7.828550950858517,28159.948786619825,-113.63697325174256,1.7942595934256491,9.502328249415612,0
3.7722524482682767,46977.55740442411,-107.02089671863688,0.9647548688513696,34.10581462274284,1
9.240227545174893,31873.427900919694,-79.66318353421529,1.500630609017755,0.1728090590276352,0
7.258058846250244,37390.35653742683,-107.57448520661882,0.5748551742195702,16.181371083068036,0
5.085722404000244,29813.640990586464,-103.93401845327742,1.4574493715044952,-2.944218862383053,0
7.160881873424037,28668.61290669337,-88.9498629958444,1.5026586100226402,16.823304420264932,1
8.753825173293745,27332.2716267441,-86.26149170649944,3.153206204227668,15.373801693864069,0
5.237569128814415,26865.05855040473,-102.77264535532711,4.136078662954118,-5.964920917775679,1
4.98371830308161,46448.03685824243,-77.10181405971602,1.71954435342353,-9.363154379559456,0
4.74959208110538,49416.578667261216,-92.40812747333212,2.191217966075852,14.511285157429796,0
8.166383405749434,41891.4131074741,-103.35533369814269,1.0438494145330222,-13.887942266343734,0
6.93029184200704,40468.34679391946,-103.3913633290732,0.9185244760214796,2.88497752865014,0
7.891547871899796,52005.735199980736,-86.33295795022485,1.771067313899512,-21.42368163885632,1
7.1815091499965,42332.832750745525,-90.59693679684996,1.0767925074101403,-12.674043223631982,0
5.086090568296029,47898.31075746688,-77.20049318272649,1.6576278043521318,2.011865647128076,0
4.02136227575636,48917.674555716345,-75.75382367558026,2.4604718892700146,14.437431624870436,0
4.163774926433906,47379.90136145966,-98.93386678469804,1.6714885490596614,-15.200562574241278,0
7.3224691569464895,28790.28036318836,-84.85971315811567,1.7651666280749978,-13.590899803491563,0
8.390421138942155,34592.0223531627,-82.18434287381974,3.4839680699182107,17.602208826920503,1
3.307663228103869,31003.73060441739,-91.25737890920172,1.8572728980644924,21.607298069409687,1
4.311097078239095,41422.10556767107,-82.84360363538465,1.3580195351260862,-23.31953243018708,0
6.510805878413392,37730.591656500175,-74.72782763871932,2.2474992819164847,-6.757036717548122,1
3.577852212489568,26503.172850869854,-91.24072246222008,3.932535839790494,-1.6944694300517895,1
3.509551067636437,41639.05529340302,-78.07361891733515,1.5320600903510448,-7.1260432479290365,0
6.633474269709023,26438.644136458937,-101.0958759556334,3.1027314448276684,-17.605993872964078,0
6.177099385055386,23534.168809205574,-99.50080559954556,1.7235907066893683,-31.8196329878524,1
5.264188803220565,41345.09781452218,-66.03451603956393,2.6468576047673777,14.219671737008994,1
8.13124613498331,39449.678645011154,-110.28685584075396,0.5215821573517444,7.727306040159867,0
9.833564542531484,50373.39807576711,-121.27385200585964,4.250141480482942,-2.426622197213767,1
7.5097216720599,43517.87992092474,-99.1002468779606,2.554082837681543,18.512785998541,0
5.5645490343634965,43598.099673392906,-78.96008758795067,0.9809375032679322,-15.050403793016136,0
9.836716384799114,28442.374582279703,-118.58507776555874,1.99855339572055,26.379929790008475,1
9.403275491884484,44720.90454877509,-84.69764161594289,3.0174311659954576,16.038046505670664,0
8.595291025588859,39209.50971932402,-100.38350148607606,2.5488261470072784,13.136296894779283,0
3.343537537860745,50277.69778352381,-68.04218796224535,3.112248962035421,-16.724603615041566,1
3.5035034290756557,43025.63297040982,-121.40730236908516,3.1026596978698464,-9.230510222687649,1
7.735542894242578,32841.93285487478,-90.75164586775426,2.0342691790084344,-5.7402283327636425,0
8.797844880991931,27646.03485128756,-82.6511209391567,0.7092195414072316,5.0099442528798726,0
7.279141420741316,34937.24088812708,-86.63433079046774,1.47073874882487,-18.354837292514297,0
3.1573468715604958,45239.93706760742,-113.78610370050852,1.4674898273853345,12.877926134391885,0
5.74185736089196,44142.73307661655,-99.8715873331251,0.5140579568545987,20.705629605566717,0
3.7926541914971175,40181.69239871164,-73.93770231537493,2.5408122359905945,-22.60346527064913,1
7.898674063874378,35675.114695319106,-118.90254053234838,1.4726737458204706,33.40262147774881,1
9.329860909465877,34359.04340677413,-85.35004012247197,3.079908627226031,-17.333728830982807,0
8.140649104744346,20415.289933398763,-109.84215862223397,0.3491503550777901,6.574302067549461,1
7.131598183408036,41528.0352666124,-69.98276981868992,1.4428306045462005,-20.92561737490296,1
9.897237772641244,23772.6160041529,-98.13522311268628,2.5675430781352007,-1.4753822131564576,1
6.075631908024333,25764.887842123557,-77.49623913455602,0.8546792114080654,-13.215884012535234,0
8.997853719877835,32385.45216136345,-112.87522633357194,1.8952682519568207,-5.672157597897009,0
7.643051069588507,37613.72503752394,-108.0976435425454,1.243231170794853,-3.11208628453835,0
8.375433864296014,37882.016473994896,-111.53048920606577,2.507767560229863,-15.760939947633002,0
3.1512111143001733,35925.43549472615,-98.4025430607626,3.0789452313162777,-9.130878231670344,0
6.481099393605768,34263.17301833362,-95.65701422491986,2.154154659440924,-25.701240916710404,1
5.428552204036661,32863.62951383396,-107.05188609650392,0.548124623646671,-3.223123112666588,0
7.284680012058899,45958.42792406291,-89.87007585252407,3.210211112218904,7.317030444526139,0
3.66509381177706,44922.112025752256,-91.50731752966936,2.7981630276802147,-8.491990500816815,0
8.246307849700333,46602.4384141217,-100.2172983988143,3.411292116497227,-21.843750395733945,0
5.199846001010755,38764.40536492045,-87.11770365102159,2.6203698005986094,-16.96309954333914,0
4.865108203606448,44076.67662635866,-104.81057128295213,2.4680812590459973,-2.951236454653621,0
4.1670892731111575,29555.203363841363,-99.2817064984862,0.7498716954049071,18.83776735677516,0
5.737959565196894,44816.80420896366,-82.8437401689631,3.493406513516025,-18.38647392661139,0
7.212174940282637,29966.594551363534,-91.38731377154072,2.555467138892664,15.683265184825755,0
4.2863249917846105,29554.311747536383,-109.28182135980408,0.6023421176235172,14.738610847975806,0
5.630978077102115,44359.92577897667,-101.61566624392334,1.0326909347760411,-5.817583210082184,0
3.6689812589156,31951.21171255887,-90.6838250320342,3.15008037106901,17.99563194488919,0
4.917499791797685,26531.87898204872,-97.02131950091564,2.355938638773152,-23.42545497496567,0
7.57696196713781,35696.50604707188,-67.87767317523411,3.3719678750282123,-18.241464921334483,1
7.178320672504334,33310.88687177212,-82.61276852193063,3.427452282986817,-20.230548247365128,0
4.023775259109498,48717.33830065808,-83.32629900000512,3.3819863011062146,7.459013282240704,0
5.7161562610411565,44271.498547722615,-89.73848153331056,2.634095654106803,15.010431265412612,0
8.247611526969125,35071.37666572234,-91.08598539049576,2.2183621367165944,22.129547456637937,0
9.377472966788693,38405.39331196805,-77.43051438701137,0.8460252555542828,23.5200305511114,0
2.262977048368522,47516.16691156493,-67.58874507121759,1.6575357521038057,-29.196612368576588,1
8.673315107930083,43395.93178171704,-112.50874855942271,0.9142474573556306,-14.632914751437765,0
6.357123421106477,32755.429436714003,-98.85141044250145,0.6889033220817712,22.85770657837712,0
7.538589692624907,36501.76475116075,-87.43157803761405,0.5354599358313468,-14.462380714927614,0
9.309976868617772,46935.81782920343,-84.47308035649228,3.2025965733875275,0.3480378940162438,0
9.261689046710543,30223.847201778823,-92.49135377840736,0.5106705997298551,-10.112199401869258,1
7.992771743013367,53933.5981739951,-98.00220332662292,0.2161286635306851,-16.19432478938671,1
8.881450109211151,39601.98535510563,-87.17908054008127,3.0701960969118027,13.279728805903474,0
9.292948879356205,28732.295327069685,-79.37268334892929,0.9222152389663612,1.5439224789480193,0
7.2983758083755905,32188.928458779083,-110.36513362668936,1.2045002339548423,24.46385412999485,0
5.933531621691871,33255.16663010797,-123.2563850034586,1.245763995074003,-34.559548233394864,1
4.74373517348331,30142.634393839,-83.57089394224421,1.5428993397258044,-10.60037251343826,0
9.259937251030165,47209.89882138971,-90.31497203526057,1.2501023575127812,8.65675894923369,1
9.33873886735586,34933.71545732129,-105.7153780916079,1.6094648795606117,3.157663385923371,0
8.95431865812808,38361.86561144507,-111.98124936674124,1.4944929713795587,-10.518734737823854,0
5.8460381633971945,26184.6982396116,-103.18737657867688,2.2866900473785825,-19.45664254024974,1
9.230769858768102,26417.62883654669,-93.72709671291824,3.175137475406637,13.628779030437258,0
8.927172287128704,25638.382156609016,-90.63847416297207,2.924102641189972,0.539807124349462,0
5.264825963820149,42189.99602160381,-101.6802790331272,1.621125271481414,30.521580691248616,1
3.808102227304437,31307.915605111182,-114.21408571332016,2.4653095810717534,4.278230009955152,0
4.201378731190247,30867.211974017227,-102.49314984424676,3.2053622457627062,-20.292772393092484,0
5.465216144558804,38817.53598824238,-112.75540243484136,0.5283505179623919,-16.43082123894762,0
8.150634024617304,34217.02292782665,-87.17993489821934,3.149061382485131,8.178505634783477,0
4.907433560141191,46466.42284590271,-112.80347974924784,1.4006153493707698,23.20390008330461,0
7.630317031554368,26123.858863340145,-105.58224871384934,3.4277918397330627,-2.426566895171227,1
7.579716935397003,26145.60959139156,-105.88406897393811,1.3681638908063216,-21.010401153818627,0
2.881396048479685,45237.036788221565,-69.86894551572055,3.133429578245362,34.06666536337225,1
6.188304301549438,45947.53574678681,-109.41150283727944,2.870084402423527,9.93877598503581,0
6.455405854314389,43357.49344607031,-111.42666795299772,1.8697181680727992,-5.595716572044964,1
9.601071672269004,47338.487902392095,-75.1131111488898,0.2717890343439764,-20.128328803984445,1
9.167352505564674,33305.43038279067,-90.19231248501242,2.9122293858721475,-8.522914186036989,0
8.493210620047527,31382.57825487321,-96.75863392461213,3.002054773987275,3.642137946494003,1
2.113873022566375,53865.83669510639,-94.5386833165524,2.321668445390184,28.146080424290425,1
6.096684542326525,43997.7320342389,-75.74686414845488,2.925666449604964,11.632352618725946,0
5.251381045930732,36109.57658882786,-96.52209792901397,2.7277134693929845,-14.46813027104722,0
4.185941233879804,36260.75059863504,-85.34749963909036,3.4631307330550163,18.78388381129096,0
4.773307079344286,22956.136031453527,-106.31009608295324,4.148587980799384,-8.583275152938736,1
9.420550776616771,30811.69718424713,-68.43394936130262,4.222615533300586,-17.596730644165913,1
4.066845820666606,39757.04492035992,-114.13457631813849,2.259235633754654,-1.5769847976330595,1
5.693866571485176,40744.13451844284,-107.22259053041162,2.5890627514715145,-0.2811415494781535,0
9.422590042333017,35357.61945238458,-76.88043122714018,3.827898370499841,2.8980908281436086,1
6.020996645010202,40651.47379311228,-73.69921952125722,0.2985856545500416,21.599335475190976,1
7.554915236294629,33518.32803947588,-96.94329191807864,3.3172402828203444,20.85072673927636,0
7.428746130220778,44190.793730000354,-97.4008683335426,3.215204880373207,-7.126180035256457,0
4.416470905184918,47846.398793264045,-94.71533713608068,0.7660398760577751,16.95901002423352,0
6.174953125758308,47885.20939681492,-99.4790411844049,2.7812753584193377,23.286202026900103,0
7.733214508169615,33496.03892048191,-82.25901661943539,1.4255319486775175,-4.509422845650452,0
8.070492350807104,43783.9211148106,-99.28712805716488,3.223020565686354,5.58642655653636,0
6.182071419886687,49806.42389810803,-83.17110854035349,3.1624048202651167,-19.99532279047736,0
3.184069413635765,48978.59568504969,-87.18188507056963,3.391504187816781,1.7382579377433025,0
4.333988724426008,37086.6395118856,-123.55823324493466,2.587181839771206,-12.387833487666937,1
5.734796482943633,40612.0975637278,-82.6771976423657,3.108739974659354,7.838560006175811,0
3.067082596489766,30544.384363359968,-106.89143301215512,1.572838739957676,-10.51804820198972,1
4.51448532208833,33660.592443485155,-81.41703972415304,3.131595842754725,22.549513107172167,0
6.808977865152296,43962.61029520352,-110.05350585188012,1.945487272380547,-11.0774170610344,0
7.745761443786192,39273.36300863123,-67.95649580102099,4.039547882018091,-0.748797923625176,1
9.874169707624292,39972.74698600461,-124.96977326963471,3.108028008167609,-31.43026041189624,1
8.884687192015601,46152.59283237139,-111.30806129149066,1.770727317691179,-11.165988801387416,0
3.93780640657463,29378.856385892,-76.20306096239469,1.8184262381876009,-12.284703976325718,0
6.3091553858896114,30230.91444832657,-76.12565664161744,1.4340899526452584,-9.571561259119242,0
3.848196083286627,41620.980794746574,-113.11233837233834,1.6333421649002613,7.750752205972113,0
2.1340663912365407,28576.69402287877,-115.74553628601302,1.8896890310636345,8.053797947892285,1
6.117626426808049,41101.37400068865,-76.42764362428042,1.0991208280731426,-7.6085121208957425,1
10.213823009160253,49986.07713773213,-86.77109090241616,4.020273135047911,-5.457986110589083,1
6.296201138382365,45879.373244838775,-80.65191177886507,1.7661834212500476,-15.229643517542346,0
5.781806856795964,32320.92786282098,-97.75669680681337,3.097395929538075,18.84121828538514,0
4.729582004369355,49744.13892805665,-68.16715855828309,1.130368860044119,-32.66754589052965,1
9.165377719786449,40708.55080561747,-87.2650734353831,0.5631252674774407,-2.7591979003778846,0
3.903049440044744,34082.10357334385,-95.53764798621418,2.9261782183871694,21.71186160578829,0
7.19836884831619,37270.53337696465,-83.2826852747073,0.779160051664015,-13.920179976373491,0
7.586462412480468,31735.07557410836,-109.86060849497018,0.3301007771899745,-12.874903546675828,1
3.511205783284672,50558.21183813193,-103.42479077905392,3.6618105557798817,34.59190172081168,1
7.544658309518326,22489.048003402637,-80.97510222822116,2.740961141986762,7.724583636170223,1
9.290203455917204,40784.601585294775,-92.54697055073166,1.535897577176064,-14.622439910467383,0
6.75341764144859,50956.11941133527,-94.34552882618894,3.0051813966944394,-3.886999246464395,1
5.335038850033623,46762.85175778334,-107.06141528169344,1.068701206555212,-22.987184623747943,0
6.309774339919584,30281.850700648454,-99.14567813782485,2.433836343289128,8.293595243614291,0
9.685614854896578,34308.00792096183,-89.72788411199386,1.662290503520906,31.77547148468192,1
8.478805676343818,30637.996732945227,-113.30420671636584,1.1570027118592203,-13.366717491311576,0
3.2202309279236,46661.11470760676,-82.07208878414134,3.321486260556248,-1.445435830599827,0
3.0964081181260896,37527.993994633165,-106.7269074577975,3.2376142605182268,-33.33850265981157,1
6.394381023362527,40198.09294013424,-114.94303307314831,1.5907717239751835,-1.3159291106500175,0
9.048708428822898,31750.03047525775,-106.94785712633276,4.280541278832422,3.761157923201246,1
5.783182891221127,47033.85522186102,-87.24201480846281,1.9218452865768128,-4.93819522323588,0
8.597727462928741,37486.55931456817,-120.1652640455703,2.156850949467102,18.22494843732757,1
7.9837949904826,37724.25462292608,-90.37161258456348,2.518711708378709,3.332517600208924,0
4.365552397216112,27428.14260162891,-89.31857714244245,0.722208666613147,19.95976556430864,0
5.590192951795556,27471.000505989094,-101.81939676182972,0.7015931815983405,2.664224044105474,0
5.294521615250227,42475.78982647337,-96.1896091105998,0.6129051653041683,11.95573895652626,0
3.312202039404838,38209.93454387157,-78.48071188043264,2.036785007420354,-24.189936531441443,0
6.195946700296544,38469.26467116668,-103.99591030321716,3.249306783152208,3.82188708013166,0
4.458997080379604,24434.75780662452,-113.54289397135102,4.192061018918528,6.067531636191347,1
4.645764737895371,47933.86278413986,-79.3738983765644,3.130124246686277,4.96969824026554,0
4.494863817790758,21465.812687646398,-96.85463168127951,3.400145066490513,32.72131169178522,1
4.732607848031743,28782.63948511553,-87.83288791337995,3.050451074091452,6.8116109394596265,0
8.619937025429767,49405.15082327408,-82.56913120238413,3.144248613989973,-23.760681905090564,0
5.563652382607287,42483.93647081952,-78.81469972238813,4.190909454209218,-9.60725857150952,1
6.990998835772051,42861.87000037232,-94.22480863198108,1.2537180886889256,-1.855991702296912,0
10.059405298674744,54784.65280942837,-71.67455105111927,2.5685513296459868,11.129232198577498,1
8.206673194497908,29374.515659027893,-86.83741027219486,0.5743704367599548,3.2565606516212533,0
10.022022492453322,24243.35180435802,-89.93940658333759,3.436113486398472,-15.450637159482604,1
4.262483302199696,35907.44863396452,-104.78966332338145,3.2392579857612565,11.112264673627422,0
6.740519844191248,31367.929081340368,-92.98205743293856,3.3268695808507927,11.985563198768467,0
3.669680847107343,37876.28983067837,-106.31034061988836,1.4308828888404697,-9.014060962101968,0
8.919249571339932,33287.55282115103,-106.37539608688618,2.700003048376077,22.00068980963561,0
4.143903942316099,46313.02543771124,-76.44852437899291,1.9575258966289557,-24.0045629235628,0
8.122555885938691,42914.33032249793,-68.11155843576326,2.665813369741345,-31.60285495591365,1
7.710049737509569,36115.60784018103,-105.27390088508346,2.891076752038392,-21.975440856933314,0
3.7391813477740943,34170.93037408797,-69.07786507761396,0.6614619099723026,5.117743966283037,1
7.705407089288434,45977.47653841485,-102.19999975362188,2.424163450002664,18.689597173195992,0
7.797167193909338,39221.04861468477,-106.30147220997324,1.4144593982944411,21.65557219055852,0
6.672154841535014,41039.64840003212,-96.32293294926112,1.326830247539669,-21.23690157422857,0
7.503429315608228,45474.13920011146,-83.17372656016182,1.7274247707347046,-0.0348392355519848,0
4.200460204996503,26355.74586410438,-76.64249464803859,1.795211640170486,-8.237968393859717,0
6.451769683263194,40948.61433521594,-112.9003557264215,1.739904098144776,10.867902812512185,0
6.782034457848199,42221.70644803195,-116.27779158077502,1.2342386781209933,-33.81042262704738,1
9.852009086124928,44500.70773655799,-95.68731727844268,2.511030892630751,-2.985219899000548,1
6.067438035818635,27274.16100946182,-100.18816351213472,2.7288961246909778,19.1756240240782,0
9.153221793626445,44988.525727610446,-119.4555116116862,4.0328274925414025,-34.961764978114346,1
7.149948890337786,28679.254176084032,-80.392112853995,2.8715729063471302,12.461265601160044,0
5.084081635737634,31135.38198702743,-120.657768119825,3.4255608164626383,2.3395278639813317,1
2.3068529468898773,25392.792578441105,-84.75793113546453,1.026431070119245,-7.521143872322192,1
8.64707338642449,49145.0951889617,-90.92450239482184,1.960167481812834,5.924968724374647,0
9.31033131652114,44591.7889085911,-85.86511869432239,1.8135511857874744,1.2008956685441987,0
7.639012674894729,38768.26912278667,-107.76269817678777,1.7943472497259982,22.871760714146674,0
3.4338965088269955,45898.84677623218,-89.11936371346172,0.5562891673410633,-13.420033971025337,0
3.4992249197993885,31254.97138842384,-93.25415217701764,1.9847877555770093,11.76093139254482,0
7.428241017990096,33656.88345207704,-86.48789380216081,1.4378834463969576,-4.695989148446859,0
3.6247884027812174,47059.51178170051,-102.26636943445595,2.486458404454493,2.764798196316427,0
6.439286284757853,25116.525651302123,-99.60985919646504,0.5829606756576484,20.25725229385445,0
4.916179786708849,34336.87966757994,-102.1261681832378,2.8727599095345955,-8.715743363623261,0
10.110438542410604,45154.36735859398,-79.26222814288717,2.2958895521871,26.953709176491746,1
6.653351761952875,29738.68839902307,-106.71522738506576,2.1251079602926355,21.946161399737107,0
6.466376267293263,39888.72286562582,-100.98651459836913,1.3536064848360947,14.23946314121754,0
9.314526717963876,25536.081554600325,-112.78573810268826,2.8208397280087145,15.568158476119592,0
7.693653995214521,54918.92425759986,-88.60776813079366,3.7666627574639295,13.770529641777458,1
7.185575552221314,28643.700091695617,-71.99925083952849,0.4378958972658154,33.53037136353686,1
3.4838623848592407,31249.604038312435,-108.42073698961,1.4324175729493227,6.299734348541016,0
2.035669651914028,44638.90071571736,-103.9995926809674,1.1890128106842548,-3.351868425785675,1
4.107201095756737,28444.08314366885,-96.5722494960125,0.8788661208599658,18.09474496096428,0
7.078287968269461,27140.261342747035,-115.22382926141609,3.7929831324161407,32.077752943878735,1
4.786856222036324,42661.002559844565,-88.48985525080653,3.048612060472195,8.06764710835671,0
4.249612969398703,29248.35978021028,-99.36543350690874,3.480443376832308,-19.62307644362365,0
3.763562437705604,32387.942814949427,-109.12567786701726,1.1493264314345373,-4.453216990282911,0
3.808863645635462,49190.40255132154,-78.43882725717214,1.7388042265473356,16.020898761175353,0
9.414626609717732,37734.69857722234,-81.10783951929047,2.610777120498713,-5.628657365237398,0
6.213245154159537,49903.39196316983,-85.96385277462483,1.522109995478832,6.247327406268305,0
3.668710842158026,32368.04650009222,-106.9861032695388,3.4163531442129766,5.4476444465404725,1
4.723819878118988,44601.76504871424,-96.79966530643426,1.7690224579704887,22.865882042983657,0
3.893395323139641,45718.71622257754,-101.25909330223848,2.463638079646347,9.77131699046545,0
5.075552569421694,35595.801748575366,-87.2631666145179,1.7418330371769466,14.675079523252016,0
8.293472780464022,33264.996601552615,-88.40234001680223,2.0801274662226064,8.387593061461033,0
7.564890450375906,36905.486716763386,-103.86499748987596,0.6148470165971193,-17.212944124440227,0
3.041930204156857,37123.87860262094,-87.48901212194566,0.8441265910970134,-24.99821441135478,0
8.90875404441051,39553.89759945506,-88.5934909575699,3.4819290946683927,26.22003656578673,1
3.835265558729459,44076.10743032069,-109.658949255978,2.8197813181678613,19.901064516303904,0
8.160604906409514,45867.87957076219,-77.11003272326838,0.9901085681167324,15.75333683158626,0
5.412997430302706,20120.65455258525,-114.54606706809332,2.0208075326454877,16.44793618504373,1
3.5139360155001573,44833.00637871805,-85.90553639103462,1.4813471471531805,0.3530086336050786,0
6.918080188646554,26548.02246843408,-120.14750272744864,1.022027420033652,-17.538752392885836,1
4.146371892645757,42348.04275158959,-83.79311610146871,2.8322623275663785,-12.014587966342855,0
6.705704168973451,27712.301306610792,-110.2239717856329,2.9686324421822943,19.201327935653214,0
9.393173005415685,48909.81669101823,-90.14395359774797,1.82578938194828,24.88948941557473,0
5.516145926320801,29055.058984241587,-92.30043647254708,2.904375319226854,-14.848797046063106,0
2.837473164678964,41237.71025052306,-113.57831882636256,1.8828081051346983,-9.448269004834078,1
7.224642470891855,34224.499025184465,-112.30674925879836,1.155682565519888,-9.923287567665756,0
6.8388739410599975,30745.344679469494,-99.58152469032608,0.8257103417045465,-14.882572545591245,0
6.6097226946816185,51287.51498164983,-80.59099460421803,2.102933268915525,6.539051286925073,1
3.720576319385098,47628.67214154996,-91.13043828724211,0.5493060566176833,0.7687865104703029,0
3.985204519068047,38069.51458815145,-77.39508845989293,1.2050407921938464,12.732978299378203,0
7.948865806519484,48303.20952198024,-96.07072867247116,1.511089904704054,-3.5273189334011867,0
7.015929033199219,41668.86823883349,-90.33922555662647,1.9496124608654752,-0.6072807998464391,0
3.161454966754972,47751.14914608181,-65.27339155050427,2.674456004639709,21.981483513291156,1
5.653360178775401,26139.54672252701,-90.11156222274928,2.92967092104129,-11.610941904081812,0
3.68749652572687,39374.31157890984,-110.58239569673862,3.365247873890568,1.8512035092123504,0
5.100206171852334,46910.98515160234,-114.6339882816363,1.3459525780822066,-15.79071497902711,0
9.349108974834609,22609.869250594405,-97.40317861982064,1.433451426512918,-5.567812214708479,1
5.517291408735446,41063.1845460964,-107.03547689319537,0.6258938842202605,-2.3545290574131457,0
3.0335036722808404,47254.90691558152,-107.55369174418804,1.5635969715311466,-19.933111060111298,0
7.4918452558223505,35539.79246335536,-110.17862653662849,3.012735700057676,-21.155912998986825,0
3.077720000601184,45759.308297365904,-75.69731050065514,0.8921457126319339,16.183670759417787,0
4.841233342058213,46919.15782983061,-98.6541318125114,1.0670630411536122,10.457441860305394,0
3.938250178751411,28178.099446886103,-86.55397729345775,0.8881555639512493,10.226234239781448,0
3.34603745740702,28661.03722553325,-115.72094132971677,1.9605332295530216,-3.582228263460287,1
9.49054115877211,29871.94957988493,-81.39948735220004,1.1655712748150089,-24.164038077489614,0
7.361267360759496,28449.24358432698,-103.1280856176923,2.306369539757331,14.202917767550154,0
8.29783643123131,34210.74737830424,-90.26593217665408,2.4766283155199824,-1.2400286216609224,0
2.652824760271094,20272.538764546647,-124.31191207080614,1.538112124982287,31.35443985709712,1
8.116401800369477,33470.34084819611,-73.32033652735893,2.266829120237067,-7.416577016705091,1
9.246588481762744,29161.46756408326,-93.4714840075107,1.5413398462189063,-11.600772905470713,0
3.557375379946302,25216.717071863222,-80.51002923564204,0.6582581176946004,17.630046267042673,0
3.473710482612228,30312.9142123029,-99.82068231311334,1.2653116165848348,19.942197349355737,0
6.922223667671746,40407.48326557112,-111.61594805525138,2.590748439356512,27.10168423679329,1
9.285658881894449,41068.5077822541,-98.04772797361524,1.6294263568130023,-7.5645400363959325,0
3.71098295373886,41875.61450350168,-88.59685642904523,2.556122501329908,3.610511671684076,0
8.14971122492949,23204.66717706685,-114.88811906971335,4.465670678193923,26.46373308740774,1
7.751218758045299,38437.54539334207,-89.96157300840396,3.393746576229482,21.39016861523924,0
6.956636626642823,46816.25781170596,-85.13169674004223,1.1377734974573883,8.398671291167439,0
5.707689368855508,41609.28254355023,-111.57544180050952,3.423963472856665,-21.6160338545577,0
9.165381657673688,46992.84727409708,-78.53689337517822,2.37797941294499,-3.639970885272824,0
9.347936469069008,45139.15744678315,-116.54562087280205,0.4762221967549636,18.108731704246843,1
5.504884095000818,35032.315861638344,-112.70672306158605,2.8536352430319143,8.198509886598757,0
9.693224042046111,31991.310179132837,-112.17024979797908,4.161875474718403,-21.869383262212157,1
9.393264137847568,49591.70944068249,-83.84520730989564,1.8948089819464733,-21.08826990300537,0
7.8883299177976145,43972.924825992246,-83.50688884935587,0.7314918804603938,-20.190924646524856,0
4.784683029752747,21996.605557970157,-80.79981182755245,4.443462972071456,-25.48902824894322,1
7.173202337238747,42562.89692801297,-99.66929175895297,1.3763949103763018,-1.9917707560840332,0
8.087915796429101,34236.84783637067,-105.03145623078352,3.046988053208699,9.898459676977277,0
7.399141358352682,49367.784839420645,-80.56204322147278,0.8774705915552612,29.39053592424625,1
5.874853036685501,44621.07164444988,-115.5259611551014,0.3311738148368428,32.211417445370486,1
9.43641467304932,27116.586107242903,-89.31028401674581,1.747566398832636,-2.198567281073906,0
9.02412881998569,48675.54835949041,-102.10105200774126,2.7548236345942847,-7.076303702418702,0
3.418661523372353,38569.02668250573,-89.9255601723698,3.2295718437536487,22.770587809898476,0
8.667613945564183,48294.49887871223,-84.34650453214422,2.302038261249669,7.199327030489513,0
2.669192181634573,28960.963258073883,-78.90996523389845,4.3911124160929855,0.3654141042656462,1
6.796042255411668,21033.99007221957,-88.47765097149802,4.470633039604073,2.940521850293891,1
4.681612030948472,47561.16007521452,-78.88601031900245,0.2558832308337598,-33.209722526939444,1
9.353148264860057,23254.724464886283,-109.7624686571652,3.681624051111679,-0.7815339527746659,1
7.392462500753244,36470.372778576304,-98.263094287427,3.607924482368262,-21.590796762256524,1
7.16944926985834,39419.28078693448,-88.954800900576,2.8008770027489334,-4.170660816837689,0
2.486631382492667,51302.01343864352,-98.73876263814182,3.725590688920391,-24.601329791351937,1
4.72888227882406,25200.35721805772,-93.19925350315322,0.8620490881267708,17.979055351151374,0
5.035026318127944,37614.81410608832,-84.96568083147181,2.7636324999163824,-1.766027524625958,0
2.66447929362146,25007.631058100204,-87.88023412618402,0.2691276680568625,8.420862146735708,1
8.171655002470205,54866.60373083782,-85.97530434302715,1.8886244965507624,11.19155511698184,1
7.306169142031414,36871.78532389344,-107.47092647688936,1.6537851730732842,21.224102139580204,0
8.658370703938985,32461.119786215822,-89.4420202053598,2.326910634314517,-17.35803657251826,0
7.856864479376897,22298.81545363219,-100.03784111788492,4.321382854159022,-0.0708642578890703,1
9.050848607857525,37891.58373956684,-99.8764831667598,2.791558463596195,1.4160650401348462,0
4.755671659743513,22541.80195921391,-122.10813472024492,1.2687138850424238,-25.755169370280587,1
4.214006046203482,48675.6238290448,-86.90174198773552,0.9483548898734554,14.46384125252156,0
7.68604533357146,46686.65478716562,-88.9317774353351,0.6402022869138572,-13.085076329853196,0
3.3716980140218347,34232.4334397552,-82.36359380415333,1.7022135845820592,-6.68661108382123,0
3.895203820845497,50362.09703737403,-122.70500872296012,1.568962262374327,9.06830700010729,1
7.18973682821147,42533.20350057507,-83.3413502253915,0.8774823729956792,-13.366268457196822,0
6.585705070521779,40298.70906551302,-111.55138073392268,1.4278721525853864,24.979752196719343,0
5.931314052372887,24385.338791798666,-72.14982075224879,0.7221711596168505,-25.46267581187127,1
9.672133315578296,36674.093259140274,-118.31607775259376,0.3132859768808946,-22.293938992164293,1
2.863641228331665,22215.99763650719,-106.13631181952164,2.230382172687289,-21.47656313580691,1
9.172011808778215,21863.007073331966,-87.6053257715335,3.02419175924684,16.29432253785076,1
7.553889735637142,26354.810056909675,-99.14038460474492,1.502006246231134,5.412007252508204,0
6.072646336394345,51389.74592812674,-81.82732759433371,0.731061655652141,-32.18960553431906,1
6.303413742769379,45382.971655642345,-80.94397661965806,3.411524620949137,21.40378706120016,0
6.005458987303004,45172.88381385981,-86.0687968069999,1.6878461298597724,15.822661296656529,0
9.006130295598272,30300.315254617875,-113.91831390280804,3.324537979251496,19.405114927383288,0
7.11381747799493,54489.38920150673,-103.83157370844354,2.4442721968094494,-14.84358010290012,1
7.134602532536795,54474.29544418125,-71.63037239655569,3.4418196294976844,12.612659301309796,1
3.875324058059189,42260.992664261095,-75.50514960591624,0.9319256847219816,-10.892635083891232,1
5.080269514962982,35320.570299962725,-102.03128836812547,1.626539474909995,16.38706993293073,0
3.425262488895888,45568.00342011562,-83.70257802173654,1.0756237493938905,8.840364596338041,0
5.866756570428063,40493.76546966498,-111.0488799278013,3.30819675820188,-7.497096242573072,1
6.195714428042029,27629.29711423251,-97.47766598383714,2.4756447898563443,-20.74970449536374,0
6.168363465417005,51912.24280424278,-118.915208756851,2.0170271244647817,-24.241122995326485,1
4.259414895056628,38698.84223100345,-75.4109425193823,3.489367617324835,19.549787528654825,0
7.821873532353615,38326.15258216592,-104.25681224006264,3.123679775091154,-11.47589420486822,0
3.019969551504628,33617.07217246677,-98.70111289999404,2.490748653958856,24.07990252318094,0
4.211804593309684,36828.20904419006,-91.14208085746232,4.258423097204868,-8.475728281737396,1
5.069203689838962,27345.400548344714,-99.4155281133568,2.8279426035148187,5.155387238547739,0
7.023428245410528,27263.749938065663,-116.57016929646174,3.4783465388213624,-15.438602489574825,1
6.909249903571972,35285.539271820264,-114.0405591167046,1.8077070868675875,-17.955943702059574,1
9.082482892067592,44716.93555791579,-73.61750454301628,3.303071524901619,-12.235820354053388,1
9.002982458969006,25191.394759629977,-77.82076315978746,1.3678049024416548,6.977829970497211,0
7.892511007192743,36317.95202810562,-105.16286860040516,3.449065841473004,-7.918509762501756,0
4.061884180209933,30638.458014347616,-112.09829579095587,1.082513492155713,8.023807636899058,0
6.7562627886852855,30925.46915283048,-95.56324884959018,4.182038197223612,14.422334591883818,1
4.415902748078727,36512.73519455445,-83.87943819640685,0.8417250463264299,-23.65474911071924,0
4.036557350519352,27367.53113427951,-84.13641883134434,3.351253296572474,2.5830234219206503,0
10.354016900068023,34557.49562164465,-112.4770345430591,1.8394524517577104,-16.10533521135665,1
5.207507086776117,48439.62130616905,-83.68283449829457,1.8622302901121877,-8.590316553483401,0
4.013267683908381,47028.92855600534,-113.71523570890022,2.753398787384783,0.164771139751668,0
3.155438991237806,44160.314792525554,-84.9936928593717,2.4677411645928755,-10.869196466843269,1
7.325567684074024,43898.01290165436,-76.81882612348578,1.7670522717595911,-32.019837931172,1
9.20972282555152,43320.12821493671,-83.02388151676813,2.4717413079858,4.25883683389532,0
4.918183559498157,35299.80515740413,-92.9724533918408,0.6829372067985283,-11.011200628051432,0
7.004305861833862,31936.693393364003,-102.60372457533433,2.0339140948859944,-14.840125302108609,0
6.223132241013755,40779.2465610463,-77.89055888982075,3.706971201966851,4.3730407552014015,1
8.26469104491116,42528.623851101234,-94.90664225485908,1.0435647485107702,24.6275834198564,0
3.463243662944961,36906.779318991146,-100.41086352954784,2.922628262213773,2.502475302354153,0
7.341989457557939,31957.514171581155,-111.6692759525004,2.867000082702117,-7.337991827577898,0
6.604001990895817,33458.59856274392,-100.37225957471688,1.2183540678110805,15.879275087553316,0
2.3255651463876363,32518.666104831704,-75.57184875390826,0.36548487623145,-30.10955468197778,1
6.188581117498898,39316.92476387325,-100.67657647345042,2.8520943457115044,-9.107049731390529,0
7.531310842909676,38750.77703370927,-113.3947991728412,2.269005984872704,-14.558169532751297,0
6.351947208415114,42930.19974032307,-113.4069613229383,3.8708860650860353,11.62065929178852,1
7.454110973428288,34964.84199152767,-108.96249287194154,2.2810334652471864,9.062938060154837,0
8.531193436030984,29545.996428942293,-106.51520599281044,2.893497070484289,-7.983057841785818,0
6.054789043559429,41005.409548705466,-102.19253523105188,0.5939697620528355,5.053870668338806,0
10.043762518429222,39386.25921683856,-116.56646950135344,2.992859826479588,1.1105071042229255,1
4.42257547534174,36829.4441947592,-100.81471048333393,2.935127266015863,6.852232436180422,0
4.265952511603776,25916.763921953472,-74.46116043646096,1.5465867059448466,-32.81785338540759,1
8.116472456526663,46009.51221777765,-93.5666390615463,1.362066677178929,-22.62343194435527,0
6.043793384970796,36389.60426866853,-87.62088100778502,2.6306477062365445,-1.7301717882805043,0
8.030310770706523,30661.20911591178,-83.3141517697461,1.838029438184056,17.37047475253207,1
7.886625301870596,40457.08440542327,-110.20848288804892,2.928872088858431,0.5960870192165615,1
3.747616449858832,48293.10656637739,-81.19055308251396,3.8552048994522377,-34.67783505319849,1
4.2017840157050514,45321.69843106379,-114.21014446205004,2.168180491420541,1.820839488310572,0
3.791074391892101,43915.15892178528,-110.18566699603326,1.967325279279992,5.242420493956786,0
8.173822314069504,44993.87647415356,-81.21874864041038,2.365527135294868,-10.877139236518168,0
4.435181636331853,26262.99535364569,-85.73685705740235,1.6786481135571054,-2.719188201114463,0
4.972729775578596,38382.273838910434,-101.91648932715452,1.4244255912761143,22.42479714375432,0
8.314291846084306,34166.51547121829,-107.47387879458012,1.3958045299371102,15.9551506275836,1
7.010443148250396,31756.621254075108,-88.97305552008362,2.9262265828985,-22.78524607366667,0
4.035283938443384,38644.38083260616,-109.08225548256983,2.5044307018008456,2.000667704931768,0
8.484646149688563,29459.12394761345,-77.19454698099631,2.0719213439770168,-26.32180613783402,1
7.145952910806533,52997.35378379056,-104.88952246279656,0.3308855480162646,-30.45801390419497,1
6.919929535164084,25938.0018946429,-82.72215786876964,3.825144626087299,16.790732681216305,1
3.701217302327113,25528.80516762353,-108.77832044836266,2.0000027942728016,13.369247572287044,0
4.4324342876688485,38340.76301709797,-104.52599028588486,1.78202315531472,-9.763764780488332,0
3.8729879104887774,43324.31989378537,-79.88456681968154,1.8885451282268304,-7.062919894320164,0
10.481337541370111,53387.09068691873,-101.3542591644366,2.057099550261632,-32.38600948948561,1
9.104731742553255,43707.00549016895,-120.14294869023377,2.011882393678329,4.177456043686405,1
8.681867517550538,43383.528550341085,-82.84379523333939,2.203695615662926,-3.720752154226609,0
8.413351136176674,34593.61089339902,-108.60924400619184,2.8577129244907797,21.99108254063679,0
5.319961828507903,39370.80125988549,-108.117298478725,3.4096896737740057,7.996240515618162,0
4.017280271636883,31635.266102378635,-98.38281679178334,3.8578970102651806,6.696179696318943,1
5.837792036622529,29243.70774642522,-87.25307035169823,1.8234322803711012,-8.938892789150383,1
3.9052496210304057,36599.88038179,-104.4070697510902,2.551340260058594,8.616782234812646,0
6.543223976373508,38116.983588105606,-89.32725167580584,1.687970504788755,-17.250799556040203,0
4.110219246036792,48434.274829475646,-117.34961531451964,3.103135732566722,-16.6803008824115,1
7.788675358633123,32912.88223381839,-108.97974881634084,1.8759772017706795,-17.62567069402126,0
7.284994632961871,44560.65719072355,-82.58962012184742,2.323997527636717,-18.78467935811909,0
7.833523632583924,47867.02476690968,-66.88221778322253,3.295657973225748,-31.178545131187025,1
7.041875939480318,48891.69940481671,-94.32943520428384,3.1827570944047943,31.43043173012448,1
7.1529951574106425,43206.32810430562,-113.5711073023554,1.2658426829738327,-21.593113965820105,0
5.055151775767051,43796.612310360055,-112.09827542027372,1.8748565678557585,24.922722042722118,0
10.460288087311758,32939.23516103427,-111.1019502080816,0.8655864516209741,-10.557332744207123,1
8.287282314600276,43444.63801510043,-96.8695298745602,0.5820526800001138,-22.395058854902988,0
8.188211138722192,45594.928955446376,-89.96761468624423,2.2538009486828066,-8.791053260204578,0
4.219776316503144,30473.12982578605,-106.85326598840336,0.7512697801846997,-21.841568031072576,1
7.127498296955903,47081.820598078135,-76.46099700262218,3.239152866855083,12.502126703840297,0
5.7820721470555565,26460.3328601645,-107.92819420730072,1.912794202151208,19.81653785693115,0
8.959241174922706,35888.592416885906,-83.33319982950704,2.9985878816432696,13.522598040026397,1
5.253966736898683,42437.861009730026,-114.16772301157312,1.3640323443608535,-15.389935124948462,0
3.6969444521358095,43223.31178439961,-100.35559516567602,3.1582966569319573,15.876940794096775,0
3.159527049867807,33728.98057464075,-86.50168516828762,1.1582032965228746,-0.8163674781427375,1
8.682237431353004,36007.65524426693,-93.96195652769754,1.8707842234227263,11.12219137853213,0
7.2364126470629,47172.87854919798,-98.35111031129853,2.9222354097420133,13.628135426347129,0
7.3312841635860195,42817.522279822646,-83.5036346931301,1.97105648521109,4.56377282312414,1
8.583695949647339,41655.51602724117,-81.32741939119492,1.8042254058206724,10.37257342116714,0
4.341405430977657,32492.74161360613,-75.50207433749344,3.059976107940381,5.704075951122071,0
9.737782640375643,39946.80855046869,-81.44547718946781,1.6453301346582248,20.890689726476324,1
5.191477932585542,40053.62534416669,-121.92596103362946,3.12571662181894,31.50782586839786,1
6.406994886822627,41653.07675246046,-89.61918294735963,2.5295601573315825,-2.7283074270965173,1
5.543395687415253,28747.495686801165,-101.507391274644,0.5650420151052421,-5.388405115039525,0
5.755012730903552,41477.77821651712,-84.26743787138054,3.171651187246145,-18.03611636078193,0
6.669196592118196,40882.45797651484,-90.0191288223242,3.0927406244942484,6.360870344988591,0
5.388758223300048,32461.05445838276,-90.82416984314764,1.7372390117326142,-6.202788911939429,0
2.9491793746991557,45889.47163127232,-96.34264827627192,3.775328405666028,-18.524937352064285,1
4.447811045401732,30147.21629201348,-87.21114028365561,2.2806933626372734,10.950792211278165,0
9.427570957311929,36180.55324481862,-92.9011746015581,1.0661088359873527,13.023952116054303,0
8.051188676845417,34569.97506107957,-101.69381052376076,0.680175943484275,22.78028496086629,0
6.872562886967818,33931.11205322748,-113.53550597093448,2.7160409181464,-12.5686641129726,0
6.782249004523062,47480.36715618861,-82.85176709024176,1.328332915865604,23.07224641817357,0
6.215915820314118,43879.43418205954,-69.20191394471954,3.8422721445151646,-0.4758960858965437,1
7.891630680887482,41351.607470611976,-110.17592063589494,1.972535292828837,-3.382079029124501,0
4.143030932785848,29943.012495201376,-109.24428913647633,2.1259953061215744,23.636185820901986,0
7.655246705131196,30967.14881539615,-99.16856612834982,2.515070668879914,-10.000146010061888,0
6.382453439734928,35178.904165548614,-68.8273300814157,1.3479606445959915,27.30176216047816,1
4.58834425405414,25149.479285946243,-89.30443850151849,2.190985847687913,-16.802879785920148,0
5.960499295927409,38423.5326110178,-91.57407801275237,1.0022347262517806,-33.233040994567354,1
7.897992791109466,46162.18821537445,-114.1319840640884,0.6337845521935885,-24.48852186459775,0
4.553909701361094,51832.43321292126,-118.51434882414075,1.079271327598774,10.782513957293318,1
4.8624032476126295,40792.80476208672,-109.20606646887732,1.0027266064416014,15.385857197853426,0
3.505930467813168,21413.18926764069,-120.05263821042745,2.1141114777948675,2.2066950882172165,1
4.542233174990156,29655.588343449024,-115.00332340376964,2.053836253517281,13.085733048530004,1
4.151645265191737,29000.44576427497,-90.65672813763956,1.1954693357825303,-27.494491573966663,1
9.053915568543438,46396.25393107424,-92.0234531763212,3.273292016906723,21.0913740780008,0
4.336900532345635,35805.01690840276,-86.61313543772917,1.9243400728430131,5.185472434420653,0
8.92549645332151,27094.70113425076,-103.55731998509076,0.9566657231660342,-9.421547803072212,0
5.368680891487681,24709.296159959988,-98.39101206270524,0.4602309119520245,32.63324918947464,1
3.154242637136632,32502.5484156472,-90.11761299142287,3.230100546778483,10.61475200326079,0
9.094795892551684,47925.91442912343,-92.26592160091234,3.085616961867016,18.29205494817966,0
7.949810564113132,49681.71552961282,-121.11214727383576,3.72229948217119,-19.08685549588616,1
9.322293412211865,33015.97530012405,-97.51027533096033,2.8812041314950423,-18.25121588836209,0
6.814716829883373,33706.18869811452,-114.03880205974728,1.4083719745018963,-1.1015630225896196,0
6.039973282780487,25786.20126879204,-110.38807257502384,2.474996543626048,-15.678724469538846,0
7.055836687078205,34925.650484388534,-113.76213474498796,3.78509854959925,-22.194727558122874,1
9.267418785762814,30919.293368547413,-104.5603624430556,1.4450267462292747,15.040841099974765,0
7.283239583891749,22893.90124491721,-100.504782336017,2.1291284444112053,26.97726537466498,1
4.052067415045775,43301.63447784462,-74.49604599071121,2.2798552403388923,25.381818580507435,1
3.4284270528181637,27362.64868787736,-87.86482620639676,1.3524409216343412,11.18668275012309,0
5.944281264084352,39432.61791578954,-98.98779997766954,1.471741402299798,-15.584986211739782,0
2.513362347532593,32614.08168115127,-102.62447930995928,1.3553462174395303,3.82490764279963,1
10.225959889606631,41240.71302138872,-101.27712936905768,3.087045444324025,-22.250552816693176,1
6.92974508247182,41309.927536260126,-109.53073235304434,3.146708925328925,1.9897311931774269,1
4.8833227522346085,54654.28074047328,-74.89834074928298,3.731121219084528,19.53560282712844,1
9.804230168519574,31329.057221277097,-124.26228330149245,1.4326060727829026,16.76071359166277,1
8.03645330947105,23286.05434265095,-69.19293947655893,2.360821361668906,-29.49785498779796,1
9.09967510073773,36972.10289358295,-105.17867960385104,1.6411268398217709,-24.36848190953708,0
5.270829879255154,53933.60022919042,-86.59008575690572,2.168559154391448,-14.404412948713542,1
7.469995150901772,24818.33853070864,-95.20741800571844,0.8442940139232813,-19.56174561524997,1
2.4559196715303657,37965.57049704844,-90.48874910627816,3.330102555639259,24.66743646666282,1
5.271971138883931,27998.73123861776,-85.94410119054824,4.235603467015245,-13.739703717743636,1
8.451385274485638,33514.81866187765,-84.2397738653823,3.3645751907439974,-5.164847534552024,0
3.1711214229915,41916.76431681603,-123.6137742968778,3.958803638330811,4.9475507706995145,1
3.8226023730587633,39332.070859171465,-79.23198637753725,2.5957583203833674,21.66667042041725,1
3.959495830561616,40647.24675976102,-92.78942550510811,2.281535195800795,12.92307835597061,0
5.627820856895864,42961.32763513767,-80.8850468993643,4.10766985509767,-13.586392176292929,1
5.712412857593836,49848.59270532562,-102.62706810516934,0.6232999320220238,1.0038866482062758,0
6.7031621114029125,22784.23198222111,-95.8979530429088,0.9894412148814422,-26.44647554719084,1
4.167216936230681,33112.970360866944,-94.90441213378604,2.0450549052978912,1.646611321321501,1
4.394661813782384,45880.7855027132,-71.91348774150136,3.834819021068236,16.596595139290592,1
5.482434468955619,49506.66217606497,-111.8494053668461,3.282321653591269,12.463349961484212,0
5.376212435825277,29381.68507966635,-92.6483816787977,0.7010177424719528,10.466856797626429,0
4.801846260459621,36504.2205122891,-105.73639999361691,0.8823049701899717,8.802306207074295,1
3.789434384980941,48982.64044403463,-83.60910790943188,4.377705064342169,-34.774314391607334,1
7.089251810602174,41716.45624492431,-106.85841559373164,2.9300265418118814,19.66455057458441,0
4.109615392235591,34476.18926630202,-111.7063969387311,1.4817126561260257,17.25690285945616,1
3.782508832370146,44448.49770890003,-95.50743615126724,3.843974532185753,4.032046297829737,1
3.1644211048625395,34142.17938769093,-96.35696477569796,2.510117292687108,11.424575158982698,0
3.985625969947729,32943.65281533536,-84.70196644519552,2.603394268041081,-4.888840305584903,0
8.688691998332303,35556.20841864894,-114.16252918913946,2.5645666810525816,-16.595424821141968,0
6.915593404275578,44005.3823886723,-88.77963957925044,1.0314383868416874,13.64240446237801,0
4.0965082617076245,39470.163047876704,-113.0885749635544,3.092368477484328,-10.299174670029949,0
4.759347818249371,49897.85640184826,-107.13090347288524,2.2556745093671937,-20.964103083758797,0
2.622939193778135,22773.19520559551,-69.7660822371185,1.3253595294164482,-31.163009213640468,1
6.262080786518489,48089.03126826383,-81.27748345564625,1.6665455206800477,-19.51336079922371,0
8.097996623660762,44970.54381223927,-103.4944538197112,2.4934807057748705,21.32424055843898,0
4.275071921782976,47404.95195966312,-118.09748906178096,3.237866918200902,-8.707417948669438,1
4.809097142540205,33724.989993145966,-83.73135808426801,1.078222173092453,-28.436214975710183,1
9.92558718399153,24986.346063492947,-105.52985360693488,2.7433332590140425,30.88230552611924,1
3.220407193394601,43267.52239477035,-116.69025721225007,1.8122786194668048,22.264515908845247,1
7.658048296884315,23081.04817201812,-83.83245696908847,4.034439257613898,22.489546176601507,1
3.1782911427345875,45081.23764031383,-89.88919727221386,0.7852341499094522,21.54444191676988,0
2.3646446907619616,52158.11677041925,-76.31465385222293,0.3254548791147013,-19.50123256369037,1
6.380353787508018,39297.31562451682,-80.72789558271597,2.0139098472538386,-18.606932275770216,0
7.498378517272213,27824.08185551564,-78.539312668046,2.3641345021299407,34.08489274015433,1
10.13478198702888,28167.545316866723,-98.57001433008352,2.611415279129777,6.1966769776380985,1
7.407698364361135,49301.81376246656,-99.69468068939926,2.537613086259869,-17.36316744135596,0
7.85475310475246,27565.858505117707,-92.90547741626898,2.970335767008383,-5.162873689620163,1
3.083612573006448,47676.86260085784,-112.72542306113785,0.613148799300184,-22.37923758986468,0
5.1574424225546425,28226.375757086906,-122.0410234314101,2.858556035502322,17.577532823909735,1
4.639242101162752,52744.266561930766,-103.9628076180066,0.3099153243962525,12.435442087719494,1
5.731451223141859,47964.66040463222,-113.73415695965592,3.075959176403579,-14.578588012591338,0
7.479839650718631,43365.93610705832,-88.6868410881608,0.5623733523362355,-5.443851402375543,0
7.203568454697318,30494.5774689904,-76.15703824415797,1.7880887023611656,11.841433362225082,0
6.936033753049181,50769.1653205422,-71.23063071910991,1.433221597487861,29.367924526146098,1
8.270897857721216,47741.70157679543,-86.69450260561362,3.017186610202488,-20.060981494272447,0
6.831626138564312,37258.96450383029,-100.01180061709351,3.3461326683974564,-9.175502678101871,0
3.7651046799117354,47924.488250637005,-111.0947567812744,1.780897177233672,20.027249241119485,1
5.674896141116493,33433.42476412163,-83.74412368391539,2.5857410731883963,-10.661546471988164,0
5.520357533819627,30211.21012117464,-97.85904478452868,2.2690723892947067,-1.0780257600472891,0
3.668756517264576,47642.65606959668,-86.95121913391208,3.171068697142843,-3.7138279078656735,0
7.625711568819389,32436.218185553396,-90.47889953153444,2.929954294484345,-16.243685627336518,0
8.8976335273241,34240.943488274344,-87.62931655429733,1.874492334255696,-24.48398788687527,0
5.604598374637609,26852.054256390995,-89.82217172192007,0.6608272228775994,-17.54012077631724,0
8.906427400432296,48699.57577452397,-88.70782857503863,0.9629597944316496,20.740657574399165,0
3.2261932776905238,26680.83407655272,-83.85938505972538,1.5989854193214457,-5.857279915561115,0
9.017892481937666,35104.95851113994,-93.22835028193838,0.5989411416945543,23.2408188552982,0
7.414819124651662,46327.241698230406,-91.23979379172812,3.408624592583555,4.157942906397011,0
4.968916889866781,48838.99151029848,-107.22026216436151,2.2078846363797244,-4.120547399121648,0
7.62812433184829,34348.98502826253,-80.9148227013766,1.974336791199004,-18.124363882919265,0
6.196817595472469,28722.5191033395,-105.60486216851405,2.1750028050192265,-3.90721258406559,0
6.1049641586097,32885.65947347114,-97.9811916446333,1.0347812961988925,21.947035511995992,0
5.3973949686196585,25202.046058639997,-91.54240350196456,2.5349011230006897,-22.13411769368226,0
5.923269073730891,45245.39794244928,-88.9265018140556,1.464580288641285,-1.2185486028465249,0
8.820759849845844,38422.64965061469,-89.47278531956636,0.7549458021529633,13.447702396002027,0
6.403581749776986,44388.33022999353,-109.26819808200555,3.1153969563152986,16.106925898147175,0
9.329203298049508,37405.08066342557,-95.09906430025492,3.272931399880891,0.9637926767471008,0
5.649395902832813,38565.278512597884,-98.36903063587376,1.1205031685432307,-3.9928241113287193,0
6.83269528936853,32920.37923143362,-112.45889361679164,3.124545716230653,-24.59613856318845,0
8.43048439107359,48762.2239812063,-89.47668459362086,2.624225317488506,-19.00114451110871,0
7.885922011325306,34922.46320418155,-100.82840082660212,0.935604594177486,10.522964014980666,1
4.312994260103435,43019.23665286458,-113.2475557542348,1.075120182742459,2.524784099907844,0
6.675895664758195,46515.27449579397,-103.43616716293208,0.6197543781856438,18.428858950984107,0
6.654438315836954,26731.64669832985,-110.20816910524844,1.8863608762838135,-12.231608841449107,1
2.437447122243198,40802.30219126319,-74.07739881410771,4.031301867507233,-9.80849551235146,1
6.270245504804051,41378.41454310829,-101.04658010071134,1.5929754148971562,3.616484443223186,1
3.6387991246561366,41358.58203921036,-99.3538494524036,2.8194530459185936,12.45454558797067,0
4.026754547513395,50150.818115620736,-117.61776102293308,3.324315068260413,-13.135599286635284,1
3.2817862340289814,33170.58706681404,-79.03048877369594,2.055716350996814,-15.364180398335533,0
5.797829536250017,32323.06532505969,-105.75138425923366,0.5216539550173026,-6.3178061736483215,0
7.214194494740393,37441.93092015621,-75.88736620109954,1.71663489023009,-15.441753064548363,0
8.443530543662021,39720.277697447535,-84.11419305451085,1.851513790876892,7.922834750010132,0
7.680269192109098,37949.80892765856,-94.8648083454055,1.3052653102539518,-5.615087294166248,0
8.600745644054513,25561.870344924144,-104.2753170050974,1.9255385505270817,13.241609043383058,0
7.488993703564372,40681.05989002611,-110.92394778216094,2.817442654853672,17.514661954439816,0
7.913066960229027,40380.2137648405,-102.90440059106588,1.2279369662774149,0.6103397805657771,0
4.192388072910855,39215.38164755965,-99.25794729630806,3.337062084160696,-13.01523712070964,0
9.534103066637233,44097.145212647054,-91.01848868935993,3.764171267425915,2.04274867503738,1
9.441630657270466,32581.50206766674,-95.56297837854096,2.873611103211404,-17.893009713369423,0
9.093585538509114,49003.482546535335,-119.99237564318874,3.7692162952988144,14.785415826284968,1
3.973213803031181,31529.84130761469,-105.11103070768594,2.0211604614931904,-22.98348245227017,1
9.0962873978633,41024.15715774517,-77.2770310491234,0.6555883926270857,21.93796646706732,0
4.035232805398199,36555.3058166143,-76.50103894774847,0.5206499416070113,-23.38387158437685,0
7.514884907340689,33583.12612953427,-90.6824970895998,2.559312426374522,-19.888963839578015,0
4.985566676894679,38791.79565400493,-107.969193564191,2.319882998212584,17.089649766913027,0
9.42525831001943,37451.49945277917,-109.85857239660672,0.5078411707147439,15.542200220518794,0
8.917507498777017,44641.90865391734,-94.10984111641326,3.229582469660781,11.139469967885285,0
2.2272540522680098,24548.045245863454,-107.22796632519902,3.93045183219722,-33.758891751271726,1
7.704494573254151,34984.27824548211,-84.16810684406556,0.6926963647437039,-10.970652964228098,1
8.074107997604365,25691.63091343002,-88.13376077219985,3.2923399442512293,-5.461188610707101,0
7.026125870775737,21331.276984637443,-113.93733175332972,0.6543436910580207,-18.486044034544364,1
7.646554043315181,41810.84505095547,-86.42596084545085,2.058999942336506,-12.618333434601531,0
8.30763138573555,49824.08267329305,-107.73020652201532,0.9829935986215814,18.90813275093956,0
5.827378722913905,37868.08100171434,-87.35480561409035,0.5335791908921891,9.961849334756494,0
5.946369657325633,38221.71366866265,-91.83953546586136,2.27593301945154,14.712346423944313,0
5.315962847391676,52281.98643785935,-88.65676096410806,3.473073330772651,-22.70778173521176,1
6.90742267821447,25211.593177871782,-104.90438234557394,2.915256707586459,-9.727015080772162,0
9.02237191614704,43391.60514004376,-105.30588523217274,0.6035227161974134,15.65632051282163,0
9.41833030291757,43674.900998999314,-109.4027672209543,1.7665722133160555,-13.360974015902428,0
5.965881607452935,40890.06572168506,-82.82141352438026,3.482796197894892,-3.936038466312613,0
5.728578455311479,34878.321298562296,-101.75489252088585,1.014936420029788,18.15063177280293,0
7.567320975649493,52569.17959888326,-74.04820882031925,3.6967179241138455,7.470226758198052,1
6.01892847343355,33289.1817542006,-102.26818440470488,0.3903213924824495,-26.004713938955263,1
8.735229389819217,46895.17585319021,-115.20712060014972,4.435625011657892,-12.88640792008758,1
4.256188891610316,25805.738830676142,-84.41844583487061,0.5450427813552711,-11.507064867690936,0
7.603501422082091,34813.421563736105,-115.29914681353334,3.112777892085377,-16.676072733095488,1
4.076226847932153,47660.727045712665,-103.86333353803263,1.4062645024566045,-17.76777198084342,0
7.404470757044017,28949.390551794677,-97.33080865584742,1.536696873329245,4.37858525632107,0
7.021191579846618,48271.21961296568,-75.12107588065858,2.37539699062822,-22.011243419528878,0
5.521699422945749,48182.82130278424,-84.5776152647451,3.3197202463771074,9.187145425114409,0
5.978873114245085,47140.26592942666,-121.82853505283262,2.0660982211795864,-25.040456031697016,1
8.67466322197251,54630.36526541782,-77.15114151764573,1.1610486163108211,14.604883725803424,1
7.335457992704325,31832.99954675744,-85.16113201360996,2.19009201457888,-17.20721586002479,0
5.758355285786093,28861.512023452287,-81.2936029414993,1.5897971803095412,10.626991342895089,1
9.251231126919809,27901.733448974366,-77.37295367415228,0.9250255304946448,-9.405482805122928,0
5.521224429778101,29732.504029814983,-77.20237128428343,2.675945729424675,20.54599669347698,0
5.126428841482097,34421.19115091834,-111.68486502746944,0.7462845910111869,14.809714904960316,0
5.909162919498714,29888.068176373752,-98.17932013904746,4.355634549914323,-24.150169394456597,1
8.241619872699864,36849.59507189667,-99.8184165182916,1.91459105963558,-16.697691464790875,0
3.889300597586784,38985.29774841293,-113.34150246355712,2.5646432295652586,-16.352169887028637,0
4.165100670546624,33744.11428535766,-108.53952004640811,0.9833068280519366,-4.323726641229857,0
4.653689287453249,34944.63289374828,-122.81689403236668,3.3437916414770825,19.189617179483484,1
6.467883065889748,54021.67940949855,-89.73094794431539,3.9699263930946023,10.104112849433044,1
4.965435846179465,34590.18238186294,-74.42894126450722,1.8295112290332396,6.309292920112398,1
3.232079817832405,34154.15966718629,-77.54157008417428,0.2807639507885994,2.7172831016850125,1
6.4983677911911775,40764.962431348176,-94.9232452417982,4.483092920612116,-2.238623311806492,1
5.327565432761695,30416.810831876894,-113.622206183467,2.5251323923237354,-14.19167502147774,0
4.7126909780225885,36163.545197259125,-122.1825607804156,2.8969594715629885,28.172143189423643,1
3.5371630657528685,42151.64049205754,-110.94379614118678,3.087399439613675,15.177512842012796,0
5.695657408807093,31038.860977470416,-78.99250986902146,1.7436699800046074,-24.2234967551206,0
9.427978165666142,32947.80559789772,-72.23696125684408,0.7051294456617638,-19.822242364272427,1
3.8097006530003066,27434.036215565677,-102.28465299299783,0.5946973980898089,-15.337569379428572,0
3.613347900460804,45720.89224548932,-83.71556130758839,1.616339588519557,-10.19637379372053,0
4.653865396060352,43967.1159742406,-115.99622043714076,0.2911695572189996,12.677393042629674,1
5.580464732808948,37384.59743304395,-77.53565020888948,3.3863941402500277,21.301984894822148,0
6.783030325835272,42601.34087378871,-80.4707925306493,1.795827309227364,-17.586507753985366,0
7.754539174996411,30323.47356681852,-90.63434153348312,4.438887335232781,-19.05035069763692,1
3.550173442595552,30570.557142523827,-93.31840975560844,1.6129598330272268,19.25090037461503,0
7.857826499238634,30390.798720294504,-102.83821651935492,1.343776737405766,6.4434012752523415,0
3.725715139425701,52019.933503478525,-94.69482042610828,2.0536977361278743,-21.64511827493576,1
5.7397857627421685,35203.05739542599,-102.24587912255588,1.5727289274640404,27.852331419058352,1
8.765285184276955,38871.51508182386,-69.92373480258098,2.168838782897145,16.536068576634754,1
6.05587800803016,40891.76978671576,-75.7584230979376,1.260950783207638,-24.18788844455262,0
4.67165565559017,27866.115603556133,-111.02665467805288,1.004467978001052,-17.798287353415443,0
7.90774654713021,44867.39476932713,-93.1764505804135,1.4390485277654663,7.600431232057261,0
7.999197477986755,41418.16835603882,-113.95128430905808,2.3467486154736523,-11.254997782242192,0
5.174204010776862,43127.46705839048,-85.3979111075772,0.8780169379816136,24.596198477145364,0
3.941348734225938,30453.411825813066,-85.06469929347782,2.705956689668551,-24.543374269371565,0
3.722370750582692,49432.79104606279,-96.97492568725905,3.0549713838032693,24.67443299170425,1
3.1884092137909006,47528.30989026639,-73.70831155164905,1.1421993385132962,12.191858532801056,1
7.0281173954932,31020.744796407824,-78.48683935905781,0.929353160385529,-1.942504332250124,0
8.577219978261725,23792.45198288114,-113.60685124816132,0.7738851153895412,-16.816899819161897,1
5.492538615650001,28913.10579135705,-119.2382706906726,2.593487998614447,10.87524642948388,1
8.6420966710239,31492.19227644044,-83.60223858264798,0.832410791099147,22.357243040312117,0
8.456658327519794,30738.353135205507,-82.624876480898,1.7353840918923025,20.618135946107486,0
3.653541881052761,44269.15145245698,-114.7927421437148,2.15105769733885,21.45498400849889,0
2.041752630927475,24728.51803652396,-101.37451676497808,3.3373282391549584,18.724101412690523,1
8.237825136913251,42453.48487470567,-101.38997933928032,0.9664384994353448,22.860653610339057,0
9.264145719692824,32083.134840316878,-107.3963282730198,2.3573499254947263,33.786728941145995,1
2.956703058921403,27367.81699655928,-89.37545845040104,2.206471186410295,34.587654348959944,1
4.804159444675819,20787.348082584467,-110.5841251721161,1.6542527701136327,-33.4925986771027,1
2.85733581453207,41390.12252045826,-77.82919550403625,4.471636807168784,-3.99939737776544,1
3.776391028674154,29527.618200130128,-100.54660267826188,2.903899364043548,-22.27489276191793,0
7.824033811103496,45225.98119951553,-121.96181829998469,0.4181121671442459,20.398676078680708,1
8.31507282179308,26998.790292820897,-84.42264768521795,2.648329133821994,-24.40005280928029,0
8.152174916909772,32984.97823094761,-95.86538080170575,2.705516326431404,-11.966006020650632,0
8.773728894275045,25531.824611463304,-76.28659086679869,2.9181322951494706,22.99277691541264,0
5.039638490987765,21048.74706091857,-90.05361130408347,1.7911356739611397,28.18477030409137,1
4.067595490140562,43808.32113767689,-114.9608728270193,2.503149014388198,0.694930342677285,0
6.841755291148962,40287.38232986647,-87.85328331438507,2.950067710898091,-0.604925218259627,0
3.902988881923788,53641.46725958031,-120.75937927841304,2.984676725549057,5.189239128341043,1
5.005747044559805,33603.907534891565,-77.56960091279402,2.4727120762710046,7.510644626711915,0
9.925633658775489,20302.81649323647,-73.90626818006534,1.4749788399829742,22.83640549687725,1
4.858531871464863,46182.52728551372,-82.66780882693216,2.068189958627607,-23.7363929372764,0
3.841323844070505,36544.83587915801,-120.65124379082832,0.8884628713025189,5.249370298484543,1
8.856653474507612,36370.99905237937,-112.75856597117956,3.0873681770040498,-19.49868680683717,1
3.4970054606219,26884.998919834416,-114.2547882051506,2.0215349338567217,-23.440288449584543,0
4.159874105421011,37301.43236153395,-109.24509598593946,2.8061219699215942,-14.080675090116902,0
8.112579152380516,40576.44821472021,-94.09751958200764,1.758781502675686,-4.277880061551066,0
3.5213805650129077,51878.9783719672,-84.42054751022681,2.2456353982106974,-21.389564005886303,1
5.183923594322354,26305.635930801367,-80.93282084562418,0.6414908251897872,-9.574308768180634,0
3.605497645381721,35881.82074943004,-109.51132418552302,1.1001489098835626,-20.04291102696605,0
9.861393542075518,32072.48430712632,-114.12090872887806,2.2851700845936738,-20.528478782929017,1
3.1235762994491947,33630.49439912779,-87.20417951801288,2.3096293345901917,31.484433736292655,1
5.242992176511269,41056.527432873,-84.78064274205833,0.8479830932436108,-16.61998016237657,0
6.737254912708146,30691.14087354141,-104.65408164035296,1.6640978109343123,6.510863231289392,0
8.54852047819887,45537.09176346897,-109.40900637643072,1.1103910732589677,28.502714457870923,1
6.954003069567576,25545.796256451,-117.1828371230541,2.785547557792308,1.199202871302738,1
3.995970255723911,40193.42228788931,-93.2711248310951,0.5443180362268278,-21.66612046663176,0
7.614047733319605,54714.15434636567,-71.49576934424334,1.4199604514762278,-7.873649230693623,1
3.94282820367926,33541.24697674271,-89.69210212468711,2.7343816792837075,17.55489289713485,0
8.792209350993906,29062.69120861377,-101.9539883066667,2.3070319132394057,8.55812372086767,0
7.717334988933564,43101.54732394285,-100.3343034901826,2.769768168333911,13.054630271939049,0
9.103094043250437,39896.82627669265,-102.11248787286723,0.8278455811072218,2.0354694392434567,1
4.019204141697879,49328.05823012004,-94.13995820952644,3.433778851130747,-18.74333219858455,0
3.3472840377083792,45684.58394714789,-101.61336759413922,1.8445987669934396,5.641098964623481,0
7.101729071282378,50749.95307019472,-97.84302792858207,0.6644021060798447,31.905296142740116,1
4.068480893014669,44485.9453094244,-108.69541507459044,3.1491226377307324,-6.402554320536542,0
6.0202383491936615,45734.29461954719,-103.4300218066398,3.416245412097462,-24.972853414649137,0
8.813876047751,33543.22541255138,-75.75949512463052,0.6313725840676718,-12.274373575591463,0
8.929149406002974,41358.878988290046,-107.3826559803106,2.6139801616766256,21.2750319758942,0
5.482170822239619,38186.49471153707,-76.34927387176211,2.95067371874372,15.06296120757738,0
4.516367948120344,31824.86731106572,-68.4036003102449,3.12529101450991,18.074823947438794,1
9.873871407291173,38392.13173734512,-65.88304754630101,0.4213267661514623,5.466289368755263,1
3.8803100804204815,47714.76779344613,-101.81973915663816,3.408862979175619,7.4482258973016116,0
6.499599389405901,32400.87750656656,-96.18444335751602,2.4167464428327428,5.795555788434488,0
8.881336791301898,42253.96395050672,-90.9962308136684,1.827865574313662,-20.03956158259029,0
4.291703606715599,47187.98940108856,-80.45369337001598,1.1533647471653086,-19.353577034188124,0
4.174595358014347,28023.919764441987,-86.13317250254234,1.839473012149038,11.149967962108157,0
8.193201648573599,34355.90967039317,-96.08326398873054,2.7821571365478244,-3.1527182926286983,0
6.532359143432352,38394.63656758955,-75.34264224724072,1.393862759179536,-24.578195026523925,0
3.296923982443793,32864.5073051026,-77.25963434320543,0.525436192316002,-7.1675428183080925,0
9.207238571758497,38345.0235677794,-95.28030754651324,3.4589860423084766,22.5185504880709,0
5.781455823064229,48287.08673668608,-77.76621983166876,3.460614390485115,17.855000011436537,0
6.4236413414405,36740.862948661015,-106.40861807278998,0.6188058933945704,-19.98114197758383,1
4.205989868222406,21072.845103053725,-90.81581694014744,3.0625264751222234,24.64602608604121,1
8.519961516394076,43899.005119821406,-119.7342112672387,1.872934860754148,3.4644591800801123,1
6.737307301154578,23092.18851167254,-79.57146940789195,0.2816014358386229,4.137782303411463,1
7.84581506439444,34782.49545852204,-99.65015035225704,3.326658899222274,-14.164884731710906,1
8.79365593530028,46284.05126882815,-86.5276358397115,3.281973370169533,6.885001128200813,0
7.574285643509545,38034.32260333876,-81.81411377385399,3.0046167986521803,-11.83419653079233,0
8.710681891874081,43268.38739024638,-96.58494295298678,1.8585843614462547,8.607281384762771,1
6.150295284289743,46540.36483115047,-122.1508355858159,1.8988991505626187,-29.56980159635473,1
5.981292734648896,46490.409284076886,-112.6927636998133,2.6295035104471776,22.779014769485244,1
5.714238503036251,39326.47729473224,-92.36944095719625,3.2008618638923,14.067467442641266,0
6.783007626129783,25156.84862338082,-79.04584171344865,2.1146787968869507,-19.97744222868212,0
9.628647649320245,24739.848182524813,-66.59401589674184,0.6551683997946215,29.749265478475778,1
8.215683705841919,27256.317768326684,-86.81077917418239,3.2366856936969004,13.3421025298584,0
6.36446083246214,49835.30023886348,-102.92633384270404,1.4010018851845207,-13.905664825877995,0
3.3900934123680506,46944.37646284468,-106.3305145646159,2.071767994770744,0.4785539869506152,0
3.810873735076112,32449.027816287293,-85.52565216862756,1.8594414816568856,24.14752812538196,0
3.4946063931143434,47545.447167346094,-83.80393890422609,0.581484093733227,-15.01829984847231,0
8.231027633104883,45273.41975614797,-111.69430160128552,3.20508959376467,11.267642964961432,0
9.257848021602577,41944.2727342659,-89.7151994818721,1.048655011640943,-20.517971752711578,0
6.244933803935798,43588.04222169324,-89.96313900261057,1.1148734606215105,11.59444984388636,0
3.2382115436717585,27960.542411929982,-96.81273621733892,0.8958655123288795,-0.9476181941718737,0
6.658009902789505,35952.43235978217,-100.3329742567726,2.5967635980987573,-23.97311974003583,0
6.652306219307991,21738.1727994964,-119.74455939565244,1.3313785609024087,-21.87241268254164,1
4.258696587609624,35913.12075370338,-112.6830997353285,1.1961002742944091,4.430873695779457,0
6.088979064851923,43000.8373844779,-90.77161159133624,2.785853694495312,0.2381930636093976,0
8.012917430912943,29880.95929754938,-75.96203335592767,2.8134632008248723,-17.29835408778605,1
8.13742489525037,25657.10067020664,-92.8391425096162,1.6067334965036622,15.183086314429325,0
8.966325208484202,30036.60958380353,-109.7804181752327,2.650812898072449,20.9390393653603,0
8.694734800579935,45328.68374015935,-92.00424484904364,2.5825755844139,23.302772781655293,0
3.849259642064703,48009.94964095257,-110.4825008250493,1.7338527912055226,-22.7013837310165,0
8.953290208075181,40783.81756640679,-79.82131009928949,2.8002227018273507,-4.685559202239887,0
3.656702603443013,34386.667156780444,-87.13582046746771,3.971274856353717,34.42514709614329,1
4.025180738491301,40446.257406522906,-123.18966257967314,0.5119663071982521,-9.07191044173203,1
2.885919037583924,27831.793706604272,-84.54214336398212,2.9552997181471827,16.998103647946216,1
4.57162887173471,30307.248462389984,-89.01467221990958,2.33423801188525,16.7225058361944,1
4.461172163647211,25371.78974548698,-101.43827701910944,1.6774920696148636,-15.646392304450178,1
7.126836188613423,33933.612987912275,-118.84337122782227,1.726014560929812,-1.5260714687322974,1
8.583568533979028,41633.14997377327,-84.24458487011519,0.96511104599428,-20.69982673481215,0
4.724464279234192,43209.259968637736,-76.79946360851562,3.094925674069532,-0.3188097475113629,0
6.083263495734611,25586.53947760739,-69.82134383116528,0.3811320239554039,-31.104268783032257,1
7.016850509999942,25732.20454603701,-113.08663045601352,0.5311880813256148,-19.743215295098587,0
7.898360662293572,25807.65958105818,-82.43895129782126,0.8074400190139298,18.401768682720515,0
6.689070164320359,48420.63307719545,-73.53335621274343,1.5018083132997389,-24.12950649084955,1
7.278301081375678,46996.31132521115,-110.99399825247986,1.4878087939380915,6.60628081959042,0
4.42963633064001,28402.02704374982,-77.89926439330125,1.344769661792771,8.916914215129509,0
8.1083546135212,42785.06724891406,-102.4415505059957,3.06029998573429,20.2551747756835,0
8.004408690885896,32375.382481136552,-87.515864763862,1.5844608183045916,2.1387959096220115,0
5.046926076391332,22371.739213353107,-119.8048070222996,4.082861593414662,10.935087374817371,1
3.1517286731940706,22095.7876473511,-119.00246923422009,0.5020503079954912,34.70774401206373,1
7.578421116329764,28925.848019166355,-82.24311809469276,0.751123879330908,17.525186446249485,0
5.450390871569407,33380.61248198996,-104.63164221540023,2.0431161752432847,7.315356533536011,0
3.965180175850049,40109.90056401933,-89.75107519959298,1.3918594060368703,24.75701492161167,1
8.822571500014593,43869.27115902628,-76.62766660197282,1.4682793322785348,-19.42596987270201,0
6.321033088925049,44387.95090743883,-88.2086307579573,1.8607198457959169,19.98257288995305,0
3.6386938978237193,44591.24205527721,-93.43874643816122,1.6146184889356991,14.37328928368018,0
7.744875111967997,46807.37638943576,-99.59797768209238,3.462362864429969,-14.86821205796463,0
2.3573280478387435,25964.136526378035,-95.48572715907534,2.558128404916008,24.51944833266073,1
4.5725978737364565,28589.421006156503,-97.83044427586664,2.344428748327852,-12.971788059672823,0
8.293407957119694,29640.95104503275,-112.64071740212567,1.0481881978179206,12.958234247522364,0
5.343227262219983,47042.0523187462,-109.39550016267488,2.927011766513306,15.677806009555802,0
8.930651863854155,34724.23632211909,-115.60375955804948,1.2737691012665848,18.049125210580225,1
6.045321587013801,38175.0017238154,-95.0919634941922,0.8375392678582039,-0.4836251184647366,0
8.231526652755724,41558.99341816304,-100.72679292133668,3.0408485485731127,15.478630715547771,0
8.662051671254808,46534.21063857352,-77.25070551016057,1.4270566373103992,-11.814206220097194,1
4.460678243555827,35420.80658372304,-114.65855440428828,2.4416696936902045,-6.153559249909662,0
4.835614168880907,34953.40971280189,-107.20465173886048,2.7555268121654084,11.28440624320406,0
8.642598967648922,43026.51696865374,-76.26405498754102,2.3012302736740318,-7.417690715342552,0
8.319752519488318,43778.45343851831,-88.08817317771332,1.1739219979918647,-15.043503363671167,0
6.419386394594108,37683.19241449467,-75.4667405761413,2.1624558572545864,-5.477313371996793,0
7.292782891748238,28926.42733452193,-108.04745806694262,0.7251946067035038,-24.866213869855716,0
8.632746499926746,35531.260719009835,-100.81234065278856,1.4243761434429767,-2.742392066593368,0
6.194878875003955,44739.69393878183,-94.04258479407764,1.4662400488715426,-0.0483924494835257,0
6.553426666574788,36903.95997473345,-103.39855245070189,2.502606587857448,22.95457072137437,0
8.363784210183105,53292.61192084829,-102.42691254519546,1.6738407166633709,32.16392399259087,1
6.704195379717421,35126.726296342546,-82.34550418649766,2.61264787745771,-12.503720592690682,0
3.156757952166235,47123.41848652589,-117.80485356284966,3.779832940252392,-27.39325569992925,1
8.113849294024327,47292.6805003024,-75.53769973107633,2.123229573169512,-14.390335830124265,1
8.715469885476004,39315.3779349597,-89.16696425753285,0.5991889086702131,-9.140316405256607,1
2.6587173968154905,36351.600973931614,-109.09173344549154,2.6762134554937456,-14.4880532516996,1
2.6929331309671043,29354.494118951337,-97.45231603077929,3.805948826026541,19.495492118165664,1
9.379456418536495,48717.00253923843,-104.83756845233697,1.9805930748800853,-3.9514080069846287,0
7.0828718485467625,42787.33981695373,-107.63121453148412,2.2073721387349585,26.25849832971823,1
6.538721511474188,50643.76754838634,-102.55444639879778,1.1201857057524494,11.563393264898416,1
6.574676166907468,25002.13566789976,-104.16265562373928,1.7937557405011213,-2.8034270741818865,0
3.0697475368259424,43110.3400808181,-86.75593588361781,3.015408032459666,14.680874215513754,1
5.988695720087382,39987.84168222122,-114.365015353555,2.575535181173512,7.322164595968196,0
8.59373476536883,39715.77931765637,-79.02886858565354,0.5340444791741271,-5.229419536642954,0
3.849224065752775,49456.21656748376,-90.03321379104916,2.7039237970185117,-24.03939206052182,0
5.230965906188922,20355.57214465513,-67.16542334913544,1.3977111571585148,11.984224207105092,1
7.515026350216207,31860.463568793333,-93.91789066381516,2.0739386277611263,9.79147486725858,0
8.253511572879445,42964.515886361805,-101.3748367865522,3.6359554519202737,-28.76790602989732,1
3.770582004420314,31846.212500079662,-97.44333022128542,3.156047489553409,-10.5760589468461,0
3.3194862206356657,39852.9348254323,-88.94690585958962,1.4033982785119168,-18.205662705483523,0
8.718109014467018,48990.47225972047,-111.59920888518572,0.68791763421721,3.886441535636664,1
5.657001082107582,33459.178671035486,-91.08456550468044,2.8676807946909944,7.365267848465343,0
2.798315178464145,52242.205396390535,-86.79074174469082,1.0312122818835276,11.031225560514947,1
4.091015341927333,53384.08851109645,-70.1727142034688,3.919152519929306,-25.890642360567597,1
4.028822739800933,38808.03019342618,-96.2172929346971,3.449909060028969,9.498185607788976,0
3.0540612188764262,48052.20989360132,-77.12169952527503,1.9312012113543715,-24.543370021183343,0
8.695008279840415,52531.36009383549,-80.06167494630955,2.5441022610184216,-25.467118248914893,1
3.938122688681268,35995.150062993525,-75.49697005189567,3.056390694544012,-10.007712102376171,0
3.389434714075348,35990.13749801027,-95.62995479570564,1.112069040690196,5.333013141031817,0
3.072227468238061,44124.58222871632,-67.82875074953014,1.6190960860443775,-3.3860442926532563,1
5.087534894792709,42468.14315198168,-99.89484216773016,3.4666125916852604,3.6889830814556106,0
5.752584361567928,47595.290561148286,-108.98251936931638,2.678616331938428,-5.3947733422383735,0
3.971023527036315,52389.28501099253,-74.45299660706979,1.496863260573256,15.005844324080336,1
8.149940608714143,46420.86591468211,-76.86846072223078,3.171619032108241,-19.582256605865588,0
3.1881630355812067,29819.08617078896,-81.68280267693794,3.010930032826085,-12.525486933786034,0
7.317644246244128,46129.393921003466,-71.00308671112245,1.820336121855879,13.170542619177262,1
8.510675616402535,27959.761093835667,-124.17855325000458,0.6578542932171236,12.157588694913263,1
6.717257802142917,44063.33929055433,-82.93316784264101,4.484704269014948,22.08208871917339,1
2.266787927145953,21780.86018143365,-108.33328527215616,2.742388372430078,16.070030411615356,1
3.98610317499645,47429.38287422928,-88.7227296420155,0.7633850514119043,-5.889643907279584,0
9.747262675759089,29051.86315772668,-67.39990344660723,1.6115129069294625,5.010451882154406,1
4.142061626621425,48434.6241595742,-77.06583467420324,1.716265086292533,29.43393768738092,1
8.375992394652254,32365.66706045485,-73.3568364498582,3.1014058247612213,16.920650584543694,1
7.111791349297215,30022.22705813361,-90.03329643178446,1.371738486437752,-7.735320955070946,0
8.819987701727088,33171.91920024815,-91.816857769717,2.1749367552802923,20.749038278663495,0
9.866950483023798,37427.87960949881,-84.4686116982054,3.611819112707972,19.229552470977936,1
3.4860512984823786,39383.89685776055,-80.8721913344384,3.295427149785623,0.0023504019675115,0
6.909525188371936,28646.767464850083,-88.38597182955519,2.903875265145703,10.148340476432388,0
2.0964340664087926,42931.81220157389,-83.5530987913061,4.078226087404004,-28.54307984347161,1
6.871101295236649,54542.07377447248,-81.88198204454082,3.1969358936040484,34.92297423857946,1
4.407108588733772,28294.701826814853,-106.1027306391717,2.271432807831315,19.65941465683505,0
5.933397582081168,33379.78168161487,-98.26924083329898,0.7766742241788057,21.68889382350551,0
9.689798860655555,31688.76209052997,-65.01878370406061,4.063537336649623,31.64099831213906,1
3.426873755434063,46744.62825836324,-86.22331371282114,3.094512560101238,-8.358027052265943,0
4.278201098652166,33231.0323137834,-102.89137669050356,2.9466943391073386,9.17696649039098,0
5.8562416464570575,38068.70088163864,-108.65015168073836,1.6185559463039811,-10.855321069279103,0
4.221697572217551,31945.960861275715,-108.43214700035274,1.4214403394943758,18.491569003925576,0
6.936332012482303,39044.385729281945,-98.5599947895955,2.2158968284501444,-30.71675812136578,1
8.797370886399325,36446.85299830674,-111.79318386593982,3.193837579611208,-10.581365615778976,0
6.488110500806705,21122.35237044616,-108.71542207450976,1.9025627429681848,-16.445328825276057,1
7.663504692236049,23767.95398522364,-112.9478616318254,3.255123393081233,16.774759843993877,1
8.761830808758813,25341.00204379466,-76.91097632095969,2.416815955837792,-24.00935182704771,0
4.827052622136287,38469.21365119095,-102.05385536581274,2.6121612852655653,-10.53333782675282,0
7.470483789055545,32897.54286573177,-100.50920840901637,0.9643357416854408,7.578796738896585,0
4.240148972592813,35779.30232523132,-98.06160120680713,2.9510862818439803,-24.729430998023982,1
5.017095401330234,34008.63931012846,-78.60016586789406,3.514345930773262,-18.83855206836228,1
8.865544567676931,29591.67815009987,-109.23101243590028,2.4438373833293783,-24.23016237315881,0
6.400170638960381,42514.50460743886,-111.19031446193222,2.485139788537889,-12.57115025746462,0
7.945591832682854,43080.21239543781,-108.89125569651804,3.2964503136308503,-12.71767288934128,0
8.128272862199722,42134.18962810929,-92.68379661447938,1.8062401187142456,-7.590975546087176,0
4.750022817609832,36404.66281377112,-114.05457570815926,2.747604300768404,-3.0839000564573844,0
8.450960396085414,54968.31457879622,-97.31321092539172,3.533684253886903,-16.946270508399873,1
6.234069537202057,38786.69518123036,-90.47843030597892,1.467800119738382,7.045196489253655,0
7.907247159373671,32181.783843709905,-76.22551427865835,1.476191138790464,8.120909491503717,0
6.445228937825045,35129.5836973416,-92.47993972213794,1.2074053230801014,-17.536347062252418,0
4.0603506763441,26638.986870728026,-97.71940330476278,1.4139229378380174,21.26476685033361,0
5.309342074778911,43605.2482335702,-102.71658914671166,2.8642713104227977,-8.434143151461175,0
8.58085613369558,30560.84293864161,-82.33653577612284,1.880909704036826,-9.740456633069972,0
6.7091482626451455,41678.93095130541,-98.30088267497914,2.7436061701297607,17.069465120845585,0
3.326419503414166,31229.95699149929,-81.06654610593361,1.8693854764105176,15.070830086113226,0
7.016049556176861,23356.08768615847,-120.07346034637492,0.8238663637505974,21.680444055792695,1
9.208764879217078,33702.38050529607,-90.3009990364652,1.7113215565883362,-22.75354339572719,0
6.331418151141868,39381.59216522148,-81.18879727735008,0.9885416980457564,-22.0744803003456,0
8.888704529195437,30102.33318976346,-108.44370801406215,0.7928129307573889,21.58707353799734,0
3.500093694368748,29061.256267867648,-105.38111222782852,3.003951680275256,-5.54216963163206,0
9.853290673165723,33630.05499893369,-121.78424238841774,0.4060149324482637,-29.38569489967813,1
5.150805947356989,45227.44713591279,-82.62433028940585,1.7844553012270428,-22.08154203163607,0
6.890298598977905,38130.11500420798,-108.67309686538124,0.5448153841942489,19.85943474721152,0
6.61571034282662,22808.74876604362,-110.2128437716922,4.425451201408132,1.485091734177793,1
3.235535619997392,35448.017312454525,-89.5302529144524,0.6178361987758982,-26.840800148717754,1
4.796679800053641,32076.37269847432,-82.26558682681876,2.7992448014853477,-19.946232560805747,0
8.00228608533031,45401.618347994285,-108.17490719706184,0.5871301565345709,-11.457338289641267,0
5.927014831903426,37564.67270587381,-91.829139284201,3.442088070917972,19.19517337205365,0
7.201241572336388,48974.29293227993,-106.21680941725138,0.6594133130101514,-23.215602124024,0
9.47024748170264,38894.20808514045,-86.26366898814696,0.9643904758221924,-10.16460872527179,0
8.640851144466847,39690.17907525493,-90.8289204814322,0.6302361101712617,0.3410704026161539,1
5.571988704103215,38322.92582952515,-67.66014070949657,3.9984182791852154,33.83268487030786,1
8.210374667487908,32817.677674069106,-85.45839216831295,0.7849954109917409,12.910200242061912,0
9.7751871297835,23597.87202715731,-88.50403001473774,1.7908943471998209,-2.5682800850317165,1
8.978041758572147,31734.38742350441,-100.58753736323972,3.621631727288449,-6.85180252395163,1
9.95023093697591,27595.995018820304,-80.56608508587757,2.0376209269768286,-6.9732010149089625,1
4.127516979718608,31784.42258828492,-111.39473126986834,2.978487068987132,7.951739112516165,0
3.80754166499759,46441.28999821535,-97.34856204494294,0.5020277945363126,22.90158846519861,0
4.886863271946328,33285.390106352344,-110.61301717555304,0.9643885709769598,16.868721722372115,0
2.9838286556334275,33235.73892676704,-76.61267648179157,3.8862079739500985,18.004560287863825,1
8.99917016065549,36758.11894405173,-111.84388767136764,1.8968560681345583,15.917059145908034,0
3.024191314064751,33885.53653231288,-75.49350420696132,3.3017601528585865,7.435841239514055,0
7.402757364527657,48954.3209551474,-99.13382233933493,2.645044115148405,-21.200176107847003,0
5.361633727676384,27230.73103858789,-107.83254989664108,2.81582153128254,-12.102795024907849,0
7.091992034701631,29897.48788473022,-91.70150251703748,1.829940854953376,-4.443251853072024,0
2.959675889213696,23855.548463378324,-124.58960916798726,0.5615902508088659,22.089720114514662,1
7.529564596253802,33390.87280757612,-82.87415876609558,3.0608799828660427,14.206017711950174,0
9.218075044454316,27734.123014801407,-103.96229055165512,2.5912463325549817,-0.1835632508627824,0
8.640618881898538,43889.17870716621,-99.39382273526812,2.68306580080552,-8.406153438384678,0
7.8625099068566096,31246.31570553878,-96.51827004495044,2.91169026033155,-18.01034803634388,0
3.460340578233579,25476.965588973617,-75.37483507444009,4.411818282096799,8.160638136407897,1
6.4033016901882505,36517.14540898705,-99.23731976863526,0.921062477373032,16.323421081612473,0
5.462912425442838,46568.44336003416,-77.31449096420593,1.4763027163396574,5.93057576203125,0
2.53340650727054,29905.93767610382,-102.93090003053744,0.686655618114414,8.933055655189435,1
4.161733172133997,33922.13404496391,-114.29924027718005,1.4738976500410588,6.799134997880113,0
8.638301866934015,41441.34489340531,-111.2138324074157,2.109795787144328,-5.337590979520275,1
4.592900330469532,20172.19532515153,-114.52970448857192,1.2659984225224266,-3.103295139307157,1
3.604039970461516,49185.36508738439,-109.19263798063412,0.6452493883659842,-17.453413929136314,0
7.611743250198073,35442.348996087014,-110.39306509344809,0.5625696770742464,-8.761591027724307,0
8.853451731606429,25070.888787000407,-80.66375494479294,0.934063940961524,-18.50039342782816,0
6.910514651537269,30553.53893089777,-99.1875046464239,2.1148788299939487,-1.9698614940322088,0
5.814146211591892,47646.08899233601,-83.0995808659033,1.2792847663251896,17.207076653941087,0
7.166347720913015,20454.512154945653,-76.31532676964619,3.852956956222519,-26.9512956929776,1
6.0362522849306375,29761.085462081595,-78.3893519617158,2.105512624593768,3.21514529133502,0
2.575310252243609,27666.22919604782,-118.44736909815916,4.323944057204359,-10.489303986985142,1
6.917828431508446,35748.13559026247,-89.4946890923861,2.568411349461317,-7.035694683394166,0
8.484115262932182,39321.46628019866,-81.16307372840525,3.0001835399575416,-2.7352554842791257,0
2.9538458636010567,45753.46708407493,-96.4206056774461,1.273520149183197,-18.744358136942783,1
4.18197215516452,35028.9903682052,-107.08936328775216,2.731936028118132,-29.167981609035564,1
6.213387147390732,40322.94527333512,-79.51782577841075,2.734328298422666,-9.516070545482936,0
8.815856593864549,22115.51612246579,-81.98876452410569,0.2672583765485913,-24.786516352984897,1
5.921652011813574,44435.830450278096,-83.34873683156202,1.328631096599421,-17.845832048437575,0
8.643617193224594,27661.389017539568,-110.03044721174872,1.337478046408711,17.68336534843555,0
4.784773996824169,45518.86076322025,-80.27627366001438,2.253405155151854,-9.71248396960095,0
4.29837100995133,31574.8478903433,-94.07415569629676,1.105019569946568,10.171837512312912,0
7.652851567638189,34797.702244089065,-110.94782912138452,2.7017731180206384,18.97638354140661,0
4.500259291953352,45704.42017912312,-96.72327772986924,1.5675767749074918,20.154668235988247,0
4.834667651155078,54321.86022645406,-111.4551386995155,1.2090995377646137,-13.178351054737051,1
8.02405399543703,46526.706406062935,-107.97937088392894,3.707580877842068,-31.263937939712378,1
8.032137505253237,34690.85679186706,-106.64717435925915,2.3311616988527115,-21.25008554830564,0
7.719776443501157,40954.88302962574,-106.603198192071,2.008332468756713,12.599275050467782,0
7.005862945587904,47772.160141057786,-85.16330957195453,2.6424802189688137,10.129585688682203,0
3.387736177622728,28412.53748370507,-80.93394533826879,1.875736774911519,-16.43993416415916,0
3.3282901879873403,48455.42779586578,-73.64894430893598,0.7658623894988756,-18.720084609475567,1
6.201817417601302,20639.951136266387,-67.54587301168256,3.4333593916057885,-1.5107001527338897,1
4.340272381176442,49074.7775177844,-96.1812585019739,3.3029166332362365,-2.3589368802372945,0
5.412064047254551,30696.50337085868,-96.68299721058573,3.940764146909733,23.667959390116884,1
3.1250636016926263,28682.629115197837,-94.69430575973658,2.238360873593557,-8.056046831827814,0
5.194886893321614,48948.32905787274,-113.15434168260929,2.2614298484172446,9.788175918758595,0
4.029190244709563,47304.41401127465,-113.48847453270184,1.4926449164387234,-23.30444829486311,0
8.59896918073349,31807.27829418273,-67.67191272267203,0.7391021972876572,-30.775815195920828,1
5.008489575054188,42628.40969462752,-94.04778065992514,0.9057574815317456,24.784290011600437,0
8.615273818099936,47536.9165216628,-65.94609505369715,2.19979879232749,30.76144620585913,1
9.569567701096677,37293.76032044861,-123.40566094152008,3.4219898451646302,-29.159114375245625,1
3.2944717910359858,28425.90933918801,-101.67837178588933,1.92123245118557,-2.150572035856303,0
4.1125593199659685,40081.36108001133,-124.61593297873374,0.5666600183053409,-16.541400240406354,1
4.157747665437182,35453.983710702814,-104.47704743940288,1.6408706895491414,4.194947792111254,0
4.296561499013626,33218.015928654284,-102.30860550927414,3.4893146962904056,-0.6852491897958615,0
7.958916700334919,35710.33204279065,-82.04311750151732,3.11876330076426,10.723367907908866,0
5.167642454528868,27434.97655204313,-103.37692303495304,1.944403701065322,-8.434620177628798,0
4.047200115315804,44902.627069008566,-76.46233895865043,2.623330728673825,31.82588593596537,1
7.379741551074607,49497.45077947905,-91.65191432604854,2.8902644417904413,11.266210627592764,0
8.947466297270154,27329.740043147347,-99.6444185746432,1.683198218499963,-22.90541751533247,0
9.040196682749269,34875.0052570041,-90.75563564026716,3.469093676496098,6.944079780459671,0
2.2952178382780604,48969.35205615761,-83.46135052532053,2.163954165039849,-11.166380510581789,1
9.448319647710807,24343.97545211637,-76.3219372117926,2.753846482969956,-10.122037694932429,1
9.383065798292566,26478.65501841718,-100.07412073150566,1.005539335349103,23.179987812462716,0
9.28686398800176,39955.80164893827,-85.07032638494583,0.6365356148487548,-12.317155858672413,0
5.136888098116788,34725.98781354779,-77.80509216855253,0.5377016740206789,-7.970201105012446,0
7.287204305891484,26749.485815812583,-112.70187277536029,2.055595040568272,-16.408714157800354,0
9.235685080726697,44825.78834909021,-94.41318394968047,0.9237520317153084,-1.293253823300983,0
7.454509152854722,34390.72740279284,-79.76805410900468,2.9356784245226133,-10.068471875840446,0
4.969217687579705,39605.86935506514,-104.6231531011576,2.6634181032014985,12.272861924109066,0
7.730443259174006,42840.30470954972,-95.36760734592974,2.6126534588120545,22.13740763565778,0
4.091576689766283,29221.14596501021,-100.5429918723272,0.4964756508693341,6.917282453720304,1
7.374723562780954,32763.72107503649,-107.23762320729342,2.002759240545825,13.648227488168182,1
8.913842159008773,35647.9706969907,-90.81963888337418,2.0200507097738925,24.098740126802824,0
9.914403610933103,37876.59358382727,-102.60843304026432,2.810063397419383,-30.28368106825558,1
5.36778534953418,28693.592220614468,-108.98109383987382,2.555919910196887,-9.986216260447357,0
6.522768681457572,31607.05625243614,-91.36584581742969,2.183571410812985,14.705355930170327,0
5.625989116966653,49061.02112142947,-109.08383588196604,0.8692154294813443,8.93390266593451,1
5.500837697312157,44261.06898244638,-109.42269972437656,4.0338352906745145,19.15510294067424,1
3.718016871256127,38080.013479830886,-112.33280627614936,3.0055800736948743,-18.511286683887697,0
4.282973226943983,33150.8839465021,-105.7815509204261,2.1209973156977187,0.4930754888975102,0
3.799002284434573,38341.32985066048,-69.65922773973841,2.9623850780468284,-11.590034593472556,1
5.174473864029261,44147.93120422281,-99.16647087690129,2.6107464339254576,31.300380297931795,1
7.541537801532876,27029.80208137924,-116.29441289111683,4.179997441976644,20.47795377181053,1
5.918760693814217,37316.982323213626,-82.71279987738116,0.9019592233198184,4.613766585333647,0
5.492923302589407,49290.013360938654,-113.51842385380908,2.941829154045311,2.917219621980884,0
4.559897270537832,37153.97625820912,-96.72257064933387,3.065780941212355,2.2351136783142884,0
5.570892532922369,48200.07581328612,-91.43646948200818,2.758944487738481,-12.87709704273068,0
8.068406929985017,31734.579657898023,-77.68625817809837,1.915945021830424,17.81187684626841,0
5.000149251160732,46400.28664753752,-112.21023976348836,2.711686315852141,-23.402585248903307,0
5.532180780306182,39879.79667574998,-80.41625237991097,2.75462062600884,10.26330920227597,0
8.587296018952769,27098.238526639485,-90.93601039112237,3.101515339245983,20.028744248706275,0
7.082028887450809,45989.57215833539,-76.4463055126915,2.1661317111533984,-3.487794112096598,0
3.3885345172091146,43077.16650827047,-93.5634578822782,3.3950876126410536,-20.711294817917107,0
4.975426950247343,31326.47800822637,-114.35078375587058,1.6848370249636428,10.331791658273003,1
5.305894447851521,41945.17455574063,-103.73485173370756,3.6626142991968247,-19.560969277935985,1
3.653276261589731,38154.80683569115,-92.12516208493544,3.434512245959607,-17.353240118289122,0
6.507926425605588,44383.81296744899,-88.85371163573788,3.3754601332561336,-28.757616958455536,1
10.019774742922763,25528.01579534433,-79.49889589266937,2.6847130146366616,-5.1153611561562045,1
3.894669697904784,48117.976888766265,-89.18143437309409,1.8523062338017668,1.9605896852165292,0
7.401593411817668,44723.8755016588,-94.9822882192041,3.0920002349322333,15.3145775864907,0
8.502016840497946,21552.29535873385,-72.89265293174958,1.941524448913989,5.374053489598317,1
6.258207432189444,28505.21380436409,-109.86913332542954,2.697463292197841,7.623661124689249,0
3.0286768311428105,48193.5910898533,-106.2965753085539,1.5919360305313912,23.9612564224813,0
9.034478310521326,39363.180150019485,-111.04661034074743,2.720637051878716,-26.78758101071314,1
9.249549734194035,39675.90260211221,-84.9098212061254,2.6381341998480794,-5.085198980243899,0
6.281837071968712,44982.71919998541,-85.74533277484102,0.5972276079446484,-24.656860347373435,1
8.348498684030616,45359.10379276695,-97.0600741627632,0.8457474432013348,20.57121875459889,0
6.810250314299267,40721.17608076961,-88.20654873791038,3.381961962615825,3.2607836887322392,0
4.297462208457484,25820.701096649365,-112.16479307125152,1.7905639021169044,-9.304494902310733,0
6.467540464767271,28409.53650823867,-99.3602973828404,2.8924538385003977,2.2862234320411297,0
4.249249904021943,46038.48219850649,-82.30997104001719,2.9847561421829942,-18.90192219071146,0
5.6808494682243165,45592.76761245813,-89.15829385501614,1.269339904640352,5.061613483775339,0
2.3829633877291507,26342.890386720304,-113.37970653560645,0.9791783292524376,-13.611314627077665,1
7.040573075145316,48294.30222039058,-76.5119926840477,3.1587172225184283,8.963506158277056,1
6.510906553520872,21166.86932206077,-91.44396248721888,3.1389133867748966,0.1301886461168706,1
3.074626642628328,43018.04548400486,-87.73158523893701,2.110910991226385,-11.65874050237286,0
9.332917052167796,38833.97416996521,-87.10330428359222,0.8788384788752267,18.4230598631472,0
4.934015222081137,43777.06440895108,-78.96223967094048,2.5099758345277343,11.20985726185932,0
3.064064638497741,33440.147335983114,-90.0255990864122,1.3315214131218511,-3.509867846712371,0
7.626825309629397,30606.332557094964,-91.12132203709577,1.9507755326866043,14.09307796354028,1
3.3716581483703867,26558.17468141077,-75.06981420182848,1.6375890739779424,-12.366594747690382,1
5.167523442942189,45053.52320969668,-88.84183111142966,1.2377243649181398,-4.067018423475606,0
5.06107055165336,48106.9419667944,-78.2617593674116,3.32357115153375,-10.45455965220986,0
2.090081072323035,45189.601794613394,-116.4050276852635,2.6199007553485534,5.225454961176894,1
6.433862256085197,49442.4236960834,-75.52469868627244,3.301773205022648,-18.400855963364897,0
9.084053526236724,33984.605214838404,-95.4249970446454,3.441632696411048,4.939747884560696,0
4.106410525041063,54318.24244247873,-112.8150370282145,1.2238989116848011,-12.900355504903384,1
7.900952906154233,29062.83941142618,-112.84102643202776,2.153599520335006,5.752095317298746,0
8.127217619608274,30991.895730231496,-92.89088386753494,1.427805505073422,22.924180589846078,0
6.612618314227063,51810.64786178403,-92.1317522032106,2.302867979112594,-7.253451708984301,1
5.859105295511421,32371.990411438288,-85.2506733521227,2.585247549307788,-17.67369299849517,0
8.158130907513236,25495.27692830736,-99.74322753328164,3.0621266309149453,12.942916120013976,0
3.435309513576928,25229.95059730345,-66.29452770604772,2.991161877054555,10.935067383244103,1
3.510932253757364,42270.453416374265,-83.63881107815439,0.7332058925659894,13.734615402018605,0
3.274030388407496,29823.46431814676,-75.3896695210375,2.0607696894914804,-14.840889587505874,0
3.9632983184073898,39698.3533320347,-84.66490448569309,3.318949954961329,21.246408337963672,0
4.892918936858384,48619.79777288375,-108.66790218125584,2.4016837396787407,-1.235757875040612,0
5.696696406983804,28937.067355818886,-108.10320044319704,3.308874760238819,23.26500942982007,0
7.02777620014619,32562.683891043787,-99.21212742589056,1.612703639244398,23.4028905228622,0
9.022938474866155,27460.22774252815,-112.1460529088268,0.6148441555952888,-14.984670157075737,0
3.944623625613171,41756.35446917354,-107.00390330941131,2.7505550560101613,-16.953230282838497,0
6.5942709832592925,32593.059978615067,-75.91078036862345,2.264336313812106,-11.761250487182783,0
7.081759819878979,39869.3819769094,-80.86410340706905,3.784256706772298,34.55329057294492,1
4.978283945884886,54232.444110128126,-86.02595476858102,2.987793031136637,-15.390008328776474,1
3.673201015198884,37810.49377766664,-82.52762275860924,1.1370799429906089,-15.49281566550021,0
5.905942779439688,27967.671301340823,-95.10506607733996,2.4601190094151155,-19.86783392599238,0
6.342301527741641,48785.892435401605,-103.01450930112604,3.101782900069431,-12.548899896017357,0
6.112919097384502,34961.706700914576,-90.44877554156513,2.42044320582307,17.443975954417013,0
6.510495631138811,48866.51487448567,-101.90155808014988,1.4460087477072814,-13.49480723657942,0
4.722983533283125,49167.99066925643,-80.14620727002442,1.0615752014011524,-15.745630458660232,0
4.687248397593185,49840.62745337712,-95.37664100361934,2.960788677820224,4.260390172614898,0
2.872474327895669,29909.91086215625,-90.77426437308036,4.115100318288046,-16.07657033753096,1
6.108423840259528,28402.135916244963,-95.847128135901,1.1790887349831856,-10.31328701428288,0
5.16930763645828,27205.394124087325,-79.86024087450501,2.1404684282787505,-17.265684929341706,0
3.37750788871848,39525.77212871982,-100.21624460520512,3.46269864459018,13.105279845076623,0
5.89299263294518,32893.255028916275,-90.74874752338316,3.278639340402507,14.91510561548528,0
10.072315529912116,46782.664546048574,-111.68458790160322,2.2660274248328367,5.188540768040113,1
5.999478962851267,44628.84253423085,-114.91276058916247,1.04248262711866,21.11953423897007,1
8.674743505080595,34026.52456869703,-113.25652450193084,2.6551979617059764,-15.818216554116365,0
8.009787847144448,40391.71933962804,-119.5757625859501,1.7802673820827375,-10.732483562689977,1
7.809085620444356,45905.891240742734,-105.89716305836018,2.986049331110012,-19.93509161689456,0
8.259241221988878,40661.83033305389,-118.14608705398716,0.3138853030187299,21.63018197226764,1
4.25427444382603,42231.24950710105,-100.67330010998276,0.9041965212828568,19.933152213502133,0
6.553578458851366,48910.65264261386,-85.82056939516916,3.0988962590851923,-1.913746880990292,0
2.416702614092733,21407.01022841855,-107.37211061831856,0.296743894066077,14.924731097102672,1
3.921492617647568,34885.69713088072,-101.46273869589407,2.9681077625203955,5.001990938955686,0
7.116684257748814,31050.52919176997,-88.65348125870727,2.6457091738982785,14.453838161003148,0
10.455626353488004,35988.23079298005,-81.11546332201202,0.7727333558830749,-4.167385351642427,1
4.036751980035886,40785.91382109631,-85.92770591649634,2.428617616739681,12.816955510630898,1
3.0734322418571933,30029.678473252257,-103.73493186997844,2.870586508538635,-9.611372537805146,0
7.580781503738274,30144.611984183048,-84.90698018558034,2.9261893658937823,-21.87181242654178,0
7.924113020278797,30458.26839011229,-87.64502620916095,2.3958253884666814,0.951960519654982,1
8.1168288634985,27472.051019819955,-86.92439619190702,0.7592312050770748,-0.2243801519251924,0
6.2333720853534045,48585.99415131667,-120.78018557086013,1.5149968147814254,23.888388848140814,1
7.841501713795745,43832.36177534195,-110.86577015562284,2.290050468707568,5.440121296987204,0
4.957844619504252,28243.4968974386,-95.55352753014728,2.166572039735674,-2.5787822880083127,0
8.564912772461266,38418.18001874086,-109.62378416749368,2.3098132865747463,6.842761859566576,0
5.676283148929874,39013.85896599039,-99.20991681519268,0.9898084859908663,11.85589270516887,0
4.297561245519741,54082.0982996154,-107.0858714906966,1.483783092766076,4.121638826289363,1
3.4500767428743506,25139.24265726965,-101.40280917867148,0.601367909948235,-14.795436474152712,0
7.159088073035191,34599.873920820566,-74.15921792656127,1.3036745818324476,0.169753052201635,1
9.33247898987598,44514.70526165048,-93.7295025115538,2.895772930536427,17.314967085229583,0
2.43986517637795,20494.525318813045,-119.56258843261875,1.4636891093868998,-26.449486775407223,1
4.838521299486937,44586.81793637722,-89.37006979816516,3.037682101588408,13.597634240277408,1
3.177505229593462,35221.441552117394,-113.53327271249988,1.445111283854869,-12.195272252053584,0
3.9407821360158777,32747.1849478504,-87.2665805651458,3.826967881384916,4.250388718866866,1
4.056967078315356,35298.31687151903,-104.1029481265983,3.1928510089582884,27.694372724468717,1
6.195250048423306,31118.21110490348,-104.600017862784,1.3858762090473051,-2.7663967271666188,0
8.728508169614274,31048.914480469208,-80.14571549940221,0.9541517962666644,1.496984087107883,0
7.015361311927451,38734.20467430551,-86.61249695446527,4.11269351071876,-5.1375629783944845,1
3.292377778672559,30408.29727934562,-80.66740007139856,2.87843842623933,15.717666055103052,0
5.959740009632257,33044.433755725935,-107.45390505171578,2.592495282861714,3.589882099245056,0
4.306219216792855,25409.26950822419,-83.28533693035043,2.071334346490681,15.577544505244418,1
3.486662639859055,43433.09584264796,-111.62391228231168,1.1588180641593857,-6.463223038980541,0
3.183801479755603,45066.37518162836,-114.86203962345856,2.17553507599621,-22.38200260771804,0
3.5170642118504607,30223.93796219916,-83.71104804347797,0.2879958617444221,23.279203439551623,1
4.019914834187704,23838.12290782555,-102.97475096228972,0.8941060631228528,-27.212956930613917,1
9.14570716918082,27644.590554153918,-113.9003850363121,2.570778247236886,-19.446590252519684,0
4.255016954401668,25592.51182142593,-111.32234869692267,3.3155164031864386,7.8302759282167855,0
6.127912736635706,37106.22716039696,-113.1244065764106,2.0646277777781603,10.234305759375964,0
5.69850310752042,42407.3946419968,-92.86369080394324,1.8159836361626815,21.283776529873087,0
6.473051359481019,30556.138454980348,-110.0075293988433,1.1533197184194317,-20.842705714014578,0
8.117925031517164,38609.4478980322,-90.74174017441564,1.0958566496021225,4.665885154686379,0
4.8943011328618,33726.35053154678,-107.78332960900477,2.055466543899148,20.01153010864614,0
5.824879145969179,28957.392772038194,-114.403642692828,2.368248072271285,7.601448705841008,0
5.323977773336591,27194.53977955686,-88.81038504942886,3.1372934976802056,14.115840062454446,0
7.853036957328937,38459.14546396978,-89.19562094494955,0.867346542917019,16.582664462148422,0
8.724732647174953,49669.96094158001,-110.50296853143166,2.7983430726514915,1.197914443262171,1
2.4574437331331924,43758.79464822052,-101.66955176339592,0.4428915576259242,0.7292340126815304,1
3.862524425529312,23535.96773546534,-93.5741122956812,3.25671554103036,8.840963140263526,1
2.2082297380433418,44412.00884730625,-89.7531237197106,2.8331288502239103,30.41239441471956,1
6.975705922438758,35580.93681233487,-84.38864503056408,1.717644533457769,-21.14407341673173,1
6.133995262216531,46064.136020803926,-96.75834291484789,2.9773684339927406,-25.4979640798203,1
7.371365929833107,47059.07893638361,-103.77555868943826,1.155026092962851,15.15343099641133,0
7.48809448759525,46197.30261099897,-88.66378519659425,1.4049480007315958,0.8874563898618746,0
4.541404491299044,36783.634118461385,-90.47663827446208,1.5977724533657804,-0.0614991694901583,0
4.783953508161048,45970.80558957202,-114.79625434075932,2.955235333250606,0.4622011066533531,0
3.038005952291712,27916.95650914769,-108.13058595186445,1.9313596217370708,9.59031149934664,0
6.669765115233367,28198.707572859155,-108.7696674048244,2.585210631858096,13.114392026882918,0
4.625534911502049,42292.93570827253,-78.71350147978373,2.889458667427168,10.918735985928151,0
3.4460116175908837,27254.14643987876,-103.62024851854484,2.9892944073478995,20.7504486974077,0
6.806903111789934,39588.68477456356,-76.13490581389496,2.078046219799987,3.5393905567261754,0
3.779448108861201,25661.743917356303,-102.95504324832284,3.402978656597382,9.61498573115491,0
5.832625079703204,40651.47877823363,-83.39953853530213,1.0727433581522154,-9.954106520965272,0
8.648859916009293,28180.56200210357,-89.78647286459943,0.9407053561040574,5.897465220085586,0
6.326733201780232,35142.270513733856,-107.60671850660636,0.6249802646216464,15.231790805879832,0
8.924314172864712,25581.602504228125,-111.61572561567068,1.6318133989214032,-4.440418708289499,0
3.899431399855012,30781.53699320467,-87.24200750803791,2.6192574250836564,-21.78855746430609,0
4.283075572171757,38559.2208410382,-106.40024226954765,1.9616920046499584,3.466463465095486,0
4.458524344207211,45372.41827173231,-79.35178049489464,3.2403392115284584,12.69597011005461,0
2.0671682068799404,28140.49665230675,-94.24978269665264,0.5986316829774901,-14.42376752909755,1
4.907578050533187,45667.16046580153,-89.1960811762875,3.395435747440864,-7.387333214913806,0
4.548337063754448,37535.1355124085,-76.16465542869142,1.1561924695393386,-19.166825175111192,1
3.647248971945488,30407.089644103387,-103.53379876835751,0.6473125178744208,-1.0054060924731587,0
6.091822081444606,43062.89255305641,-103.77250433986455,0.2513347153570917,-32.2630547544473,1
6.906960827604588,25808.14269824747,-69.28889455613785,2.1192325939590466,21.06697475938264,1
2.266146715398063,25236.595763575875,-73.86965389950285,0.2675107795551589,-24.74700501903078,1
3.539972516191207,40070.31395725364,-83.02729323662821,0.547866604220767,19.552384909362612,0
7.142498307034564,38190.80353422659,-105.77152584704967,2.348633231664315,-29.037897148253176,1
4.230151921742725,50840.32756203364,-96.4534056637668,2.9255445422092854,-20.84707858945523,1
3.701248832221679,44395.98987474154,-71.4764733966413,2.0308787461651243,5.455091957868703,1
5.78217961599961,35506.19988473506,-100.14998925650876,3.2780111730639714,17.09286791307722,0
4.290003930663393,49310.693809387885,-84.92599632157409,0.889672480450714,-8.342644278493001,0
8.749671605129667,30951.921381023025,-110.10892666185174,2.9200617368536514,-8.53570445167491,0
7.082584550743221,31943.51203996339,-121.69541638330696,1.5191799211731138,-29.25761382694921,1
2.786322894696298,54218.79622563021,-100.27782680707024,3.818719621837071,26.51526479496157,1
9.367728560873498,34679.685813169795,-106.91765306143262,0.7436423153053605,-15.333355287345595,0
5.780097429325675,49542.416537098514,-91.18912902233626,1.929104464586948,-5.655765416792789,0
9.676585294049705,27642.015538472333,-101.2194300194492,2.192291812833488,-2.811781294555182,1
7.979534810051255,38974.50007666065,-94.5622625442003,3.950065189447832,26.865561441557663,1
6.921407857151662,34446.87824398103,-114.17136338054075,2.9796867448140394,13.172287803335903,0
4.724221000774848,32038.076836131637,-105.49806860211018,0.6489063291155296,3.5884903928870777,0
3.043274181155792,53600.93298085763,-75.69920430283996,2.1795047389505027,5.779756331865478,1
10.071684018645303,27523.61116559595,-81.5147961648776,3.21252551177271,27.42244197362895,1
9.428447834977462,48773.871936313895,-77.2878900603742,3.0998023430200137,2.380658472052737,0
6.895325357832341,21012.754919255654,-117.96030495703644,3.3017648843294864,0.3188180544669379,1
4.023164331196496,40445.95454815077,-88.04125157547548,1.3163085306386568,8.09693464041306,0
8.522595104703555,36921.54671853597,-109.89711187509864,0.5284924064574764,0.678270948388672,0
8.230600480601945,36046.507639413365,-100.36866712206488,1.279421131813173,-9.821354221345551,0
5.667151614270519,43949.935314695045,-124.70757230519924,4.361346890999305,9.364780274411835,1
8.343942159719742,29510.500664020503,-77.93936858569262,1.789243738087111,-31.840499412791416,1
8.838652298823718,49023.49502947235,-112.37640039495778,0.9780020878190806,-17.488867965082775,0
4.810094926061785,27261.175461682196,-75.20913269295224,1.0456170089737045,-5.749130117666439,0
4.667436452799921,23425.33770148006,-70.76807631389696,0.8712118914151223,17.44827818772835,1
3.970236561163032,30816.05658304873,-95.23118930322352,1.2492498891917032,-6.868058795283563,1
10.097734198602083,54917.98779030143,-87.04428085562904,0.3057174660206314,12.91708863493536,1
6.676088051383214,34112.33589196573,-102.34667362014684,1.7849221788787732,-24.75840586676643,0
6.240533041897722,42524.36522842305,-108.0578375407361,3.2416819910057484,-14.354547710730422,1
7.98968219275464,34049.12394115528,-96.76715305006016,2.7445648380904686,-19.22915403057891,0
3.8301558909813833,28331.00656954214,-104.41970503702036,1.0005762421314812,-23.02403862631705,0
6.246209952945769,28634.59716509824,-96.6783705568876,1.460653792829512,-24.785284709129424,0
4.2024442235845285,39058.17439671853,-102.53392481514284,1.530253050334211,19.2359175774195,0
9.213242401463232,26740.19087073564,-110.65021464660504,2.942200159946205,13.567168943533945,0
7.58844075997172,29450.100898549597,-109.38295705168248,1.4466229397203647,-13.701980994911766,0
9.136452146870443,34233.30149086143,-76.9271298889023,2.3048006412159903,-4.569007042670194,0
7.498360171758598,25089.84460861753,-108.0519839605292,2.0169689402710134,13.176568544729136,0
4.396284002803885,54010.9982260176,-109.67691245279453,3.334028840968603,-15.3971400761608,1
6.593885805709999,48717.507593781615,-106.84949693284796,0.77979622093529,-3.1289480583600278,0
2.088948549354812,50269.38173552217,-69.31661191426926,1.1971915636632078,19.08918283548823,1
8.976469655565317,28367.288324710014,-75.75215785809539,4.056402353492482,-27.40540448930406,1
6.629904312608216,34367.50418300745,-91.89966205544764,0.88503692237076,22.16770005889425,0
8.73527165432285,48233.525454821705,-70.83590371024968,2.1489119785307067,-14.286146787995474,1
6.738038334082023,23735.87574872016,-96.91083657550392,0.6184937132359685,28.63961806352713,1
4.074696357216123,36834.94402439262,-105.52971642555312,3.299156137759431,-17.027317276658728,0
3.5702244610447247,39835.4771988367,-91.25613219408214,1.770493193976988,-16.625645236953595,0
8.040022127512234,46059.24065263523,-98.75821396814533,1.2764449253205543,-2.521731065714043,1
4.814610709207319,43250.44386612444,-85.55284563523577,1.2399625312052245,-8.635202633496853,0
4.052253831766272,33063.309455609415,-92.116530692346,1.9515345809835292,-7.804911513720359,0
5.499780721386326,49662.3279430932,-92.93013766118952,2.4256654963041004,-17.76539157710061,0
6.861604235784815,22875.52127357387,-115.33800670369584,1.0813036893990302,-19.683806670182,1
3.859056006384245,29313.07890856097,-113.06127254028692,2.751027673041196,-19.99356551331119,0
8.833796690400002,29991.481392674963,-83.4821691988295,0.3985880445206277,32.23539049726888,1
9.089544931415094,53698.95135356531,-86.15715663344838,1.589080290129514,-5.792058945391833,1
9.258017967459647,44642.27620728243,-78.24925152680699,3.477458676934023,18.352379521688924,0
8.94898982180873,36056.995491905865,-112.23919209724264,0.2936580713921025,-27.680347499345785,1
5.1012796107939655,49254.61817021442,-98.83299771997017,2.043788756987315,24.405960739087703,0
7.753141149649732,42101.70421650983,-109.68151719414595,1.154407015663737,22.96999063812701,0
7.281586330915982,37555.12123023285,-99.79604739547092,2.3378174128090987,-18.659502278678573,0
2.610832004757725,42412.23640323182,-65.52105744236653,2.6705812892839718,-12.700287284558588,1
5.412354425884463,40568.589314461526,-107.74995729067078,3.655378015519743,-20.918359997738705,1
5.393528011910644,54318.9728537546,-102.3628521229776,1.5270130251175305,4.3405753041704855,1
4.213073738169175,33691.61697545664,-85.70390359509149,1.3259733885749094,16.567479669555993,0
7.247913688888565,27401.76642315777,-106.56475021995011,2.212412757433708,29.20744439583798,1
8.579535312470952,22493.15170760646,-85.0914754510682,2.9569290130187955,22.20977511001577,1
6.62870543070252,40452.27754024362,-83.53907108344406,0.5509830885909452,6.219907022496233,0
4.037963832139823,53845.56575250093,-123.07866709519716,1.6316046792884262,-19.295405648087232,1
9.232355264618873,27266.674370571105,-93.61494813759862,3.382776566000196,-20.9771607662806,0
8.655241637866549,33813.98275771206,-75.07397608907803,1.3236660802245728,24.00136395971396,0
5.638128605113493,27838.964415707112,-107.32335954078908,1.2367598294551243,16.361441206388385,0
9.632349295848693,46249.30924291599,-97.43219176543936,3.4280042501065933,-23.080519659160323,1
8.79143466240129,41858.51157030876,-91.38280234622476,2.8743898607496043,4.9950855487631,0
4.677994995762823,43378.5137698278,-119.74795224565192,1.4376406516788685,-22.34681952074688,1
6.376177213373671,36931.16133293048,-113.99643632491058,0.8734943243378361,-22.785317645490487,1
3.0728335685376584,47997.04089393088,-102.77480359893914,2.4513687306266467,7.316966045922044,0
4.485905599061585,31293.733884792724,-98.01200157111452,3.422927711670836,10.907551006574998,1
10.30803229791146,22371.092040782565,-99.33076236524708,2.7959414775003344,23.650103322408118,1
5.748587452018628,36283.971495124526,-91.94971192448568,0.5688228893353778,14.499178346063497,0
6.575952024313401,40627.163715758026,-107.9061223203449,1.9156931377286648,-13.397332893233232,0
8.159031179788705,36404.61482316738,-108.17242448468444,2.273127467869765,15.89000888819634,0
3.286109163166784,43273.3508815806,-79.5160229083684,0.7631900753150734,6.664369042565969,0
3.695095854821659,42246.47125161849,-85.09845849904376,2.2690820207290874,-1.6682614527912527,0
8.126389123611492,46594.37327945234,-65.08961074944979,3.1439198786625795,-26.046775597847496,1
3.844021868319404,21445.06774482381,-121.26270046926771,1.1121499213348058,4.113526498836556,1
9.685564501001144,54081.07274229998,-69.7269479766918,4.169935251542801,11.618689617575376,1
6.516463930143625,48951.987302013455,-79.39827339556928,2.7077383833536897,7.295826482970227,0
8.269676196540892,42782.66705548084,-111.94522029493568,0.5065362944091997,21.654747418332622,0
9.920472602060592,35128.49441106591,-111.16315371974812,4.322807446973053,9.226252998945554,1
9.223052050203083,40551.01745132949,-76.2066110062413,2.8185840559311446,-24.38975900290033,0
7.097293413976036,48086.53552629327,-106.33471577914564,2.1853821832372784,15.437106946838576,0
7.038531643958613,38646.98567238879,-110.28723485918032,1.3379155841945225,13.42555266413499,0
9.237082004703009,20290.994351472364,-79.43842543368794,4.004423888561469,-24.65423028197236,1
6.190597832440284,50592.86508766108,-84.13676080351463,3.911618998144673,21.07141077563853,1
5.458270941028746,34356.38254842751,-91.01803349568245,3.430944620880699,-12.772518053273265,0
6.883699647614785,43820.28150690433,-83.07484851195976,4.409847937598345,3.5874396205365287,1
7.376759601920164,31632.151169723908,-108.94267574414395,2.9416065555908872,11.678034252198934,0
3.2639826926808864,48344.95769576421,-118.28384448111176,0.5829008359087134,-5.583991204563475,1
8.955995283119716,37817.36356075625,-98.55151055432464,1.0200754116152706,14.865680669876376,0
6.756267483459398,32213.959943843874,-80.78882178877743,2.010167652352715,-13.980467608725622,0
8.83158299112837,29099.81745390113,-95.02710352752725,0.5413311915812623,-20.149820512104256,1
4.5928053106655335,40081.22467317678,-75.41146688405166,2.8902606705623395,23.640264370071225,0
9.303393291942095,36910.92149338371,-94.59694344744015,1.9725784893460063,-10.271798498859146,0
7.0239854522524015,32378.77781055674,-108.1651545996298,2.214261285480545,8.4747588884007,0
5.284216482012356,40805.17351864914,-91.59363334158536,2.030985264807447,-22.72576348430801,0
10.090686858617987,27219.86079987729,-81.99209052124104,0.8343259109992116,-24.64286193887779,1
6.990481515201839,38172.08508577625,-104.2895649139894,0.6098928918163395,17.394236119616394,0
7.800753004964348,32188.48452094641,-104.80545844625162,1.141895660737229,-12.627263376946711,1
3.964914741295488,35823.17099983061,-66.33150307689499,2.7113433204964803,-7.391757903456675,1
5.474476061290615,31035.60026116661,-123.18965758064354,0.2478781161418867,16.455122711842073,1
8.36083335129885,24546.664755841088,-94.54476179080316,2.6843985432306328,1.1350537171200514,1
8.719724823727397,36567.98556011963,-86.09466621545894,3.1000872655147367,10.776696327721927,1
7.969094506026661,52900.70990729975,-66.94825303835927,1.2465664960848049,11.67775052712892,1
3.6935700876846056,37898.92232564148,-99.42951100340689,3.44285785702243,0.8679546332977672,0
2.770135212683023,43491.05542225606,-115.08968099553492,3.4479705135637517,20.83181134636457,1
8.4650817687317,45635.42729868297,-111.37398242875425,0.572127902958738,1.0458315461730194,1
2.192946507975317,54299.07169278325,-87.58269860802729,3.852268010724809,-13.775556113880416,1
7.191850632834804,39706.78979521365,-71.73170410853203,3.733244176534985,11.922763765359171,1
3.3808429968077705,49788.28308576427,-93.82270832138272,2.8005265053508186,24.9802873405673,0
4.3495684336702,28546.021926939728,-78.6270516575172,3.484275190819452,31.16495342068136,1
7.878588542388134,35489.92908552924,-114.0208071847672,0.918296079075306,-9.163825071805215,0
5.215376871234618,30257.73277866652,-94.04828395263522,0.6237323603238369,-20.081907965636542,0
4.901611467632947,48863.99825666976,-104.6182374263046,2.769796947346379,23.83995690978236,0
4.726261714615824,48173.19299100046,-111.63732935356296,1.7944209101512885,-17.468997688245775,0
4.415667415818017,26284.979174093274,-91.12752119795697,1.8000274143921975,8.094480330327933,0
3.472896321721846,39265.456635271024,-101.90429819587855,1.6937913291659177,-2.163713889210296,0
3.6277179570627904,41824.35680129279,-81.60857270807594,2.154277447119059,-10.983455891943706,0
8.284404677241438,43515.409236019404,-73.09241450582832,3.602093413194802,13.222274290570418,1
5.781001125216637,43324.27937782284,-111.25556695035333,1.8551609184369968,28.91487504798266,1
7.462670069500305,24106.88059861664,-103.80682485915192,3.6619052344400855,23.911139027837635,1
5.751948685193239,30517.680177670583,-98.16095903866824,1.5742502723007714,12.018469727093503,0
3.7450639612281456,53273.80755713713,-89.48779949744764,0.8494931599214899,-9.633376590230904,1
2.943833831079071,51560.99205291469,-116.61739615418672,2.884326179910978,5.193881556834207,1
7.020291796184244,48404.42620022257,-80.58785468380873,3.7631278046021697,28.820550479778326,1
9.344182303112884,36715.74484033573,-98.91797640851328,0.3377121707042375,-13.376451002479204,1
7.028254730924473,39366.67447337379,-115.0417898767313,1.6646280677349443,-0.9570616368764816,1
4.969604623861689,49223.22356180567,-109.73893177466006,2.2859180257799285,-22.836707013325896,0
3.6944247445745386,31078.445382494097,-101.98067852173772,1.9390480952298823,11.06319896613816,0
3.1110754985091047,27429.20149655328,-76.24457971640399,0.8559509994509594,-11.226903203593036,0
6.611856137699914,44996.68617809792,-103.4865183434594,3.151357858526887,-18.555358219667276,0
9.122227107268946,35528.51637520302,-98.29097495657756,2.7003478732476784,-2.8053555815018214,0
4.201607960397659,36929.00944565016,-114.97888242864504,0.9112635780459676,-12.318953063813126,0
8.868236047261787,40387.87289878451,-102.96200501737738,2.1438116394070947,-24.979703015135623,0
5.950131852244848,27229.67116855861,-109.69337315732444,3.294159866441789,-7.106053190336041,0
2.91207642563536,35756.45823695178,-124.1111721061721,1.2463006280388709,-32.11384367898307,1
