Speed_Mach,Altitude_meters,GPS_Signal_Strength_dBm,Inertial_Accel_m_s2,Doppler_Shift_Hz,Fault_Event
1.0406985657353371,0.3861663039953277,-0.9318384670009217,0.8712477347248521,0.6753163924920348,0
-1.2159812596326085,0.3541153646712781,0.6984278381574491,-0.4710166258220599,-0.9759211449913122,0
0.6131676614952313,0.6507148009323417,0.2160829962288403,-0.5919411345294414,-0.9882349532899428,2
-0.8019952632188431,-0.6029698116653868,-1.003197973727609,-0.2179976811288416,0.8487735624575629,0
-0.7904047038948849,-0.0784413060883619,-0.8405671149963502,0.5794037288856051,0.1428031231537278,1
1.715909946031227,-1.4794872838231927,-0.4148107872745243,-0.6815591740279581,-0.664588931099293,2
1.13359600138453,-1.7155916953636188,1.695885889249347,-0.6085485177406115,2.490084727295779,2
-0.6181446563727225,0.5572378063833047,-0.8897304805494128,1.2819957608583357,-0.7764135478684013,1
0.9557315107834492,0.7205476623421959,1.0963314319006106,1.286980136101726,2.253600599451151,2
-1.046757386120715,-2.752622275378064,-1.8865327779945071,2.444399687448935,-0.2463271125835715,2
0.9050490982739028,0.8494951896154997,1.2198450691243077,0.8805951930377729,0.3338337664858048,1
0.8898728462050903,-0.3538573455929816,0.1037816830676202,-0.8961078651550588,-1.0109894550674918,0
-1.0711117303862578,0.1834241370990408,-0.3871907838124447,-0.0018818942186456,-0.3489559679497103,0
1.080376725399694,0.9013325732118328,-0.5632139292060065,0.212674650084913,0.1352497102365502,0
1.050686703729335,0.9443178147362424,1.2105517975307083,1.5066331189408655,0.9750834372433558,1
1.6416550366002671,1.208826717980937,1.0916960853935542,0.8161465052183472,1.198880885778315,1
-0.1524800246361934,-0.7485003160884753,0.6858210752860118,0.0148343212623192,-0.0047244299878809,1
-0.4397736259756512,-0.753537571227306,-1.5044593421068406,-0.0061229382640092,1.4291544479266844,1
-0.7042358755401832,0.8662103794228101,1.2339825965806357,-1.7428159684638496,-1.1206826034507382,2
1.7694619107978864,-0.4224771885643639,2.4665897228006632,0.9354629208000144,-1.744772128479334,2
-1.7318404064893993,0.508358908992106,0.0834298197759457,0.7957899382078002,1.313953986564788,1
0.1238361815564984,-0.3623487797781904,1.539582177751064,0.1558800122282542,-0.8808077058204882,1
-0.8620710123112579,-1.0972980037696891,-0.6858071029467773,1.3016119128934178,1.1085993367765787,1
0.645892999394137,-1.6335908547398408,-1.499368987048164,-0.239719679174671,1.379722754505447,1
-0.4375084645926178,-2.244707664793121,-1.1856292199268337,-0.9304906830883451,2.58052359541961,2
-0.3962930598864286,1.1877392411793697,-0.1690079680622653,-0.1199985172026059,0.4639705232050804,1
2.229458371089787,-2.5504370738777844,-0.5854081040102947,-1.626229169528927,2.693836128348116,2
0.2318612581349379,0.1978666221321741,0.8530674141532414,-0.2598512601424945,-0.8002754315945096,0
0.3807962132160043,-1.2196003256209798,-0.4623077967299686,0.3929775470577637,-0.0319375249534367,1
1.108601768444104,-0.3085531699134221,2.3913887986685274,1.7668670730258111,1.8471662937144009,2
1.0588301867530148,1.0491221286834844,0.3251950022559555,-1.1329990240316037,-0.7663194769580556,0
2.3426505202134806,0.0347465979654884,-1.186004309576547,-1.2895287956259514,1.6246051125371743,2
-1.2319940299796748,-0.521025254511632,1.041592433517668,0.5685233266777637,1.0407272657712867,0
0.7559324933314326,2.209518951621213,-0.7943994083987251,0.97052091202864,1.941285052640921,2
-0.2323594418297984,0.3688897338840635,1.6794871510859024,-1.0771976826332736,0.5859623602373313,1
-0.1611945967371122,-1.2016438736235324,-0.0453486869742094,-0.3884772318892954,-0.0646442436590846,0
-0.1821569430547969,0.9715733539565627,1.022421764061207,-2.3319061325677737,-0.9987309311934952,2
0.8179667044540977,0.5728241533881085,-1.7042727568434264,0.8516694189595367,-0.0122253817233268,1
0.8833381860233662,-0.0355428919119648,-0.8039892422805264,-0.5552539327778926,-0.3796700575246061,0
0.30595082076636,-1.441883657507432,1.4761840645197526,1.3717651454108968,-2.6071989824396926,2
-1.7853213218759063,-1.2692145238953756,-0.5968673227024693,-0.4431688625969778,0.1317268891651518,1
0.1713504973283221,0.6588871325956607,-0.1498252531133268,0.8730937260259686,-0.1933888575917621,0
-0.7017618913949111,-0.3251540500156041,1.2288145882712858,0.8198598600069489,0.659229262083867,1
0.5986808869578236,0.7646107707167387,-0.7422721692679317,0.6167716917839882,0.4448044630808789,0
0.8617053418274582,-0.2057864578835881,0.8591201119590124,0.7102061699824684,-0.5878593379485268,0
-1.1788508462637384,-0.6295753635792012,-0.5819701845740387,0.7662906750068503,0.0337761340499308,0
0.0952896527510286,-0.030060654821457,0.9624629718407334,-0.0685190712401404,-0.2271933381208344,0
-0.036464820484048,0.2762935827653736,1.1575645960955931,0.8166366455393969,0.9985818928081808,0
1.6231053862238067,1.1441307415755129,-1.818496143137801,0.8112033946232244,0.9955659283762364,2
1.3252725167541348,0.1694026767713104,0.2979713343915797,-0.7493356512473331,0.0112498944920836,1
0.8085121051008642,-1.142452930746931,-0.7982268395693697,-0.6461782834360651,-1.0136512952155354,0
1.9186418842995796,2.148008967537239,-1.8442692152933369,0.0399244521939245,2.572958777505963,2
-0.5550326019649952,-0.8819616452252678,0.8426334881229565,0.5864589291354,-0.0389422141287743,0
0.1630081925451667,-0.1964297084767539,-0.5951155940636301,0.0733156678397967,1.0090651011007836,1
1.7832210893752012,0.5472898872446322,-1.508428434521588,-0.0884687597116702,1.1639064436164612,1
0.8443370643320797,-1.3682856045270957,-1.2717010676560887,0.0089731289285005,0.6854716653536143,2
-1.127237730400397,0.3380230825236481,0.6845579500441585,-0.2385812203748758,-0.9519305994863776,0
-0.4740173200249056,1.1497780293493347,-0.222819811606475,-0.9044471846817036,0.0989647673564495,0
-0.4620720508313037,0.2540009595076754,0.2851390342424064,0.4117864679128685,-0.2611512432041473,0
-0.386093340714881,-0.98773048126073,0.9656157537221836,-0.6039884098821606,0.1090987887804878,0
1.3308211407171655,1.688056752939748,1.0823972231571393,1.2274731352889792,-1.3665902251546869,1
1.2711094524124475,0.7460136859676175,0.9765006638247528,0.9702799743413372,0.8406949309157543,0
-0.3551218502228427,-0.0654771143472851,-0.5539898585373604,-0.7588868753467887,-0.8207408477028513,0
1.4483234157123612,1.2754479154547151,-1.7384486076347063,0.8261843695150487,0.93125095411926,2
-1.900926219737996,1.629719218485632,-1.1384867201452478,-1.093343576584816,-0.0285607863728856,2
-0.1162322748257674,-0.2673664054651724,0.7365291104567321,-0.2680664130561472,-1.1853533182509497,2
-0.7881302550831042,0.3289322129836367,-0.5899133077517275,0.4236360920974296,1.0315331859027976,0
-1.0451745431456627,-0.5032885353095722,-0.0043544091055318,-0.9992889595474652,-0.1239107796668202,0
-1.462958737304797,1.358862861182432,-0.5833968307200378,-0.1552084778363109,1.510892534435509,1
0.1997165676692039,0.8028426088342572,0.5942677848616131,-0.8034927158767349,-0.5766923017926928,0
-1.4144033968567635,-1.545713340659129,1.2675365505021383,0.3518880751434972,-1.2280131834128056,1
-0.552515627984635,-0.873620519688347,0.2578684673291236,0.5310134138362821,0.9555838817492344,1
0.9448904623715028,1.424349166790304,-1.041349561303936,1.486721632178992,0.7385399687745067,1
0.6968251764387328,-1.1393590004589358,-1.1897214916926642,-0.2127092420119215,-1.221538810673877,1
0.7953583394413904,1.2295532899660215,0.2112336186946622,-0.7815875680747963,0.1462254146753459,1
0.2611914030216706,-0.2203706234755985,0.0167046584085141,1.866140776251682,0.2169123673432705,2
0.3621031728628361,-1.2151882406411283,-0.5069312841024495,-0.6602731879195713,0.5493834769648773,0
0.9905467228067532,0.9566840338412228,-0.332051526082016,-0.9366646367997976,0.0951713479530119,0
-0.8321106202111419,-0.0450845894341873,1.537830521542236,-1.191940073381775,-1.869570719167304,2
-0.105893078749244,1.1274906020886757,-1.0928163789761187,-1.1207780653771051,-0.9182612138093094,1
-0.5706396789569026,0.5065615234001463,-0.6162197259863935,1.1896536256319288,0.8682783500303676,1
-1.28582801341297,-0.9021129694062986,-1.182241769880578,-0.1014763406785895,-0.1380123465067617,1
0.8353323827538028,-0.4521632367892413,0.7838508983463378,-0.5810823405327127,0.508873633225668,0
-0.1705858388593588,-0.4817591883800626,0.5113417968971717,0.2372429335718282,-0.6103552160341725,1
-1.0050218173885177,-1.0762835473835703,-1.4152102975381418,0.8326136592448087,0.0696762970242446,1
-0.195109565324769,0.4719479993617615,0.3221429730560714,-0.942273987729988,0.0152438412135284,0
-0.915892059584242,-0.6745927243526005,-0.4201892728065663,0.7780351485288806,-0.8836254575118322,0
-0.5753943146736098,1.67574649534754,-1.209626731855988,-1.0580379495970933,1.1606989549953788,2
-1.3256764048513217,-0.1860359638247403,-0.7472966883319845,0.568971383722605,-0.0067468989495066,0
-1.4249589216433338,-0.3837845531991712,0.5134065506907673,-0.9772812087334276,0.754046817753725,0
0.810575332695296,-0.314807374011169,-0.0509160250749959,0.4790272116966197,-0.1188479038007009,0
0.1565842895054992,-0.2463608725692353,-0.8137726626522237,0.2086790449500637,-1.0252638073420703,0
1.1363567944793918,-0.1386396366280991,-0.1350286151099861,0.3285510381047816,0.2947510996497443,0
0.1693337564774176,1.4119648148820971,-0.8033208689770166,0.7874373352419282,0.1717325047298164,1
-0.6041632533780165,0.971906301915812,-0.4331880341252884,-0.2088981011409604,1.1023071693618476,0
2.4201483857013093,-1.30789172826789,0.6128886575549052,1.9825874625183364,1.3943899716720167,2
0.4254108159379023,1.5536389591836457,1.934801694332792,-1.4763851309428349,0.2320666736905578,2
1.35568675978311,1.0732040167069616,0.8983853785168668,0.3000249262540213,-1.3727278813268324,1
-0.4150090440070231,0.5654871158610042,0.7520445621444668,-1.0887209414387735,1.0632506739278031,0
-0.8886606378356527,-1.064366978503133,0.0292901555046808,0.9981883400447806,-1.0722841234164324,1
-1.0827074491803284,1.708476165607964,-2.0166895421720987,0.0892318079404998,1.3411050327777043,2
-0.0666997997012691,0.2483103325802354,-0.2705424060714959,0.0876385875475908,0.4794720246265793,2
-1.6995735922970328,-0.9075835647900832,0.047215332487678,-1.133553205327195,0.4312037071387549,1
-0.5850990746682143,-0.5938378311741852,-0.8627440729304745,0.3247704367821727,0.4698414557463182,1
-0.6213142422686548,-0.5964049484495012,0.9103763903775208,0.2352040162015807,-0.6162656667593257,0
0.8799820686574414,-0.5943400374310812,-1.0470273169839697,-0.9841953610134904,-0.4156580397158435,0
-0.5275647856245675,-0.2724172513877216,0.5729286142720246,0.4886027585622402,-0.1824868881027845,2
1.5505109664466146,1.4927257752571192,-0.7117348848634808,-0.950761880708086,-0.2942249787360438,1
2.136398134219546,1.3519175095894356,0.6713584281594598,0.3956196910908474,-0.1345686707802605,2
0.2186439941286231,-0.5903979974622624,0.9067925986996668,0.4359978759384991,-1.260209196383572,2
1.6397822010837964,0.798825052934943,0.9181431246535752,0.1354636204681358,1.224480408692345,1
0.7266683354620675,0.4135151797189286,-1.0802919052309246,0.1713971743204168,-0.4803661027066666,0
1.121471607302282,-1.034298196104115,1.105827086964161,-0.7542447548885335,0.0926858679919388,1
0.8813029247154117,-1.033524671447246,0.5183374221782582,-0.4770380341315408,0.5039112532915396,1
0.4168489172932594,0.2973106140272384,-0.4268204553108969,0.0220473830274931,-0.3993609347341841,1
2.0497782458491933,0.920095273145026,2.1542933652110667,0.9536288871217456,1.7006119476498638,2
-0.7629697084063433,-0.1168432111040528,-0.8470496614134152,1.1059733610342384,1.5744155382295093,1
0.7289344426785574,-1.457928621905745,-2.0882311876420263,-0.8397912720696492,-0.2823973225789071,2
-0.6871942432950625,-1.109902380710153,-0.9078904253738366,-0.6533754345332818,0.2900326252869716,0
-0.2325071417491375,1.1218987718585094,1.0043280989525525,0.9583789475606274,0.8185021955318813,0
0.1334963294154487,0.7881601737067164,-0.0326466464903228,-0.3147301125896497,-1.068662823249728,0
1.0165160253618566,-1.114435865003105,-0.7822549831974871,0.135818338401503,0.6970583367443891,0
-1.2674877000177156,1.1991318246530662,-0.986530117230238,-0.4481614918547604,-0.0301567061475223,0
-1.0624328719277945,0.9922040824793932,0.6198530924093256,-0.3735004435325103,0.8010340156725174,0
0.1482252614440639,-0.9815530676251216,1.194455141637191,-2.282742145436714,1.8976074262600324,2
1.0258679797881547,0.4801076695090536,0.2894328237439377,0.2313476410923322,0.5595819946321711,0
-1.0865453454670804,0.9398278812662776,1.5289750870119878,1.2368305138504023,0.1142729236873009,1
-0.0547694915921762,0.4357700827506061,-1.39939757297822,-1.6770635071946165,-1.2520134297065282,2
-0.5318308929585497,0.1778287184170547,-0.2038914695244052,-1.1215798511723378,0.4465942278518719,0
-1.9003292639116829,-0.5582501312412822,0.810638161119052,-2.407032195639569,0.8012665770858171,2
0.9057902056092734,-0.2902935223568441,-0.77253719374028,0.5324097909156434,1.0030513842385569,0
-0.9208108121566868,0.3896681836127817,0.0044754595387709,-0.612745329170001,-0.0131052832887042,0
0.1140250139289042,0.4607196296243805,-2.226251084788609,2.208390273717149,1.8687657931332724,2
1.3318436135862717,0.9625554807026104,0.32715373304136,0.2157572192102276,-0.3459320979204413,2
-0.4181710348443114,0.3018374193774924,1.0586764924283882,-0.947634264354396,0.2240223933145594,2
0.4611329663417519,1.0097318132097393,-0.8849972590032271,-0.3584848689322013,0.2876069171976347,0
-0.2505294843904078,-0.2274420108963036,-0.405944017192671,-0.3754724757380656,1.2645763218296266,1
-0.1647955893856366,0.642955637373029,0.6331444390039338,0.1667260707029885,-0.8755902360501985,1
-0.7405326542585016,0.01953537799305,0.475231112445431,-1.0392758382676328,-0.5249161954274112,1
1.2795530861261228,0.7041777743851685,0.6397043347529742,-0.6387175762953147,-0.8918968338389441,0
0.6408409029977383,-0.5383314178234477,-0.553401271657553,-0.6798699496761165,-0.5415956600002854,1
-0.5114580823069793,-0.5626000512908227,0.3424071327169496,0.478549956659887,0.0683908814206761,0
-1.5830946249911997,-0.1089940427033846,-0.800333389532605,0.4041746146871854,-0.6246228383302214,1
-1.6503252942324245,0.7047734478210288,2.0437396098003275,0.4366514406981584,-1.0294615178806392,2
-1.3258119674167763,0.6573699834233847,-0.5231835897436558,0.1496854672553454,-0.8352637499110638,0
1.1006277722570972,1.778277098490408,-0.0134914809089356,1.6315718242320154,2.4149639167133645,2
-1.1931315475583006,0.4506189467676635,0.7313073536397094,-2.4858328714099214,0.6187772194154252,2
0.8677761778504613,1.2075918868033209,-0.891605798708538,-1.0789618661339762,-0.3976927499053594,0
-0.2707161673198279,-0.9451036342748717,-0.5253112537482365,0.1364165911268375,1.0835356496679305,0
1.3414460487636064,-1.138987990008096,0.3419385216937329,-0.800767135684006,0.8000868531180584,0
1.115353767568096,1.9653768870860788,-2.3020168526622964,0.8841875982576188,-1.1463063968493177,2
-0.8707453895906802,-1.2405946519102935,-1.1755122990645264,-0.1638604205457288,-0.013787110757378,1
-2.051834613031533,-0.939205443548764,1.5053557296378537,2.2726828581268603,-1.7848142187465428,2
-0.3890281662936677,0.3453748975744868,0.3449026672401916,0.1009013853434265,-0.5162386793433701,0
-0.4746126256090708,-2.5190269852983183,-1.4405590884936672,1.953467632654937,-1.5363979294259975,2
-0.518983017179338,-0.1170588613262025,-0.5582334120007763,-0.0607373644469068,-0.0625788085619182,0
1.3091668686753468,0.6504689414878058,-1.401830902680886,0.3200528506862299,-0.5593396489024429,1
1.718550014880997,-1.783383096481349,1.197340502720595,1.2581322657682017,0.560912066383266,1
-2.173227131330737,1.322252474627766,-1.3315974383846363,0.080726724188964,1.3515742986999213,2
-0.832186204529354,-1.1457141481460191,0.8118190235751193,1.4048141280557722,-0.4741723805115528,2
-0.5354525184288714,-0.3590553574361009,1.0671150907159912,-0.848319360752235,0.8248486237574921,0
0.1561241276519003,-0.6426760438190979,0.5954569688963328,0.6465852984951207,-0.286668127125838,0
-0.5485953291877463,-1.2375747107632895,0.4982198534815268,-0.1745698593715007,0.7389480636748373,1
-1.1820812316013465,-1.0747677225248995,0.5413941324130852,0.8693463502361581,-0.7252969841827742,0
0.2345350072998609,0.0856583306471604,-0.0032199884271817,-0.214406434496787,0.4259872104981099,0
0.2477735700368945,-1.047426949876244,1.1555081517259451,-1.02687648414957,-0.0405233669481347,1
-1.2492804864326317,-0.3065507747924562,1.3468589323941216,1.5913442225355976,-0.3052850958406222,1
-2.0557470844186065,2.08695386087482,-1.2666500037068111,-0.3146115178428001,0.1797160959528238,2
-1.6542961655048325,1.0440194397888158,0.4268035029134245,1.255440742189751,0.7751954215572597,1
2.2192515442815326,-0.7545131040197176,0.0587712513407415,0.4354850428562098,-2.316371708312299,2
-1.017501232469885,0.4773896608259276,-0.4358779185661633,0.2640020131987448,0.7529260425964467,1
1.14044177105004,-0.6120579112131543,0.8943007315649243,-0.152928386039163,0.6379900773712665,0
-0.6750810665020927,-0.935896428777674,2.545078160507151,1.09783064735051,0.2558510198187579,2
-0.9225120010584612,1.680687897907995,-1.1713383286913372,-0.199927662498004,0.9378030214503824,1
-0.6432571860820185,0.4378743566358204,-0.6586260645667822,1.6220895306112333,0.8300825236237156,1
-1.2264191949871148,-0.103142052192895,0.6817706858175999,-0.3294922318972725,-0.921028335856093,1
1.711768977450543,-1.979373992833571,1.3472268237052691,0.813254248246324,-0.6953749379223318,2
1.0278523498985734,0.5030057183346228,0.6900337752549921,0.4742379581245851,-0.5925092441831236,0
-1.4056272019595273,0.6926781319555165,1.5698312861059749,-0.3699289609863816,-0.1419630594285932,1
-0.7194464624528367,0.5011642008564953,-1.073027714492578,1.5228300479621657,-0.150243268000293,1
-0.7534996669160967,-1.2314705827466423,1.3113312506176509,1.2486128751821854,0.1040273571429919,1
0.8196880721090507,-1.478608709436409,-0.8095224202341684,0.3916368686029102,-0.6373743624966045,2
0.5078769360082342,0.9150995764909832,-0.8834835993131626,-1.7783890927141528,-2.291878414718561,2
0.5093419464248168,-0.7241278383152157,-0.2246203343223591,-0.3334012241822974,-1.0107534499429187,0
-1.1029339334828094,-0.7349450622689954,-0.7554019949675986,-0.1958568133058539,-0.3622321778431318,1
-0.4137203512029421,-0.7447596532648878,-0.9138505442193994,0.0206679101917074,0.8072860880543874,0
0.5364741054488411,0.6729844675604744,0.2421093057255434,0.0367939913240116,-0.0111266370237834,1
-0.3453613725725557,1.3091749186166337,0.4723762205270956,-1.2287216831914192,0.6868839820196465,2
1.455245710358522,-1.4535757050132407,-1.2480562402400286,0.3056441655305993,1.0906160045941315,2
0.0265168250736612,0.1947940953940009,0.8337060866470051,-0.0637640541624502,-0.8084044183414293,0
-0.6982250024644066,-1.2215557949532645,-0.1204888450582982,-0.1066300362156664,-0.0450489553084417,1
-0.9849198742374624,0.1018682798190383,1.412776647637107,-1.042240719474383,-0.7942164328897583,1
0.1404290604190809,0.5372568116491855,-1.6323155979100044,-1.07801254021582,-0.3887284507623653,1
1.722310783379168,1.1161251694888683,0.0788941024404501,-0.3211967838882514,-0.3138249223246631,1
0.1812157481378896,-1.4100391646923145,-0.0985924461127326,-1.04967015541247,1.2997045163205638,1
0.6349458990347431,1.166274898858332,-0.4026586501144328,-0.7102610012821298,0.7249892704031597,1
-1.7835861219848994,1.4474899410927666,0.6707677640529529,0.7732663904654989,0.2224375350459368,2
-0.5138276588699068,0.2218046239896684,0.7554489805587031,-0.3676485732397881,-0.8750512314683767,0
-0.3741751290686358,0.0287417468495592,-0.3356417873481195,0.1639670660997613,0.8583382553940766,0
-0.977917770408834,-0.6892140823487655,0.4547492082495153,0.2438503889728415,-0.5086798857041053,1
-0.3864927495558959,-0.0383345808057235,-1.0049390920908454,-0.3884953540252472,0.1611665099953943,0
0.7435011976752346,0.924854552748852,2.3297022141273525,1.9299235138183355,-2.1449647593237047,2
0.1782324145100311,-1.138574890807072,-0.9662102695144824,-0.2381575425583326,-1.4394220361085932,1
0.6472431358234618,0.9207834476488548,-0.1841837553192772,-0.4866642948763994,1.3504121120511112,1
1.244847659961534,-0.1993420139198033,0.58186544726553,0.0241900482927355,0.2521772554749638,0
-0.931866499391286,1.166317297407308,0.3788425161796437,0.9178185647996124,0.5481533104313069,0
0.2221549756880287,-0.4628519645308275,-0.9943153418037723,0.7209356872247565,-1.0756387284734552,0
-0.8052160016069485,-0.4323737909843438,0.2421203524049697,-1.0637366945808502,1.0389942757125965,0
-0.4861859957460659,1.5185006903136025,-0.500925327083598,2.083387414870388,0.3551455734372754,2
-0.2008160610130037,-1.274536300725644,-0.5451054199804365,0.1537521807050757,-0.7313363126108277,0
-0.4008932696602289,1.0136213459579446,0.5721686235300941,0.7628802068425218,-0.2310674246287217,0
1.5519967481154162,-0.9664152160182288,0.6429341288091752,-0.8117846773430725,-1.2840231832582187,1
-1.8316572103975248,1.3792329917955812,-0.01437295689796,-0.0977292711546282,-1.2226992815774718,2
2.250538520896469,-1.3629541809185264,-2.3175989902308456,-0.6121011598928465,1.5146688971379814,2
-1.0506032317119496,0.0451338971772802,-0.1009157336842987,-1.13131504141686,0.3418994165695484,0
-1.4561087860777209,1.3408261666913766,-0.8082581819724801,-1.280175571019032,-0.4353041690791698,1
0.8043405476086727,-1.096768532084104,-0.3957290290318387,1.4560860147469614,-0.0344135790674776,1
-1.4478113620854418,1.3227458077869427,0.8616566025798578,-0.1000459626522977,1.689858128253321,2
0.0569223770099007,-0.3141996015088108,-0.9099503676484794,-0.7823093921832578,0.3214711309446668,0
1.169192300241447,0.6170334282182027,-0.5822308372152507,-1.0602476433476342,0.7203986120490248,0
-0.9005911640385945,-2.632417782697926,-0.1138210299450428,2.3410521597218388,-1.717191404483719,2
0.8896325126470842,-0.5200587878625174,1.2583524854388646,0.7045866142666508,0.7768121597349015,1
-1.4230868007335582,1.1122566741536626,-0.6393044497953992,-0.3619020434922272,1.090959202551793,0
-1.5378174933548938,0.3634696203659789,-1.16320037500114,-1.0325391386341356,1.5770527610925564,1
0.1463588071125199,-1.0192958124193006,-0.4814364915651329,0.0019367743585857,-0.3264983102161972,0
0.6940987273803101,-0.0416829616137318,-1.4681666482871054,2.1471273132585247,-1.4415170974186742,2
-1.032614971516701,1.5568940069505235,0.1325647881313569,-0.3565741334597779,0.8006588413576067,1
1.4571000204029578,0.0731114592282821,0.3114027872881255,0.3876874131227004,1.1742219471469122,1
0.6936131251047095,0.2644475832959533,-0.5842514652005979,0.7038532316827593,-0.9840448792958394,1
-1.4061534427210836,1.1916202564896523,0.0867023170386901,0.674267922323782,1.1033047969594905,0
0.4580348754257665,-1.0365465682779331,1.2455959597985762,-0.5261407211952397,-0.4766838865190814,1
0.3849796972688058,-1.2254068941783407,-0.7652789177763912,-0.7566649243557464,-0.2142179051308819,0
0.5100557011003126,-1.2704059252988282,-0.740433466539616,-0.0616027071660959,0.609753766189593,0
-0.2989544178165638,0.572659407790039,0.8246526060715159,1.4155443155515024,-0.5843913345389117,1
0.1627865613754801,-1.1967348718204542,0.8885781845631296,0.4136722938738618,-1.0506907788850877,1
-0.0409868070271633,0.9644012734840868,1.7180216183972596,2.295211755220117,-0.3276321684524853,2
-1.1207232481023086,1.78802774492894,1.1485203277796452,0.6190391823838817,-0.4122995468881285,1
0.9937428010060224,0.4283679659924786,1.6206286961172764,1.2988210814643706,0.5472647489428952,1
-0.3288519897663205,-0.3186714057619855,0.1188328994337538,-0.903828411948581,-0.5937865934784796,0
0.3991905033057278,-1.0822478698503026,0.536827498397217,-0.2381201452350062,-1.0490331793655676,0
0.5015550173029791,-0.1557948913037029,1.1001901561361669,0.2834370838698476,-0.1520086114890043,0
-0.6646521660414538,-1.0824718014506771,0.4519073826766159,-0.3478696770258243,-1.3317391093008852,1
-0.932155742638606,1.0283417954573972,-0.2151391292280479,-0.3056956463646573,-0.6564145195872283,0
0.3614240067858509,-2.750588428749727,1.2327501821082336,-1.570591501764777,-0.1176279498619231,2
-0.4143610295174004,-1.7038181054596817,2.199600320681315,-0.338779261570751,-0.8710814951621749,2
-0.6635761557241182,1.6362586005218511,-1.7126712117444485,-0.6600526532685431,0.3068599491701071,2
0.3702558528025541,-0.8232508693815013,-0.4859885740507171,0.7610262294596184,0.447783570332837,0
0.4276780386889134,0.9642742113774114,1.1533693652708927,0.7352587291780159,0.4400029227479847,1
-0.1026669163230177,-0.7984322817413692,-1.2841129985512492,0.2897803783035997,0.1434524825143723,1
0.3116335400957745,0.4050639188776008,-0.6643640923771815,1.306215427891437,1.897388308553503,2
-1.6911021248399347,1.6143494920775638,1.4035289717637047,1.4550269452565183,-1.104499109604355,2
-0.5250853450137034,0.2231763043026699,-1.3667647282226394,1.3060309268124273,1.0361533156292904,1
0.8539426972248964,-0.4273119745308898,0.3915816737338408,-0.0169791898054776,0.3960729380306398,0
1.4286417766331014,0.0776299826294427,-1.1471920790907295,1.6152251093213692,-0.3642478838677658,1
-1.0836037553214974,-0.4989227286233613,0.0886374806568327,-0.0681377788362586,-0.7174377903285188,0
0.3367543033525706,0.5588393933816764,1.116419639337172,0.665333788464328,0.5507378946443096,0
0.3435677345519655,1.1886177220153815,-0.7738165216770168,0.5046186076611205,-0.2373897880652114,1
1.8903218551839325,-0.426258408334492,-0.1755680561777984,-0.4537556272701032,-2.304160563441791,2
0.2373239506505617,1.138705498868998,-0.427308403589429,-0.3349818420016501,0.6725121488658703,0
0.3662080755840407,-0.1713025186529436,-1.070017705234844,0.9554937078326932,-1.300565679500701,1
1.2048130072885772,0.649560300806069,-1.436993423235802,-0.0651965149183257,0.2082194884224945,1
0.2375796713766519,0.021632317555424,-0.6289346325194016,-0.5191668334519697,-0.2139388807182866,0
-1.3811997291730558,0.6019537129856881,-1.253632121227305,0.9029976510245172,-0.2764626461061844,1
-0.6033699236784394,0.2859678083587471,0.5263611291202828,-0.3329716995790424,0.8131353954178959,0
-0.4696931588457815,0.7275435295632776,-0.0602478931493841,-0.0467511291064264,-0.0468172449923961,0
0.4673722944641391,0.955807825773692,1.1533997293004086,0.694060056024897,-0.936675460619766,0
0.0950015749196218,-1.0628499002102372,0.6602398136997393,0.7967861459766915,0.414696655908138,1
-1.495751141243631,-0.8483949503167424,0.5517114084805546,-1.93575145779772,2.278015964996689,2
-0.6899357425768627,0.7418358171332567,-0.0921878740955158,-0.2367848221812837,1.0420843429136666,0
-1.1127341845022285,1.154273449202402,-0.4348083007500816,0.6326596010931685,-0.3609167585816913,1
-0.9183771043015496,0.3766918491449856,0.7911346626929413,0.4534780471574827,1.118332961841476,0
0.5322972635863812,0.5324778056201592,-0.9660816231998324,-0.7369234644253281,-0.3766141330465573,0
-0.6105226420088861,0.9341358147871782,-1.0141669340354589,-0.4970762200358609,1.057166477921624,0
-0.3186871320526421,0.3566244207182056,-0.6586211701959802,0.8752000332271228,0.239862484499447,0
1.312751216908771,0.1436584905953709,-0.0550094639090306,1.0551535204878977,0.8418840276675972,1
0.5152830602233285,0.3854417253843547,-0.6701365692572648,0.3539873535898325,-0.1211105089726694,0
0.8713775732746741,0.9563241418518088,0.5419396605271963,-0.1739858381732976,1.044346189013573,0
-1.1054651512929736,-0.870580144747786,-0.3360100024251149,0.7022234370219679,0.017036795985783,1
0.849057002216834,-0.1029364199170521,0.0535005344492897,0.0609366003375024,-1.141453750891587,1
-1.1461974494566338,0.200001277383323,0.5248608658331357,-0.6492646745255923,0.0415122597060102,0
-0.5355605976806991,0.2074574129268284,-0.0025495610469917,0.4558079596026917,0.6699823534223315,0
-0.0101429098195623,-0.6615010898277122,1.1875231699867457,1.413162881999197,1.4362868600740772,2
1.2713891309520822,-0.1718112509074249,0.2166809654374572,0.1622991520419642,-0.5175918667340603,0
0.6877429715164095,0.9650842112784668,1.0350606932978796,0.6057809816539389,0.1292077701587641,1
-0.3756930633974562,-0.4153886427697587,-0.5433877260934437,-0.043128849897616,0.3482304735891754,0
-0.3943468195981411,-0.100964250233256,-0.7023203825115226,0.8183759369658775,1.2403595868530954,1
0.1553388184407405,-0.6118717886135067,1.3140208530051736,1.1055704721069246,-1.359054051515804,1
-1.4051277836707032,0.8819136773044612,-0.1355028862645673,1.1040400791443712,0.9660974648636136,1
-1.4056718387111995,-0.2898408149042561,0.6916677407996157,0.7317235727363773,0.2878235526218737,0
-0.6466849891787161,-1.9134812461225943,0.6469680993949887,-0.8223669489357315,-0.5250446261640678,2
0.9633899108696176,1.2258942354721567,0.96310104197958,-0.6193932407577011,0.7531835439908603,0
0.2369048423580133,-0.7470869232406233,-0.309111476484819,0.2132412200310111,0.3366432687095135,1
-0.6761598152627329,-1.5331826107803217,-1.550207705682722,-0.5902688206335711,-1.1273538946058526,1
-0.3725670024028126,-1.5454118890133712,0.0475087820923081,-1.3078490873985833,1.126518981134389,2
2.1319499893912885,1.3399418188739796,-2.486182161779582,-2.194603941907612,-1.915981077553696,2
0.9553857796019848,-0.8376120117401007,1.0692895475989772,0.1380861846461437,1.0958467278898758,0
-0.9968386263582292,0.1283712920442369,0.4307507699110507,-0.0331867051720503,-0.8817364075028735,1
0.8079588774641822,-0.8863259452288598,-1.0548778693449363,0.4683807890490396,-2.14675286931479,2
-1.0996996647058617,-0.8127434777852744,-0.3080487745124619,0.565041986745985,-0.9720663199470512,0
1.2446597973599955,-0.2063731488922257,0.2175370198680009,-0.1143349396872494,-0.6507460613255006,1
0.4095946913830002,-0.2445486150401705,1.28931159185987,0.9747329478816328,0.1851191854175004,2
-0.7976028221609331,-0.5431906190524666,0.6558836158520903,0.4074638644490114,1.0869231548053455,0
-0.7465585774838117,-1.7775573967909126,-1.1136146668302966,-0.5921873816999911,-0.116642676321698,1
-0.0554118339764584,-1.3504169458221067,0.8803965273220327,1.190266360200671,-0.7425568551255097,1
-0.8641047917527109,1.2731079140017652,1.6534329402427412,-0.6530964352644821,0.508361169382016,1
0.2393299398226462,-0.2017402754229166,2.2095060775813145,0.8941215174674568,1.715660496573476,2
1.2010261291103246,0.5150646221978183,-0.8289079043452559,-0.2568111475775386,-0.0877477455912183,0
-0.6403847154514387,1.069953953263911,0.7537583386435396,-0.3386302258791955,0.6973980828276191,0
-1.7823565990081,1.347212233710109,0.4766254521705387,1.6078307171167388,0.2855090500538078,1
0.2873079445104036,0.3024299869332613,0.980545707203566,-0.0566853951727869,0.2905354821996592,1
-0.7322725785296346,1.6142048069091142,-1.0705480733730732,-0.5236725068709235,1.7438258955844486,2
0.0372920009411935,0.6739711910486771,-0.5615553486207798,0.9127481102377216,0.3469156249430848,1
-1.935455283874852,0.5910679253477654,-1.5367024256219564,-0.190187407938976,-0.1586398110015363,2
0.1805427383554141,0.2941342001573323,-1.1811659641257233,-0.6684777850658519,-0.4559692226068678,1
1.0841135996512443,0.6878719293106137,-1.6552143926501448,2.5690534279157253,-2.242098177453878,2
-1.7794690430781446,1.451441027529275,-0.1273449824473707,0.0775830450035482,1.629241930232309,2
0.5584097212057626,2.280996600666283,0.6231461886963106,1.599073153079276,1.1219486279322215,2
1.0383104276262292,-0.1530107576535455,-0.7913763926308257,-0.6694231491101578,1.1395203825780558,1
-0.9858678151192638,-0.3372239031698758,0.368257806439891,-0.3587826728914457,0.4299930099643533,1
1.829917224482518,-0.8293936306443785,-1.9638201047976047,-1.5993891646295968,1.329559891078748,2
-1.4044149115621103,-1.975986421860556,-1.4416196624394917,0.0851485967646184,-0.6409920143898549,2
1.3053174225836612,0.1724141555017965,-0.1515731512190844,-0.8675105164576903,-0.133345946807051,0
-0.0229028618876196,-0.264582246379207,0.4408892222592532,-0.762883622028864,1.0848955860040068,0
-0.6551887999291259,-1.71411740582339,-0.8863100125490838,-0.3178732751081047,-1.4725927265605376,1
1.6846394617202405,0.6849567069458723,-1.217728914752061,-0.719267768602038,1.03856750470244,1
-0.7204978297865214,0.4494147537312873,-0.3959758457911363,-1.341931390429933,-0.60756305678596,1
-0.2315262154561145,-1.236081542678578,1.0100907407180948,-0.9398198111529704,0.5146368696784306,0
-0.0354806174151369,0.7727833853755336,-0.1139882302146299,2.589180340923658,-2.090035970958409,2
-1.1470835104770347,0.9012257590037837,0.8207172020961465,-0.5291713580572839,0.608828940204986,0
-1.3669331659907018,1.4925753183479191,-0.8987459955147729,-0.8778992535987187,-0.5950792593347943,1
-0.2905384979424703,-0.8743956504186443,0.3606207055999096,0.259689290240746,0.3520476668370834,1
-0.164059401115572,1.90280192552097,2.369837299698649,0.3255617241138202,1.8959463078890229,2
-1.393792951573934,0.0123260061882098,-0.6640958663566996,0.8008222278451543,-1.465717067099384,1
1.0336214378036153,-0.2566313450840659,-0.474735117314732,0.3526854703109446,0.757071815691935,1
-0.7769259005395536,-1.6264086235792077,0.3166265174485465,-0.2641788733061636,-1.246597054529874,2
0.8978068844530643,1.07034184776508,0.4830376400026514,0.2393291919179987,0.5909608545719154,0
-0.1711165133564552,0.8726394640309104,-0.474066363221772,-0.1221177336659935,-0.7933583702160655,0
-1.2249837946870747,0.1295300340978729,-0.3505348832283931,0.4040605252844294,1.1142047227678955,0
0.7024511550442313,1.2455125707146335,-1.1061101156854296,-0.1274606382613191,0.0581228984263112,0
-1.123839582129925,1.0539972377052242,0.2344160500138402,-1.098553446302014,0.0561269727429708,0
-1.305579814707055,0.5923384106016678,-1.7254374675869042,-0.3721044849797984,-0.4362920357715156,2
-0.595423669012693,-0.9577432345814582,0.5712561400264868,-0.1703144133739035,-0.9365926482408112,0
0.8849053919760128,0.9729336331261084,0.5611821315393289,-0.0227544884655442,-0.695899563152925,0
0.4818070683830424,-1.1110229438153656,0.5158516382409711,0.0742576939859603,1.019849389705278,0
-0.2994539734540565,-0.2269050735663593,0.2558147568840626,-1.5734582038352765,1.0350544643267372,2
0.4433319246805901,1.4084276121233197,-0.39012075115674,0.3718762603304174,1.1122490589145395,1
-0.6632479920133518,1.2259797651417863,0.4470035155731386,-0.6159949017505383,0.7481629823607712,0
-0.251662876704015,-0.0312161400235376,-0.9634509184437356,-0.5998880213468054,-0.5435246962275307,0
1.1236124963235463,0.9625391583119588,-0.3146814960873159,1.2016678320721226,1.466101347401855,2
0.2594789480651384,0.9727151402549374,-0.7071052009814285,0.4810988454167743,0.5222416020962111,0
-0.023078755282537,0.6655697775952564,-1.6729995331755794,0.4352720210858284,-0.1617090469615082,2
0.4861799749850615,-0.1927268217494328,1.4280325714412114,-0.256396888162852,0.2518316610617655,1
-0.4013942807973522,1.162239424808127,1.127832991224509,-0.1548147660919218,-0.4650355997388255,0
0.8458385590835393,-1.116984364256137,0.6479434472890307,-0.1632939995999569,-0.4389983560886923,0
0.804504831935216,-0.6221018398137134,-0.1622941979471505,0.0066519481070462,1.274405407418186,1
-0.5032704725381411,-1.727749246931341,0.9647816912075062,-0.5909330238316477,-1.6975977119370544,2
-0.9941422199439488,0.1014784448767335,0.8404354487250701,-0.6472933546088201,0.6939817091965899,0
0.9540494085207852,-0.1637236171176273,-7.896277062160835e-05,0.1529145996566371,-0.3776404039486855,1
-0.6788157792835697,1.6439770373181004,-0.3082166207541076,-0.2525823922756304,-0.0587281573836123,2
-0.0507003329414426,-1.7293182820774136,1.5931218385339547,0.9391224196836562,-0.0455821714513453,1
1.2557025357491751,0.9474610475961058,0.0338076027057869,0.9642616403158332,-1.0818647715929717,0
0.1387360920526136,-0.7654397805167088,-0.6453091653949492,-0.0673529402582128,0.8169481984374716,0
-0.8742342525949823,-0.8131293440451851,-1.71172674905694,-1.0987282250732375,1.5436521888404942,1
-1.3198022600186945,-0.4633401028961619,-0.8492630279221948,-0.5814317260540633,-0.6820531497648032,0
1.8813007350511384,-1.1359631816754423,1.2183319535751058,-1.3531421373144583,0.8316550813466429,2
-0.5553150338650571,0.0319646569388132,-0.879730116924462,-0.4627705477574273,-0.717187302080964,1
0.2429841517817307,0.789486928672747,0.9029259598349908,-0.4986093614627102,-0.6609198207704707,1
-2.260317881788619,-2.069146997642428,1.550344291037962,2.5340345047251,-0.6841289792566664,2
-0.966948643050622,-0.7378227496250385,-0.011551051117075,-1.9327118588420615,-0.4016230881082707,2
-0.0073675454666544,1.247434319997038,-0.3599663032074427,-2.026451474572318,0.968763607686208,2
-1.203555804722534,-0.8407175069275158,1.692655071268294,0.3539724445898712,1.2524615271102435,1
0.3510685514942301,0.508151856505841,0.3462278791518236,0.9859932316154616,0.1443323304969591,0
-0.9074047218050398,0.7058966124633568,0.4676262857240214,-0.6891547689831526,-0.0897866684620055,0
-0.5158069644542327,-0.3080749705799534,-0.949723588150294,-0.9593818156038162,0.6826236457657632,0
-1.7525005219235077,-0.927967259669498,-0.2805772540517097,0.8568597672813263,0.718963754222451,1
1.5212022749492633,-0.8277884093987705,-0.7015200511897337,1.525075708540332,0.990543571412898,1
-0.8486669803023288,-1.3698783580409344,-0.5688240770146012,-0.5961482996493604,0.329040661210623,1
-0.8806023588074708,-0.4390802803999794,-0.6096339170040473,0.0118966651974766,0.0438249345245539,0
-1.420999187128197,1.0154512631112684,-0.7117268734433739,-0.3819244944951248,-0.8675776135091464,0
-1.918307518117517,-2.672548520876657,-1.4020753596378517,1.5259670241256245,-0.8382962907475674,2
-0.2947965675597248,0.0085684703918426,-0.105327580480328,0.3425648850414481,0.924218809601759,1
-0.0866966269442327,-0.493735357931481,0.4799852778671911,0.6850584303683436,0.5735124504179299,0
0.2552649226686977,-0.2189357505728139,-1.0854350230497654,-0.2094528953642801,-0.7793577510451545,1
-0.8846563998897657,1.1077005360177858,-0.1355244459726995,-0.5516272504862735,-0.2120807741466472,1
0.7201740118694083,0.4145931900440125,-0.7460895612215751,-0.0799062304082341,0.3118836606608431,1
-0.7962055736841024,1.073580943544826,0.3275930997734255,-0.7250424156875426,-0.3985499030759928,0
0.3421441226237756,0.6897731437959669,0.0706985856802713,1.3897849305080827,-0.3752254430223645,1
-0.9029216580279924,-0.9791080829211894,-2.1596621793227904,-0.6461532305418687,0.8993034176468025,2
-0.2239293382400557,0.8878038373370549,1.3818145142197324,0.512438561901226,-1.2415383423423338,1
0.3458962767172484,1.2835907792156027,0.4191687234970505,-0.6460307743569802,-0.3892743121238733,0
0.9593387371761184,0.9618741749199372,-0.9681890353322432,-0.0912947530954176,-0.5562373018342569,0
1.5693026302114663,0.1687071841334228,-1.9029309713950784,0.7631391964230304,1.424196804001677,2
-1.0140687107489883,0.4332113523754073,1.6773718746767443,-1.090457995897086,-1.0945988104753963,1
-0.864749246189496,1.0963610446817451,-1.151364234609649,0.4021845742793157,0.4508837178613099,1
0.8004306307912605,-0.6928800243204841,-1.0861760884556937,-0.7240326455545627,-0.361317503626391,0
0.1283949203672692,-1.0362988817548564,-0.3746095143384419,0.6259994460237764,-1.0447317199643429,0
0.4926472958112767,-1.0822307589614422,-0.1163818773151874,0.6670211802935849,-0.1454925908908003,1
-1.316897587329308,-1.099950304346038,-0.2884450298543827,-0.2871895330151092,-0.0704710755542371,1
1.6736799393236763,0.3989455754667882,0.9438615780168363,0.4120866083276825,-1.290571750429545,1
1.0219238083089526,0.6162004988822047,0.7118091990156294,0.0703256574608399,-0.1441931882759805,0
0.3260310510025263,1.331241660004456,1.59183923730795,-0.1881465703192299,-0.9693996583144946,1
0.8958729589403239,-0.290457346670441,0.7498002210108965,0.9748790685485011,0.807222824850742,1
1.0418709639381505,1.6399626397272145,-0.5102454693125401,0.7170829890826795,-0.1166452248019194,2
-0.9193016954644176,0.8155104232283196,-1.3158096569274074,-0.4559108100238397,0.9774644607206326,1
1.1367161472334255,0.7422927778939741,0.2243168911531688,-0.4846639925541698,0.6200708065472141,0
-0.3489769799555656,1.5959720823448844,0.99013100407254,0.0367355754503886,1.125341058758492,1
1.178361527000784,-0.0075725356528756,-0.7840461117129573,1.238894852806281,-1.4058822815257193,1
1.0986047111143622,-0.5922690794437847,0.4630571413594837,0.1129098121246057,1.1055489460827188,0
0.7355099492653185,-0.8794534049894588,1.1236358540735452,-2.115698565998177,2.6926054244644684,2
0.7689322517769217,-0.8277325467743307,-0.0659452607260346,-1.5299043549088769,0.9420067834795928,2
-1.599903915405574,-0.289855682467514,-0.5188272984072713,1.3428285168236174,-1.049538409841315,1
-0.725575588804539,0.9816225949377956,0.8259533623027612,0.7886912734518782,1.0818145373612895,0
0.2649603810563757,-0.8881749314097942,0.5550370183281879,0.5466443567456551,-0.6602175766071109,0
0.7373285781242199,0.3690269595794933,-0.1372905091616879,-0.3620159996389466,-0.0701960033962664,1
1.7424020562791094,1.5162617826158848,-0.3841232656723188,-1.059692692217883,-0.957817587184814,1
1.2955495433541473,-1.224386026207976,-1.0131448385422095,0.5063576989998181,0.716464881947359,0
-0.2146799478421727,-0.8156354148733628,0.5103363619061121,-0.578830283984199,-0.8342422783743515,1
0.2200680245075303,1.4004405918220848,0.8581437069294936,-0.8290862335327257,0.6819134518109304,2
0.5780680131835448,0.1644501674032818,2.054881595281417,1.175877722571408,-2.022237353305644,2
-1.087565936965902,1.3934420013637878,0.0567930177789535,-0.4745136969112711,-1.1911489200915408,2
1.5498143809197211,-0.6093635561829832,-0.7325478105463032,0.7156690885331786,1.1711450887473949,1
-0.8415494443512417,-0.9290013897436296,0.8125418192034409,-0.1371739526624317,-0.6973826937165324,0
-0.3403188463106616,0.2548646911646998,0.8516598381220387,0.4595717868339654,0.4797661161980363,0
2.287018109874353,0.0335547583905565,-2.572425299047374,-1.5467472096050514,-2.510950970654923,2
1.070465996409868,0.1259457175234366,-0.4330316954816759,0.1225874428994053,0.5259927583092585,0
-0.1496956771322133,-1.4623930046251077,0.8756583545459705,0.9220108519997392,0.9332916899176088,1
-0.027893976335013,0.5904292046130833,-0.0082032716266272,0.8287012395983941,1.004085067639213,0
-1.379254017139458,1.729526756452102,-1.5518168072356129,-1.4653969044547548,2.5923779446538884,2
-0.5534666636772072,0.3433739050385579,2.1038881140378587,1.2230748255342263,-1.2079186625261682,2
1.087633327064995,-0.764905804313708,0.6750325023914698,-1.2050405393435069,1.4601454361368278,1
0.8253383400951241,0.0040087891097163,1.4489948843380591,0.7327234272300945,0.8902588881422622,1
-0.1620849761438936,0.2087476638898099,-0.2182462181494488,-0.4468233901945924,-0.6735672407718648,0
-0.8190339241243626,-2.3369538459822428,1.8901620821181664,2.164662025072614,1.0054125621800971,2
0.9222764179649224,-2.661533964188169,-0.4839094608799486,-1.4780166651344224,2.080312470402411,2
1.0222665812535243,-0.8956361157662701,0.1943348891935339,0.8268460431226237,-1.0113859293994216,0
1.793980150334318,-1.42220189481179,-1.4328736710356,-0.1761675619871631,-0.0763746015947123,2
-0.0864997823163351,1.632630718268198,1.0413094289962954,-0.1735542195101236,-0.8926283252892635,2
0.9959543352152872,0.3969738349121154,-0.5065010025081053,0.2511206910997008,-0.2741735075733936,0
-1.0390936093508478,-0.7463842348264225,0.7921978486146553,0.4666184469185269,-1.0326415531280368,0
-1.8225888862716304,0.1465450367703491,0.5231795359809212,-0.0530118683237705,0.4983008981033477,1
-0.0753784195052985,-0.9736306402314866,0.3399062863696354,-0.4536496624322546,-0.1834241116810675,0
2.226358440618572,1.5740336656434022,1.4218948785225751,-1.0627888022364953,-2.253702808460213,2
-0.9906291021107154,0.3132456455462242,-1.556990981722031,-1.1268565549061715,-0.3840619218782399,1
1.312509051947105,-0.4348097676287339,-0.2921289303522718,-0.9552729110534814,-0.9451654044097452,0
0.1744791484137871,1.105938462525675,1.0181590860467975,0.8104175208889085,-0.4102034428201881,0
1.684004582279258,-1.3120061570932575,1.5999725952239328,0.0460478596242722,-0.6676535679341798,1
-0.7546865878105331,0.1047347649297472,0.6544022832280679,-0.4645010078152756,1.2768906437180771,1
1.509854645820088,1.4618571964924658,0.2408096597109564,0.6556035205281717,0.3635865742622757,1
-1.3024249058520707,-0.6605137162122054,0.2271030062566337,-0.1744330654503677,0.98592718221813,1
1.5126896423178082,-1.922791146515858,-0.5677152400817991,-1.627255439363376,-1.3264122003200292,2
1.0569177552037117,1.3248475577597498,-0.5568672326450299,1.6253631883122492,-1.0603262764306496,1
-1.7688952229578545,-1.7078853501117996,0.1317379966473428,-0.4518601445590277,1.5747572195737765,2
0.936395760994632,0.1972847245260386,0.8086354924394363,0.633069834621091,-0.1002209972889924,0
0.7443250370908016,0.8921435870829221,-0.2050197780408817,-0.5848065935649532,-0.0906936829916952,1
-0.6582219572087595,-0.6555881951900123,-0.7691508569525254,1.121412208807055,2.247412940039171,2
0.3747760412521593,-0.9039009279268002,1.3365629339086569,-1.1772682849573315,1.517926601423835,1
0.83795130163675,-0.110622804903223,0.0420190736267832,-0.1651615792179334,-0.964849956674759,0
-0.0500078288024331,-0.3278387822763703,-1.7548186191634885,-1.2760308294984115,-0.0895218350921873,2
0.9712081180840384,-0.8850111524459352,-0.5163010701319812,-0.5773183775107822,-2.1603090662521307,2
-0.2307488332700953,1.5963544975060535,0.0416638780920883,1.193920461378832,1.0722554365582435,1
0.5481600080651053,-0.5850909570508009,-0.8446282479779248,-1.2534289828143546,-0.5526451959058295,1
1.507233112027898,0.1688153598983703,0.1485880835310684,-0.2489940787036235,-1.4973401064180425,1
1.2188943441433493,0.5707612113659865,0.552617252992246,0.8069368428203911,0.220324130761831,1
-0.4430679487186168,1.085622125766013,0.630327477517441,1.6354402797962106,1.0118180959753644,1
-1.0748050875081556,1.272649986060824,-0.6526118018167945,0.8935994180051496,-1.482436230541495,1
0.9120597463473442,-1.5770754919392131,-1.4223181450019005,1.225293612814554,0.645240094895452,1
-1.8743141267581505,1.450704865468063,-1.1999278935762017,-1.4151870535917168,-1.5176571618240406,2
-0.4211943356750081,-0.7164712665491934,0.5937101018160962,-0.0089464720515125,1.129791294213887,0
0.1318628880792862,0.6922668950366616,-0.666911797823795,0.9524319873796964,-1.2379210069712328,1
0.2847283530406275,1.864451115773612,2.578755360845439,-0.4298652404620967,0.4692149677886812,2
1.1522669598483135,-0.8824033087764619,0.4208400632163162,0.1996713865306365,-0.3362939886578039,0
0.0380391270928356,0.4377410104042584,0.321479404976678,0.3005593719637103,-0.0999109797042161,1
1.1662486890969883,-0.2227752108581367,-1.4435803949570805,-0.1483352878591069,-0.8508276468121675,1
0.1153547288022507,-0.5770526656460044,0.0856384587158228,0.4411651997063977,-0.7417905327064748,1
-0.3354683878028611,-0.8931966084932935,-0.3633997641192663,-1.087435488652183,-0.2186027288955236,0
1.64657059942269,0.1212428270930394,-0.2705694999525479,-0.2085906795029334,1.522969306165877,1
0.5571231875444443,1.2084435592395333,1.3437386592845837,0.6134580855124208,-1.344571346741413,1
-1.3210793436399988,0.432721347833332,-0.49554609496664,0.4412163539349703,0.614388140379283,1
-1.867345586280311,-1.0896503269804358,-0.0173375101704128,2.259714021755262,0.1273701572231739,2
-1.2629174121903024,0.3714239278540194,-1.6868283304733367,1.4140962137115272,-1.527655721914212,1
-0.4315178613103697,-0.0231597216472231,1.258012346885432,0.2110346888220577,-1.238288911551343,1
1.2628841058314275,-2.8244575512457657,-2.230627023568632,-2.572315365188323,-1.6066469401665673,2
0.4909178786986446,-0.2520088894301802,-0.7928878456634532,0.1249673201906059,0.4262063724401682,0
0.6801467525602733,-1.1556753393918464,0.1361762990113869,0.9304669434503507,0.3242495519044235,0
-0.0444343306924276,1.571766955449435,-1.5895261297739134,-0.5015355552845024,-0.3446869574954184,1
-0.9496181700059042,-1.3273815070673587,1.3825141304143076,-0.4735094855073125,-0.377089309604436,1
1.399265305853011,0.7819412468358669,-0.0020777127238233,-0.9115855212371808,-1.4156311831197914,2
1.009569592917323,0.9116100334717572,-0.9059873081862332,1.685420340289545,-1.654030062438383,2
0.1929878408099765,0.5731425010472138,-0.1375235291665774,-0.8734880754631759,0.3437772258686181,0
-1.0971946725315995,-0.2187195396862162,0.0458951168080142,-0.3037469822010956,0.1316970078712578,1
-1.7084963736821517,0.146437075399688,0.5137683111189297,-0.0189382453584962,0.5129333970285268,1
-0.1446572887864513,-1.7286618637378093,0.8839262593846368,-0.4079839754465463,0.0960381416517496,1
0.2961806070624251,0.8311663033579721,-0.3631944590622496,1.0420485609795649,-2.041313441454276,2
-1.6213675243544232,-1.5975320949693403,-1.4844115120156312,1.3150145069620784,0.1215657596307557,1
0.7852516975329025,-1.4523426243915123,-2.453136077654575,1.7519138081473016,0.6636732970634198,2
-0.8668431656494383,0.9359460253672884,0.7725720954631949,0.6876508472972435,1.1423831960664994,1
0.507237993461431,-0.192714913586305,-0.8629492536444038,0.6419383369444497,-0.9221382041586912,0
0.5093015653996339,-0.4902046701098034,0.1994273167711815,-0.1302687640063102,0.0908100182337394,0
-0.4268828320287809,1.1693693386833464,0.4406635331097924,1.9302227117072095,-0.4357470084923156,2
1.263072924457591,1.2220411524079855,-0.4280189601555539,0.4898457700261993,0.694437337686148,0
-0.1206980826369602,-1.1985914699495632,-0.8750154308847059,0.262008434829536,-0.6777497780654181,0
-0.1127910698431036,0.4000639694509461,0.9702881814326516,-0.7487061006071963,0.2121917331849038,0
-0.2622809689233704,-1.717403884383196,-2.2343996314211267,-0.5625074410500169,-0.5180939100878302,2
0.9299233465944502,0.4975550147357342,-1.7149847720266589,0.3134450341606524,0.7083398361845941,2
0.7661122305250018,-0.1704702301343604,0.3296984998686867,1.105838732892194,-0.2957060886870689,1
0.1492295556122422,-0.2403701187186277,0.7719334620198344,0.8641209247630719,0.7957593698909632,1
-0.0421727793877017,0.4266821099119083,1.5354693589929944,1.4538633700991104,-0.4683089104696693,1
-0.7381783648574434,1.202281886719238,0.9439537760920992,1.346772160305876,-0.201007517715908,1
-0.9160093020650766,2.117419928209473,1.8954696268016036,-2.1243089933291026,-0.6588319953941979,2
1.222755546654621,0.618201515939377,-0.3766936257583499,-0.9275351825265796,-0.0391630594486869,1
0.1481899337499625,-0.6800903293297076,0.7605160704649846,0.4333728508254936,-0.5210156329493627,1
-0.0282100000744721,-0.1955206399691675,-2.276214941985889,1.1291537005197476,2.4699297586868525,2
-0.0767590242516824,1.262150075780605,-0.3102363435924322,1.6176388845909715,-0.5148837089717796,1
0.4920233607309471,1.6560820885946417,-2.028372335660355,2.300644628581676,1.311941009429672,2
-0.2152366709261112,-0.748810608341361,0.8520651791335768,-0.0744335724111255,-0.098941071637568,1
0.6699126190945554,0.2321563927764723,-1.0867971500543123,0.3986243934924336,0.0344637681522961,0
0.889166727723689,-0.0837758702385541,-0.3073139776064202,0.5739637425304566,0.5900483747685382,0
-0.8598585826110798,-1.6938155938859345,-0.6129548712756993,0.2612234868762207,-2.1157131324025373,2
-0.0754729080483279,-0.8672713557026572,1.0085555847095924,-0.1800912557551549,0.3859337795406867,1
-1.1758061959839428,-0.1934128279641099,-1.216256242394491,0.5690993249465003,-1.2968455790443747,1
0.8992801758765421,0.6847178529716275,-1.3238902708134528,1.5392465020153008,0.2447280204594794,1
0.3347683149508035,-1.7424565901666482,1.1507223073195776,-0.6469706968895499,0.454737097149108,2
0.0773487163541732,1.4180019803477104,-1.509001234469324,2.17619831155242,-2.109092093091587,2
-0.0769846286056026,-1.506365138339664,0.5085979195761056,-1.809319638004828,-0.4830011810089801,2
-1.31667873027791,-1.1273738954360637,0.0832008532251401,0.6181420875119237,0.6857621664514598,0
-1.9437258373399375,-1.6444067422967694,2.112333809009256,1.101160018066989,-1.3563001087793096,2
0.641806053220805,-0.3040631259311034,-0.7896093756954756,-0.8992531578944793,-0.8998309779961026,0
1.287800922239241,0.2135833086909168,0.1087253158695068,0.4520161729648384,-0.9661249716389936,0
1.6342875597182678,1.8057359129018933,0.469819403447305,-1.270656571534656,0.598175949136851,1
0.206278644590315,-0.4434651100993874,-0.5513860499896085,-1.2743681352935872,-1.214450379740857,1
-0.2361947060647845,-0.5250763270683734,-0.2244744690133955,-0.3438051451822093,0.0070767743490229,1
-1.1346962709349118,1.3082085369860958,0.2058613051246487,0.3034859807239282,1.3350096418873587,2
0.0621491388999183,1.0067200650610522,-1.3500138125794674,0.8859230891986576,0.0645963908786649,2
0.4507533843383577,1.1231569483034425,-0.4264014257601788,-0.9687521545902956,0.2189222974561877,1
-0.4436038672572267,0.7724448349157567,0.0407542963755711,1.1025013148472669,-1.5849380550480054,2
-0.5322691545430644,0.2413922207032142,-1.1038300632205014,0.5582240437870734,0.2037618624941619,0
0.3799414874179068,1.2236269394838173,0.568801391802205,-0.343159962643922,-0.4690358376779028,0
-0.6500803835271082,0.4256927969309477,1.485495201270947,1.5448470255321265,-1.0642792402970611,1
-0.3755701320570089,0.8371843187742163,0.2832540579820187,0.9714920755552344,-0.6227831797095464,0
0.1435164898517611,-0.6047533636407026,-0.5408970713137227,-0.1874710960320373,1.129197923187765,0
1.5347609515940592,-2.7514187120556075,-1.16867523339607,2.4863335916860594,2.3126802203971644,2
1.240713847791797,1.7704697572344466,2.089393622357428,-2.304123162862734,0.5311402234146448,2
-0.7038150147154529,-0.8176466182917917,-2.103886679584831,2.1262118170168844,0.2758443611081013,2
0.2532945757438542,1.4969896299601262,-0.0799838302385103,-0.1853529399370934,0.3863478692864083,2
-0.1863541252071857,-0.5662771733024995,-1.0252097340672623,-0.3701103751258117,0.2892604612264857,0
1.8598632266234885,-1.0120603415386369,0.8508003347557249,0.4756510553463558,0.7541564310472072,2
-1.4059398528554332,0.5786872982524761,1.289496439275062,-1.0319742798981508,-1.119039291583963,1
1.506523145703469,0.3663841647251224,1.1728502796395497,-2.2970367123592954,-1.1451674098006916,2
-0.4102886373879269,0.6503017767746383,0.8813363127972823,-0.8323275307404677,-0.3756132847074313,0
1.137797492600103,0.1429562455887833,0.6631736079210472,1.4454221425265803,-1.4284690547829757,1
0.9109029262713834,-1.0410452944351494,-0.3536160038220454,1.192207309022497,0.5282352899964349,1
-1.9477507227649629,0.165166846242194,2.0199121892161287,0.1711618759159037,-2.0371969365983125,2
0.1009223246037982,-1.2910210383727072,0.517756532939957,-0.7666666204668376,1.4635256315637415,2
-0.6299470765838091,1.4496883052578022,1.1646589494675856,-0.9856266163011316,1.0160761409941486,2
0.6383759819577226,1.5501682993836376,-0.3879986231336054,0.4987152291523003,-0.5786385817341283,1
0.6421622729024957,-0.5608464377319078,-0.5896635920891933,0.2981579889950702,-1.347874023673378,1
0.6843229260096707,1.2192018229176391,0.1793752359362243,-0.2264464687573779,-0.6866674933812899,1
-0.1428756796339851,0.2660072474676655,-1.1041269328636352,0.3330421958367308,0.3485342447034251,0
-0.9819277237086014,-0.6883088790060533,0.1318130593582153,-0.7497825428885776,0.1469064618290936,0
-0.785233473625241,0.9544899472684952,-0.6684003952996029,-0.2593534547767703,1.1282853280740537,0
1.1340190257561076,0.845421524002503,-1.0052332282648415,0.0254681850975359,0.5062312624105891,0
0.07726841625289,-0.7075473012748047,-0.2662841500460854,1.0983068313191584,-0.1971687714640968,1
-0.2698777313844603,-0.482939785312501,1.133258504736688,-0.8930704663850736,1.2595692715075262,1
0.8404685376581585,1.055856945124648,0.7151633332229291,-0.4041375651581403,1.0780202969756554,0
-0.9439095836559352,-0.8137893498193779,-1.3867419596390609,-1.0653470326444625,1.204066747980003,1
0.9019390505988988,-0.4898531776365323,-0.260145136717885,-1.106359956602063,0.6134961148006394,1
1.7894799432515658,0.7717012635921239,0.2732353828251087,0.905422378197729,-1.0738418185947776,1
-0.9366150352085016,-1.0782386423734651,0.0022937206979895,-0.5005900975040974,-0.7720581444471201,0
-1.0338929487450927,0.0880960980621978,-1.1211791902250312,0.244390421503666,-0.1118119130986405,0
2.332714141285474,-1.4548479780142014,-0.8744785366736361,0.5706834129569491,0.8244847178560141,2
0.9042332948294076,-1.541744450856101,-1.852122522158796,0.850985883895649,1.0397573881627395,2
-0.8260087284626629,-1.6907573820441348,1.941773363060832,-1.5167978143022496,-0.5019769512979808,2
1.2332823470226135,-1.540202319463472,-2.3883640181319987,1.6688227369931243,0.744549363721029,2
0.4805155050752728,-1.642253887777808,1.147148217497162,-0.9728093133200432,0.0878325224781606,1
-0.7471113224901929,-0.2188111286416036,0.357371626594438,-0.4402192404439929,-0.97994914295769,1
-1.1391519663735723,0.3444172626222473,0.8661217431422742,0.7975319445865641,-0.7433244792897228,0
0.6671970900194499,0.5934514812776229,-0.4128217333972847,-0.8150441341391169,-0.4292169457488088,1
1.1728239420638515,-0.8400526130463242,-0.4450790236817137,1.4570942594960063,-0.022267856760775,1
-0.8531615713355329,-0.469109720716627,-0.194085539396257,0.3701596377782009,-0.8130856931516003,0
1.2123797699739014,-0.1938778034894874,-0.1781021587325697,0.4212263522539624,-0.1033488159384933,0
0.5295242080092561,-1.1824916351975834,-0.6320200226619392,-0.2660175318170867,0.27616629556981,2
1.1495219215357262,-1.1418108807025913,0.0777696115438677,-0.6484101733773506,0.6012555239467162,0
-1.2191985373073368,-0.8608388433881077,-0.5865646611910698,0.6357321461990029,-0.2254635970210234,0
-1.3715724942449483,0.5001166732276078,1.526000329548639,-0.7014378216758623,1.6625799283188103,2
-1.3148166421190173,1.7087082232926818,-2.3707852773056746,-0.0355901816751173,1.6772239247043257,2
0.6935706540676766,-1.1700534248658403,-0.8922541821651166,0.5475667529752827,0.0518958616324797,0
-1.7863412103036789,0.3006416634009891,1.992338599959283,-0.2649924003110966,-1.3315658430522352,2
-0.5242037425003082,-1.2294561489021605,1.0003048777865946,0.7291455301687859,0.76175875617046,0
-1.632806734998579,1.1780088421855703,0.2818339203009281,-0.0926104316524729,-2.0855965210116576,2
-0.2601299923969134,-0.957338140732104,0.6653718682083484,-0.793997989318636,-0.9005897472404332,0
-1.6043204504839046,-1.3445811763048867,1.5312019531814514,1.2495116404308564,-1.508975241149122,1
-0.1858711097430034,-0.3732335627015707,0.2049731724489361,-0.147241168861514,0.2920518255808531,0
-0.0246970835080226,-0.9213804842353448,-0.7590865994061027,-0.9699938647856288,0.3419165536568805,0
-1.4092109367853238,-1.1680270068650018,-0.3254153088732683,0.7451058617983553,-0.3933910488776921,1
1.6106016502344578,0.9055458783067364,-0.4532922960609379,-0.7372264241404339,-0.7105575864283662,1
-0.5607491487733329,1.3001557736904648,1.0156912277597134,0.7156306519993021,0.2892777803388288,1
0.954244047344724,1.5751864928407937,-0.5345341084949677,1.2787144571189966,-1.7090675871114185,2
0.709736608539077,0.2000257012368079,0.0793780668015651,-0.2897184230666825,0.3554891579837534,0
0.5446821394614167,-0.8748033391507306,0.7464141830708853,-0.9559627037247072,0.803786138622955,0
-1.1000217663619538,0.8845148125536982,-1.0039331750397509,0.7319753405277262,-0.1629424943367206,0
-0.606739890296932,-0.3167699161472417,-0.3990474751406869,0.5430409668053765,-0.3670662979838204,0
-1.4971919612731888,0.4106228451980981,1.0007000731830749,1.672698600895096,-0.1566261485900061,1
0.9777251980801284,-0.7731655430131478,1.274889926072424,-2.4964476962426785,-2.608829677476348,2
-1.3993270375974651,1.058967063925252,-1.0096700915993737,-1.0534465079509585,-0.9767221151850232,0
0.7850058670629655,-0.3246456752119938,-0.0707859593422254,0.2091671671453133,0.8258256777355941,0
-1.4479006574584816,0.7220368058522358,0.6248204665777075,0.5158734203110485,1.2877908231700748,1
-0.3200411797291351,-0.0128495181447411,-2.187410383007562,0.081570810329061,1.0711749344685115,2
0.252274574589077,1.5517830914169046,0.992220576768592,-0.979173082085134,-1.4183142825140722,2
0.5339665403647816,1.163344359653785,0.1580654450342422,0.0601735398976761,-0.6737158473346652,0
1.0891425409529594,0.8665427336142569,-1.6243666228481966,-0.7119154804830193,-0.4787253920552026,1
0.2610193701114722,-0.1646253218645559,-0.5832847843756508,-0.7314004986683617,0.7298875883137143,0
0.1774080776753719,1.5708382256444204,0.7181834431950366,-0.1477508184336746,-1.3351402521397175,2
-0.5132334968245809,-0.2017195806605849,0.556413138169154,0.3041859579508166,0.1013704793582511,1
-0.5070706208006421,0.3441934495994387,0.2488502089817577,0.1549796316909913,0.8404655097787842,0
-0.8559363273149805,0.6018587966290843,-0.9871355994993064,0.929902112465422,-0.3569307087386605,1
-0.5090064172972344,-1.4496964418642706,-0.5325336213867788,0.424375632025443,1.0898766895639451,2
1.9491689356065909,1.205350051403073,-1.6959419421126667,2.143877539016604,-2.4322357435464066,2
1.0852373788750262,0.0148151246927736,0.8589520093234038,0.3488799979722644,0.354041128512665,0
-0.0758251625905547,-1.0678656001731597,-1.636762152448314,1.4477528941655369,-1.0310966559372825,2
-0.6446595321185301,-0.9869711439481332,0.1898481352913516,-0.318158702218478,-0.5642976788812074,1
-0.6575992316157796,1.6727882450810427,-0.6773583087529369,-0.8775387875535574,0.6218472480275067,2
0.9473198430020648,-1.2378428492316762,-0.8287878766702189,0.7874139497975453,0.3988728990242944,0
0.5561539978664229,0.618167587107485,-0.5502625542605663,-0.9314358797713268,-0.9625843377372376,0
-0.6574643729748113,0.6075709799652035,0.4652678007717418,-0.4282795488688568,0.6285060562497023,1
-0.7279783772429593,0.0296098633644107,-0.1736783292367486,0.6392203381019993,1.0995740387917603,0
0.4574633333892011,-0.5957054315948724,-0.7917461817855814,0.5916833228329366,0.54289018549865,0
0.2657887705458894,0.6014934187809494,0.3855258988520089,0.0160296338982305,1.0815539107094414,0
-0.338616295922779,1.498485446787043,-0.7817466842474177,-1.0726772766913906,0.5318404261754953,2
-1.5880172248979876,0.1890374058743303,-1.135896547831652,-0.998425457149701,-1.318247729455842,1
-0.2769379367792735,-1.6455079841014295,1.48167177366686,1.1889658071678886,0.3761771800131163,1
2.1724129543340878,-1.7893272529437123,-1.0467267167439225,1.1436149309575545,1.4291783712220163,2
-0.1087641855715574,-1.7526130095179702,-0.3320179023973297,-0.304200599201434,-1.7138092415868922,2
-0.3695368003955596,1.3217849286004792,-1.7279183396029183,-1.2499892834598876,-0.650007467023927,2
-1.291725358813389,0.1283298125262671,2.171513572251732,2.6037054262043178,1.1843037972681745,2
-1.1160019924957645,0.882889087993482,-1.991108104980969,-1.6310683780957838,-1.893352313819064,2
-0.1223074179174737,-0.7886662696277087,0.9684294838110148,0.0009562359855828,0.1652818373054367,0
-1.310168398657109,1.602223388848268,1.0247891521665502,-0.517303136102872,0.1681891532519353,2
-0.0248118324776826,1.0347458126420843,-0.1806537661420039,-0.2988061044518314,-0.8411713216961094,1
-0.2569396483648042,0.9460839258529522,0.9324903214885848,-1.1186074566722215,0.6872519986711633,0
1.6864790804158325,-1.14085535219209,-1.616258014857142,-0.1641451049197003,-0.8057424469517097,1
0.1475328413227805,-1.241733380286713,0.0545152428804946,-1.1555958448752872,1.5997941056364582,2
-1.1799691320263792,-2.3045569365052168,-0.0725755427624507,2.237760823561308,0.8395460428064805,2
1.231044156056215,0.9884253559884548,0.9599296293436708,0.193462730983603,-0.1405887830101602,0
-0.6379832747886025,0.7403128126066004,0.3279506130747409,0.6495635189666764,0.6328848047292425,1
0.763422202525456,0.2055911970262859,-1.142176809140906,-0.8894293468192563,1.3689940384604378,2
-0.473612762371501,0.2302543676488167,-0.0394430750162442,0.2926840978162212,-0.8687569840800285,0
-0.8969282998697092,1.6021143131558702,1.1041962812649255,-0.3581722337994318,-1.5687737389823415,2
-0.4211073000058731,-0.9669526002838504,-1.3673349659690943,1.2839219930827843,-0.1255146038099012,2
1.8529599402547283,-1.2735311559421614,0.7203023265473675,-1.032775914583976,-0.948685988679094,2
-0.0036026834622352,-1.1793951270732657,1.3680369217519024,1.0626988783270157,-0.3403065942080043,1
-1.3052246033229706,1.1664302112136455,0.7374213331709998,1.4571055638715584,-0.9441769702286208,2
-0.0440968347291161,-1.5444351402092389,-2.127971349907408,0.126477769737654,1.4848299251982549,2
1.6503999400982914,-1.1727994769090695,0.0225323581709848,-1.4036309902213475,-1.023959577866167,2
0.9563019499490624,0.1025554739925151,1.180710818188523,-1.0480459829494158,-0.3271817476913607,1
-0.534760344870606,-1.0583325032766604,0.7920862397076275,-0.9419323378258224,1.558653455383183,1
0.3738340148465546,-2.3020689202024744,-0.1933334883142935,1.158325910484321,-1.6477046975904983,2
-0.4854623840455894,0.4541124232782977,0.9704961885117,0.5564673646572047,0.3467693916419857,0
0.5398813175485134,1.5635060461776815,1.2185225529897068,1.1251936407955514,0.3551406776565315,1
1.5057074510347936,1.010611995148054,0.1643352997805552,-0.3506712774207507,-0.7708883027509918,2
-1.664492018280911,0.30155590676166,1.1788946579196684,0.5716258009446241,-1.4727745984632163,1
-1.4461132413210154,1.5635497395196774,-1.207746432127574,-1.0636289110025752,-0.0028933007000396,1
0.8642678480831317,-1.2215709892048114,1.1639377379386224,0.6262892256881617,1.2678323029420404,1
-1.4941283884010774,0.9925030514211414,-1.0325597636220565,1.4080232252979965,1.507637546054882,2
-0.4737553774962872,0.0663834338835182,0.4482429175151043,-0.7218268817488468,1.1174818342990396,0
-0.0589802390111568,-0.91795601882347,-0.4157907277874157,-0.1774499469196562,-0.9740538476778512,0
-0.2267586996991415,0.2903652447248531,-0.4751887243486533,0.0254486735131302,-1.0575923205881137,0
1.2143216343302403,0.3257584866569425,-1.4817481878999583,-0.4997337304192423,0.2459914461390245,1
-0.0006765628799255,1.0789357826905277,-2.4739491545037398,0.0882431344464422,-1.4317313739924216,2
1.0464488422235598,-0.1871830226517738,0.5808598104943893,0.5959720023099547,0.2960344177886782,0
-0.837060344368644,1.6150485227953868,1.7748109815155495,-0.2292959922984381,-0.7172325255097852,2
-1.819656378166061,0.7077646048674259,1.6086329847612018,-0.2494248544206219,-0.5416195457141193,1
1.1092675731340225,0.6134588211547194,-0.4635310423794597,-0.7199054386556948,-0.774270437081752,0
-0.013876973438037,-0.7715428214268578,0.2983086271728121,-1.1079074392458468,0.9636809615497488,0
-1.63745468112722,0.2573731731198672,-1.1834129297049305,0.9598236206219632,0.4179543465295119,1
-1.4357287807354386,-1.2723252765947743,-1.4909170561986065,2.0181674621405405,1.2206681129737744,2
-0.8542418302936348,-0.922390580387678,0.1067864538693661,0.5625096443838983,0.8307449813459512,0
0.3093659027288413,-0.0103091812996341,1.1299565767160769,0.7678872820894448,0.8445349703888574,0
0.3299920054856726,0.8849587560052777,1.0803683059519773,0.043785558246076,-0.1337987589157661,0
-0.177076608646128,0.4373121773606166,-0.6869167055140144,1.0794244954915488,1.1905241854908228,1
0.5555293967085333,-0.2676247026657121,-1.1579422059917177,0.7126213433237305,-0.7222507790966958,1
-1.4806777604790025,-0.5195777496426921,1.523202859528805,-0.439202768843615,0.7366586480857956,1
-0.565166623805211,0.7269446283982608,-0.9513599350136156,0.7179589698648472,0.7402776504757308,0
-1.0324715244362197,-0.4292543357511201,0.1194914913821362,0.4241415965936639,-0.3022670843020782,1
1.6192477349778982,0.6208482405792225,-0.8966106569356077,0.8708131929255848,0.9893704731468704,1
-0.5463981714750396,-0.900166119263791,-0.7186701868364137,-0.0897943302432998,0.6086679690472647,1
0.3664599850379747,-1.7484423893139749,1.0879139856908004,1.235581510947099,-1.1807242374087354,1
0.4555111301095027,-0.3686712179148877,-0.6780819818430346,-0.4973048144713485,-0.3257353300565619,1
0.0179588549823998,0.483483064279084,0.5812451004360064,0.1056814198332082,0.5600898793276592,1
-0.3044943634312744,0.6072288906415012,0.064689827869934,-0.1477902029946777,0.5069649651440331,1
0.368191547446673,0.3450108344979025,0.6821151806050564,-0.8449292341199415,-0.1997957921073736,0
-1.7853912026964087,-0.9788183653375364,1.9342546419038773,-0.7669014427391686,0.5269336904531291,2
-1.008776285505987,-0.7453464822353428,-0.868606833212554,0.3223189277034317,0.4689142842776373,0
-0.8164857852796676,0.676426049170211,-1.088994029584704,-0.8910041287105239,0.6169691584265234,1
1.0487506520187029,-2.694253144445612,1.4630379373067497,-0.5597085326058008,-2.4982101035607287,2
1.5287462943948225,1.815013738822888,2.4477325994460286,2.103705221321037,-0.1861182023090275,2
-0.1085652719101427,0.0420457098210446,0.6133086581506906,-0.8169740537160884,-0.2068379810853125,0
0.1038526406492118,-1.1265982311824447,-0.6544630111930114,0.2801312036765817,-0.6642607266418757,0
0.369122778891138,0.882177047691213,1.034001550018259,0.2788237394970019,-0.1417733713696202,1
-1.328949501166531,-0.3477085516826412,0.7703973362055966,0.8039266749933089,0.8210571590654726,1
-0.3553505241101067,-0.7977792035274346,-1.4844823475651132,0.3804011370619445,-2.5405474381681694,2
-1.1903969949030415,-1.6393158913166912,-1.7420457282606805,-1.0756569335040278,-0.6173078439190188,2
0.4937082408764301,0.6685657713158174,0.703854273683187,0.2857180794482681,-0.5561664703282395,0
0.5232319269481585,0.8770133357771709,0.7293380809852125,0.2252970510609665,0.5046285570015083,0
0.8653087105581745,0.6569286449176132,0.4096808117863672,-0.6572423187276902,-0.6494066444578049,0
-0.6167430053917209,-1.039736071968138,1.0873828194438784,0.0556956137493333,-0.0153224148669993,0
-2.001794218369008,-1.6239125451186525,-0.956821703990804,-0.3972625371019885,-2.1347316600646438,2
-0.3936310492997549,1.1653895192296446,-1.4764481428058596,-0.8234865558199382,-1.7192562555374196,2
0.1269714644860041,1.485279547200474,0.1767303984931831,0.1403941021468606,-0.3018198391399871,1
-1.3886531371930506,-0.9153794560427702,-0.6886385542947615,-0.8716383300193302,0.5373701446722858,0
1.154798479646319,-0.3571298206627149,-0.9333896790729612,0.1668608934403727,-0.4172777575728647,0
1.4039242014395543,0.7819367511155441,-0.0074306943931329,-0.9130704782326836,-1.4092453063235848,2
-0.3567798622199641,-1.1119278529412746,1.8130834349759248,-0.8346568771979321,1.7735940472599492,2
0.1759025696729451,0.7805906131963143,0.2600395825347777,1.6766179955476208,0.0786740734783411,1
-1.3120265179946884,0.5134788445465096,-0.5576081463851813,0.1919308442421861,1.0729231052005448,0
0.4540075823927899,0.0686655939492643,0.5269036058549798,0.2171635484294574,-0.5977961696842874,0
-0.3540181692185405,-0.0338543121013211,-0.5940919605897056,0.0788552373120747,0.1887271131740627,0
-0.2739830550969703,0.924683333397042,-0.2307940000177851,1.0171415939359072,0.5560865182887714,1
-0.5335199372749693,-0.4957397654708416,-1.780367891432156,-0.1027331058850407,-1.13829340190787,2
-1.1230634888476192,1.2400539295166204,-0.1022846170773184,0.6717791975165215,1.1227806559017952,1
-0.4517687309905734,-0.2194352687235426,0.3094988606918265,0.0766858015677406,0.3028361703793744,1
0.1418262578160404,0.6656624631734492,-1.7537025606808347,0.4226878320700077,-0.1464698128911024,2
0.9135215567984052,-0.4106239922423661,-1.6640429466144102,-0.9898253069950124,0.8969790822028654,1
-0.2049700140524688,-1.1115925808712217,-2.422252625825972,0.3446788373190485,0.6901769121093866,2
1.213803845008669,-0.7599021091335906,0.2602032118645183,0.4146830855050994,-0.8084129065996001,0
1.6343560284031162,-1.313529997204778,-1.0518330341587512,0.3071149224022886,1.033438669237039,1
1.2477225786696235,0.706505029352244,-1.1022493423099664,-0.9902479949710034,-0.5087323158263618,0
-0.5405213059407848,1.5556734209638567,0.3334939220938465,2.487968060874829,-1.6629035395548926,2
0.927345728998052,1.3846676402560674,0.4471440787067074,0.140445866364901,1.5575803868272529,1
1.4443185879580485,1.8016164394770944,0.3143704740726057,-1.2725720116884436,1.570532812041429,1
-0.5634393972928021,-0.2188767281846106,1.6889321047861516,-0.1340438520437597,1.949749854734739,2
-1.0230301371347186,0.7565846634004935,0.4398985441792617,-0.489451080239704,0.8312280242726617,1
1.0145332402988154,-0.3288229473444436,0.715443289441658,-0.0993411756268534,1.1226346244385297,0
1.0583219404944415,-0.0343803229534584,1.22051141420879,2.359811511025671,-2.3937070268112315,2
1.2681741371113588,-0.9804190879182568,1.0269841453287991,-0.8330956286493195,-0.3978420026389138,0
-0.1820556476438883,-0.6635107976740034,0.6024712978011308,-0.3396981703614667,-1.1685442619234934,1
2.169370342177192,-1.7691802853675818,1.0878962644822725,-0.2579852040808686,2.4032165799785217,2
0.2524890147536294,-0.0686474991169482,-1.0847668478567527,0.848995223768352,-0.5491404208168786,0
-0.4798578486500038,0.491833398455232,0.7803252376982178,-0.7286906852287983,0.3214550374588117,0
0.2358707722846828,0.4450315467981492,-0.1023065594394068,1.5297647159010253,0.5003296442906772,2
-1.268879776949461,-0.973063732611155,-0.557666868688756,-0.9929721167938416,0.3957038521581287,0
-0.0888207964649419,1.811295175984625,-0.8267524110434221,1.2144137892234166,0.6637079284510019,2
1.86551975321236,-2.713413986215709,-1.332641893238001,1.827302078082503,1.711412256818379,2
0.7430458330625216,0.2251690006048,-0.9412048977193356,0.2711773841304463,0.1454796152751552,1
-0.2131305599704417,0.5287255627501524,-1.2914990742660144,0.6381176480356656,0.9924714131603464,1
-0.2900227301782533,-0.7331898341447719,0.3459409395150299,0.1691200352402696,-0.8167130447269777,0
-0.6353828997270169,1.421144051698876,-0.3874351718153431,1.4350896425502604,-0.1619622191753452,1
-1.7916261435556349,-1.5659410767585231,1.6551766876606322,-1.0845420946272837,-1.8831503588157852,2
1.2090723975644324,0.4862495279510494,0.9335017708592992,0.346689272688062,-0.404809212596559,0
0.9391538095868176,-0.386378994176116,1.528848309204748,-1.0303415098289783,0.990837662277708,1
1.1800288629528357,1.246708110934293,-1.750281251855141,-0.8128997000740102,0.4441255110874758,2
0.958141435990857,-0.5633158850100642,-0.8352862745643259,-0.5378427998785766,0.8201941241076975,0
-1.2024161916428109,-0.6186698294598822,1.0258349192412994,0.3667067510236279,-0.1563484277196194,1
-1.0148574674471895,-0.4281513259310997,-1.2628887092845478,-0.9487685594612748,0.4455558401192612,1
-2.293497686813044,-0.1808698684201913,1.443062638383055,-2.4837497764656797,-0.5326164004683208,2
-1.6089057752932272,0.4599745952657408,0.0903140578115905,2.4468269386150125,2.6540288559456906,2
0.3127515148482995,-0.558326902025901,-0.6716367296286028,-0.8427264114868894,1.0836266365588898,0
-0.3224609255047349,1.3700004242225134,-1.7132547252550605,1.7175120845822274,0.0465162128887293,2
-0.7255544221349924,0.4208948669283549,-0.2241999827148604,-0.8385668403587848,0.5174525067004621,2
-0.5607373314360125,-1.0151145366441523,0.3077113383761216,-0.1348283462204798,0.3797190049601983,0
-1.7012414888915588,-0.2791401800462815,0.8009091981763179,2.129498307282744,0.3005036543452757,2
-1.7467909734204243,1.4551470038224033,1.142623274177095,0.480391335848749,0.8564070195687457,1
-0.0613814460099793,0.7693582110107174,-0.6118393753442875,-1.162935770235959,-0.9010967705991858,1
0.6353053420037911,-0.0425582582671125,0.4930912440199284,0.1731139040744433,-1.6716953826689136,2
1.3470727608122004,-0.616193353948944,-0.0196340179825491,-0.3612435803669688,-1.0634045013292173,0
0.4587564905666486,-0.62626381256612,0.239953261163498,0.2145608936353626,-1.0921928700623351,1
-0.5605482338611282,-1.0968429135388968,-0.8568672343476876,-0.0185640893679436,0.6283511939911155,0
-0.9937493560657388,1.1869305628407212,1.1202621547270104,0.2517463022663061,0.6660126190697045,0
0.0841752215486171,0.0303272787107689,1.096439399054103,-0.3929563726351241,-0.6768363001142518,0
1.1371647319089129,-0.495561197478437,-0.879247334270824,0.5611315880513412,-1.9381355775428175,2
0.455130564833161,0.9952557505635444,-0.4940687910784902,-0.6705928796124241,0.6979600239388021,0
-0.071355767143894,1.5842607080359454,0.8179258584332026,-0.5912028903418662,-0.2695544347786046,1
0.7827203337194676,0.8970072408100273,0.0078986481502326,0.3341528496582324,-0.7919392164207302,1
1.316710744063349,1.0678146429199953,-0.3540393624292182,-0.5566418005631191,1.110445082187724,0
0.782666121714723,-0.0425909293636293,0.0172909499034091,0.6298892704412266,-1.7349552896578169,2
-1.2961083782114002,-0.9846029606064962,-1.0519849398567402,0.3173493937341319,0.8262442662489354,0
-0.5326232695829468,-0.7000779503539218,0.8115357059829899,-0.4279269712149152,1.3283621225167614,1
-0.1178963887246066,-1.115978144338002,-2.296996114606094,-1.9841197890627829,-0.2873113806998151,2
0.2276569695290858,-0.5771290340127339,0.2791325740792725,0.2598723869486563,-0.8204124628137368,1
0.8114976072704203,1.1355633956737343,0.3794760595066112,-0.35276921251658,-0.1385396833325664,0
1.4224979526489303,-0.5247852455992267,0.9233676180033092,-1.0291088804948174,-1.534127368749509,1
-0.5666822147676701,1.2283662362753651,-0.7049176882005754,-0.5827733472321653,0.7978979394996011,0
-0.6787478903792311,0.8757443335852475,-0.4653691787204174,-0.6161468953948327,-0.5513703914519661,0
1.286134777381792,0.572895605782713,1.3977264536577685,1.1511040132468318,-0.3043828912223905,1
0.3188515683447858,-1.340569200169414,-0.2826677456655428,-0.0393873963129482,-1.360283751662809,2
0.6532750411225879,-0.2920565649337333,-0.2101496515546807,-0.0505060469844819,0.6422943661438755,2
1.4827082766102857,-0.8618075439511788,1.6015311388834992,-0.3480703545689367,0.2453871960540517,1
-0.1554327367443488,-0.7463218053812716,-0.0278545323587661,-0.1241176067548591,-0.1161254468046767,0
-0.249633516124895,0.6944963818274558,-0.2691611695868937,-1.1234573554418874,0.9456953487598192,0
-1.2383079295372077,-1.3959935799514511,1.3525677391676396,0.7295182824832405,0.0896085938069721,1
-0.842146657889674,-0.0154158163820792,0.7456073682131037,1.136831094190504,-1.0491143976197763,1
-0.9857445276094764,-0.32967030089737,2.547302377327314,-1.1112670019153292,1.0397809893601822,2
-0.6792579849013501,-0.8731087980619164,0.3270240491787357,-0.5881642339762054,-0.1037180059376227,1
-1.4573094575509344,-0.8027189162842157,0.0014858919491133,-0.6892353670936137,-0.5304047788324762,1
-0.1804855448481078,-1.902943076358618,-2.444702556934049,-0.0627124616626366,-1.6646522913045594,2
-0.7097215993179063,0.031792291836625,0.2367442981240381,0.4503901653291036,0.5098052700042061,0
0.7204716519697885,0.4837367425214339,-0.2816850077103737,0.3956259471828088,-0.809891295345134,1
-1.2045474616450529,1.5432182461679644,0.2831578551626573,-0.9649940144224024,-1.3815515838096364,2
1.1280990567812688,1.6840225137255245,-1.7009872899216474,0.7410417203584923,-0.8217626643634622,1
0.0339577176018604,-1.6325853997849915,-1.2194712076737229,-1.0521728011113118,-0.9698031041335796,1
-0.6118769895931249,-0.8905544492803361,-0.3708566457717561,0.8092476746693283,-1.010077780861243,1
-1.2169489922696344,-0.0886784176354358,-0.072925570022932,-1.0811118068701362,0.2356349698373579,0
-1.2286852631977605,1.0408045353134148,0.930953840092708,-1.001137682762892,0.3744597976788933,2
-1.1878493155858891,0.4241743273761311,0.9157723343555336,-0.5611029255976101,0.5958780975396547,1
-1.2088176546038918,-0.8735528416931163,0.553387740738515,0.972662405187106,1.5464879442636006,1
-1.4451228055541152,-0.9649684154488828,-0.2796542274709631,0.5843232407109658,0.1321627159507475,2
2.110968682811704,-2.2142307938099157,-0.0645999465357095,-0.1638531557693297,2.0784439875718985,2
0.8049011763436098,0.2113316915847187,0.1431545025858809,0.0301409388766127,0.4715825779995268,1
1.0287522665439368,1.3767284446890158,0.4751394291207242,0.2396310777863116,-1.1467039604604987,1
0.7283579293852349,-0.6149623903047247,0.92246249688867,0.8474467297284448,-0.4190962575877412,0
0.3074015462440022,1.41836944266052,0.7661521681390401,1.5521264620082036,-0.6023592131838499,1
1.081660925694102,-0.4369109390591102,0.194871453227988,0.0500066033629079,0.9476322142227992,0
-0.9798141706878428,0.818582080397091,0.7227944932302797,-0.7258003368443007,0.2050042773204328,0
-0.065202541267421,-1.458539807091675,-1.3360035129344283,0.3388670143488421,-1.389723996309685,1
-0.2955399409141198,-0.3260687182946152,-1.0814521928522047,-0.3766581053684666,-0.1029941845052874,1
-1.1233535286613887,-0.9334557712426124,0.5871898501126839,-0.4454844062273938,0.6358818066523496,0
-1.0496839161295328,-0.7654251844656187,0.8978833615187491,-0.0188764340566481,0.3135328355515689,0
1.3299983417650634,0.518367159545235,1.4182570407262345,1.278085991856924,0.255069458990935,1
1.3428188178450888,-0.1571314749066452,1.1573971150703108,0.1960763508051578,0.7672080898480651,0
-1.767035368071318,0.6958305136464449,1.0550295845013808,0.2364658566179923,-0.4649057819427521,1
-0.1949335764383415,0.8519732061231392,-1.539946497125622,0.6976730439655462,-1.732615816506592,2
-0.7042037963049668,0.6699056727255489,0.9734450713265048,0.6900287795188231,0.3044791020444372,0
0.7215196649833695,1.4629514865062454,1.326264243192048,0.6449096903630653,-1.5154427837604303,2
-0.1769096697434858,-0.0355874023052055,-0.7170108772600836,-2.570844841806287,0.5647609358120932,2
1.0820234415950114,-0.5194996424523782,1.1380720655215335,0.8479032416179324,0.7897455636489682,1
-0.2885442481315622,1.4959238504511865,0.4236574900627882,1.1034099977857952,0.7345671793359617,1
-0.6987981481159253,1.3854343753547218,1.068508939954766,-1.3251688079940385,-0.6417933900899775,2
1.9055612228092635,0.781452683655863,-0.583802010332344,-1.0729601753183506,-0.7216591272866661,2
0.3539253197923573,-0.2775246623034926,-0.0229841356788961,1.3385076380907692,0.2184934592473678,1
-1.1536330533481731,-0.4152306875828523,-0.5054386483151347,-0.4158994257421857,-0.9887014049418846,0
0.3372152785040714,-0.2460367716955268,-0.0263451817883989,-0.2523761814313395,0.0019005128803414,1
1.455117644428619,1.49681854205225,1.0540579690730565,1.1321227493585038,1.3203803733785937,2
0.5722443156811475,0.3189375153155936,-0.535944871973341,-1.2387098589192305,1.7842758706317634,2
-1.3064835652732003,0.9169695325185304,0.3879258101881687,-0.7719726309912239,-0.296027273347589,0
0.061078711165306,-1.2978289905485594,-0.478822339029077,1.331730431342352,-0.2180317642964584,1
-1.9810131410787009,2.270769488605536,-1.0339317886352688,-2.568172878973582,0.9093089927914862,2
1.3325094175219887,-0.9609636657119006,-0.88649599934439,-0.8453104505297143,0.6069478992115457,0
-0.9810124335079254,1.554628880939631,0.4838226700982732,2.686597928881193,-2.0323227696329003,2
-0.4444568805438209,-0.4256342301033104,0.1700517298423011,-0.262688781644845,-0.4769056178625223,1
0.6598680009299915,1.1557284289020149,0.0294924717926484,-0.7626736786371893,0.6056558587591467,1
-0.2870111911593857,0.5441865467574295,0.6820425777356326,-0.6473109914503877,-0.3280900914500055,0
0.0110250404122325,0.6191919200758119,-0.7466650119810867,0.0569050531104761,0.2827815020138751,1
-0.287911920291524,0.3807029702669708,-0.6486878087648427,-0.8338241060413986,-0.8512638912255283,0
-0.7051131909968978,-0.6760578096723038,0.7290188685183101,1.999330242032986,-0.236865225364716,2
-0.7723697535927246,1.6052815680006878,-0.2567228514398813,1.409126309620358,0.4564031359356869,1
1.136082495060463,0.170283784994503,1.0894564526224122,0.047832971425248,-0.7945023845424006,0
1.557621742454785,-0.2351316050615878,-0.9196678222095104,1.5675459007900612,0.4334933739070696,1
-1.0607190228442105,-1.3348737656844618,1.4045766794205392,0.4269842787040834,-1.399187967250897,1
-0.1675195422352584,1.4556072325008853,0.5626368933444504,1.2964144447560568,-0.5725282857470083,1
-1.5274124775849771,-0.4425348668649962,-1.527389803837645,0.92614845915621,0.5030566529900918,1
0.1660755226462585,1.7907194697336155,1.4137631328628186,-0.5458229763843321,1.3175245873803942,1
-1.5368203392440063,-1.601241021878074,0.4446412408091693,-1.650375903299719,-0.2709699443164892,2
0.6651091716336364,-1.5582415275015309,-0.2787390429577727,1.5665393804317886,0.01866232666696,1
-1.1680488589176758,1.5485180096286737,-0.7402492924213883,0.0801977638129613,-0.3102315264954554,1
0.0927876720287216,1.593486815985827,1.2665422098725982,-0.2513788138626414,-1.3137395654166073,1
-0.1600381320911279,1.4990261245312968,0.4416523508439992,1.4196603676857331,1.3477588143375776,1
-1.6220425443791804,1.318993256555082,-1.091717580659536,-1.5646037176491017,1.127674965334757,2
0.1344476760228676,-0.3136116453622526,0.190101101897702,-0.8613488584699581,1.0109319377516182,0
-0.980842760383338,-0.9920897212686473,-0.1558990775304512,0.3191869939479091,-0.9076380714825224,0
0.0946078054997476,-0.8217894396474401,0.3987708337704987,1.1368518768046334,0.5119051726260695,1
1.6551618850342715,1.2012929144761617,-1.7550500778346605,2.7152244674778667,1.722346550361106,2
-0.4106974464438976,-1.3100628572292257,1.3597273042496008,2.1312452396662747,2.015368214228318,2
-1.3093594414537002,-0.941836309321352,1.2924871008702037,0.3492055603064166,-0.6463684616151305,1
-0.2469404266452777,-1.4778561055877026,0.7450154333755507,1.3697995381242816,0.3861286471781565,1
0.4299172486718079,0.938549480586767,-0.391315017788989,-0.1241341195806599,1.0814919132014291,0
0.0330309627713044,-0.0981211803438072,-1.0724412262447487,0.3999392360187077,0.5698333939813137,0
-1.4558894069205806,1.1653762322846957,0.6545189928783709,-0.1639103682233758,1.0292445190418305,1
-0.595061386972792,0.2416208364983054,0.5075081648005886,-0.9016403796559443,0.7083735096559466,1
0.8654863348123449,-1.781836442212741,0.9772899037603114,0.1252080374713133,-1.0536142934157045,2
-1.5760122199999855,0.6826539532122518,-1.7590451703735714,-0.8353290274644068,1.334228579225911,2
-0.6792777199122462,-0.3381468105137123,0.6896222925897598,0.5505356112894773,0.4039705425602541,0
0.1203968995259419,-0.2464796801219052,1.0054504358749032,-0.8635247543473957,1.329721639014613,2
1.4043706244071923,0.0613535400691562,-2.0207264551948017,0.7776626094710689,1.375197907209817,2
-2.0231253023577813,1.1269691107373312,-2.170300623602383,2.3109642099994527,2.194825142326199,2
-0.6051815806427261,-1.1780748716618852,0.003090574376723,-0.6931624356776985,0.988109922000065,0
0.5360356471132528,-0.9431163661937428,-0.7437780518261071,-1.0274989853250802,-0.4079996108287889,0
0.127253944078828,-0.5105294122073089,0.1896730538168394,-0.0895384717034842,-1.3249050785025254,1
-0.8847342015007078,0.1056403493909279,0.3447534122827163,-0.4839380312276588,1.2159042250513563,1
0.8021937511978561,0.7822738140170553,0.8054280631596136,0.1846647988037838,-0.4635063114508242,0
-1.1855318096150314,-0.9318610251123722,1.1154815413598451,-0.9930085578812234,-1.175989986573963,1
-1.7201658542715874,2.173147464086343,-0.3873732369019322,1.8454294031583884,-1.7779438803004528,2
0.660710004630825,-0.6255111124079713,0.3022492302516722,0.4610264085046316,-1.0792446745431057,1
-0.8413821483662375,-1.4776777086530442,-1.238787883588421,2.1531144232083017,-0.6246459259772503,2
-0.4319881848729738,1.0796607939965162,-0.6330787220432974,0.3781658456984398,1.006632836228368,0
-0.2270018186281022,0.1742263698068322,1.07296120952761,-1.0172941395568025,0.2944881502139584,0
-1.040350385285272,-0.8778021975139675,0.9201086952882216,-0.6645503857756372,-1.045723240831017,1
0.603148211218949,1.499547841395519,-0.0145053033547836,-0.2424035929083713,1.7770061136055688,2
1.0064723308438417,-1.1557360601599334,-1.1529576037218303,-1.0384074883465173,-1.0596660077629716,1
0.7719489128515151,-0.4943122613358675,-0.2034037712301279,-0.9555379456022488,0.3247871791222179,0
0.9205176356522164,-0.1637577708667141,2.1733448719499617,-2.26631675654382,-2.0944131887621924,2
-0.6319289701317481,-0.5898909074042233,0.8590439337091149,0.390081245714368,-1.1239526193681892,1
-0.6809362477123475,-1.4380683442704094,1.952197525727521,-0.1040321790664479,0.4752050317709498,2
0.9530667212990496,-0.4918094182836687,-0.7202419040855076,-1.11088560446233,0.5928553081956973,1
-1.0870883344089144,1.809578495732444,-0.7003678669190647,0.1701316735936545,-0.1096460175130265,1
1.6110952369700562,-1.2449875536367598,-0.5826213997709273,1.6220013588090736,0.3330460298120296,1
1.6866913794115457,1.4142013822166963,-1.810859440614603,2.35700504414734,-2.500254302429279,2
1.2362024601990842,-0.3428942798980074,-1.0156366630398332,-0.6608934320229651,-0.0797739881390734,0
-0.1279905365840213,-0.5518219856901303,0.8061544562097472,-0.4396440625268372,0.1402693387294312,0
2.259418300775135,1.1772408641655734,0.1301663976899896,1.0967953253535838,-0.6564858540675805,2
-1.7076631972627687,-0.8861950337156465,0.4793793084552713,-1.8889109126541324,0.4318549020994478,2
0.4413449007903373,0.6870787218178126,0.6037675393190485,1.569476814193236,0.8095984246361525,1
1.195054497337383,-0.9976829112334364,2.349261940885929,2.6093742855290816,1.3015942166292702,2
0.9343906398466332,-0.4063923688503219,1.3779180550559382,-0.1043239487118074,0.042568147075743,1
1.0743335372012914,-1.1854106316291355,0.5181920773995997,1.1464828512479517,0.9914189332099606,2
0.4083094407429852,1.57280941620251,1.012993711385577,-1.093796260234693,-2.186682117578871,2
-0.9780461969990518,-0.1929364506251043,-1.277836632678505,1.515697130349151,0.5929257828609888,1
0.8672811012949421,-0.0194534131422718,-0.85881615652306,-0.3943948832742078,0.8482332434049836,0
1.693860348376628,1.6526334373423253,1.442063660413953,-0.0328160353802403,1.1986034082422417,1
-1.6021907716551185,0.2201262385545845,-0.7749903185115266,1.0073269531798013,0.1953466842378077,1
0.205351153608309,0.7895462629217745,0.7655132816585147,-0.3305813067341197,-0.5652117303817554,1
0.342372689287063,0.8816075166366698,0.8915397110119382,0.8476971027892196,0.0337905023753221,1
0.5337262488099771,0.8157250938197909,-0.3122056338134993,0.8427568950931099,-0.9093687178274256,1
-0.2839324235374084,-1.1957770966819334,0.911900369267114,1.3893363047338587,-0.2877415755847511,1
0.1250533872315397,0.6674394546890187,-0.324592779406288,-0.2839154501182434,0.5148363243111373,1
0.2859567865693908,-0.4163410621763823,0.2019442970835543,-0.7985980405672324,-0.6860440853482537,0
-1.2775753217652377,0.0283551298928755,-0.4254050554382618,-0.1755149827654664,-0.966738982723464,0
-0.7969076401031845,-0.3711181097165846,-0.7450455208512574,-0.0479608635491497,0.6204363998780791,1
-0.4390981098607355,1.3631980633601395,1.7025569770475288,-0.7971843912635915,-0.4543475964417287,1
0.1139427529440645,-1.0298467490432328,-0.9572334346810796,-0.5592546476186071,0.0596872915839064,0
0.8657671424834888,-1.2515327526697924,-0.5392883519182585,-0.8280416137172697,-1.037251688666173,0
0.0816921182619942,0.7193586715791664,0.3655781742308373,0.8982147429890961,-1.2613210634474137,1
-0.4986245627455203,-1.4378032271073784,1.904843359208055,-0.2433182979236557,0.3720031446643277,2
-1.1620725146617774,0.2827471148653579,-0.5633003296013541,-0.1960364425259248,-1.345605423162688,2
0.1707065382816056,-0.6335787160650768,-0.1132185386771458,0.7668542328038402,-0.761569925752641,0
-0.0438007519546849,-0.4677965873754413,-0.2018936980661637,-1.1078028137095852,1.069279435583771,0
-0.8889716155072784,0.2303574766815016,0.6233839424184103,-1.0403292628174978,-1.0274312468110232,0
-0.6682143914164179,-1.71593663303431,-1.2742845097829687,-1.1072055727295176,1.4191208055089508,1
0.4239211356023337,-1.4140169864757692,-1.6172269540696134,-0.8361658904174438,-2.00396225496824,2
-0.7507549179345275,-0.9550118867288,0.1603041428976729,-0.987963953302962,0.6133813280232543,0
-0.6535942638784062,-0.5007818256881675,0.9852019547494896,0.2346119407407494,0.7238483936218217,0
1.856613729020198,-1.9790017016922012,-0.267067410432343,-1.3591432483638046,-1.3703161741550036,2
0.0099523776155302,0.7560544855052959,0.3091844787162622,0.4787561196114747,-0.5373268741203056,0
-1.091466800281955,0.0805693723763458,0.1909681864154373,0.2682332519671749,1.0845436678542613,0
-0.0723114430470531,-0.8750312910399758,-0.446009637275366,-0.64587159144186,0.6295653326451981,0
1.6337841679003573,1.3193246650075838,1.7313316273335786,-1.104394629422473,2.4923781691043194,2
0.747305677047478,-0.2287436410844013,0.2068008172417681,-0.8405884486736955,-0.5129852588928889,0
-0.1989236674862905,-0.5194066680037884,0.5731490543810279,0.3399042943661478,-0.7667639166651691,0
0.1973424564566065,-0.9792280884305786,-0.7681939064269239,-0.0024602990983603,0.8116940268425475,2
-2.14087953141779,0.1310161199260953,2.5589119872395374,2.606948503734612,1.2788137048667934,2
1.1919793718087757,-1.1914310740806209,0.9471099500426156,-0.3172817166900034,-0.986531263424374,0
0.0729718424201443,0.7557949014382539,0.9608140106197348,0.0971427070336996,0.2460328524000281,1
-0.9334896281818136,1.2019547166880815,-0.5289681430595082,-0.903620157664372,-0.124161787207273,0
-0.8001478575867542,0.1509819106493226,0.0096669262470496,-1.1415890878421155,-1.0078203434408262,1
0.9522147590258316,-0.1916618753631241,1.1548109321349995,-0.4777234675962102,0.8512566764224186,1
-1.4994009272575275,0.1044443061004548,-1.4549903837907443,0.4916547918279476,0.8043514323124401,2
-0.0129714351646849,0.4115083170807698,-0.0427372710748405,1.7958002382956353,-0.0311627827011948,2
1.7436268523244691,1.179167501193154,-0.89106390810633,1.334608972107559,-0.8958101876058343,2
0.1591194189023733,-0.1339832782339204,0.7358345373022279,0.8921545625875059,-1.0286643968715878,2
-1.3359929144462035,0.2384999568794151,2.4937811850867644,-0.5686810853148168,-2.482500324193865,2
-0.4008345987897029,0.7323748525074452,0.3959705375472033,2.0030668933270146,1.7706302480674896,2
-0.5572269738399351,0.3261929236712366,0.2274585156985261,-1.0837836256371134,-0.1557417503111402,0
-1.3951337555388372,0.7584198898596909,-0.4246348519083093,-0.2355486834970131,-0.2811687817949888,0
0.6026407610636841,-0.4766511176855796,0.5223154100640793,-0.614247816263279,-0.7000371410023366,0
-1.170215980239247,0.8572501079692366,0.661586793070118,-0.3446601497472655,-0.4331310205128706,0
-0.0245562561767131,-1.609578422846866,-0.7990973968743518,-0.3436846803077473,0.2845658123851197,1
-1.4937457010915356,1.808836350001685,0.2970779276792337,2.309933408850325,-2.344951805079158,2
-0.8448867853196105,-1.0292599631559372,0.3387972924353449,-0.9763922257449946,0.912415402644654,0
0.5806388652276652,-1.7497678255136928,-0.4217664442574454,0.4784250266395362,0.6783179076465378,1
0.0620764455708287,0.0141024696113576,0.2743770820735021,0.7325631632030898,-0.7869915281295924,0
-0.2117401899109691,-2.566932936220831,1.7897243570323962,0.0051607139241142,-2.3182738486393983,2
-0.8052765415266403,-1.2213625140355873,0.0117497121766392,-0.1514867901144278,-0.0504633218564167,1
-1.6986530125218822,-0.8946420564019018,-0.5539759230699668,-0.64537007692313,0.759612227566794,1
-0.053540726659685,-0.6487074748696446,-0.541565848502916,-0.5074898937908312,-0.101610498361476,0
1.3482662054711618,-1.0613904233561031,0.3392750590491152,-0.2519442137757336,-0.0762743347669759,0
0.1420297896032208,-1.1410036584130772,-1.356986520516878,-0.4515794983341091,-0.7053693553536994,1
0.1802459235808753,-1.263289591054802,0.7678464584493581,-1.0933894791623648,-0.5911784243569643,0
-0.0040088563877822,-0.734960354094228,-0.2273415721480325,0.2329274376620467,0.3918788193443359,0
1.0916181520893844,-0.7380477471830696,-0.565692470303606,-0.9155088131974816,0.6467540492107371,0
0.2643843343743753,0.5305105579162686,-0.7171731378285858,0.9072429582164404,0.9605500415143652,1
-0.1793450369327915,0.8470232157111375,0.8424895924672557,-0.2033195554916209,-0.6769260736647139,0
-0.4181069515309192,-1.1120328300145317,1.7978682059583853,-0.3566250791465338,1.1924519598512666,2
-0.3512422148077119,0.1072793708292732,-0.6552573848138779,0.3549639181188887,-0.3196886164359687,0
0.9163527480663908,-0.8506681606684223,0.22291894417027,-0.9688965528603816,2.13348525101655,2
-1.182895406270076,-0.6486558085665868,-0.536056451849491,-0.7939347785862956,0.507158804688468,0
-0.9050096581381206,-1.198912393316367,-1.0210670997850446,0.4309314754810319,-0.569393153635947,1
0.2602673102726417,1.1731171039292905,0.1224742697486564,-0.6769639350203133,0.5829024624503253,0
-0.78357791118838,-0.5265320965269324,-0.0229370578607711,0.5553901709255459,-0.2186514572699307,0
2.1553723552843813,-1.6182286663229712,1.9284886360212117,2.4206425441809087,0.4038158935857942,2
2.000165441290732,-1.846317658158914,0.6309209157460062,2.693050309207258,-2.4543788773896216,2
1.3333788602219718,-0.4773766058465695,-0.1024458693781182,-0.0729900731693789,0.1088612446598044,1
1.1682027354544409,-0.4095250355332011,-1.1361302726564833,-0.7207547138918485,-1.3916618908663791,1
0.1247458349019994,0.2085287239208651,-0.3778126183177546,-0.7213874249596837,-0.8100296923141643,0
0.2559877447946769,0.4024232016172474,-0.8321450849323724,0.7146949598540243,0.0811429882665364,1
1.6648610237950645,-0.2649599783168189,-0.0420281943012639,1.1268300487963163,-0.3692862146690968,1
-0.1151799750580463,0.6730506054418172,0.7816636655472212,0.5277444223991534,0.9215528725809944,0
0.199936319811032,-1.1138053457666632,-1.179083739312974,-0.5107639451940978,-0.4400554906067206,1
-1.336441555695069,1.1871967579690563,-0.5833621610121023,-0.3232143787327173,-0.2423117019195785,0
0.831077168070656,1.1532483174373478,-0.9453455996285456,-0.466131274313339,1.097026974775519,0
0.0096217691327392,0.1917993840665969,1.046821402090556,1.3157066743239734,0.0613975848959532,2
-1.207004876055232,0.5876740913666332,-0.5721393037350093,0.6413655284697991,0.3393295012194486,0
-0.2063887810557126,-1.196951806610315,0.021195875774637,0.558637536135697,0.6691111432248317,0
-2.26056132107378,0.9125156624566644,-1.106255097308539,-1.0607078414890752,-0.9509139652251306,2
-0.511156172788324,-0.092195408526161,-0.2228722502152686,-0.2470468326128045,-0.716121063261292,1
-1.4803907485033263,1.3176239808094736,-0.7598315538551786,-1.9668376294616825,1.1284212183924542,2
-0.9029637421810226,-1.1683798741522122,-0.9636515209657492,0.4754919909055434,-0.5803403427917879,2
-1.1494771514287987,-0.4116041666015883,-1.6095355839646217,1.345773173801905,0.3233461780038464,1
-0.231591717304978,-0.6895616515513304,-1.3234032871241357,1.378642448314624,1.1677544763382208,1
-0.0079245969572434,0.3686114582602491,0.8158048927813911,-0.2524744838009116,0.2683328858534706,1
0.3452830897707281,1.0368013138684196,-0.87118767425728,1.0398434418119171,-0.3116542317745908,1
0.0345989489293489,-1.5911573808603643,-0.5036448533859722,0.1837182258991485,0.7373947916605844,1
0.9289409685247716,-0.0532715757790068,0.4242801835467061,-0.7533519661874792,1.1344590173618685,0
1.1779676090742188,-1.1826058464178169,1.8707085179990317,-2.813920127942002,-0.4429107430919144,2
-0.3181419029530514,1.6285143596167655,1.4702016125508617,-1.6355784408476788,2.392406650736487,2
-1.3668235292362263,-0.6484133001541207,-0.0458049988920694,0.6677107745604567,-0.9311814489544586,0
1.794553585111761,0.854210310759863,-0.6240314784373723,1.0406725708493545,-0.1881522745095788,2
-0.5323711704623919,-1.3500461417071412,-2.394726879077842,1.9449311477010465,2.3682693351482564,2
-0.961009941878794,1.7674176142399831,-1.672481138216961,-0.0435963991021694,1.360226768229996,2
-0.2216287088806746,1.087243734967704,0.8372849618066843,-0.4233942126523185,-0.4977949190633836,0
-0.6917853099155306,-0.016637984368463,0.1928380716866346,-0.3939492314870682,0.3382330245500542,0
0.3403901894929797,2.155406836162705,0.1394493473544112,2.350082741119765,-1.38099239821229,2
-1.5705023482305362,-0.9149595301909624,-0.7815706026586786,0.1430121728215559,-0.8500597725553684,1
-0.7629434285678509,-1.085799416523509,-0.0286343159057582,0.8119328558536494,-0.6774561069446638,1
-0.0266955536158543,-0.8277933292710359,-0.9400286900027116,1.3072854007905357,-0.1333623026269548,1
0.1855041965201688,1.5868890074861517,-1.668407349196396,0.3043653107005002,0.0042308983051769,2
0.3916725225333824,-0.3283596015584633,-0.985550311900492,-0.670129060767631,-0.4209460988848389,0
0.6209649881624605,-1.3229364673630477,-0.8881018363099635,-1.110077433622887,0.7496987558493193,1
0.7285549620099706,0.2644112056096401,1.3571509223597715,0.2188088928537168,-0.6872941086633753,1
-0.521032780065458,0.059604688439198,0.295217944478349,-1.1306820911458977,-0.0384747219729801,1
-1.1252821480306892,-1.2338367252601925,0.9327166954178862,-0.688016444784548,-1.0060435651628497,1
-0.2746882815899991,-0.5857354529315089,2.539727144758167,-2.5554364734221995,0.7075387318297256,2
1.1272935659684598,-1.0636473952580738,-0.4814960687318392,-0.8107408211915397,-0.398558811918512,0
1.019254833669443,0.0723885160986111,0.3912984876775528,0.6576553705240914,0.1211148929861344,1
-0.7848709352664281,0.5435679433119025,-1.1196428024115872,-0.0614403328322716,-0.2610606999388083,0
0.5321277171240262,0.9431613036005884,1.105120137935787,-0.0426143287381672,-0.8492067528783325,2
-1.4078600571977309,-1.2054927652115432,1.90888820809578,0.4589342008467446,2.4677864154022693,2
-0.2660921268836532,0.3752551350440358,0.8776060901854021,-0.8301190687545655,-0.3651579096609492,0
0.524306899230452,0.1384302039129271,-1.0482328205300158,0.1164695208640897,-0.6277513790911625,0
-1.442302341851991,1.421509118886735,-1.5024825267248638,1.757040263777921,0.5923816522787899,2
-0.2870235294038293,-0.9033985655620536,-0.4719882109924344,-0.5784806833950616,0.2843648543635486,0
0.7773593217647939,-0.4061350603499985,1.2604552444001116,0.114931496418514,-0.3090983793975529,1
-0.2979718962564532,0.268379657911972,0.1690252449019433,0.644117411963106,0.3877670257210804,1
-0.5775294146185811,0.932239689187474,1.0426044868244906,-0.2717426845435862,-0.3959533370859854,0
0.7066598471944918,0.6354376024270735,-0.1443058425824009,1.1053564832667084,1.105651725370593,1
-1.411998068694028,-0.9875078175231344,0.5879870692719852,0.5633656636334525,0.8125680603272892,1
0.1251577137748262,-1.6573966366215134,-1.1582675976522736,-0.9130784923527324,-0.9310096910501192,1
-0.8930146111234446,0.4973672965402925,-0.3153478080905024,-0.8478119894282123,0.9112279330365326,0
-0.6670670964051081,0.773193822666355,-0.1309972669438915,1.0045376018414478,-1.3612817682552931,2
-1.1911893086539025,0.7943705704955407,-1.2972981377330506,0.3668875778077866,1.5675684875345066,1
-1.0995352520520758,1.6972107024298768,1.3093517316766878,-1.0799386116475405,-1.5357667443744225,1
-0.4939241815754498,0.7724030927078447,0.059833563678837,0.9191984623108838,-1.5226610691131803,2
0.7926474562153198,0.0887689863172796,-1.1210036908014251,-0.8098030197895996,0.2306578806204929,2
-0.6296741476874709,-0.3890408006327334,-1.3472540456982722,0.6496668615959398,-0.1919989691370941,1
-0.3289712929041593,0.9898037403758932,-1.0704713593045887,-0.1113975070839558,-0.3150213022099809,1
1.288607450120966,1.1087073388834323,0.8150246155348656,-0.7808774046571012,-0.0102099190621172,0
-0.8112837727238462,-0.1165638252930206,-0.3351251198881769,-1.0768597244677665,-0.9748444472746316,0
-0.4832076516106525,-0.1358498257999551,-0.8409660649659554,-0.1356205523393472,0.4133497095430815,0
-2.080918495574142,-0.8474426967659693,0.5497668781351924,-2.3169166806098347,2.336057528212037,2
-0.1281933499354197,-0.8914175678412888,0.0353542933375301,1.613500656553159,-0.4073568779890168,1
-0.6651949256581957,-0.9660647282132572,-1.5981164473970833,0.2680358478924859,0.1308542170284601,1
0.1403946987084229,0.7718545015697271,-0.3005796189624397,-1.1359068820394482,2.035991843444615,2
0.0722978301273846,-0.6784933485673329,1.960991557627284,0.5523615657169318,1.2476123307680198,2
-0.9074093359775708,1.6962209797330725,-1.8883442789828688,-0.0266800288099516,0.5006950840017215,2
0.9486153561752916,-0.7587372608278788,-0.4002842677677742,-0.103552529507269,0.5905243101997569,1
0.5494239541933731,-0.0125284341873206,-0.8307938975836284,0.3836541804540187,-0.0061633901719002,0
1.6523664640008322,-0.1471858798322159,0.147502403512415,-1.031961965982605,1.9714011053756095,2
0.7465009652235278,0.2095976498195519,0.521684803493933,0.1034437889675823,-0.7132521411877415,0
0.3277334636600559,-0.1159411252229502,0.6323439932526088,-0.9716452054362008,-0.678014472905391,0
1.2296940934056653,-0.98674742280075,0.342976329424654,-0.1105697322366639,-0.9650411291204892,0
1.0950034432029312,1.171930519608859,-0.0601813202326792,0.2917097632926949,1.043119170534213,1
-0.9310224893523888,-0.5002774348185095,0.4375859193564173,-0.1755521420729052,0.9336395551137676,1
0.4067025344432035,1.1396490034180888,-1.6273337519876836,-2.330805507650953,-0.8043205055021015,2
-1.5643421081812594,1.5708583028518768,-1.3591205363566865,-0.3020802013179973,1.5323446128687206,2
1.17898546604829,1.3327331306756889,0.5787682963311731,-0.9760002230280254,1.427035788030066,2
-1.561005263246641,0.1761375086183158,1.393073150410323,0.1088146283433562,-0.4013397585090677,1
0.3741371960368885,0.0733727298929326,0.2831039933180235,0.2984012149413723,0.5553613123908373,0
-0.1695578031375794,1.4853300150583002,-0.1919176350672284,2.0969572884019336,-0.6534239933688081,2
-0.4747136468230363,-0.9534682448002292,-0.3476478508612483,-1.897612243503276,0.5518832006164035,2
1.1744283278804135,0.201586627578049,-0.912953763170821,0.4355613054726094,-1.1734193996599784,1
0.3372420418738343,-0.9027094435898546,-0.38399547081098,1.3491767642023282,-0.5186757557049235,1
-0.5195710582360752,0.4856551715304122,0.8254533088086874,-1.2091717762809862,-0.8090729590758604,2
0.914880221165888,-0.5517504075446942,-1.3788537632301776,1.4589436619735798,0.8033047048508241,2
0.2332307506144401,-0.9719289424467448,-1.0957096837728484,-0.3024061060427617,0.9225802219228264,1
1.0911102631537024,0.1683620664045971,-0.2521534047585045,0.1421871065688627,0.0826456427833802,0
1.861628252865493,-2.339839070333632,2.246449524104533,-1.6814860144392594,-1.846703583365928,2
1.6579716340956636,0.7835088127900507,0.2836141293712934,-0.4704577793467414,-1.4644912160879406,2
0.8664742448578375,-1.3064519638408132,0.496276890542957,1.4686849440426692,-0.6502923178990481,1
-1.2893082378926737,0.9558703262753392,-0.8052540305396381,0.1842181026327363,0.6099018682863598,0
-0.5873215615262125,-0.5939738149046246,0.0436652577299449,1.283594273864584,0.3623768935663063,1
-0.2635213003201958,1.2823549052142489,-1.5248664592654737,0.5980865011720586,0.8674603038873501,1
-1.235909785608072,0.3474514191334098,-0.613135319243042,0.7857347877970594,0.8241585867470008,0
1.2257850027303758,0.781721997727096,-1.3973902027840837,1.36266579417184,-1.5381459274487492,1
0.2836727490893061,-0.8415402573639897,1.0948709897840534,0.6788732598882413,-0.9007374570698492,0
0.2713206596926431,0.7517402985569791,-0.8623527995837186,-0.061581351815288,-0.7402850632782265,0
1.2647873002555865,-2.1761672763639948,-1.900867838053525,0.4752509573846606,-2.192144719794704,2
0.344050238089513,0.1526490141256005,-0.7209644480870112,-0.9206472236798704,-0.4170905860330505,0
-0.6016050805353086,-0.8063947446535314,0.7692081919798439,-0.7994022073610885,0.4027583540110679,0
0.1534257912634606,-0.6797819144645725,-0.1268025660477775,-1.2192186127622175,-0.6401603203912182,1
-1.8331081811720429,1.0953079289616927,0.6141172092058597,2.2313136229677366,-0.0075504259257799,2
1.6297285042321268,-1.1743765426423838,1.3959405722419278,0.1622500755455845,1.156048280649104,1
-0.026371300531068,-0.6580200189706739,-1.3026156807744265,-0.4637307589466121,0.1836614491123495,1
-0.7029907194283534,-0.5215427107366547,0.820827444801438,-0.1360423759533421,0.8392353866951261,0
0.7552335751795383,0.1722601452360736,1.7638645098249122,0.9498219739616636,-1.5857485821057815,2
-0.7166782559548699,-1.5327706609543803,-2.276159498765023,0.0899342012820516,1.6868635030620636,2
0.4988268356585768,0.9204072887225482,1.1060528468437956,-0.9429898007366714,0.4570333212853058,0
1.9568611469389936,2.1297595372648668,2.5697833812351214,0.5640262372263479,-2.632483188602716,2
-1.1102913314443543,-1.5054426133632333,-0.54877707241187,-2.0768175339468304,-1.0913499868511238,2
0.5501633040197709,0.8982655685464005,-0.1166221099592724,-0.2171606231870338,-0.5067885754817748,0
0.3295401503147668,1.3627907484798207,2.0068403359875826,1.982900320890064,-1.5457976459531662,2
1.17101413199824,-0.0827194024100048,-0.6684978920807908,0.9779627412773484,0.931250570447068,0
-0.4374615933680713,1.6432989408367291,1.08254524096948,-0.945109433486656,0.0385359706845033,2
0.0887704436066765,-1.8976355920897623,-0.172870117404936,2.603631737964711,0.7178648266457941,2
0.6674469981106775,-1.3225368912671944,1.2325004837638949,1.3794644577048412,-1.0919251781388069,1
-0.6557839277055477,-1.6748308993260377,-0.8767661036045616,-0.2609499026947565,-0.3900071114168733,1
1.7262551452831554,-0.0238137152633589,0.5837766900912997,-0.1383668293307788,-0.8861830284681249,1
0.5399769210189602,-0.4830406738223544,-0.3576170180379546,-1.120447945172354,0.8469753591856587,0
0.6728842839665187,1.0450235087344943,0.7450560304534721,-0.1680126943102044,-1.955644227228693,2
-1.0087273787008315,0.3057958944889943,0.3103949737077753,0.161309897485647,0.5941494473777552,1
-1.8254183817645844,-1.4254826522786557,0.8307228668432237,0.6282385407073432,-0.90299159427538,1
-0.0896067919410594,1.2068725241505145,0.5037231760727184,-0.91447470487941,0.3767952483733319,0
-0.9503471105910622,0.6652906567034043,1.1121766651249898,1.444905639720481,-0.2736719506921254,2
0.0642251499279035,-0.928049946914252,-0.2397057775986472,0.5569553571091942,0.1238339758823882,0
-0.4385456717947482,-0.460325605533102,-0.5164335602461972,0.3922855033114206,-0.7822738724759275,0
-0.8447575893661409,0.0460196811900742,-0.3278494772072188,-0.996035775596636,0.0086894373208672,0
1.8222667981461824,0.3315382561396378,1.908872890694173,-2.005727363765225,1.3197885100735034,2
-1.0097774528964376,0.5005907963620887,-0.1950353767662125,0.509238355163185,0.9599921770021976,0
1.3077382079123263,0.1885324213625435,-0.6058737221541214,0.6428935005993193,-1.8580761791531588,2
1.0784917063634971,1.194775976349287,-1.0665495681989672,-0.4524072489746341,0.3176939959588883,1
0.4797290971749793,-0.3868971377978029,0.5018728376052937,-0.4707451182631579,-0.1877075995116007,0
-0.7498721377959066,1.6357435722236062,0.8719156806522738,-1.4782420532797709,2.396635917713604,2
0.8128607813373475,1.8135243505674987,2.407671898714137,-2.5515618920418106,1.8792168119105963,2
0.7041138936687,0.9226504803138876,-0.9341082735457013,-0.0265104556494769,-0.7697647691696226,0
1.2289987495841437,0.092606269031263,-2.1190441657216845,-2.1536482219614275,1.4460737898978069,2
-0.3246635672943695,0.738785460262488,1.1980649034835555,1.0451575082311368,-0.083989131073362,1
-1.1538652989258604,-0.1016326534274524,0.4684720012292326,0.4037839776319812,0.887373344899002,0
-0.0904145785238101,0.1308589691526721,0.9963005115937822,-1.0824337942722957,0.3100639892699909,0
0.1477218288710649,0.7054741109398293,0.6048117605585165,0.9040479010135108,-0.0699835127546262,0
-0.189030849972851,0.4535068287540857,0.611981458445332,-1.1105637453942796,-0.8319842592954751,0
0.0360902090402692,0.3691736826866171,-0.4271253405819007,-0.3975332488268109,0.1103224728346404,0
-0.289623188934925,0.1192999564067566,-0.1825989430509356,-0.6949844291929029,-0.156332853913344,0
-0.916326265414997,0.9336689509059328,-0.14908365525247,1.1845521635173024,-0.1109023194802696,1
0.1723294122124609,2.258941761242641,-2.295946667109707,-2.830522185896289,0.938843852661556,2
0.4708443789960118,1.226546394050194,-0.2589695854703505,0.3062490236523934,-0.7529084775538487,0
1.4049647896410922,-1.240851605692655,-1.1444697939619826,1.1111673868330043,0.7788200779336452,1
1.749428376652528,-2.2872116071893545,-0.148482586282141,0.687509543696635,-0.7533867332864642,2
0.973294384911152,-1.099297475833807,-1.2555740833720994,1.4041532557924057,-2.1035376111722246,2
0.7004252184542611,-0.2398825353500455,0.2238960818207322,0.7094690682420589,0.2369790944088622,0
-1.4889361400395094,1.6645970963745462,0.5615970421547493,1.6183825258554838,-1.1949635413420916,2
-1.256216859963035,1.2157344033901911,0.1818341280579486,-0.049667847385966,-1.4731941824581254,1
1.6368088536480976,1.3736157257553228,2.450373425521072,1.2190050440730738,-1.8866540395927085,2
1.0180134466030148,-0.7465504778239314,-0.6734534626370353,-0.6041363355342939,0.2864098896906514,0
0.0576866262200981,-0.5229269386620595,-0.2237878740441542,0.762484335493366,-0.1692096858963984,1
1.9822338182841932,-0.5051570730979886,-0.7943852885378601,-1.4602793917481336,-0.1624179122333183,2
0.929937515150016,1.7317036187986097,0.602030191472588,0.9462596662261514,1.8699613446834589,2
-1.316899181827289,0.3375921214111402,-0.4936572453581659,-0.8442081062598287,1.576927695165516,2
-0.1486275697525641,0.4358815971836953,0.6335119882593416,0.084187552514707,-0.3024571252450517,0
0.5216225104267086,-1.1284681251870288,1.0311109305547423,-0.7955359217725554,-0.1655150662648782,0
-1.0489985295286253,-0.462960343970944,0.0499388531726688,0.0984615072280108,-0.2101294951977311,1
-0.6861349368265287,-0.8895722693016239,0.4243877848562961,0.6685854542196108,0.3257536878758751,0
-0.2585465449632594,-0.8343078585016065,-1.0904704946682926,-1.5288581591818724,-1.4330862144009022,2
-1.1700183171148262,0.6514474945762764,-0.8963346856160839,-0.6856787374981098,0.2425325559335692,1
0.422452502349975,1.1092621512795886,0.5390563524940045,-0.1104072322331377,0.7040023372221547,0
-0.0474807529847362,-1.364170101145684,-0.4968734973256962,-0.4541005618004957,1.5540304801999478,2
2.229328450275218,0.6747852979408435,0.6042523402607834,1.4386782177100197,-1.9798649694587336,2
0.6765537979948183,-0.2015110379073281,0.2401989264010866,-0.456383410136743,-0.2834283896623823,0
1.2674469330808336,0.2338373316452691,0.5927855318138329,0.3772704034222462,-0.2050738774298254,0
-1.1933197554877868,0.0113578021479473,-0.2926584266351895,0.5610303844433767,-1.388030372652561,1
-1.1706793902240764,0.1538528339575219,-1.0382615793172545,-1.0266809665563157,1.1203860095791636,0
0.2544471033159247,-0.6995099302021611,1.3464034777472047,1.0658383147296635,-1.3025514106584284,1
1.0150744364207993,0.702362094941053,1.3182860428376255,-0.3710080532163826,0.9970675129705888,1
-1.0940584000967812,1.1936304196133838,0.6677195687474702,1.6063328221885254,-1.529782009800049,1
-0.7092785243675858,-0.2981868279417156,1.2540814324173324,0.4889437418138689,1.296983268287094,1
0.7379062448861397,-0.0341553062991055,0.712796475103875,-0.0513543454082454,0.8886225451532523,1
0.4410077598986519,-0.0100759850467796,-0.3596473415223165,-0.3615707106228805,-0.5477481941092954,2
-0.754194661982872,-0.5873292902171571,-1.3292310675012662,0.9280615911933732,0.0715805331412321,1
-0.4951441560944589,0.5897931739695018,0.5646666936384261,-0.8663087018250808,1.1192898850845372,0
-1.068219209483697,-1.0385123049298624,-0.3676630642857862,-1.0336949127836432,-0.5281854953486952,0
0.9933832893928268,1.5247237069981343,0.0570689014421479,0.8643635709102643,-0.8742671599703433,2
-1.275262220866715,0.908944972938734,1.5600146129903358,-0.0598993328358885,0.8258377348626889,1
-1.6842570751576442,1.9882212029815691,1.3202063914745206,0.58496576651497,-0.55474443185803,2
1.1059157596327445,-1.000084773681186,0.1469511417929191,-2.7498836812239973,-2.4576642849198023,2
-0.4731384122617443,1.8494812516574588,-1.138197162252576,0.9471451331743088,-0.9659012413244052,2
-0.7063848025719325,1.0465884701166903,-0.1986878645525693,0.1952521827171573,0.2994042773402782,0
1.291252080433514,-0.1993988148589999,0.8254705960349219,0.2300434909776081,0.1133335211603043,0
-0.5302856141684652,-1.1500431591600788,-1.573506363030722,-0.3889651786391268,-1.333263225765082,1
1.2077724615846128,0.0240762295745968,1.4085091177243303,0.8894056948371551,-0.1241537107928821,1
-0.7746766920494343,1.9333156522402004,-0.4885696267539932,2.2581604812228804,1.4101960020529842,2
-1.0135488198369649,0.9603347265322896,-0.7285281069717282,0.3758631781273172,-0.1575862698085387,0
-0.5589598120594335,0.5509080252037497,0.038125470205707,-0.949885612987152,-0.9012382365888876,1
0.6573784410193028,1.0778385668389232,-0.8845351224278779,0.0239279601443977,-0.9233021352773284,0
-0.4198673201877549,0.2978568325777517,1.6905339399078023,1.3887320789631128,1.2798061350243004,1
1.4773654567244767,0.2027238290769429,-1.4679693308237167,1.2501867360610797,1.1789232318223888,1
-0.4169108709699769,-0.2671292958830549,-0.7547183390408282,0.3747629479785206,1.3477687368698792,1
0.3859563976383071,0.1667992668215222,0.6221430340216955,0.487766912761324,0.1223628227103658,0
1.3013325327001708,0.7939828047225167,0.3054468650789231,-0.3763538296673712,0.049439408798598,0
-1.1462958235028615,-0.9432584801367476,1.1678152114528677,-0.0477329732386728,-0.7165807743820715,1
-1.76647757563207,0.0034292470979469,-1.5664131097321212,-1.211744568552397,0.0178253258518634,1
0.9785450260895622,0.232345719595966,1.3709343063705546,0.4286375178424851,-0.1403606069315956,1
-0.3459740408368018,1.1869176402379045,1.1079758265797666,-0.4706896581274051,0.1381124457429691,0
1.0763763910777588,-0.8002861213624958,0.0488091528255123,-0.4969654323661321,-0.9917186770161116,0
0.686561165345485,1.4286416645921725,-0.5446649711630158,1.6347969095296462,0.6783646588159183,1
-0.6736580652865027,0.6718225545714704,-0.9243198183562052,-0.3077189852048708,-0.2494144838270318,1
-1.412664257835985,1.2635415402151806,-0.2092765425709561,-0.8630232199600772,-0.4373427747666175,0
-0.6067572056696234,-1.592196945017412,-2.024166220423717,-2.029524081403232,1.329377399744879,2
-0.725546951438612,1.2122144580600407,0.7330313448247362,0.9520118992736344,-1.0863700231152102,0
-1.8131240504753172,0.61227567477493,-0.7584887723117864,-0.9345955102241827,1.4814029830346207,1
-1.0177184637998975,-0.9502012794176194,0.9399411705045492,0.6503306386102776,0.0733418353837778,0
-0.1855524469446939,1.886386679522242,0.5258277434953936,-0.9466538996109816,1.7518017352153097,2
-0.6290353821234967,-1.709499313694542,-1.5170045483818706,-0.3060150185412418,0.3024699058832835,1
0.764692680130072,0.6486512752683951,-0.1062402333620731,0.9919480160207388,-0.8257565777592151,1
0.6085174917041127,0.6937891487400196,0.8874660615375957,-0.2557919392107607,-0.1761700557398996,0
0.3930921659382462,-2.5959862759381545,-0.4947828014686523,1.78101088989025,0.5841448421451804,2
-0.021105116992072,0.4094154150624847,-0.3368524522599345,-0.361167685215316,0.183189317234641,1
-0.3478552982493476,1.2822245106409131,-0.084726874128735,2.0279305456089074,1.2369418430477008,2
-0.2128515875755335,0.0030023540981802,-1.025483050194418,0.5393485255173535,-0.5088538567271628,0
-0.8170401735301945,2.187404082287709,-2.4278105204046843,-1.9084833105202696,-2.098476525259396,2
-0.9772284000147636,-0.2500829099370546,-0.7110055606043895,-0.8805116308644281,0.2315341504094846,0
-0.8988635644254089,-1.0093440016450876,1.2374414313548177,-0.0196663799105816,1.0821928358019886,1
0.3437406025945158,1.7615350371465854,-0.4972958139079259,0.2403007017419247,-0.6404862045685109,1
2.319707643138867,1.4129185139815377,-1.853266281354404,2.39755610538258,-2.5592303161846752,2
-1.347778534490858,-1.1506881511356344,-1.1148716673016672,-0.5521301689080743,-1.093637602822488,0
-0.8178702925393347,1.7566962861908284,0.8229634851901503,-0.5707114447367643,-1.1156701871864994,1
0.125719106145185,1.4313294595360355,0.8415929461148788,-0.0008661612466687,0.3135922616000915,1
1.1972879377833971,1.153432186466055,0.7009340897561139,-0.6348380452222602,0.4330942531601756,0
0.0159056951892329,0.1238414739083914,0.050324313703842,0.5884346506065532,0.4015223198457618,0
0.0084772878992239,0.721258053587799,1.2802014155113992,0.9766345560778922,1.1315354396081778,1
1.307915031876746,-1.6782393887441829,-0.2919468275578634,-1.4802426455978757,-1.2129562044975952,2
1.059465807314646,0.5509034462101788,1.4255071748911394,-0.2509494693218058,0.0847331409400511,1
-1.6786542227033865,-1.805674283071241,-0.6038177874031657,-0.0321215470198498,-2.4221177062124557,2
-0.0303298038610301,1.742090730462436,1.7209332595450302,-0.3115311392482119,0.8947437999809299,1
0.3637107171188551,1.0014545992043633,0.9936877511752388,0.3545899458066908,-0.4622061700896857,0
-1.0177868897737767,0.1390693742870758,-1.8269421996436923,1.1549002746218329,2.0378651132570926,2
0.7203248265175409,0.2821213198662792,-0.3426927288015509,1.0386470980481457,-1.939815604816279,2
0.8273621588791761,-1.5759936693139904,1.5376306825724295,-1.4401200587345058,1.082779788852625,2
-0.9601539097734988,2.2434503204200893,1.1004794275976757,0.9110345026742208,-1.9342763055032828,2
0.5918083934289272,-0.0865761395174087,1.5401129397344948,1.5090152395501577,0.5625113445007265,1
0.8414945678981073,0.5280351680070011,0.0168691022754929,-0.7493438821771037,1.12069025987736,0
0.0654509843139077,-0.5541660695724782,1.820105990092507,0.2763582503660644,-0.4335049578606055,2
0.5445906392906593,-0.5534997545653556,-0.4069574276917388,1.5875177276184798,1.180789617858288,2
2.369093242876388,1.1822049128399263,-1.8122677629287016,-0.2548734678725846,-0.6558243336748729,2
-0.5496488337696782,-0.6755787201379283,1.6577750869816577,2.4046406421644875,1.4593201803463227,2
-1.917265398505399,0.4745263909220861,-1.518822716495037,-1.7747749933572354,-2.129836373678041,2
0.4560417676463204,-0.3339993726483905,-0.7379028127670799,-0.7630092200071938,0.6737032014037626,1
0.7820371743707439,-0.6617342330714454,0.1329968560464516,-0.4778655059358335,1.0446855844145997,0
0.4454049858328358,1.1976768702323648,-1.4557696244167229,0.9229745810186196,-0.2874679172472169,1
0.0923239159647799,-1.2901028451058274,0.9513638357993172,-1.2880997521784243,1.194931436798688,2
1.5493979657747865,-0.95287352997715,0.0510769586715744,0.439864712632175,0.1589781000110825,1
0.6441842763459164,-0.4477536653677723,0.8885092890738374,-0.9918667351785,0.555145519382488,0
0.1935886588879147,-0.7352288716415325,-0.0324983950598273,0.1778549096475021,0.0477179432066848,1
0.4540731924705293,0.4062010793723233,1.0728492423421654,-1.0687043015123017,0.5635652428359663,1
0.0268141247635991,-1.014377492849586,-0.3859447233147069,0.4987198485138313,0.125754297503273,1
0.7976664530279803,-1.7148062361497454,-1.6366686748978618,0.6382904061530853,-1.941688243033361,2
1.1405176763499176,-0.9664266275574364,0.4684610689759514,-0.6671072918801381,-1.0572624629066911,1
-0.93072228439574,-0.8098986518204503,-0.2351781601399688,-0.9568474116927717,0.8623526059115613,0
-1.1344012159118562,-0.656866640514594,-0.911668452440728,1.7431967904511343,0.7711904293905282,2
1.168722615452649,-0.4437989968915344,0.9547526263688068,0.2352608944351789,0.6499300439351696,0
1.2201691870649949,-0.0125542833908806,-0.1819023990411171,-1.7343297765347256,1.2167526566956566,2
0.4772763393257603,1.75863156691072,-0.2039555281350384,0.904139945073968,-0.8173896843315508,1
1.7910924781117172,-0.4609073743634334,-0.9161418905415972,-0.8750912377623518,-0.449236763325888,1
0.4279086440586682,-0.3358661822225511,0.489109152093539,-0.4576097322511332,0.7059718070570471,1
0.4544900663046072,0.9647631674303376,0.0815979858687723,-1.3155586875641114,-1.019131043398682,1
-0.8990240672209756,-1.090180544183081,0.9936060709027718,2.08145726414725,0.2924035040807617,2
-0.0616298883125449,-1.0665283499246851,-1.069593014110575,0.4797427301027876,-0.4420160981444299,0
0.1772720676694975,1.3966071962520057,-0.5169992947463781,1.1332151988231332,-0.8180467539473155,2
0.5565620226941178,-0.3947810249390777,-0.1598030375717968,-1.0426368968611186,0.6542772263043451,1
1.053565002860979,-2.375898701471034,1.156616022877064,-1.579074171544042,-0.1213896192962211,2
0.0560249430705825,0.4086563495444376,1.0902695688542692,-0.5999549276574614,0.5891524079994237,0
-0.7704205564681185,0.0743316089708629,0.4595261665941614,0.7265530621297888,-0.9542410086763132,2
0.882290292434319,1.7757815096367913,0.6086516868180456,-0.446951987997044,1.7805945883465024,2
0.1794064981065091,0.1337944307484463,-0.1772852685363296,0.4203708192983856,0.7972970414239711,0
-0.5632281857676639,-0.4043312151741357,-0.3731856117890476,-0.7770163542046586,0.0452120928740421,0
-0.892186610547718,-1.1965765838347269,0.6210936457629149,-1.1015655865446654,-0.4916131645800226,0
1.4283427559300628,-0.5934629333308362,1.214954429322939,-0.547874765172302,-1.212559583668846,1
-0.4114200340491338,-0.8987556104918744,-0.7939594466239283,0.3191833799164617,-0.4237539343468314,0
-0.5429112406821751,-0.4832123942501106,0.2055163494640977,-0.0479532518134978,0.6017773884623129,1
1.4885754097045627,-0.8097525181477307,-0.0047209105994284,0.8505025415009047,1.3620374303548974,1
1.1042217846438709,0.8832096038599022,1.30623764726193,0.2670821199837035,0.8573168682164227,1
-0.3975093060907019,0.1354757050757835,-1.018281886726348,0.3574367606752412,0.7374139071424277,0
0.6288710624987053,1.1887244810678088,0.170859346844494,-0.6853774211716999,-0.9850503103131764,0
0.4377951609631095,0.5578289281538308,0.6737958761904393,-0.0940413241947035,0.2254566803125691,1
-0.6355811718520942,-0.5920210684891294,-0.3234827075221451,-2.6156116572580084,1.095731775529848,2
-1.1977562492477936,0.6067024874904872,0.6550736681503772,0.1609914163633583,1.2048226514018048,1
-1.2074145622469066,-0.8608511553779646,-0.0318925925533332,0.8344639509223851,-0.945699756233194,0
1.3199931047360718,0.8302864802771583,1.0590906472639583,0.5720706640987754,-0.4456687640829567,0
-1.5483780452588387,1.506069568834621,0.9665261465433844,1.136984871153211,-0.5424365443728514,1
0.6863693879577845,-0.9700055082432234,-1.825095955252364,0.7414316483634665,-2.128318414935053,2
-0.4496492854075716,-1.7386475861454909,0.430264562494503,0.6923298366125012,0.7646701293803156,1
-1.2049745763991764,0.5571176499092677,-0.1209486341031561,0.4333400499688687,-0.2359069423064662,0
-1.287938412765998,-1.3729409567166362,0.2613306331607038,0.7087027499229608,1.173902823784302,1
0.653329480213649,0.7051011770535838,-0.2565399865890757,1.4281325488446217,0.0380231316764959,1
1.025378330306601,-1.191097979859366,-0.2061102709336403,1.8620145560383443,2.131466104041533,2
1.611530981732977,0.6188948509030239,-1.4496330531647583,-1.906556594931137,-0.7342215742365796,2
0.2273442841304415,0.5739806268108549,-0.851794593663364,-0.2748090833079668,0.3886796415124212,0
0.3262858136405064,0.8655262747558145,-1.4696752628546728,-0.6878278709928892,-0.6637177623116124,1
-0.5852579352206467,-1.271188565335464,0.5526241371676958,-1.0167281620638775,-0.578762355683617,2
-0.0909880716298167,-0.9398504298194356,0.4961403546073169,-1.1042501332271593,-0.8456553391524387,1
-1.3807412178975689,-0.0469215324148887,1.1176884911182985,0.0424342064734936,-0.6468746483520427,1
-1.454404563674344,0.0838875631034261,1.5610107006720726,0.9693620802295888,-1.2180663726441685,1
0.2586981238989821,0.5002652000790822,-0.1959219972797676,1.2604554544173685,-0.106641874904357,1
0.9314089379495594,1.897625658436878,1.3608830984031597,-1.376046687128357,1.177137467151156,2
-0.2196324697155683,0.3327912830047482,0.6546082742343071,0.8030962822480165,0.0056790424476385,0
-1.5528796735246084,-0.1750860865556342,0.3642898336673341,0.4230681857776928,-0.5515116409477734,1
-1.3193100003925604,1.4204644925735177,-0.4463011319856951,0.6705213519283412,0.5291434101209431,1
0.4216721885139707,-0.1456114316515133,0.5243196702286419,-0.5672332920293442,-0.776390307985578,0
0.4185949969393256,0.3410655835904702,1.0430232512696331,-0.8482716789534461,-0.1918591989851968,2
-0.1573618362516184,-0.4810259570800749,0.2390629901704375,1.2899845756197137,1.0456192088057876,2
0.0589769188068073,0.613515528751096,-0.9348488658238564,-0.1656400843934807,-0.2278528250746611,1
-0.3378367451652531,-1.2081698387902635,1.435721682132694,1.5758116125301094,1.054182543222374,1
-0.4219548159135122,-0.8064988647388107,0.4275130205077945,-0.8886038726120841,1.1707562454618523,1
-1.7542527203134477,1.0423947037202768,1.5906519810328548,-0.3155537433960226,-1.2809087400016963,1
0.303872288448353,-1.469417864960848,-0.1482629642367233,0.904808704502964,-0.479210843449051,1
-0.1460774782181375,0.936609508357964,-1.007788587201791,0.3711725454923378,1.038208384265329,1
0.9279008483932656,-1.6906640338587968,-0.3221134644920865,0.258327452213499,-0.4962770053555456,1
1.1283440159973943,-2.40009151139065,0.0120232468647253,2.3444515789666065,-1.7097529045765272,2
-1.397863164534436,-1.4611430017094087,-0.7988558648755627,-0.2725199973421955,1.3267891823903366,1
1.2498111841915711,0.7864187038078451,0.3905091456213187,-0.6278643848675799,-0.0365865585603253,2
-0.1532900753276195,1.096573811170375,-0.0347402078113658,0.3735718059421875,-1.0910025377834127,0
0.4023825865759354,0.6151201734329158,-0.6963022240490985,0.1639728785394184,-0.6556473586060823,0
-2.037538666946141,1.7537653888704607,-0.5969805294650605,-0.2300103591949675,-1.635588813019432,2
-0.8763683392632367,0.7374430026950011,0.4302253809773655,-0.4894052176554196,-2.3895268179676856,2
1.0800443264695574,-0.9757689912484174,-0.2474851261425359,-0.3956396484075003,-0.9871122767686678,0
-1.159967256828933,0.4956686655723125,0.2885525448956717,-0.389295182495359,1.073417611331818,0
1.1575988754522326,0.2452979913515492,0.6392685968474705,-0.1383798457921609,0.0726740832195502,0
-0.4257588392445326,0.679686748493999,-0.579285555675145,-0.3410851869381037,0.1714823624844321,0
1.1632852937783753,0.3704009783945368,1.3421990779495738,0.4377430284256577,0.1012674082285885,1
-0.4454761903067173,0.9794154345553288,0.1502499388870561,-0.0226078472471062,0.8588629244501899,1
1.102184743262305,0.0906054021173375,-0.3384058645931221,-0.6070249132892827,2.065966843514823,2
-0.2568967089466128,0.695383662282903,0.8958188640557182,-1.100226985621079,-0.6338976624820949,0
-0.1923477544257418,-0.5096853364659805,-0.7545145884836572,-0.0890397127427739,-0.339836484116447,0
0.0403132346681732,0.4078288037637514,0.5485128930522561,-0.771714083169605,-0.257824246427722,0
0.7018612869582268,-1.1753889104542132,-0.5125032368005655,-0.0006084108146313,0.8048742320405234,0
0.2962942144906381,1.1142939498196212,-2.191256463762806,2.1720056313709755,-2.566182024602455,2
1.201720938873308,0.2944303845618991,-1.054014114973545,-0.751861501130156,0.0215735589374491,0
1.2770675858387115,0.8128055997966359,-0.2971337155293976,0.0638296969432111,-0.4734362891662345,1
1.0303872973980122,0.4704288712779639,0.9314558315627072,-0.1811202899248406,1.0442896182407235,0
-1.460265791237019,1.33952453038854,-1.2609475284457032,-0.4364859698367272,-2.603271216168966,2
-1.81901866943805,-0.6297617122025496,0.0253146913223924,0.4064383921351293,-0.5644537733711431,1
0.613272784559161,-0.9631224582302436,-1.1162380894911308,-0.1795771208191353,-1.3617977012038651,2
-1.1742025821888922,0.8880608810215013,0.0981514939834525,0.751286402392887,-0.995892801329708,1
2.344206834892983,-2.016557230033413,2.2674081540336206,-0.2400374520212924,-2.580777627675201,2
0.9596123287850008,-0.7735999761290501,-0.635328182629878,-0.8582500695794403,1.0085562462901638,0
0.1576555648752158,-0.6403450094557697,-0.550616328405656,0.4339152862348794,0.4450363437486416,0
1.0267576967514669,-0.6005963066683188,0.0128414045058029,-0.7547199594310352,0.942382915841041,0
-0.598726050812162,0.2342815181236132,-0.0922114220020597,0.2872903075408934,0.2980410196667672,0
-0.3834030732558585,0.0770389896695525,-1.2897061904550178,1.4055869697505996,-1.1194980353671224,1
-1.0657821812592487,0.9968784045908406,-0.3300242678803583,0.1519203354201875,-0.5055312828626859,1
2.2476959732476027,-0.369026846315416,0.3166518094443297,2.042718067030195,-2.3919983944098515,2
0.7852742366893359,-0.3974277586559023,-1.0645792846298798,0.9949558742718866,1.0047579216732911,1
0.3593674744618272,-0.9002342764077984,0.8530505151691221,0.5422023111125005,0.5778374354628224,0
1.310003264238996,0.0729583119457702,-0.4885666472715557,-0.9203150256663024,-0.6605890371562302,0
-0.2910932120291872,-0.0313703278915154,-0.201680384749663,-0.6379544417395504,0.8833249107335506,0
0.9017652901929916,-0.5309539859883733,1.078724570823038,-0.887879994401431,-0.4154312688987198,0
-0.7181093224179288,1.2377740057956843,0.6249993646786899,-0.4975788720347299,-1.041177926789582,1
-1.114192753161279,1.061025505075133,-0.3831305195996698,0.4461789481914287,-0.8790783595028443,0
0.2129137413375422,0.91704267937814,-0.4721577698962546,-0.8121908300473658,-0.0604845198296943,0
0.3248319130717523,-2.825227706635427,-0.1703122202112018,0.4770216346214252,-0.5558470264495892,2
-0.394725950471595,0.1510126314076983,-0.5559036025378278,-0.4834091288578847,-0.3254115494885797,0
0.0998263764377733,-0.5027178181633062,-1.1342809032605514,0.4524573157060079,1.123290762338013,0
-0.5669999864130746,-0.1431318774839594,0.1948605064405253,0.4189170034763461,-0.892574255603555,0
1.187764656094613,-0.542518847626158,1.1583811424997408,0.8879775877261155,0.3579530735022142,0
-0.2785943104492555,-0.4099421733181895,0.6599413158015756,0.3402529847626128,-0.4538867089636527,0
0.7153377158347061,0.0036394113001052,-0.9138118425538344,-0.3655013081588782,-0.7483844687992086,0
1.2303240941059033,0.9429714711486212,0.9543687028379336,-1.3173186294479924,-1.6724993692529706,2
1.2144588102180254,1.8196074979799937,-2.1473523786377715,0.0295921872601615,2.5084231031263378,2
-1.451867922405286,-0.9556399710263436,-0.0147216889874924,-0.7151790703294838,-0.3224337102984019,1
-0.4303159637332486,0.7986544434931077,0.7882904832424288,0.213192868950272,1.4824946383846314,2
1.2899041538622351,-1.0284340289492522,-0.6369144322822706,0.9417624293934462,-0.156260144218407,0
0.8998964562056222,-1.1956227056543307,0.5328833711439831,-0.3256336670652844,1.1324456283143978,0
-0.3897765795376144,0.6905028407314512,-0.8861722293365557,0.9966605074413742,0.9931514987300322,1
0.7465478480156911,0.4292499060581923,-0.7674356630012518,-0.9229916693111914,0.196335518816143,1
1.8096150636281865,-2.376588163270477,-0.3829094494763219,1.4894574237981286,1.7727370044640725,2
-0.1403122109381778,1.282208808908064,-1.4799156046183255,0.5461854238283144,1.0155433861692014,1
1.5644106081079714,0.2307610752459301,0.3457496044567493,1.3107169124185052,-0.7699169318061959,1
-0.601460865930907,1.1832025870688276,-0.2031129298753909,0.2452165789669262,0.8095519478643923,1
0.2586343981000687,-0.1810500765049718,0.4487844638667357,-0.388252209044068,-0.9991658234165536,0
-0.1909657611050374,-0.3027838021077008,-0.7660471372404073,0.5815162949077998,0.2200463141000777,0
0.5912390867076752,-1.1969907914083988,-0.7445339647301769,-0.1165537406863297,-1.1868950225718249,1
0.8295687668527486,0.847668618159524,-0.6725901192227555,0.1729100621353821,1.0357387550600392,0
-0.3106607986705649,1.624456066631272,-0.3783884989704846,-1.3035099357792137,0.8808535566252227,1
-0.204791795006449,-0.942800794339195,0.0490383225987105,0.0762571687541355,1.059074892750405,1
0.0734379054581013,0.9793480973472032,0.7621128069788807,0.8164896741498792,-0.8358902680458313,1
-1.3112066744902298,0.4238459444062276,0.4626513916425731,-0.6562663167793052,0.7395206269149711,1
-0.4549687495082234,0.4894855247302853,0.5961111871764612,0.3342993449551355,-1.5200425039159953,1
-2.00820405337725,-1.7687059209160634,0.335164740164161,-1.9843718222696127,1.5052629072386607,2
0.2143792740331847,-0.3818123449142884,-1.0853337990742211,-0.4915959164508166,-0.0273267510372603,0
-1.165344724924451,0.599759178149034,-0.9337609895844328,-0.4816542895422206,1.0052357550655082,0
-2.2696267760596878,-1.8093504244757943,-1.4263281588441503,-2.792298326206405,-0.4048243901426173,2
-0.3443729500002749,1.1521090426123932,-0.1164121206562385,-0.4696134541690857,-1.001876474978057,0
1.0460669844105657,0.92854870457031,-1.137527102085994,0.9204324311860952,1.3272736203781506,1
1.1280183657611556,-1.2138358836799863,0.2627580819987428,0.5793162478200292,0.0459100683072354,0
-0.8077172982843299,0.711088576091066,0.5489382649482439,-0.5165891270593094,-0.0569263094946312,0
-0.9673949299571948,-0.449102201987325,1.037416458894314,-0.4806246826179963,-0.0797518458999743,1
1.322510599594069,1.1694007238919413,0.237661993001624,0.164719978559812,-0.9138574200618728,0
0.2249763321500219,1.1048320116307933,-1.831053708691594,0.8606520184357203,-2.166524432208443,2
-1.7020708598643222,-0.5121901150362992,-0.8336756617204651,-0.3406507358209794,0.2246467018767042,1
-1.5681719960502976,-1.873505677381753,-2.315033666993975,-2.487985573723833,-0.4151484988006552,2
0.0054748207916413,1.7693912258867996,-1.4778164761550598,1.647103534599676,0.4123358948382917,2
0.1422217876031213,0.5077117044920011,0.6092763826115043,-0.7809157504046252,-1.8329732318808285,2
0.8081835964799696,-1.0976271637242894,0.2850318328037954,-1.0476698387455396,1.2578143080186146,1
-1.033401613993441,-0.4866165808075583,0.3141512200767553,0.1746791169280476,-0.6567147405051621,1
-0.8692862030163063,-1.2563961072643155,-1.0731997949626648,0.8658286978848936,0.5563386981713968,1
0.2311502551814164,-0.7303344896152195,-0.1696164978769983,1.3853412912754923,-1.0134357730292534,1
-1.1264291562276538,1.6033568610959634,1.2930136938841843,-0.2057139396467386,-0.7663294832922548,1
0.3461745591211965,-0.5238686142627487,-0.1086434553427197,0.7493262308682331,-1.4492515537631496,1
1.1519689354125895,0.5037068471340933,0.1120666980076754,0.5426190553177395,-0.2915606813830274,0
-0.7974148121732721,1.5582320896106054,-0.1731572910832575,-0.6384323315836038,0.011121575540076,1
-0.3794536171206504,0.4805582592267213,0.3843252123896793,0.0097088720569141,0.3643535928122973,0
0.4716777550451392,-0.0311143319668708,0.9657246613500936,0.9891308360368,-1.0097667066857487,1
-1.89385576308333,2.289281336598347,1.7173741594370844,0.557868049884707,-2.094112548140313,2
-1.6618809608266327,-0.1986091145040791,-0.6908898658257631,-0.9039753098940204,-1.201677224245402,1
0.9341123655181214,0.6239140885865265,0.7056062567630512,-1.822802896372012,-1.4885942365533658,2
1.5405204314240182,1.2472184388508918,-0.2040640272686512,0.0630934219844556,0.8433045449469065,2
0.448762403595373,-1.6619115388104766,1.8111637297469487,-1.1445525423307807,0.2185861933235416,2
-1.078440009845745,-0.4425268493396189,1.114048741475693,-0.4941865025697143,1.3477945478506703,1
0.7336348008826469,-0.2114546349816465,-0.4511351046028494,0.1710903397736856,-0.058034644406299,1
-1.0553744417741096,0.8510056722346726,-1.936074065317671,0.5493278747050856,-2.4005867249089525,2
-1.5087942576209254,-1.3412058832780394,-1.1632742224967554,-2.150236329628149,-0.8466729986239788,2
-0.0534218587723254,0.5152417532921097,-0.9143763862310093,0.7083271714940702,-0.7938492248330729,0
1.104175630938241,0.7052506215113259,-0.3954564567208736,-0.7900872161614423,-0.9285738270726906,0
-1.2923900387063243,0.5009852112751995,-0.1788492663268314,0.4387565077572699,-1.5328979544095416,1
0.641455480519018,0.8132491449189314,0.1413913925237575,0.1096792282238055,0.1592214364228431,0
-0.266122452088625,1.7697912299752934,-0.4565759255300641,0.3498275195016081,-1.0510129594782176,1
0.1411153754796877,-1.648760709519702,-2.101936387398014,-1.0509338352568274,-1.32175577316158,2
1.9247154824285555,-1.2717648862247737,0.0002173619926535,-0.7260791373541075,-0.8075594017877779,2
-1.1121446987365289,1.1225195899181353,0.8070524080341882,1.237169754691323,-1.525477167354424,1
1.2372423607508,-2.59728827462185,-0.6089383325531427,1.5156827917676714,1.9127561796321952,2
-0.9067662882470586,-0.5069548578743562,0.7779977059947916,0.8959599527789635,0.2497048946553864,0
0.2447794545870471,-0.8032031296958283,-1.0892788035165917,-2.184173528596985,-1.9570904633902368,2
1.1847158198026948,-0.4592740901973758,1.0711898896141474,-0.6230850678756238,-0.2901828201384251,1
0.3143331060847408,-0.3745498092873919,-0.7854284656139396,0.510495586105496,-0.7009858528139327,0
-2.1044587507608536,1.4843825505873394,-0.4118949991000738,-0.4144778538817715,-2.0538001011007982,2
1.0220837963973846,-0.1444647672016398,0.071292406280882,-0.1648868822137574,0.5180888546114177,0
0.4570281764196785,-0.0228048734425293,0.5565412527058329,0.7522715322954318,-0.2435023155695547,0
1.3797203227348758,-0.6101745533142605,-1.5631413955521314,-1.104603801197534,-0.8520295029508497,1
2.007603225033531,-1.4334443545697764,1.275957643548934,-1.552453565200755,-0.8074804324299985,2
0.7829960081737147,-1.2566483534394923,-1.0439389238244472,0.5272611485495375,-0.0333460328785341,0
-0.5149170894578254,-0.9622755304100165,0.0235389927897422,-0.4398700956929747,0.5916579009013506,1
0.2096608714831984,-0.7098558744397835,0.6781961389197008,-0.94383371889735,0.7559434833325511,0
0.3617403863907816,1.059558531933882,-0.0994586018423827,-0.9596903737926756,-1.061558029101955,0
1.1958696581120574,-0.3530995722041737,-0.0129932948117937,0.944967773973434,0.2422324317808251,0
-1.0787743723468928,0.953271064842919,-0.5653525653010844,0.3744798470989353,0.7546559702795989,0
-1.2182721475569185,0.5009817592533603,-0.1804570344016363,0.4673519102022372,-1.486314692683149,1
0.4089469078810576,1.0412899367880433,-0.5824836290166573,0.7680760632494813,0.6695981373890068,0
0.2527338904534237,-1.02733137978418,-0.872618971061985,0.6824922174020186,0.1900087676524126,1
-0.3865472553632215,1.0488351659959905,-0.1669409045660193,-0.6018621126355914,-2.373922313238638,2
1.6950890252797428,1.7844690492246746,0.2640198812390561,2.067067962155228,-2.4544108693161237,2
0.8046934389419946,-0.4067647853404538,0.6317876521847507,-0.3396423127547288,0.6133536234155024,1
0.1175391458948312,0.3746232056584045,1.3131875754419378,0.8929068041195645,-1.149156193005823,2
0.0252936239534497,-0.7669573098229057,0.9212804702428954,0.0295881092799166,1.2080382516565482,1
-1.363987448689887,0.5016724592859565,-1.1611139576127028,1.5590920194149849,-0.6321677885041778,1
-1.7745561244881487,-0.8693271495182596,2.192650996364921,0.4654649139280232,0.9745177711953622,2
1.5332059086253729,1.2820294113723103,-0.6835876625247521,0.3966461961547383,-1.2053861017565637,1
-1.1846320428996715,-0.1063713476354877,-0.0131586438041859,-2.5433081508385973,-2.5479673637591174,2
0.1334493345436748,-1.1344578005743005,1.49451514412565,0.0015041703012425,-2.021809231824529,2
-1.0278684619751195,-0.28250580663133,-1.2705053767165366,-0.9062479986280736,-0.7637362492018906,1
1.0564432354683564,-0.4603786696542031,1.1587998134208188,-0.8214005852937685,-0.7688093885497378,1
0.9572330244310362,0.0733579990629763,-0.257968149665344,0.1096122954787232,1.1263764415405637,0
-0.0514319961061866,0.9672029816300164,1.405862276902294,0.4327857373028916,-0.6851116497976036,2
-0.0511734749042275,-0.5243258046670399,-0.0566151987745253,1.6917083683697924,-0.1723903834764701,1
-0.7044457277367646,1.2382891154214342,0.1466277139379119,0.2667800228757203,1.178175611946371,1
0.7578763781199832,-0.5250689630024705,0.3655474371907409,-0.0166929757572218,-0.4967967099988669,0
-1.7919536477833058,1.316067947632994,0.8318800780388128,-0.9050743557602612,1.6275432042247089,2
0.7855679595790264,0.5951564678004436,0.3713660813738921,0.6314509815881019,-0.0293445009947394,0
-1.4096681557445951,-0.1390152528561024,-1.9036308695259587,1.444308624537183,1.849692199178604,2
0.7732170497678724,-1.554067285562017,1.714988840947844,-0.7234720729660886,-0.5840031306158937,1
-0.851799865491887,-0.9139743638578964,0.9547356145858944,0.9750960592819274,1.4123832619898893,1
-0.0310063044969144,0.576498373319493,0.518387584617394,-0.1628599986425301,-0.2218989954900606,0
-1.173607586705521,-0.901630889368208,-1.1384897119718411,-0.0813936084125794,0.0148864748160333,1
0.1188378176669435,0.4088868827241262,0.0544654866198515,-0.3658888448814362,-0.6509462757729945,0
0.6750722386007436,-1.4323606380747431,1.715507015910848,2.027293949795697,0.9587234634568622,2
1.173039111477009,-0.1066044607754793,-0.2481450867752836,-0.8442670907388664,0.5122378976777,0
0.9790547837737398,0.744447577895321,-1.426877321453027,-2.227080600545567,2.519143310359324,2
-1.667414862393784,-1.4627239472291105,1.529382868612505,0.2321897231285333,0.2667200106494002,2
1.0454194583643923,-0.4089522172260856,0.5540030608520049,-0.047720792774734,0.3107700954763147,0
-0.1554874198845551,-0.5386109901790417,-0.6094836117158491,-0.4158455563398829,-0.1507591874397972,1
1.2126238683972967,-1.3973199997272887,-2.000534827240112,-2.442409041527533,-1.1227770038939784,2
0.1228512395865159,-0.1955357821007221,-2.504501066611161,1.5349899657609685,2.494686832196015,2
-0.9476153663254844,-0.7115821043460329,-0.8932461620577333,-0.6272922650562872,-0.4054186042037133,0
0.7007662994850018,-0.9401014886025924,-0.16820401660743,0.2680909270339071,0.1988927982924882,0
-1.0610982880008577,0.2192342387764339,0.0171993975076937,-0.449120505293586,0.5334308415038074,2
-0.8926934745590744,-1.2185664381878385,-0.9288390379797896,0.8558625816755882,0.3712058266839899,0
0.8503699876742258,-1.5296062774969004,-0.9544220342897372,-2.4385133713563354,-1.5432563449111532,2
-0.2541440458384183,0.3360863237819402,1.3966733711201669,1.5235672300452368,0.7365844057664898,1
-0.3508283052344651,1.4570136337061088,-0.4627522801542977,-0.3822454261519807,-0.2311956207562069,1
-0.2673178010345585,0.8796379018830834,1.0935987035114545,0.693716418551715,-0.9035240887575988,0
-0.4864787207549253,0.5277037618567241,-1.620265653644442,0.4840598177361427,1.0107444520382625,1
-1.4377092438863115,-0.3747626093798191,0.0060103573303915,-0.3854381004760135,0.7599416039261272,1
0.2538590475097976,-0.1472697717968934,-0.3317786592098996,0.7624734463393805,-0.8909502004228105,0
1.3690462342333145,-1.275715435243534,1.1807849418214726,-1.1484798608165332,-0.9875502376375058,2
-0.5035155582124969,0.6284218996726066,-0.6675777044380474,-0.7428658402906338,1.1147254938582347,0
0.3173562031626943,1.8122993436043344,0.6302461503135434,-0.4820306547401031,1.211253496042283,2
-1.020455346327311,-1.757049603524215,0.7498819887845658,0.4085918528408145,-1.0062114755313816,2
0.9340993595006238,-0.6982314265245754,-1.0430137930189642,-0.6691963351822221,-0.5745895995381011,0
-0.9159472843000196,0.8307315853330909,0.3743536771531366,-0.7714147205547544,0.5609700125523921,0
-1.1558958242388273,-1.4960960100609089,-1.2310347887894366,-0.1577364730252643,-0.5311369400279522,1
-0.2312090925254829,-0.3242578705097133,0.0252268000539622,-0.4101175552224439,0.8017155747964025,0
-0.6669460739267303,-1.5289354081933644,-1.473417877447981,0.4332072706266078,-0.9385239823049611,1
2.0132599550664048,1.4281258755156985,-0.00791150768089,0.9813923129653844,-1.1288712638475291,2
-0.4498356591925238,1.7668190798810877,-1.25793182363687,-0.2524121727007171,1.5235862922254066,1
-1.1464405740489498,0.6671213913913925,-1.6209025897962022,-0.4071931219174757,1.5847403630245689,2
-0.5237495349380371,-0.0962197037130833,-0.7234558277143588,-1.0278115408797808,0.1615328841493845,0
-0.5640684325316595,0.0894955801101255,0.766395857081832,-1.0050349609583566,0.8583094235370521,1
-0.0880684249743389,0.435471725377705,-0.528200184775835,-0.2408378355572846,0.1336484509458905,0
-0.165143961567394,0.3448000156591494,-0.8156797992794702,-1.5472437400793473,0.7866782015967106,2
-0.6975501560117212,0.5763761258845362,-1.1153878605910437,1.1756057004498872,0.2850889806988054,1
0.1844476842686494,1.060465366427363,0.2309413855209753,-0.4966774448048271,0.5367074579555141,0
-0.5473498851430082,-0.389086356109135,1.0766668324179762,0.7945675220178265,-0.002696421876384,0
-0.0910029349697484,-1.102385307014282,1.060214968350846,0.7015433387861939,-0.8037842463954977,0
-0.3459134881260257,-0.5990764591033105,0.5198068401824729,-1.166733816934173,0.5649948658906354,1
1.0274889210499878,0.816802099348823,0.1840760916684163,0.3380164657629159,1.0615781104596689,0
-1.404251106762635,0.6926245059186998,1.5768252642547045,-0.3427125961383102,-0.129258751191851,1
1.2620546276435651,-1.7653057908837964,0.9079924063284568,1.3425977400777005,-1.0782307414462282,1
-0.0539846960539185,0.3105900876856302,-0.952061025345125,0.7943825533011584,1.0974481310076412,1
-0.8398848311821636,0.316360144239748,-0.6362608105198597,-0.7440331854586713,0.5706323644056228,0
0.5683147443900264,-0.4234064122179944,1.8023375503518904,-0.2049130290121678,-1.1489423652543618,2
0.2981850668502059,-0.7471761341201681,-0.4434326033793573,0.0280412964234606,0.242287410744431,1
-0.845602549902114,1.1777235777226012,-0.9742292399635883,0.8042185964507964,-1.13839170386404,2
0.3836547499295367,-0.4169793380247223,-0.823225742150026,0.6652889181272991,-0.1140227108491859,0
-0.0681607947123186,-1.109849688438544,1.872985135510536,1.254445668826997,1.9855965515833731,2
1.4567012967199315,1.600011597603046,-1.4828256632826229,2.6671311706027585,1.3451241868183073,2
-1.2907806333184624,0.8445673441761979,-0.5856784698741991,-0.3366529175433268,0.5978679638065476,1
-1.0924777517957172,0.2459516099685299,-0.0509867386735505,-1.0059123202537068,0.5405278071455908,0
-1.4878648263962733,0.6989647435556973,-0.9798794796263596,1.633190807681307,1.3600235468691393,1
-0.2500113230586753,-1.6278667575577608,-0.4984374793103078,-1.2982868827547256,0.2776359217373004,2
0.7265743756600734,-2.58547979258016,1.1115971828188305,-0.6356033862826536,2.101324901613132,2
1.2358269803171522,-0.7589432774270338,-0.4763707005805146,0.1144956278769526,0.6261680700836783,1
-0.3922694531318486,-0.6921977047604746,-0.0854666301245999,1.2976200978042574,1.0778724884954864,1
1.574161744606822,-0.7017241638873772,-0.8709952392890103,-0.111681489131326,-1.4968206175123646,1
-0.2819438260327202,0.6746133720756998,-1.6999611928599572,1.5947752498551755,0.4396743666992979,1
-1.2784550665946883,0.5696096951033992,-0.8368348440418863,-0.9979944118979268,-0.94218808842992,0
0.6166736585572653,0.9692979585973518,-0.253398529389392,0.9596143002902427,-0.6415852656465533,0
-1.1420874155631806,1.1545744362671488,-0.2296332940477533,-0.882235844715088,-1.2641078981606528,1
-0.4128667774754776,0.816697096931295,-0.7876329264039511,0.4900219229839793,-0.2026740565992121,1
1.298119263977546,0.376419362110121,-0.1037879193032799,0.3081664706372237,-0.325057993834714,0
1.7431397323037905,-0.2647335826104535,-0.3326517100523276,1.3521611481520497,2.183169150318635,2
1.3168726258044927,0.8312669835595783,1.3404799491604158,-0.1031680199697367,-0.7257990910457267,1
2.4374426870715338,0.1422620532819282,-0.8906378165079306,1.8982523646992229,1.6362500989798343,2
-0.4076005772330078,-1.131157738483518,0.0843760082075179,-0.6566654062060643,-0.5119521164379324,0
-1.5148818253992076,-1.444895322572994,0.045613055628493,-2.6975907092171183,-0.6525658691396835,2
-1.6767913036238715,-1.730301197580411,-0.4053755843977646,1.3038220542597296,0.9098570175021116,1
-1.4213291250968905,-0.1385872381684763,-1.4280422125388743,-1.2306351057022722,0.948003665428189,1
2.3317335042964604,-1.7742072898787955,1.1337506617487012,0.6026249909081401,2.361260022858863,2
1.290486295912558,0.8618540157316363,0.6179224461478978,0.6618240954556653,0.4362337104097621,0
0.5638825920533486,-1.7907335715577557,1.1000509565565688,0.2211642558330442,-0.5539550671433984,1
0.8583148196161827,1.2274959148426732,0.0461719343916787,0.317043193838343,-0.5380563648533747,0
0.6943782292808423,0.5831198845914825,-0.077456386099284,0.5451497920148267,-0.3951994466348889,0
-1.0906865573553843,1.1626315305212054,-0.5505201907279711,-0.1277818642896381,-0.6551890484588716,1
-1.233025224554014,-0.037433416924403,0.2548783432793999,0.8193736037664492,0.2604534345223017,1
1.5302100839515569,-0.2351302096640982,-0.9078366477274502,1.564476758986466,0.4293035336018196,1
0.7957965708721902,-0.1035267858699675,-0.7473720399426078,0.1193814803390747,0.7308256283817774,0
1.2536046022659937,0.0955745492059588,0.0508256952157552,-0.3104673996278923,-0.9598708149488294,0
0.1926476043767188,0.7962634411136554,2.0334237547770617,0.5832610332583804,2.459734479435541,2
-0.7297082347292141,-0.7028686251530439,1.254292640803627,1.373585323334739,-0.8334476622503889,1
0.2300016367522584,-1.472039090624204,1.6749469113854791,0.1166013693505819,0.1165104664003181,1
-1.826282726082077,0.5696155153323307,0.6709462516274923,1.3947413525462018,-1.2517485633248375,1
-0.0178979341777938,0.6911312661953992,-0.496120523927506,0.9630828334531448,0.4242874715579373,0
1.5008902525214292,0.550028571095686,0.1227584033729337,-1.5162572605826177,-0.0152323557910407,2
0.7885009008362681,-0.7611265734154173,-0.6208157698948213,0.1569646912982323,-0.8724599206707434,0
-0.3410693929489072,1.6639874840475632,-0.2863736643913634,0.4130707416482871,0.5870150108924522,2
0.35826049164392,0.950920883762234,-0.4950077595971907,0.4013086718556595,-0.4782119004659924,0
-1.5234036273697518,-1.084493202601721,2.574858801424408,-0.7248338535144063,-0.0566412002004603,2
1.0449930130963818,0.4071554887382914,-0.0562888377609544,0.0041777555700824,0.7963539798992237,0
-0.9920978671252344,0.3132831298524404,-1.6125144790271386,-1.124935172780814,-0.3829582307112145,1
1.536372237702414,-0.0392809425595618,1.3869844202751358,-0.8160127679040288,0.3112630605907404,1
-1.2124024418593338,1.4092992741042925,-1.5861991075820383,-0.1667936847675117,-1.8025780886309952,2
-0.7527519813344337,-0.7554244548748018,0.3495594778629349,0.8213569102932289,0.7962670180189234,0
-0.4321037545810013,0.2023725838063516,-0.7441962331164078,0.9223990074653752,0.3786110536693626,0
0.1878673139096567,1.3971530184270566,0.0491948227050546,0.6366009801553578,-0.1516110204349678,1
2.027823309657636,-1.742572644261619,0.2806263942672212,1.6684139701845042,-1.4115308537872897,2
-0.7000286901373459,-0.4694966186282563,0.4828973196330912,0.3035456040088516,0.618671712260281,0
-0.0001192735041256,-0.5409168072905277,0.8504608837993903,-1.0117320014638624,-0.5244462733091443,1
1.4674246921361165,0.6678015955401336,-2.4496594195816765,0.9492311127183642,-0.2393838843351386,2
1.0426067527998395,1.262993974099944,1.5240216318170845,-1.0746775337146628,-1.5785719588639244,2
-0.101283033193227,0.7953530891247053,0.0790474246340044,-0.8521989658660167,-1.2755593233462206,2
-0.2151064704484664,-0.1813052535120957,-1.047522906995663,-0.4090287770274256,-0.0595505201710368,0
0.2861593272634846,-1.657987027107955,-1.0677991601111685,-1.0304023137373246,-0.7726038888017401,1
-2.2160920847222854,-1.645899535742433,2.303557140871205,2.4095548369012145,-0.8832749287321782,2
-1.661323493519192,0.3630703458479893,0.4803603410956372,-1.78775917254531,-2.116222948200392,2
0.9643959142831698,0.3228107379185208,0.7045440573524538,-0.253071968979756,-1.2419642192398803,2
-1.2205342014823313,-1.085273741604888,-1.0977767515972323,-0.0583766867520589,-1.0240654827207003,0
0.9718134680151896,0.6707711798440568,-0.4976804727992494,0.1308543237476008,-0.5554146566522433,1
0.2788843679046229,-0.290328997033617,-0.5677083970280444,-0.5720542652863605,0.2712550225172832,0
-0.4179507632078922,-0.7027137577544326,0.9667007273296122,1.1726004456540982,-0.9232146530367796,1
-0.640356633800804,-0.5099285259719272,0.2118299041790067,0.9838795296133196,-0.0012877925858261,0
0.708468347474928,-1.1113264761466617,-0.0935228396169402,-0.4907374127521767,-0.5932179738946849,0
-2.200527232745597,1.0526568225233215,1.1860905015236238,-1.53581395589222,-2.363442074251648,2
-0.3586373721184852,2.073749015322615,2.4408981347354186,0.4024038845225181,2.2782180832362213,2
0.9296910383152582,-2.1723109806547054,1.224000799099333,0.602703559003376,-1.7629668774443965,2
-0.0590460956897742,0.0841046052245226,0.4734201574060804,0.7009050342378675,0.136813207980583,0
-0.1998396707185634,-0.967887826197213,-0.0604698772902663,-0.999172834774571,0.4400920870301989,0
0.759746835582896,0.0305347203381052,0.1992681135628873,-0.4041369636888135,-0.6142939460285892,0
1.3095457040563383,0.1673722141313135,0.8472894404360372,0.1354771991961251,-0.9414736828605528,1
-0.9799557821486736,-0.1745369830747913,0.4589793009316185,0.380066902662906,-0.1440827546949774,1
-0.5661318232758166,0.0193865879637555,0.9443082607327642,-1.082497946882336,-0.1793718156751805,1
0.9048940977460148,-1.2132119047634615,-0.6725907417723382,0.8628582880544032,0.1805912985763496,0
0.9544071875502436,-0.0304549093660943,0.6637174958871628,-0.8566571467303632,1.3901244363343277,1
0.2369038982941028,0.119691171283903,-0.2614345078653308,0.657862949736572,0.442474342017651,0
-1.2337931610042367,-1.2391733170231494,0.5215445118782732,-0.1017795974442698,-0.119317563164823,0
0.4820945834347882,0.9218344905446704,1.0407931413756517,-1.0989327947148857,0.1191710251503508,2
0.7434016301248012,-1.7153879094180735,-2.1901777602158625,1.0050790571850434,-2.0269111740046424,2
-0.970603714442334,-0.5416291783942353,-0.5733652272353617,-0.4848446055212081,-0.1107089614271307,2
1.1640259274406437,1.006950810474162,0.4401760400642434,1.1264285739553423,-2.0108504328544337,2
0.3086754784243069,-0.1156102956360251,0.4083886428786912,-0.2607650242502355,0.8896851585519103,0
0.6297975814836468,-0.5908180286053437,0.5664510026890214,-2.457146880379308,1.2225776819438174,2
-0.5357709192022743,-0.2153230412382824,-0.3935814530834383,-0.3374536039870163,0.7530041540508872,0
1.783493550239781,0.9433830038900316,0.1369750193026236,-0.8583070141218647,-0.0449125829266257,1
-0.1407600172510367,1.0013930002639877,1.6274891531488929,1.2875527076419857,-0.977853180704408,1
1.2827421913081682,-1.287376356681703,1.6315633441740405,-0.8655711432747671,0.3931936183928693,1
-0.1951219400794655,0.4968035889527268,1.1937684396057866,1.2150248113035418,0.4561349928596641,1
1.0921255482936982,-0.5420220215616962,1.2546624006625844,1.4609076193197867,0.7908256311029194,1
-1.708486158986828,-0.491477020694413,1.2931576713272437,1.099671801692771,-0.6208717535456466,1
1.0746172460929293,-0.2041989299483994,-0.049949165778912,-0.0846374432232639,1.0011390564667688,0
0.2072013161681753,-0.2742924816284561,0.5838439120799928,-0.6332963681793214,-0.1502523991567529,0
0.6004693670930928,1.2468362001728797,1.0882663663045515,0.5720109128262476,-0.2776270575187671,0
0.7025716149895993,0.3367729946560244,1.2187144434221455,0.9355418081414504,0.3524085499946202,1
-0.3438100351400051,1.049804168887548,-0.5863555790386213,0.269012306519714,-1.676901637106878,2
-1.2657976274266922,-0.4215314373697867,0.3685742703582389,0.0810728783771693,-0.6799637126032337,1
0.2252610594790577,0.7887444399882447,0.4225796020722269,-0.7491906120071814,-0.2464476799142989,0
0.8762935646866287,-1.0075689601765596,1.073328841696519,0.2137938279024028,0.7551590716348524,0
0.8870288297511915,0.0946471936328957,-2.271312903650636,-1.9834681510029009,2.1160099630112925,2
-0.5338880116944065,0.3686217783178264,-0.2028144807069267,0.0964247776160121,-0.263494186028747,0
-0.2638265498228702,-0.2992932483905922,0.1204482124172607,-0.1278612219288543,-0.7520374036858365,0
-1.5756106753165482,1.7996417894858592,-1.6653951363996484,0.1990492002415114,0.6499902686240936,1
1.266355919566462,0.186405265246529,0.1257728972123878,-0.9306390447791342,1.0911224961600836,0
-1.0438051085759437,-0.1100640940838112,-0.4460070088161059,-1.019147134565776,1.4652153719380372,1
-1.4077815387650223,-0.4092488822729686,0.2980657887311855,-0.5458932944888043,-0.1347836739377241,0
-0.3567789691338437,-0.0978951400766794,-1.4622540699561657,-0.0751351232469142,-0.5742109734732556,1
0.802673917907127,-0.5233045269509521,-0.2769252102358584,-0.82484061050043,0.0913552373246819,0
-0.2635259690865076,-0.7235946669027404,-0.7815054372187019,-0.3332328297602837,-1.5299871650615755,2
0.5288537316529581,0.5243348183379736,-0.2011541947093076,0.4815077225149665,0.8711443275024616,0
-0.4200625546172013,-0.6127481130381606,-1.5243882367419488,-0.4486925139523296,0.384791174320647,1
-0.0493455465634614,-1.639356336158511,-1.5715632074588066,-1.798116234134752,0.0858412193914486,2
0.1450586568837774,-1.1010887784872674,-0.864651199748676,-0.1538814790810153,-0.5239418237872256,1
1.5027960021784144,1.5574752117252464,-0.2348216054308146,-0.4241633279919866,-1.4145913243998651,1
-1.3734502506818451,-0.7449380723051845,-0.320516715730235,0.6421355186933879,-0.3499539952886817,1
-0.4189149211789069,0.1150498531212175,-0.9058431637069778,0.3679797424408897,-0.1053810092020416,1
-0.3644825549629361,-0.0138746178682451,0.5280872897247759,0.7937214723898632,-0.894074514574932,0
-0.1125331088859299,-1.227949325154864,1.5066261824886995,1.4025072903713929,-0.2278392542240249,1
1.4291698211618526,0.9622540376248614,-0.5690342134702632,0.0188150618014304,-0.2708888399605695,1
1.2555542958302095,1.6071494951039702,0.5419861059141644,-0.4424634559748052,-0.6756421500111526,1
0.2619208540765094,-0.9676180155748032,-0.9174959735686488,-0.7003697614504791,-0.0367555635084173,0
-1.1207114149224875,0.0374703658957462,1.6889565766627144,-2.065584875156731,1.990381918506926,2
-0.4597206507276778,1.3431544278936791,0.3531003950314742,1.116087601656574,1.4955429761845087,1
-0.6487466291767832,0.9979903186221012,-1.0608622525944955,0.1790143173680566,-0.5453212688219418,0
-0.8791234026195877,-1.7901963819916185,0.7594303349651261,-0.773806853795009,0.4650362313559327,2
-1.3210745282302292,-1.0219322809960083,0.8119620145362512,0.1647387467726442,0.6412779106786909,0
-1.680759898398516,0.2965740211004647,1.550440429796775,-0.7050518835581499,0.0150040813727341,1
-0.9927057383593608,1.1662701170282035,0.6840121778243652,0.9028256891751992,0.3546403399877591,0
0.1304062561048571,-0.5903078545105652,0.9798333637835104,1.0568961410249431,-1.7930404907619606,2
1.444069116907018,-1.4329860453711851,1.4618453009869343,-0.0385601970757803,-0.0605438528141979,2
1.3212473804364766,1.074728736007057,2.061496934005671,-2.292179541257738,-2.417015203409446,2
-0.6120363112952609,-0.2462204937328324,1.0408337880269771,-0.0170318369108868,1.038805174480192,2
-0.5728307363614483,-0.7759365099295814,-0.591512626215921,-0.3078832387732665,-1.2702650847297767,1
-1.153074458124273,-0.5462954046942737,0.6793906482386138,0.3143826655138398,0.3014722428808823,0
0.4673259617917647,0.4466367092037542,-0.1729696049072596,-1.1049505742765342,-1.262733202366053,1
0.0074545700265468,-1.2744267519646604,-0.8832080956061575,0.0183675285863057,-0.3991843001911585,2
0.9951388087117202,1.237203425372945,0.7276325819950018,0.7348564142678695,-1.03836122074409,0
0.3627622620109574,-0.1583069197626952,0.0509487751775504,-1.0938666114891848,1.084667380546923,0
-1.713445818958941,-1.1802412130456266,-0.0164919540853213,0.3207437520270308,1.1158653458501864,1
0.3922528699840459,0.0098835745936468,-0.148341352697913,1.4535790153847423,0.1647359794858252,1
-0.5029749207467177,1.1075240695957396,0.9678837090010636,-0.5813438989210358,0.990819481394316,2
0.033349248734447,-1.6088076720865676,1.6661807490703917,-0.8595316791598038,0.6162883927506928,1
0.2960419550565751,0.8917744603855958,0.0634417462781757,-0.1406118878381288,-0.2479479993682008,1
1.0157591242116726,1.1226631774756626,0.6252381811107559,0.1398078799559085,0.3430533160972502,0
0.432348553804274,-0.5499040705458819,1.7839712932598113,-0.3046733821301781,1.126291785772345,2
-1.6741217708797178,-1.5779490731161696,-0.9422863199131004,0.2253630992411414,-0.6990300203748074,1
0.0999238806715197,-0.3335416601857261,1.113531102612288,0.0708577590058903,0.478910225081831,0
-0.4627997703143976,1.451326966878363,0.5515134160089349,-1.3240551394005446,0.9463713292023938,2
-0.2113375481465884,-0.1781737972795118,-0.1416527654493968,-0.5371873739534674,-0.1581826070825957,1
1.1447558491293728,-2.7269434927188723,1.8226737123875465,0.057669785286349,-1.0368634984250518,2
0.2118971660642916,0.6759205281263803,-0.8557410563914581,-0.1121067903443659,-0.4724425717332212,0
1.058002032349413,0.1508817788904819,1.4561333232975704,0.0456981909608752,0.7596523721702896,1
-1.1348599084618725,0.4989370974117477,0.5819181455031536,0.1165232426270065,-0.0526124494721221,0
-0.3538820260840261,1.3718360465838912,-1.1244503734939328,2.03879424198176,0.6578737032303861,2
-1.261565217900449,0.8667594408196986,0.0986372766765315,0.5014384346781775,0.7078549926507978,0
1.236042033372527,0.3373672149145184,0.6626746142605001,-0.3960807603834455,-1.0834631443885954,0
0.2523675835290784,1.0596490463765824,-0.2436377212953453,0.9829069719847562,-0.8331177409617815,0
-0.0778078084568511,0.7949924239190056,0.4377833419707241,-0.5029501396081314,-0.9308584132879992,0
0.1854436368456656,1.010372619888733,0.5828378970535998,-0.8067685617141662,-0.641781110704253,0
-0.3057116892808861,0.7361335919026102,-0.6848759254704374,-0.2616217263728392,-0.0482732372058444,0
0.2740706521114562,0.4986022419738272,-1.1882769894559564,-1.0618066921652782,0.6096803577255363,2
0.473584359660921,1.812685577330484,1.1906525728092578,-1.1345353222250874,1.4218563482519888,2
-0.6530731686943815,0.7262214863763079,0.6780938410293749,0.2443405028145786,-0.2983161115858302,0
-0.4096005522107833,-0.753634605547329,-1.4858943909687192,-0.0038681279207195,1.4146783629170976,1
-0.698551365156526,0.9363849896111344,0.6552260401304896,-0.1192132048689443,-0.3701300488247452,0
-0.7619114130760418,1.1644169261602206,-0.6113574855045519,-0.0527750990299599,-1.6669524582728887,2
2.1538657869623017,-0.8146782202159473,0.1063299281004631,0.6181362167159035,1.8388025095855656,2
-0.8729375670850913,-1.65286748973743,-0.3838774756099595,1.314915966321463,0.6666168831275976,1
-1.1747510015325195,-0.919817059905239,-0.4388590264970615,0.0822517089409305,-1.9740378954832345,2
1.7577909511005851,-1.1012458912741852,-1.1926924546441608,1.1626853069599037,-1.966619022206082,2
1.154136597258738,0.8951301303847649,0.8540451629381155,-0.6061642818924693,-0.1412147464333885,0
0.7322217243039527,1.1893393791312583,-0.4436580937563702,0.9640926040537628,0.2482763365163669,0
1.472473022244273,-1.5126286835927862,1.68951690276834,-1.1990234117757144,0.3785111350754311,2
-0.6745698730432077,1.2880155806899944,-0.6873700593649382,0.1070504072970829,-0.913579776228078,0
0.0503423599652315,-0.8672669330731888,-0.7717001830228657,1.570998924177168,-1.146050403824703,1
-0.3703545337339568,0.5540480854997658,0.994455142405726,-0.1818762423637722,1.2041398393879146,1
0.3566250383403305,-1.1189826519544173,-0.916086087682195,0.0198473690447263,1.1002808473736978,0
0.6539059612445522,1.7262331548211214,-0.7160235793302062,0.4990644911012197,-0.9342886702544212,1
-1.0625615975339675,0.5178691734791224,-1.1294961675902355,0.970218385728288,-1.0419903920090214,0
1.0237769279117643,-1.0607800624048185,1.5720348495172394,0.4974312714892549,0.92162893150934,1
-0.9432691155199414,0.7291303220726651,-0.0700321621985353,0.3405544497990001,0.3157224370484299,0
1.149339526767665,-0.9324069531197304,1.1203581224004815,1.3793221869719337,-1.2009862629739794,1
-1.145851924641303,0.0482453521161068,-0.6400974687877953,-0.4756912359400552,-0.3803770262846926,0
0.6016116493773057,-0.1333317410923357,-0.5803882203586546,0.5559824015071035,-0.9587049796615456,0
1.5826976894793736,-1.4368439091078151,-0.7558860558666046,-0.6173829215119192,1.183335006273606,1
0.54448898442436,-0.084781205940782,-0.6902313409230081,-1.043411581478198,-0.0831134166244839,0
1.109281101666132,1.2422748662722054,0.1773162591008617,-0.7739424837150131,-0.2442585570951214,0
-1.1830804394504355,-1.0210887527399732,-1.0972959974790268,-1.9023196972718437,2.2562343518864023,2
0.0926083927257486,-0.9383272516927404,0.222197400169051,0.0115018938992357,0.3440368058470185,0
-0.3557214384121727,0.7598730315578733,0.0383749172814998,0.8797046894835372,-0.2488396049716727,0
0.5612263090306774,-0.0084599674319784,-0.6900492275672183,0.0333020373341307,0.0914223857620745,0
0.6868214815485149,-0.8369553790977793,-1.047702249241148,0.7598535086126258,-0.1964116310519741,2
0.5122481108700568,0.8318027523639312,0.6928018695045653,-0.2661749178264903,0.0202697386560855,0
-0.4162163283197793,0.8268348692075503,0.9095755768517474,0.1333838489758915,0.6098835525624694,0
0.6242002809745221,0.8097669142796098,0.4733092649647009,-1.0219704288568714,0.8370903708629726,0
0.7915783514132073,-0.5245885461964238,0.5038098004198309,0.1357484286674827,-0.9511300060586246,1
0.1842760771324146,-0.6295654036149153,1.042797376233539,-0.8886921292845187,-1.0969246706885205,1
-0.7221230530446655,-0.5262593773563039,0.5280986463782403,1.8630929082942127,-1.1901869134553391,2
0.5287300690329643,-1.070340359368568,-1.215279441803808,1.4666460675337956,0.9355366079437976,1
0.2005837538803225,0.0917681636041185,0.6413620251178668,0.4070386219085323,0.5572842689723692,0
-1.0497640383828195,-1.7076170263840276,0.006996978045426,0.3431659192153437,1.08958635970919,1
-0.8739848521024075,-0.6286837260712562,-0.1324998959106178,-0.5269959775132869,-0.6448045867883575,0
-1.094646899664529,-0.3209224612327671,-1.168007027958154,0.7274662830915135,-0.4279978476267113,1
1.749377313982575,1.7237575998495576,0.2253053808272681,-0.0097863228513049,0.0817284224830923,1
0.5489014997291525,1.231262112408,-1.9226956228252237,-1.1836342739366927,-0.302374190219253,2
-0.8514490134180956,-0.9470175703014192,0.5064927928129059,-0.3917581466040634,1.4098411671924684,1
0.5609892165524184,0.5803366011616822,-1.0663337059706444,0.9000114181305277,0.8576135019126863,1
-0.2882880127481266,-0.7361293557814674,-0.8663323600135593,0.0552657769534146,-0.2359822180291945,0
0.4760518200335494,-0.3588278673007156,-1.2379060627555298,1.3118506561580074,1.4354552618028864,1
-0.6924456108444783,-0.3270494467412331,1.1846952064716534,-0.032412777698249,0.8005146242516061,1
-0.5135561203722214,1.6152705916531236,-0.6322365867876797,1.4097281520207428,0.2883045737436802,1
1.5260371374130202,0.3359930892773735,-0.0130468454164696,0.0372498838427373,0.2655159362724452,1
-0.8691443063056591,1.1155692180695351,-0.8307315231923889,-0.4510458458816715,-0.9182554098424848,2
0.0164696684404566,-0.4798630456983338,-0.2103888229097539,-0.9999235162161544,1.0417195592446309,0
-0.3874662744536921,-0.9013164068723176,1.1103277199333212,0.2185192063114892,0.8741355436242955,0
-0.661583404830621,0.1673919695774347,-0.4291009256854919,-0.2006747201417567,1.0865059019092915,0
0.9801185637344124,0.2552330713453929,-0.9495613340948617,0.0848610215689804,0.3789680840369729,1
0.3081103371598974,-0.4675471723584369,-0.4180889468978434,0.7038238470964778,0.238708468822712,0
-1.427821148085312,1.4667535655898043,0.5369938726143474,-1.0732841457299291,-0.4877459030285585,1
0.7711893017556756,0.7256440463980811,0.964022656731386,-0.1927680073227009,-1.0380301169877122,0
-0.4870044855042768,0.3478908796294317,0.1765722682732771,0.665936836674379,-0.9344925393704872,0
1.102109651080499,-0.5567694147739062,-0.978422493246634,-1.1493023833755769,-0.3297994523789833,1
0.3815516105735558,1.1927695504001343,-0.6347091402370966,-1.020759150233022,-1.0140401317266283,0
1.3760768453265184,-1.1152866278690363,0.5709153860359,-0.4704653017800899,-1.3850870715240733,1
-0.2929475249074029,-1.238414763514286,-0.0810027160956947,0.2086849319624667,-0.3993645739733734,1
0.4459912648001359,0.2822125208934188,-0.3748432570377538,0.8587089277852527,-1.853217631064548,2
-1.301173960844242,0.2763919296967771,1.488087112123199,1.1674283686498743,0.2018055864423382,1
-1.4227888818001129,0.0194120264977065,-0.2523477976648151,0.1916814073247338,1.4598361469356922,1
1.1982446963275466,1.6800180979345254,0.5209265916328913,-0.3639197153659859,-0.2366134882031394,1
0.676354475685934,0.8825942814148376,-0.3576736797888324,1.051031647093816,-0.0750929588082771,1
-1.3477158652438843,-1.2328296104038017,1.0102457060460492,-0.3739658946740793,-0.7918204868030623,1
-0.8440799797044658,-1.8698720815514904,0.0469962156148832,1.0630690430206418,1.6013082680543282,2
0.957594352912649,-0.237693846650334,1.6870161015238916,1.6049201387680283,0.0972891583052814,1
-0.2865946638845725,-0.178193627514667,-0.2580359971982743,-0.5606758648853264,0.0396902526666222,1
0.2439040261562622,-1.358144869631748,0.6723701126332606,-1.083120195601506,0.7857344553889913,2
1.6113063445046008,0.1458791761956993,-1.4075942756925692,-1.7146263214630175,2.140323269514608,2
-0.9009780522273644,-0.7325697161537786,0.0721702095233435,0.1314481645212544,1.0020395346352593,1
0.6664392938340532,1.52486706082752,-0.3724401786144233,0.9333935889476312,0.7740635913683698,2
0.7617557500076745,0.3353795590221772,-0.0397002180309294,-0.7298263496397485,0.1778950340338533,1
1.8867587377619304,-1.3085512586349357,2.4400487268013373,0.7790412187285227,-1.914734270052971,2
1.7933916496933806,0.5933120643166733,-0.1831488695875032,-0.9185095122867332,-0.291354772830412,1
0.000570166500089,-0.2013586376091667,-0.8230072060232249,-0.3200796907775438,-0.679248566261022,0
-0.5398537708280161,-1.251566245549081,-0.3828623179766846,-0.1469793645662116,0.6804933477514753,0
-0.4411367401627715,-0.9206160306044244,-0.1616766783040698,-1.2599985345782918,1.3687204346833246,1
-0.6676230037156546,0.5092074546663266,2.370935994538871,-1.911503646137117,0.9703385544751352,2
0.4093627112846751,-0.4503376379913435,-0.103194888250868,0.4282127359742174,0.0222517525511613,0
0.5131869909124922,-2.621364560052459,2.3980051148150308,-0.3219440868365969,1.8019993679560624,2
1.1891751893421,0.0329269451924946,-0.9046260121271812,0.2099253556996031,0.4154384991901025,0
-1.606542531843098,1.4125998786888734,-1.4710958154949594,0.5631733536295465,-1.462146253362675,2
0.441450570179015,1.900616970279121,-1.246501735259222,-1.7466454894270829,-0.2260735126401532,2
0.9503238375368772,-0.2262290156676471,1.5364449920687593,1.1742501015936804,-0.1822940754411115,1
-0.4502768732271915,0.1619564909060465,-0.6198463571007543,0.1994582526098239,0.976408849404512,0
-0.7572962382418026,0.9882875265496792,-1.247940802093386,0.391720364920694,-0.2913877078842977,1
-1.7221384857005948,0.703848368538803,1.8932253964840895,1.0749234241435497,-2.4649897879948046,2
1.0864634716050685,0.1650454809492548,-0.3367689787435515,1.4190204597900975,-1.3976678529467677,1
0.6625929206756367,-1.6948958822694549,0.6745728540270973,-1.542228049454019,-0.2523777536476749,2
0.7100961668477298,-1.209947883213073,0.99413359736921,0.2553679441657934,1.0404779851130683,2
-0.1932664899557242,0.4167764261921109,1.3451154799382812,2.3066346413211742,-1.1327032852272425,2
-0.288176415915793,0.2383716872570128,2.2540835022962136,0.4770903364126518,-1.2818751357588276,2
1.1452585669453397,-0.9692839893620182,1.6357621403004718,-1.5592493660703175,1.4345254730020944,2
-0.5968940480143968,0.0320818472789087,-0.8750077612756727,-0.2886461195796599,-0.5520578518958535,1
-1.1456875845846528,-1.658944437002507,0.2863328217200136,-1.7549544904444785,0.0730424646513907,2
0.6810047106292547,1.21907225294675,0.1477691215183717,-0.1174124324848203,-0.5935428368981527,1
-0.0221174180166032,-0.0991131345348362,-0.0297540096803459,0.7433158883204258,0.8479465010530907,1
-0.2518747089343798,0.7833370751922321,-0.7361528557384603,-0.8377199089405465,1.4912416938690678,1
-0.3574674143810999,-0.6890459475473457,-1.1395910617018603,1.063905711182188,1.0604225814179618,1
2.142044356568492,-0.8143218576515099,0.115414768963833,0.4751911359576297,1.8478130532749704,2
-1.0639469794155183,-0.8348686662931223,-1.0290183656107752,0.4570332507185023,-0.8702750500842099,0
-0.926228737176365,-1.3737494760069555,-0.4937863544368868,-0.2796833448608796,0.5070479163407555,2
0.9363459408918264,-1.7819504827061543,0.9261208212208976,0.0006268631891649,-1.2120566117158913,2
0.0410681777755209,0.9782905776979084,0.6726684024332005,-0.0298240769479798,-0.0861331113631809,0
0.8122093297164841,1.009864755471084,-0.3258834175226761,0.9217985990986994,-0.467961966857008,0
0.9636626959460842,0.9239578129150442,0.5805671874032929,-0.3204508688664308,-0.7378162172177964,1
0.7812424478236456,-0.3906944575396358,0.5482796546426701,0.1982611247853056,0.6275345722661734,0
0.7231166556156218,-0.3279661517167631,-0.3575564256833491,0.6115424313814131,0.2684943950628222,0
-0.5410618983002718,-0.709050115792819,-1.0990611575924951,-0.4453502000902906,-0.9514961134736888,0
1.092674494353185,-0.0320932361688654,1.299748645970371,1.7652522061036555,1.6125371691762376,2
-1.0774806430506294,0.599415800245473,1.0456772998722346,0.8774669700125879,-0.2200092869609127,0
-1.6824364667308835,1.762795308988924,-0.2543195246112953,-1.037071982109209,-0.981667103130164,1
0.1851984557573148,0.786885595431007,0.9842232279119736,1.4975788544854631,-0.3978283845548716,1
-0.1354999572824604,-1.4574775978540315,-1.2499389345767855,1.0637417181676294,0.5590876680129012,1
-0.1843320892854636,-1.100195010933074,-1.235415405744675,0.6077888893858435,-0.0415978732219301,1
-0.2073757359247168,2.262297576995381,-0.2174454287919199,-0.6816450081577916,-0.2827163635266993,2
1.2817112578122956,-0.0900105414675551,-0.1460648793545369,-0.5498927016684859,0.4480295445153841,1
2.301982304533929,1.5783888041965322,0.8189436049857542,0.5201830241053488,-2.1927805644859166,2
0.955966428653579,0.7826451757730538,0.3544923472987938,0.5557364712025943,-0.8414334193383215,0
-0.1310374459355673,-1.1837324002375855,1.743809610517937,-0.7179959626257273,-0.1313164275988622,2
0.9404248092368304,-0.6194057016461257,0.120972586650902,-0.5675552997250136,1.1653139294329384,1
0.61067016958588,-1.048768902669905,-0.799702142104429,-0.3809737556829543,0.2019882244092725,1
-0.3827220473527422,1.4809512052503055,1.2715261717832118,1.126938418407755,-1.2487350987038457,1
-0.38433958541567,1.7512008220404174,0.2332644683163452,-0.8089967593185571,0.150773306771396,2
0.5831084432057817,0.201826836257336,-1.1673330745129968,0.0976715058231542,0.3246936875384042,1
0.7210682586374693,-0.1685955780521382,-0.5027013450625656,-0.1768403155872576,0.8707973472196514,0
0.3031845746742397,0.6734328817326327,0.4764494668410292,0.302401978176902,0.2701862171588454,1
1.1329102634824433,-0.5975569985159277,0.1799514596696244,-0.4832285081244735,0.5283052943126634,2
-0.7370726014060868,-0.1764051203080139,0.4755502065552304,0.0629839988330901,-0.9487913030884688,1
1.7102390117483248,-2.314134705924264,-2.366883926246907,1.150517816956138,0.8588533571375963,2
-0.0803410141138988,0.8760105200610018,-0.6318362708100657,-0.4670566880125952,0.9816741073866764,1
1.3097339751791088,0.3247726714895677,-1.5146889074450625,-0.2942556206686474,-0.0468345961322646,1
-1.3625032440282312,0.4769023179040551,0.4277559101332936,-0.2979090570445507,0.2233663574650387,0
-0.5653542164707511,0.7020276214558289,-0.1123516659259167,0.1944371346777743,-0.8313998237790583,0
0.652419105068376,0.0044982996062174,1.651579424742257,0.6516481639746653,0.8928009988960269,1
-0.5390969870899736,0.3546775142298212,-0.6880650296061759,-0.8866552414149009,-0.9076269558180552,0
-0.8761484837422305,0.4504457114740526,0.8691142936330437,-0.7086956171937292,-0.1955167934598367,0
-0.1987917457422705,-0.0770873669471997,1.085076492741608,-0.1155430386519672,0.7900023419600396,0
0.2183846022120476,-1.0042435047636302,-0.0415631923877263,-0.1388263586919635,-0.2879940223889506,0
0.6277390503658373,0.8805342673799329,-0.1176986622264403,0.5249213108419559,-0.8298030035988834,0
0.1004496259966625,1.272189098215449,-0.904700105868999,0.6260247286311605,0.5825674909949656,0
-0.8123331929447914,-0.7942061990944269,-1.1860947599869385,2.5007843438920863,-1.3250863656922576,2
0.6302325314944546,0.9509055970959972,-0.2193701957764171,-0.0422898655169478,0.4905849158973045,0
0.6645587375259924,-0.8266914630878986,-0.2645589888641445,0.3581089671023655,0.0224095278888325,0
-0.1892318083206489,0.9475714431538892,1.5937150187785003,-1.178372009163684,0.0134919996653884,2
2.1254700394833144,1.520910111338001,-2.374339381582097,1.7478369517656538,-0.5641080739187572,2
-1.417187037935657,-1.0854607070882147,2.305863333300279,-0.2474404689420635,0.0027366853279344,2
1.0604928142178496,-0.7641153517968777,-1.1695600424361396,-1.074785449361626,0.8327897776384389,1
0.2948532587400701,0.3754009608474849,1.3738323512306527,-0.8480696043113329,1.0794030288688867,1
-0.7873939406071108,0.633133008475317,-0.6550111948015035,-0.3440734691569136,0.7276566118944464,0
-1.256825935192336,-0.02469246041277,0.2265340040249225,0.6030921415300154,0.1281056917863594,1
0.6443370393430252,1.0726523284221257,-1.1210429162951576,-0.4986255692054667,0.7408843358335517,0
1.249373694809119,0.6392367823555783,0.4508269067286458,-0.4714290006216649,-0.2710325654189834,1
1.241667773737364,-1.271049674988867,0.3982893780770411,-0.9866360327695416,-0.7898213305456068,2
-0.1395145963445706,-0.8465581853664215,0.1817493891979931,0.6082512493915779,-0.2124301133507104,0
-0.5733583525631436,-1.0386887489350058,0.9750306256593656,0.6070158611285318,-0.7597874743884473,1
0.4177957806272369,0.3694466394303068,-0.1391318106104603,-0.5424590817133013,-0.0667708281607481,1
-1.0490242485018195,-0.7817949527194912,0.2225238253631315,-0.0077687320532054,0.948612608978318,0
1.3107424941828532,0.5325334869704567,-0.6760056435217088,0.0266816324545898,-0.0128745927778277,1
1.3450622966312014,-1.792515192383157,-0.2103591222633621,-1.1230903025830266,-1.4101218092714156,1
-0.1486242252405783,-0.739552849676259,-0.0860947264452157,-1.0762968498003465,-0.8453337489708135,2
-0.2332521480463287,0.4912144800500161,0.139550973464236,-1.0900274243852814,0.1071078168513259,2
-0.3799686739985171,-1.3888321500323375,-1.953158221725724,0.9160675164460936,-0.5838462435593722,2
1.089733382550101,1.1978437056627982,-0.989562910851166,-0.7956659975764759,-0.7585171494094062,0
0.4103059384124382,0.2432166831439569,0.0484095730970336,-0.6362624261709486,-0.4070320789134916,1
-0.0033246775555418,1.256446500527143,0.179796882319785,-0.0772685404106123,0.3322816438626995,0
-1.117355491234395,-0.0381732251609088,0.4504723351707839,-0.8322217127475962,0.5378314656043366,0
-1.3990409503503296,-0.6316585134800499,0.2893129300189395,0.5218554427327678,0.8475451161849109,0
-0.9171959954462372,-1.1472109631096787,1.02787695822085,-0.1207969290150077,0.7404532896644594,0
-0.5618503788852012,-1.1959151269083603,-0.3804179266074436,0.1713174926134253,0.222997143310466,0
0.2288602754013648,-0.0824697790660422,-1.331537823095072,0.4612046345072504,0.9043573828825506,1
-1.3216536042327596,-1.0829022853871078,0.7429045451626072,-0.3684619238853636,-1.497205569569734,1
-0.0677051949550685,0.982425171713074,0.7770715352385084,1.6021160233577465,0.9483838188217156,1
0.9748527648842488,0.4562361517629771,-0.6669563445204487,0.7050347093120616,-0.6514201886866363,0
0.4636453456460486,-1.2541092589684448,0.4674027998358664,-0.5170257502500424,0.9540792024737031,1
-0.4889010731874298,-0.8782960545806494,1.555052974195355,-0.1700413175748559,1.4560040124478926,2
-1.2275856572112858,0.9542353931251812,-0.8094214112053889,0.3457849994593163,-0.4124350578367346,1
-0.3619482030426944,0.0802364219795995,1.0859582946017567,0.5980895634198703,0.693923323506957,0
0.2068876365446913,0.8349802121541716,-1.280949750632655,0.872921508353499,0.001286304796536,1
-0.8566094544988911,-0.7203024394882153,-0.7006487802430298,-0.7209122837072038,0.8553268227968105,0
1.0053186270688272,0.546000435539273,-0.0814537828235324,-0.022338149849441,0.5996147270747654,0
0.266977961777782,0.1687097284213529,-0.1936003797121604,0.0789462042900727,-1.3487366093472797,1
0.0395142618657201,-0.5301748452666556,-0.1328670675184019,0.7895239852302696,-0.0281240411141393,0
-1.098305954128286,1.63711016791803,0.922795698334946,-2.1910999492426866,2.4234738130952413,2
1.2819058496698366,0.4082288631162837,0.4410158755247021,-0.5830797694376291,0.3201412391442764,0
2.373622884608697,-1.3125440496427236,1.6839387195210545,-0.2206547202333117,2.06803556108586,2
-0.4087661225670153,0.3689055167421995,-1.208794984617937,-1.1184249410152345,-0.5802226323105588,2
-0.6436837654953999,0.9689460213449838,0.7997519504783244,-0.6641848636739928,0.8494479778215915,1
-0.5709884805824887,-1.130327613401145,0.8825754349938673,0.8737604018340172,-0.9025688129469908,0
-0.5400989700198338,0.4420124126873128,0.0315296812332684,0.8119955815110418,-0.531735271525629,0
-0.9602570813700948,0.1924769671583796,2.170780080322229,0.5696621947995851,1.10961528837339,2
-0.5586100970716267,0.1518191767472455,1.0824700703323642,-0.7281617426032846,0.996553581177442,1
-0.8185323715133741,-0.6257343788242482,-0.0612221542411944,-0.9898489931575892,0.4507453195591582,0
0.460815299562588,1.0194457563939707,-1.4081857871044643,1.4790341699860716,-0.1082071086520263,2
-0.8566764916183212,-1.0785271251933413,1.0986257003748086,-1.0056482173660928,-1.0643703912693636,0
-0.5995665687440304,-0.4001959293861157,0.1592749119205293,0.7685270873122916,0.1999182550448797,0
1.2881437343931774,1.0569929166190577,-1.3155453005243178,0.5850315086754401,0.3598223337866912,2
0.6434134691678431,0.9500810067339952,0.5701062570198008,0.0562770060716322,-0.5635913334666552,0
-0.8721927464044587,1.0626428706838278,0.668852191622896,-0.4094376973601292,0.3963145020106851,0
1.7212129805755718,-1.1584098227383488,1.7534264435505662,0.4417652999632586,0.5076237785734096,2
-1.4792727669797112,0.1773832657209325,1.5315495572398716,0.0551341980058946,-0.3102147815645744,1
1.1254372334821194,-1.285164064224504,0.4685676539697955,-0.5771011381752527,-1.4427717461242044,1
-0.744398507415972,0.8573504499168202,-1.111669581645873,-0.4731729791490037,0.8981219125122458,0
0.6182788513004887,-0.2286823516208341,-0.7752472463507145,-0.6189294442798167,-0.1570998696284703,0
0.0475891630318183,-1.1723336006538303,1.0410494944301698,-0.4824198202691291,0.2169665218927426,0
2.0447078284373434,1.24796293146494,-1.459250135146395,-1.4384457580600052,-0.1875599384795254,2
-0.7447144016089288,-0.8975251691475972,1.2493952781848243,-0.5729485644890835,-0.6701601898920966,1
0.1112873379969635,0.115935869378765,0.8393517925324832,0.5868257390108302,0.1309999100669737,0
-1.4255053699144031,1.1451773854852498,0.8263442165997275,-0.0064122709381875,-0.993589037983213,0
0.1273105078491872,-0.0786836764406267,1.0981943239112415,-0.7618395510714839,-1.516594721642876,1
1.365548969431196,0.1696868311963265,0.1615432025116323,-0.8181199581598492,-0.1157318596055895,1
-0.3994184870765657,-0.92078258690865,-0.9728567822016356,-0.1562867495744643,-0.3449144361439433,0
0.6769395660606254,-2.6529843168472005,0.1497880635135026,-0.941499603800436,1.403802706704249,2
0.4649351742923412,0.2089749475993106,-0.6080691670952741,-0.6190404704877475,-0.3367839039787618,1
0.4969416595579358,1.111961941115661,0.6139176635433894,-0.5214841067379774,-0.2441498361050342,0
-0.63985534323457,0.2493982208051519,-1.0181298630996656,-0.4851717549527623,-0.1336231578538338,0
1.838610374626943,-0.552509068043737,1.6490342337426482,0.4555830817005689,0.4054467098928934,2
-1.2301456589891733,-2.552889978229917,0.333018713937608,0.0806815614396409,-2.5559557970798443,2
-1.0528735213896572,0.3387613602312067,-0.3351664939002881,-1.0521938256157668,1.5428597776722317,2
-0.016134308163757,0.7404882667350943,-0.2074398873065938,1.3129356383944404,1.2916086082129354,1
-1.1183125666738527,1.0481218140133908,0.6330828027703226,-1.4157866487776052,-2.460623951633658,2
1.0234237283712866,-1.770658624581539,0.826212063269134,0.2669147643958837,2.2637286292573986,2
0.5478006737586503,1.4235629031120434,0.7585269438909973,-0.623965984259532,-1.1293706648890518,1
0.7917656811020348,-1.46482208906412,-1.134262915394434,1.668483340075211,1.2026180089245129,1
2.041055410053794,-2.132507230306261,-2.56115725822015,-2.0233746205565404,1.2898251894111896,2
-1.346861097775366,0.138796748403109,-0.6867721924426341,0.4164674081979893,0.8729017206120262,0
0.7668637695157121,-0.1082377499441769,-1.624080053756654,1.0005780651731082,-0.2455223100980385,1
-1.1690988824465138,-0.7786737150533616,0.4686028834896038,0.57159445329686,0.0263942763295292,0
0.5390492974889439,2.041763799094476,1.373873566198847,-2.160740206400634,1.8855899589416187,2
0.5757226490547424,0.929846412591663,0.1559915907562086,-0.0890943993811069,0.2924874633808677,1
0.1825968185692492,0.7797951871141491,-0.921415579805604,1.5006239655956632,0.3687379136519728,1
0.1098531036222933,-0.4390002610639776,-1.452797845140757,-2.7896734271459622,-2.3314660656837107,2
-2.054054052883373,1.673368521256353,2.310716275381332,1.3602389965586248,0.651771903684063,2
-0.1975426620289362,0.0270946442949511,-0.1321473411519016,-1.108942280746149,-0.7086497187872085,0
0.6254400585390127,0.3737331969382027,-1.5958793422387136,1.2361376179343335,2.44831518092978,2
-0.4456326257364441,1.495556094135719,1.034936299055749,0.3837108812380881,1.4749830325184912,1
-1.6940303965841352,0.5719553759194863,-2.261800627039672,1.400763443775318,0.244794457744174,2
-0.7665582783268317,-0.1447772511453704,0.328517590776419,-0.6864586558164703,0.5446759084449925,0
-1.340329129507678,0.5284047034126282,0.309846003435398,0.7092366402819039,-1.076037907782063,0
1.3451552804401792,1.1099221216409685,0.3029238593064199,-1.906898270376037,0.5847610214880479,2
-1.2537324448055969,-1.1178031049019577,-0.3474809011714804,0.4200921330309544,0.2891952268910206,0
0.3371846658215207,-0.9442148977898982,0.2383292156484663,0.8823594852212527,-2.012151185689191,2
1.7142054741096984,0.7073193628004035,1.3956492173558008,-0.1863344566581974,0.8420663598131239,1
1.0258699616402709,1.4063139284941395,1.36626124401729,-0.7316763297909153,-0.8737425765588913,1
0.1374629359633961,-0.2664222028272631,-0.3394436216217378,-0.7075553237876475,2.1258647848637877,2
-0.0471418907623279,0.9849243944187565,1.0024779509627078,-0.181124757707675,0.4982083604031614,1
-0.905917186552276,-1.2402102521989642,-1.6025571630610405,-0.0918606230803573,0.3328956298239413,1
-1.290853443843859,-0.5462531809332266,1.542326477358574,-1.0645165921539748,1.9150852839846884,2
0.0562941894652519,0.1331047237499554,0.1139786476140499,-0.8234555483755107,-0.8182434983045954,1
-0.4083495975490508,-1.0293937296051678,0.7296576117144506,0.3384504438051176,1.109451334357318,0
-0.3740049346075378,1.5208187758055591,-0.4699740676742266,0.3061422087988959,-1.322362966956387,1
0.1266418223779953,0.7825635755286439,-0.4774171892105385,0.7398793227704684,-0.8061032190435637,0
0.2648488799333366,-0.2820247711646606,-0.7586723993602438,-0.2628103239088968,0.2892782433211591,0
0.7751411132203475,0.8131299693155926,0.4663207594904719,0.5258511114562422,0.454046755575476,0
0.4039977504478296,1.5865272495739415,-0.2042745398622049,-0.3437587786229558,-0.6020537287139961,2
0.7414103919327806,0.0773893186182661,0.953974521643435,-0.8604539149493255,-0.0891635819110758,0
-1.1823426557264562,0.9445619872623138,-0.1117634203717369,0.6160872863628982,-0.1873259839685357,0
-1.8610688377132316,-1.0344872392013424,0.3142160859861883,-0.4398364582724815,1.4844942023498635,2
-1.0846734289404096,1.2143580263319431,-0.053928293023821,0.5796383706503029,-1.4015216054319464,1
-0.9450628720578382,0.7568857346196316,0.0072117778319631,-0.7446716770917522,0.7722935817337626,1
1.4480239052826218,0.3442554131828461,1.5877150634231971,-0.1188815680664672,0.7968190847611579,2
1.7596713235523864,1.1752696879106626,1.777296704407527,1.7222752738416696,0.6603682572446713,2
1.155316648101427,-1.4243299038495003,1.1114273357362072,-2.546203003433658,-2.38830505417912,2
-0.8147902552335629,-1.779958639801508,-0.9068866280078034,0.5836079727446589,-0.672446515859476,1
0.7720790064181144,0.9940688094137812,-1.3022057909539848,1.148003896577223,0.6448166690604729,1
-0.1378024743778569,1.561179414255971,1.2156655795648543,-0.8972273900416468,-1.3019992759683934,1
0.5339725004689164,0.666562254425205,-0.2102952099055588,-1.280205133221717,0.6268322812969144,1
-0.3188577056385682,0.2870877795881961,-1.533553258883854,-0.4608519040643417,-0.2406708195651819,1
-0.4264903572741237,-0.8727938645659915,1.9018512918911197,2.101277047143806,0.612815568546803,2
1.2719328529525362,0.308778567834453,-0.1758676706489868,-0.7894217584758028,-0.0801262323464861,0
0.2186821059419483,-2.583016270454303,0.9334936175365454,2.4360050979492187,2.147832470478034,2
-0.6922267578561463,1.8108540673759492,0.8630236301873303,-0.4431780020654625,1.0055755502688426,1
-0.2681583748110666,-0.8038971746433705,1.1303368171063637,-0.5319439445711082,-0.2204852283030603,1
1.404492858029328,0.7244999277182983,-0.9799843668118152,1.4054001602626187,-1.2568427837313594,1
1.0803404914135837,-0.1233852054583048,0.5122961370539592,0.7972424269932943,-0.942603399819275,0
-1.1321987396008222,0.7206144619163107,1.366680119850373,-0.0517749846940037,0.265226733747081,1
-0.126234351213843,-0.6585001646215387,0.2322545692520768,0.1184396480219318,0.7497299104567929,2
-0.4288151881591787,-0.7210420721672524,-1.0613337286060072,0.2974310144582195,-0.6113986433216317,0
1.4136748770725769,-2.4734072305414667,-2.559105666748005,-0.6445808222703017,1.4938033345475066,2
1.7218045383113345,1.1160662344237484,0.1397551409807088,-0.3594502106239167,-0.2913364257787433,1
0.2006650117904079,-1.2634958789078972,0.9306091375225928,0.0074324296948653,-0.8695556400926115,0
-1.67459132444031,-1.3437574571313569,-0.8749119141907131,-2.117904557489553,-1.2591985016861813,2
-0.0729837069748264,0.9417613660336916,-1.552667700706935,-0.1450227875342668,-1.297560189467296,1
-0.5215292276551017,-0.8257538344806964,2.0880981911154,-2.707505634620583,1.2273169757053497,2
-1.282559415243712,0.2648815982593237,-0.7810472895358054,0.2036741481542064,-0.998772900813695,0
1.8376863115398137,1.9850087216277803,-0.3346471977327269,-0.5016827099812632,0.785866410880066,2
-0.016091752634636,0.7811231772623678,0.5446517463687459,-1.0646953385427298,-1.0783480931752103,1
1.4172232938140257,2.0335413685669668,-1.1038235512482586,-1.3296564841444942,-0.4665259104104152,2
1.1771058565573005,1.4927750831512914,-0.356556779739882,0.2031123448069367,0.3957492330327729,2
-1.6525739216637656,0.1601274280073864,-0.2215355704562825,-1.2075715613645814,1.2898421147268475,2
1.7370081347639512,-2.81554492699521,-1.7829251352508846,2.4866602862437444,-0.146238643213433,2
1.962823160304617,-1.6020423666334622,-2.2970845193276697,-0.1575028636739817,-1.6503912029868464,2
1.7903262633342054,1.6655065963106015,0.7136580849644985,1.1001786953135644,-0.3319608573416588,1
1.078522180798032,0.2388828390898359,0.7657728218820153,-0.9164746294530046,-0.6622225141267881,0
0.1263074229244283,-0.7401341096853948,-0.111139091579875,-0.7885679432388121,-0.9944067824088072,2
0.2076928449253365,-0.8458039452082282,-0.4375360675539148,-0.6740596108674289,0.6468058446300444,0
-0.2512836204428806,-0.959733141030634,-0.7463342745715974,-0.4405473537479624,-0.2395166507603834,0
-0.8506990394028346,0.821030132260557,0.6483522824622769,-1.1196970097885803,0.6658887536239453,0
2.193668300205167,1.732894930962907,1.7807469503494728,2.2660655847626425,1.474610814313048,2
-0.0594926513502772,-0.7095693154303039,1.3362340874913174,0.2369674366752027,-0.5191968224901016,1
0.2355042764413647,0.0931322226361755,0.8944988142057774,-1.84073104681539,1.5628913526430372,2
0.081977521087042,0.9822007859493398,0.5526678959432726,1.5625948552430096,0.9276026641025152,1
0.8437347123586177,-0.5917874049953531,0.6737160897731653,-0.9042707057557952,0.8521156751940488,0
-0.8219285997315254,-0.7651024638628392,1.1360075463739023,1.3670933401631462,-0.1378291082087097,1
-0.0059234509095723,1.1358805860023495,0.8725845474944588,-0.2572340326107378,-1.0053613437276026,1
-1.142445220158102,-0.8249192249149394,0.9215928884305584,-0.1401063793793155,0.5941572193799709,1
0.6015956133579066,-1.7724667058702006,1.0890974459416034,-0.6316958755560785,2.361302397645599,2
0.8700614645132455,1.4841042449662472,1.2858487700993042,1.7226110581141518,-1.0668208251421978,2
1.4447354486210682,-1.686611811929614,1.0476394355259715,0.1930752844973495,-2.050073049870113,2
-1.5371108102638118,-2.448583713234413,-0.7237819575482415,-0.2847214958731957,1.2127401839570422,2
0.2406160888024855,-0.3221236524406177,-0.934511037408176,-0.7991327515468827,-0.8897449968392251,0
-1.1084588489353857,0.6675266811970654,0.0138546690906072,-0.2531773510140768,-0.7782751074871339,0
1.9783792270779572,-0.9170213290129422,-1.920615369281788,1.0631895576885677,-2.227257820874749,2
-0.7425063929210409,-0.0886721798308772,-0.6125656266221727,-0.9644418973660746,-0.9870221770201149,0
1.1657926684518012,-0.9658078614180629,0.7764723749228035,-1.177032723792402,0.129747897369949,1
-0.0976992267064915,0.3052851613576144,-1.0507525810949538,0.5280941382627877,0.0292515917606658,0
-0.862424384815188,0.8204374235335427,-0.2016452350145129,0.4499140985056858,0.0344474532859548,0
-1.4170353530307789,0.4235503125960548,0.2989213899682184,-1.0086058312092092,1.0282608553826291,1
-1.7318874664298989,-1.5671248156795392,1.9739012005244432,-0.8468990592328962,-2.255805161123961,2
1.108213885750189,-1.4442395893138145,1.9609598774489512,0.6684975159738016,-2.302495940211916,2
-0.5750290278640176,-1.6195041080228725,-0.4830638516041231,-0.0559372298195813,0.7933158631602819,1
0.4608927398512349,0.4911341360553384,0.0571311956452395,0.2158658567731261,-0.4021576207770498,1
-0.4379929417798232,-0.3009399742317231,-0.6469357338453186,-0.6510667773905063,-0.8419043265368238,0
1.0636152981803788,-1.2377046374435416,0.4531631879210034,-0.3153532998128611,-0.1254852795065577,0
-1.581052323377156,1.7074486871349528,-1.9144726451626009,-0.7793831470464855,1.1161546242959075,2
0.0390830357281982,-0.1938550891005798,0.8764802942856733,-0.5567860448450885,0.0175855499889617,1
-1.5676183185624026,-1.0327836788252756,-0.084464213210433,-0.1713489972330927,0.4720208077544977,2
0.0925471379562437,0.8885050927163611,1.395846192783226,0.9837238707900196,-1.523958504188359,1
0.4422209878255235,1.1243394504546576,0.4495410835452143,-0.8228269556386686,-0.8474223901799538,1
1.2990542238381448,-0.8391527217104144,0.1188613677688461,1.1702721220182202,-0.4893693776537546,1
-0.2042596202664157,0.9925721891160404,0.6893925487531058,-0.8083822172988614,2.238295927627855,2
-0.7340798157517511,0.0891853047238688,-0.7832904966465076,1.5141869262067111,1.196608457077353,1
0.8570042251593957,0.898202972919149,0.8333460225657515,-0.4259465025882408,0.2815147659757323,0
-0.3634491946141062,-0.628327189373066,-0.5235913958244592,0.7839088624554861,0.7617052624446214,0
-1.3530327033415697,1.0324895422013,-0.4733710738741906,-1.028108695339769,1.0902087149176989,0
-0.2771680216840791,-1.0878589392176352,0.0828403026313927,-0.9741833830908962,-0.405662011609152,0
1.1726635015606264,0.1836470964853034,-0.145385540741578,-0.4870452307579136,-1.4226998835734126,2
-1.415573816890359,-0.4936506747061057,-0.9273116743561032,-0.3339707436178443,-1.075554794130248,0
-2.1188466942290867,0.2096154661192876,-0.4371212351180109,-1.5341155142711482,-2.4197925132185323,2
-1.6142412315906356,1.30235335125688,-0.0363508987353226,-1.259263125786827,-2.545086230614292,2
0.3571402883927453,0.6947654481515272,0.0605740185451596,0.1950636603471807,-0.4810411872972525,0
-1.0940932608221705,0.6952452769512661,0.6556565577075383,-0.1471476631501991,-0.8212633577593473,0
-1.3726854253509315,0.3995188194360347,2.581680017165382,2.7450818451740595,1.3766902979530824,2
0.4131281544852073,-0.1031711085505133,0.0898192531345897,0.2041255641284788,-1.2553622352521827,1
0.0480497533724736,0.5059687225232705,0.7493787433623069,-0.2168824843521237,-1.0457297294319994,0
1.0403786422563928,0.7914900094747377,-1.6650997221076078,2.7438608982016293,-2.476062719976655,2
-1.3361430624350037,1.7087295449803717,-2.40331994077138,-0.0470589485150569,1.708106858183243,2
0.9911585129426372,-0.9742454699132772,-0.2156109602142846,-0.4742900530070646,0.5661223355556867,0
0.8714209077329692,0.3446204798042619,-1.3389870245610356,-1.1064121243018752,-0.6511657843651621,1
0.4726949801334634,1.3740822626268157,-0.7368842365273474,1.713185065603107,0.2383186997850571,2
-0.6263219176660489,0.5561085146811154,0.7649713384961833,0.1127506960093511,0.3224974680720884,0
0.4217994442718273,-1.0217959515346282,-1.6119845289376755,-0.3247046257804165,0.812954933829193,1
0.8955481759465717,-1.1548308005857637,-1.2170001193328948,-1.235684934961834,-1.2891912391267013,1
0.6793244588754176,0.2166859113732678,0.7144976650896848,0.667863440574239,0.4894068955298095,0
-0.2460521916076378,-2.198769257066992,0.5502048773133804,-1.6547890802827043,1.8817231223303212,2
0.2732541944946444,-1.1006034238784488,-0.9746794948739036,-0.6135507313897887,0.934581708722998,0
1.0757274322463584,0.3700647478979482,0.9050368784502484,1.513319718462708,0.1914711181302272,1
-0.0174946966457628,-0.3693018763786111,0.8649469519290937,-1.169875969862562,-0.7910480474893345,1
-1.0589974557213402,1.142917369659619,0.202978843439968,1.5710113762983555,0.4976895652387166,1
-0.3702774788611263,0.9446570721769848,1.0303521795278014,-0.443600676029273,0.2864424976207116,0
-0.1921127537253845,0.7438268839768715,-1.171008970428849,-1.2526708474186623,1.4590757748698109,1
0.7213825605354743,0.6606041551048593,0.3769737990117473,1.5322080730500405,0.1501068129970563,1
-1.0229810481276174,0.1508207821653138,-0.2474723638132789,0.1525592895135771,-0.5783775142269613,0
-0.5360355050955364,-1.4512677953877031,-2.080435464208217,-0.4687738266751547,1.5927119340825522,2
0.0583887587533682,-1.7518878107307263,1.564354685680451,0.8254724678493568,-1.0507568488815031,1
0.1856187028856365,0.177054905260146,1.1127524651183276,0.2864095979059078,-0.3389215264254557,0
1.5738452240907106,0.2958664055325073,1.7536945609993717,-0.7191847521261785,-0.6658037146246902,2
-0.4727205140915381,-0.0041740815240198,-1.2691520785632595,-0.8682158077692544,-0.0746288697686599,1
0.6561254298366453,-1.0216722767123827,-1.543151573303682,-0.4466439924506083,0.9147681812847932,1
-0.6770424140213946,1.1595717995447885,0.1092781527134459,0.5505841495136748,0.6636549601916574,0
0.6468776935849845,-0.179280589733151,-1.6873457250379318,-0.1762065071231395,-0.347108531944966,1
-1.5490249913743812,-1.4278592773467589,1.3482657412339216,0.1809323865795822,0.7991509597943967,1
0.390186145473124,-0.8045173035977357,-0.9935241476813692,-2.8055494453163754,-1.8157235079166243,2
0.4977878012950926,-1.298406032462528,-0.0004585757615743,-0.8901350255793933,-0.8510075399965892,1
-0.1514989126293635,0.7999031841902275,-1.179106676857067,1.009753310516709,-0.1811838209036173,1
-0.6373499441585392,0.1023839855643987,-0.0552389462817135,0.7028759328835962,0.0798490753458239,0
1.169373409584476,-0.782473792221398,-1.0726013204883336,-1.084558130046218,0.0480263145770096,0
1.1148243706201455,-0.7950582939441747,1.319057454027892,0.3633367457268915,-1.1885836762534348,1
0.7042371370656523,0.1118532442198783,-0.6354088267837709,0.4994012710050934,0.3772777125645773,0
0.2292328928543856,-0.0861912366267445,0.1384347702617974,0.6089669326011552,-0.7006205446237332,0
0.236853727395517,0.2019422086854481,-1.2073783006508236,-0.3980150019924353,0.1874169962518297,1
1.89010832141236,0.1391508882271909,-0.0051680010012551,2.0769388429910114,0.5291075729934783,2
-0.8267390645257595,1.1288745238706397,-0.3974421258697925,-0.8186282086005003,-0.3739139010095926,1
0.1221149771724519,0.9612789148832174,-1.0600636395411005,-0.6244797342572691,-0.3706799334445467,1
-1.1208159549744172,0.3473451833606511,-0.4656587331111109,1.523140671616712,0.7012947009745436,1
-1.316887808734201,-0.4648503120032387,-1.5342017469475815,-0.428003758106982,0.3935285935836558,1
0.2817714280441021,-0.7961431568900996,1.0028803721311357,-0.3006079657325263,-0.0740046527887158,0
0.0335306532812614,1.268608428937294,0.3372726274313413,1.2838696837533925,0.1176208552472348,1
0.194955916076129,0.0304763964822791,-0.7430343495332569,-1.201730124602006,1.31049542633145,1
0.8286535712806893,-0.8339643405189769,0.1114203459456305,0.5969551278129896,0.5506661965976039,0
0.6204372504089725,0.0517412076346057,1.4822917797556816,0.6066806216522507,0.6667872717879274,1
-1.9019578963709145,0.7469750179186748,-2.1541684235099803,-2.438111011577546,1.350897671369374,2
-0.8284922726502606,-0.1976709332267646,1.5590859765206715,-0.2385000122058376,0.3018792459759029,2
-1.1312341738314315,-0.8705590215384685,-0.3532334718229348,0.719338438724631,0.0347077109055659,1
-0.408918211317459,-1.238809403781529,1.5797638360327293,-0.2937328393455075,-2.057137918989244,2
-0.6627533576447981,0.5090729098923192,2.3516109637619222,-1.944349708129176,0.9612195985149212,2
0.2657691086016149,-0.3280239146366936,-0.9488760722644376,0.3619040058210417,0.1317552520879119,0
-0.5367839622435665,0.984824544059172,-0.8284684102061277,-0.7872409800496334,-0.4853404668060943,0
1.1931538513876985,-0.3543007189633181,0.4305127221019978,-0.284248270613383,0.3169197492883195,0
0.906924903470166,-0.2243877941038151,-0.9665728685405676,-0.3351971987978737,0.0341139750165692,1
1.451244369711162,-0.9527345785027808,-0.3098724175749736,0.2273039147794662,-0.8697818530776108,1
-1.3557864905635015,0.9630627490492342,-0.6111982067927245,-0.8746345543404166,-0.5057199156613073,1
-0.3416956358688028,1.2176655649717183,-0.7446809618248627,0.87188517852003,-0.5991603955163577,0
0.2784966088024716,0.0773893740556635,-0.777913552699289,-0.5787620180275511,-1.3232899988865336,1
-1.3707554268027704,0.197602509901383,0.1788605163735038,-0.5532037751353696,0.5692124825857932,0
-1.070312621525572,0.4021148960374052,1.4317103720600854,-0.5922570710784512,1.45961863986937,2
-0.9983755507949074,-0.6300577133656216,-0.5014122746944497,-0.1005643177418419,-0.4717521664022653,0
-0.0951996159220125,-0.4924782533454128,0.9486152665791708,-0.6276128708256542,-0.3906534841847913,0
-0.1744153832580191,-0.9016890990818184,-0.8827155415872631,0.9353597936869856,1.0536889082889165,0
1.6312395781477764,-1.0507398239907684,0.7608758707527211,-0.8971778089120122,-1.077723493711148,1
0.3496575704371879,0.997601071778567,1.0795219298505916,0.8019093024015885,0.5796606300669105,0
1.3826031595762571,0.0924092746007826,-0.1274545994030967,1.2236254007561425,-1.8462654957944895,2
-0.2931735858684222,0.0084931365974371,-0.0635664895431876,0.313578017358833,0.9476488441906052,1
0.3652851905169174,0.115673007766599,-0.531158832533104,-0.639957796789631,0.7073579594290267,1
1.122040932383383,0.4688992726372689,-0.5123464239613685,-0.2703267787869929,-1.051897412926067,0
0.9414874483583872,-0.4557035815817412,-0.3401021210299977,-0.9957451477458844,0.1159071140965725,0
-1.2910033139718309,-2.0610713614569334,-2.211575827780403,-2.8389271225966053,2.1988230474568664,2
0.3036798092819477,1.1202624137777897,1.156714727907333,0.1916381670732111,-0.9603024656483422,0
0.0829508170759538,0.7631643674073555,-0.9649478066688238,0.2229274955942958,-0.1547544383803518,1
-1.2170991807942926,1.358192280838837,-0.9847680923446523,-0.8248420928310298,1.1735364005057385,1
-0.4978625995079378,0.3240174037555388,0.7853655590614085,0.1333236363853896,-0.9352988636916844,0
0.0443335314761989,-0.8668992759504381,1.0066263109005265,-0.1722735244362923,0.453813528759889,1
0.9021437203289704,0.4597027006502588,-1.5608128846527796,2.4740298493134154,2.2394923078573377,2
0.7544314176550814,1.5232683282909396,-0.2668900691327303,0.7379854383225803,-0.754582623405932,2
0.4402950834941886,1.0996945799641549,0.0830563069786408,-1.89445516379006,1.4542474784575985,2
-0.6731238515153551,0.1600973298485649,0.6767209580523114,0.7384649395456774,0.1792712780053463,1
0.4746502896710848,0.8691382302065079,0.5213234528862214,-1.8791631367151136,-1.4587542028525768,2
-1.4434519546542393,0.2089604972454224,-0.4522220933708443,0.8509752293684405,-1.4816253998483495,1
0.4339826618014853,-0.8887842744010611,0.5956722542989329,-0.239509089248772,-0.5845924617980094,0
0.3857575723400042,-2.346418664186805,1.9059130822616928,0.6384432611886756,-2.266372845964356,2
1.313294792296746,0.1468479400661514,-1.1272406371696362,0.8666781107459078,0.9082368809305652,0
-0.1213974692784332,-0.716732584230124,1.0236595600882084,-0.2555220829315091,0.5259702778131299,0
0.5749577944260661,1.0325069036928538,0.4932630000017493,2.132226886235676,0.9752348463802688,2
0.5428608014624687,-2.542170691911998,2.5913354764135925,1.5381353274703853,-1.6427905359371848,2
0.1610293233974161,-0.2098574618208172,0.4007873842654054,0.6810025334184193,0.7309100123395975,1
-0.2025509873736635,0.884377560517489,-0.7677776877884707,-0.383608612556256,-0.1255084069071136,0
1.29073432549785,-0.0513119657343008,0.0347108372161802,-0.0929659796246065,-0.4364964195452886,0
1.5191418645260202,-0.1493977966600115,-0.0972699940862656,0.9438299918241214,-0.1514725188051911,1
-0.6316726711245134,0.9048579946535988,0.7219477682999297,-0.0254134204874325,-1.0372774635238264,0
1.9624594738190968,0.6232990604839898,0.9492109637395404,-2.4259197103358785,-2.353319269146291,2
0.8435674293528903,-0.8573634148442549,0.1213593228433486,-0.6708957714347766,-0.8965407050324359,1
-0.9513075533316384,0.6897462297529112,-0.1392484031435883,1.6574310436023203,-0.9775472829729848,1
-0.0713392034038386,-0.8436404943868572,0.069646568513208,-0.7616394315514761,0.9078158094446304,0
1.040845558869986,0.9872815321503092,-0.2891707850582746,-0.7990302136372327,0.7663978832361993,0
0.7401208028767172,-0.2586176458986298,-1.424909343278026,2.3101584161666766,0.1318865926265262,2
1.3930968583746404,-0.9701295885157916,1.721319646266085,0.1417335546347065,-1.798000611478476,2
-0.5082648645198279,0.2200155744209457,0.5300580150653975,0.0846113205079617,1.0270497589520966,2
-1.7409060012726605,-0.6135400580909111,-1.484106714007785,-0.4517103058723166,0.2774238916602756,1
-0.7458980720469303,0.8214029480881926,-0.140891333710626,-0.5564600577151796,1.0033155211789933,0
-0.8195903340474553,-1.5318113118188144,-2.235266012585358,-0.4922904784872505,1.485187616059724,2
-0.912771859268774,-0.385757517730052,0.8807575967318838,-0.9187552510380216,-0.4462830264015609,0
1.8806680984241169,1.5763336606127685,1.3516202461078426,-0.4640880062903045,-1.5632811006863034,2
0.4734586036657956,1.153980994598998,-2.3212764412166558,-2.8695043476260857,-2.295230687795784,2
-0.5152042008506542,0.5458746421592033,-0.0194452225503935,-0.0668487045898219,0.6936014873152838,1
-0.5020695438101587,0.7048908422801708,-0.7602548797651743,1.12728193962379,0.608672694070917,1
-1.2824648278119857,-0.4196067264840577,0.6892399230416799,0.8665498162114507,0.6370119336783219,0
-1.188084486299039,-0.6474229417869524,0.1790969532713306,0.4834107802052739,-0.5120032355881143,0
0.7624501678145374,0.941432379482626,-0.1205558055175768,-1.3255480318098698,-2.101950175935108,2
-1.1112529920227352,1.780020096717197,-1.353328725185403,-1.2962876305423745,0.1312634911458357,1
-1.4774979813619489,-2.6679560342895803,0.3663456092774265,-1.724044257405987,1.161979574334572,2
-1.098979499576985,0.5889654512961188,-0.18320575323136,-1.1268738831826175,0.2919007540103848,0
-1.4679513882885842,-0.8215552104285899,0.4687478930555245,-0.6546252654557182,0.6056941594022539,1
-1.1584681708808688,0.1007523789216112,0.119578355440977,-0.3668123540000763,-0.5670483643199248,0
0.920896937628012,-0.9214963536018772,0.1386363399599254,-1.1277633748559526,-0.4673060732462259,2
-1.185567900681909,-1.1246510215952443,0.228062583448993,1.2918065358179427,-0.0537818315883949,1
0.2641291079799835,0.4023524294164947,-0.8256240976663739,0.7365947028693229,0.1106046938857588,1
0.1808395314910846,-0.2673657450925931,-0.1660837454105785,-2.520381094411841,-1.4030927006881504,2
-0.6906018541394767,-0.001401719288518,0.6414746592806226,-0.3399534070549407,-0.4854639628372991,0
0.146603371802222,-0.1501598392802127,-0.2957416503624702,0.3480407509317018,-1.0478400524194658,0
1.434152502322451,-0.8736072449455047,2.010469345370945,-2.237722975946188,1.1153669037392222,2
-1.802351821830668,-0.2814528132471661,1.456138259239765,-1.0273835860806917,0.3443957392394091,1
-1.3083147864925442,0.6249852227911535,-0.3227446152366053,-0.1819130289958958,-0.1814731472088103,0
1.2396535936444637,-1.3669896152035852,-1.86118777948677,-1.487052434100514,-0.8642511918023835,2
0.3855319212815278,0.3137899773353466,-0.5415764142425451,0.7493976862301137,-0.0327817419678282,1
-0.2037249697881255,-0.4246227777323934,-0.0630166290388132,-0.7877002018600429,-0.7869666590456186,1
1.516718976243692,-1.0905625373455798,-0.4124699887091878,2.2387081387104306,-0.3460527821015361,2
1.960160294696046,-0.8307025549998973,-2.176650781898735,-0.0838594911733777,0.609506253614313,2
-1.3201088616322048,0.6787210779923715,0.7969348649923977,0.3741535213261214,1.1585684584931142,1
1.5261066133714962,-1.6602159524692568,1.7171399807755852,-0.4359608048874058,1.8499592436515668,2
0.0669667226285637,1.3123301313658209,-0.3744760254778927,-0.8616450788302037,0.6681954708673601,2
0.3331159269510934,0.4442772640109427,-0.6716720443970204,0.5835016729587815,0.8992431106357247,0
-1.4110963979702271,0.7102316365870299,-0.0569651577902037,-0.2856725951601495,0.3820751107850796,0
-0.8553303722962828,-0.506953736463966,1.1347654232383508,0.6753151950885463,0.276336230144084,0
-0.9258129498598726,-1.2911691706553623,-1.6867191801765615,-0.8599970766813191,1.492179687415334,1
-0.089679774685275,-0.6918991195279335,-0.3440335716118104,0.1145058008410474,-0.2327971335822482,0
0.9136256353967628,1.1794701381771786,0.5259293478123107,1.1674339923890231,-1.0200349369155042,1
0.9291589888577804,0.0912503387795607,-0.0802979663105742,1.2040561875419016,1.7907106014816416,2
-1.2595193022262012,-0.8116231178771101,-0.114858605889137,-0.4853666245755691,-0.3647693003766663,0
1.8570463017426155,-0.0234933651419105,2.295128410848472,-0.4812938499876488,2.645745403771284,2
-0.2929591301363687,0.7959116649634699,2.1059587817203957,0.6286687904919347,0.615526210813372,2
-0.3715635186669094,-1.1905857024118482,0.2750279160114122,-0.7741909120979333,0.029461644599565,0
0.3544649512985132,1.1758906487675005,0.6861322256340516,0.7324705180675224,0.9856978714448053,0
-2.288476601176588,0.2318224759197094,-0.8603975888744306,-2.022204596234649,-2.1233213094396524,2
-1.071153808481071,1.5934003326044803,-0.427969602790626,0.9835975213634832,-1.424039257351727,1
1.5024615501498435,1.8117529698271884,-1.10539104035407,0.0553060007290224,-0.1248216233635139,1
0.8794209556992956,0.991027101590246,1.1418071844263349,0.0196634965079929,0.0654816723439813,0
-0.87234631003017,-0.1975219379155191,1.4551271580242984,-0.4070355518763761,0.4267397057389515,2
-0.5837692611748329,0.382057009549874,1.1534440824672827,0.6567857879966729,0.6200823237553202,1
0.3678014080495881,0.2073722212475169,0.3597544260426468,0.4922533955225988,-0.1642678067321636,0
0.0624259139394825,-0.2567449273972967,0.9822377258823434,-0.913744451241205,1.0393119609835266,0
1.90806490234638,-1.486876139652528,-0.8568480998107338,0.0764523908316592,-2.422202270072575,2
-0.8046763255374689,0.821312390905567,0.912984017516068,0.8027474928332116,0.5883097909819629,0
-1.223958399413538,-1.5295197048085862,-0.8655748659041084,-0.0871381943037333,1.1120303750090228,1
1.3936330155424008,-1.5648155472771474,1.2285831212342475,0.8059108112277307,0.4606089552384061,2
-0.0276204249107009,-1.099124362964294,-0.5367717820217708,-0.445026243482708,-0.7903741453227083,0
-1.290643454948793,0.94492668856565,-1.1206593821933823,-0.6793929158780774,-0.4003698924530281,1
0.8742161068763414,1.2122004419777703,0.3380112229162161,-0.0935253703745281,-0.718335209327183,0
-0.6118949700144376,-2.230206551271181,2.5741721895888414,1.9161481029996792,1.6380890583365653,2
-0.6895771080463488,0.7413497311058117,-2.430859924401454,0.7914771987121948,-1.1363057544622095,2
1.323030936586232,-1.06800206420753,1.6962757682362135,-2.821288916337839,1.5161143033829068,2
-1.7812278764478635,1.2682998029113133,-0.2461887613240621,-0.2263354734236462,1.576589779493043,1
-1.251110302720069,0.2392704440413673,-1.4308779190671224,0.0756180775161471,0.6248858593414195,1
-0.9758416998227116,0.020372837975279,0.5852105967361305,-0.751560632397109,0.3542323266448662,1
0.0228877418156498,0.4489540770171684,-1.2356368175173484,0.7483648018389615,-1.935498004379911,2
-0.1492483522525478,-0.8576309762969729,-0.8237131332296994,0.3417547217510045,-0.4442656709117976,0
1.3474673639992771,-0.938372384161534,0.8569283796995919,0.8137197917185721,0.9237154268885982,0
1.561427695007088,-1.3848760582753226,-1.5717270160089845,1.5524335866829264,-0.0686145604375933,1
-1.0599934541107645,-0.8847252517100449,0.5823704980249079,0.1505320340204266,-0.1659213278472414,0
0.4891279804679204,-0.5219329960274826,-0.1448379688158468,-0.1556559067953513,0.7446010507582207,1
-1.838976928623801,0.9127422562665488,-0.9008372027552763,-0.7532966807775605,-1.0596000856929244,2
-0.8431467107094252,-0.8639429979195645,0.7796964892872199,-1.0858132210643436,-0.9974052153697112,0
0.7136487700716581,1.5976963826709636,1.6275506994267628,-0.6059166588430971,0.5428775258790419,1
-1.1860579808757998,0.5481990713928561,0.3320387606782866,0.745957396198513,-0.0972425600192985,0
0.7954072022153286,-1.2285941600286896,-0.2617663670529953,0.6768346083085989,0.5993283539508125,0
0.3921095772675976,1.233666243584158,0.7986452879927147,-0.7941018477268869,1.3232808572660442,1
0.1828117108986701,-1.4701576339173623,-1.5437975228080525,1.7106828898921125,-1.5585954218124929,2
-1.4067925855483177,-0.9534414744246617,0.3048470704243919,-1.1057379984266356,-1.0130858954390136,0
-1.232298495285654,0.6955407118809973,-1.672339145248683,-0.074391025127479,1.571108630616315,1
-1.3379743370643218,0.4247131775953331,-1.6814230595319906,-0.8817483935211673,-0.3565552957956246,1
1.2560638186099478,-0.771430892504762,-0.4217733699164362,-0.1254764886639269,0.009900021697127,1
0.032583618568223,0.2876902160339998,-1.1374265087643407,-0.3627246632896531,-0.036891620054857,0
-0.9216812173319532,0.4963291115354977,0.5117220766116264,-0.6239014792959798,-0.7896902579655565,0
-0.7285624861389495,-1.0832652837914192,-1.018613564254628,1.6630572595820956,-1.4243745353930717,1
0.5347708586879415,-0.3193048556218945,1.105054006524358,-0.9534309360081746,-0.8804297031487023,0
0.7738789054285309,0.5544818784286809,-0.4172166371549708,0.6755440251022533,0.9255963606915066,0
-0.4816229101645272,0.941910756169956,-0.5677051439764986,-0.7302237305606221,-0.0928171852476442,0
0.4917809994521119,-2.747674882051007,-0.3238590306550064,-1.5045321742040665,1.985703496928708,2
0.2050883734390267,1.1549451573437046,-0.9765989485273509,0.7518340738427631,0.022889247901049,0
0.6274513439867446,-0.1941989153993257,1.0728535255913096,0.5585209100783738,-0.4484445515323685,0
-1.417013010411151,0.2375128005599726,-1.6345049412017614,0.0552878805724713,1.0281709651384403,1
-1.2189147804526284,1.6310333016799046,-0.4026271592713656,-1.3055233601757357,-0.2417817339522099,2
-0.9804800382187296,-1.5018235917450555,-0.5784685522044751,0.1313000643528569,-1.1119422558773595,1
0.2534634945854237,-0.4385073226219007,-0.918589944289035,0.6133469264989965,-0.57660949427764,0
1.5213970949703195,-0.9246633943947652,-1.3472445464432057,-0.0746138780186689,1.1988787628053188,1
1.645784455845211,-0.0291988505446507,-1.418756195098502,-1.1640944910663231,0.8790385737707879,1
0.6373077314366291,-0.256714206033685,-0.4943595596028748,-0.6774348635598717,2.1492773488067307,2
-0.92264746834583,0.6373852163269462,0.5832283959457429,0.3472834747980606,-0.4254672689977499,0
0.6801455884546482,0.4066508327429182,-0.8627933668198271,-0.0929964993447041,-0.1290818238307373,0
0.3500814518023887,1.6398491963335426,-0.3891528410695939,0.8579583222020495,0.4120581602434898,1
-0.7838215587420944,-1.5452806198404336,-0.7571357980187498,-0.9943084442249764,0.3665694545332615,1
0.903624477159173,0.0420618304217938,-0.0124218917329299,0.7433280871454006,-0.0307380160881324,0
-0.4039387485566128,-0.2334926112249077,-0.4551651071818451,-1.921066343572066,1.087139869555524,2
0.0860939722765858,-0.1969184987314185,1.0635103134131714,0.9189823651988058,0.6329177221864212,2
-0.422063450861774,-1.3166778397964345,1.041011945904318,0.8533083410832589,-0.0486345082578163,1
-0.1047467006170481,-0.8250765938754305,-0.7464497151638545,-0.3565922772918319,0.2555805113587599,1
0.9051662201636418,-0.5817222562714159,-0.6660060412364522,-2.531387436881105,1.8395023412109088,2
0.3871537624295055,0.0034504210567382,1.1125687755904163,-0.2737983132867594,-0.6671762751846304,0
-1.195551971626602,-0.5574769312819372,-1.700811815444952,-0.8654193156554404,-0.651832823039366,2
-1.571679789733063,-0.033605724843336,1.9650142093155087,-1.7381093236478198,-1.1527656723483384,2
0.0115328707057962,1.3673755132607388,1.654518682664556,-0.3360114859957037,-2.1242695064183463,2
-0.4246761576239992,0.5465718053751216,0.2915512860879708,1.087195721823108,-0.124867714706893,1
0.3781168291954832,-1.1009612958047956,-0.783606686350474,0.3331385500731388,0.8057927506176195,1
-1.0971092888797402,-0.3339080641464667,1.4925700440537246,-1.012513405872388,0.2556910639415424,1
1.2559866583321495,0.3240869118659049,1.0941770961325552,0.504763994577545,-1.066430212891882,0
-0.1673265173567612,0.0970517957545447,-0.1447577014735749,0.6102639162390233,0.5935907337311762,0
-0.3298141987066733,-0.6464820841696215,1.0993329923581523,-0.2842614979790633,1.4300384609945154,1
-1.4584129437686009,1.3395348088682422,-1.2648150774274634,-0.428381245197061,-2.624805189055452,2
0.6795278562424286,0.1911504712099243,-0.0645481059403593,-0.3027788917575779,-0.7368377742513179,1
-0.7784723282890428,0.0863306343834098,0.6456793243282012,-0.3170364369886825,0.5251555042439568,1
0.12892842886126,1.2521971378721488,-0.1010845946492513,0.6835487572279024,0.8265420450075299,0
-1.1300792760756146,0.188664083409039,-0.1001911433385644,0.7631055199438445,-0.8856401213861214,0
0.158746293559499,0.0429961709211052,-0.863375385506739,0.07731138020625,0.2023824343341382,1
0.7395538835960439,-1.2607938860543688,-1.4202789198795909,1.147865025268063,-1.4527884677582488,2
-1.4978143872212053,-0.193062016672194,-0.2665711790502293,-2.2512284583654667,1.9341239204089995,2
-1.4081406899449431,-1.1097201528792398,-0.7570267365514741,0.4424880698808375,0.00323577979882,0
1.221534342671705,0.6422903649508629,-0.078981845087525,0.2660542638057713,0.2235880887675286,1
0.2632151417758666,1.4163223646767586,1.0579627648486212,-0.0889283720164559,-1.1732734255809492,1
1.7709207249534549,0.9612587203508668,-1.316217263274036,-1.5090334262752456,-0.2169757800806068,2
-0.1161500258686346,-1.718959497627582,1.39987516839341,-0.4343645524515587,0.2863942796825983,2
0.7801638674679688,0.9175736310020844,0.1805066795905557,-0.0253383769506376,1.00388877860427,0
0.0630113147650561,-1.7819245600447546,1.5412708086314164,-0.5951476844363686,-1.2070817950529498,1
0.0780906668021897,-0.5164275753607462,-0.0567449641477082,0.2208528767343384,0.2804179982519099,0
0.3206015444205221,-0.5890805639079045,1.2410100953935062,-2.490746910953733,1.0465130149215278,2
0.5636090463027785,-0.584560908684916,-1.0838277351859718,-0.6698472767182307,0.0688776162192169,0
-1.7318314949639098,-0.1244969457661078,-0.4700942968573263,0.0738313966633267,1.3059332525664895,2
1.1451614777559462,0.0076781700295328,0.2757273623015606,-0.8976933365274982,1.1057913290061758,0
-0.1023031164888489,0.917280125816352,1.4210181720746633,0.5418059727184257,0.2173707190698576,1
-1.2959683187643172,-0.4953915884248765,0.5790248126902323,0.5409018100874315,-0.3805761123070332,0
-0.5611829327276134,0.4129603123240756,-0.4978598528747564,0.5668382212032329,-0.6776101238806823,0
-1.3976645271022483,-1.1528901750095604,-0.2330685168630332,-0.315083127223844,0.1473102918047251,1
0.4543661218265048,-0.3695730542073751,0.7322633334237684,0.620505552206833,-0.2950493601393947,0
-1.5575613848709453,0.6665152749829562,0.0064554991245601,-0.6273138802361231,0.5215070399320939,1
0.7930817704118986,-0.75904680026567,0.385018133834631,-0.0942571021947456,-0.5098924256975196,0
-0.7219025060981542,-0.4805125314460977,-0.6613234879383839,-0.0800808143736627,-0.8626044652416113,1
-0.0998972166424128,0.5343731127892857,-0.4730295974446123,-0.9182518515604348,0.1598932740328661,0
-0.069701498830344,-0.6281046155995761,0.0895340626708516,-0.3536868920590559,-1.1086875955489008,1
-1.0150197959698155,1.6701622813704513,-0.2537573623178051,1.269305182661304,0.6229098864616797,1
-0.9370252962574304,-0.048658826074811,-0.5213083274516245,2.7428007444831244,-0.2001823883880429,2
-1.3168941301512818,1.1372068410345402,0.059713187731807,-0.5964691077779098,0.3308576768045034,0
-1.8638344314788888,-1.7900491348852954,1.6829648986935477,-1.4826173069936672,-0.057948071167401,2
-1.5502116601520468,-0.5580568585052474,0.9479381642245512,-2.2116767816914247,0.8266508381722719,2
-1.014631291611999,-1.2632601335636466,-0.2966208621779518,-0.0411322717728409,0.5544639322889108,0
-0.5819411484098405,-0.9058641818986908,-0.3716795902988708,-0.3831936075092269,0.5688881911941822,0
-0.7287293445852384,-0.968593956533197,-0.6969174573160202,-0.8799820130020224,0.1018355285172171,0
1.25041890804404,-1.7339607995380235,1.7863958610043749,0.0458095862941999,1.8899941960051407,2
-0.1878143664939091,1.2283891012913803,-1.033344746285105,-0.118872881105521,-1.4737123379548347,1
0.9166645171986216,0.4595025403119062,-1.318039151039159,2.5289936728722244,2.343858029214916,2
-1.3045198806406904,-0.5174065424407752,0.952868313557198,1.194967034014808,1.3888868651032498,1
-1.0734234819077244,1.0538195588764714,0.7704585732884865,-0.4306379641786635,-0.998404715448744,0
-0.7083355701554128,-0.0343228540508063,0.5413262758564424,-0.8337903387242981,0.4652404036705114,0
-2.0120447719549355,-1.768770842137443,0.2044595436773036,-1.8441810725321863,1.3368316174685757,2
-0.2537591894302521,-1.060967942414497,-0.7776865436738292,-0.9782077199592524,-0.1676899841367294,0
0.8294632803566416,1.2221327960078696,-0.1640301839192482,0.7666771059453482,-0.7822879889494702,0
-0.8187406238452398,-0.0893845368374027,1.7757628317847685,1.6599660474725004,-1.9966840622279836,2
-0.8221536545277246,-1.171247399203278,1.0271319808602644,-0.4490067063663272,0.493728117301979,1
-1.0472803636703238,1.4582622070745754,-1.0311591507903026,-1.9570563041227127,-0.5047122414595457,2
1.218240246096604,1.71674162181959,-1.3345010636349743,0.0543447638230442,0.8273318070891398,1
-0.9255416858832942,-1.2016083892505502,-1.3685239231398127,-0.0308250459080356,-1.11121518651172,1
0.2393977514043448,-0.3586162599673611,-1.056338933100663,0.4323139900816054,-0.5389810007064049,0
1.0783055238559265,1.1123815462225102,0.2444099458380931,1.076624758808773,-0.9973845329758848,1
-0.1871075398840559,-2.4663760434062194,1.0212694595197631,0.3096222239939935,-0.4537670162120452,2
-1.1942203691480373,0.6070142490934074,0.9734856814154206,0.8219178491137763,0.6202064654755294,0
1.2225349201643132,-1.006937936655678,-1.077359600322888,0.3296812699616233,-0.8458693860509023,0
1.3915723441375152,-0.1741677696603193,1.631432324348886,-0.0036698082813144,1.2536954046916997,1
1.0709845494255588,-1.1486497248331675,1.002230588204063,1.2521100485623224,-0.9402038624042596,1
0.5942555787888812,-0.7426634566060104,1.018031539571819,0.9195318331371712,0.6453514644035275,0
-0.036583140044652,0.8959571702065531,0.3030919617130509,-0.4063395794709256,-0.6650074914954682,1
1.2757531728006832,1.1354239687243537,0.812528184427117,-0.275767903333122,-0.6144292315753714,0
1.1431621068692708,-1.135526623539359,1.155375746972594,-0.6683258551099902,0.7948653122312178,0
-0.8739428023026432,-0.6016150523880647,0.0648286170160919,-0.7059240865134773,0.4756847116193963,0
-1.015105844904881,0.3099920708506223,0.1165357025166638,0.4613875763067106,2.079633284942569,2
1.0115896742809576,0.1309661795481131,1.0921316976073725,0.5229589562388002,-0.8991906130555114,0
1.233677730427264,-0.5910484494934065,0.3371206971764616,-2.24475774079857,1.331717374627725,2
-0.7851600415076151,0.7474211200444246,-1.8913932954884412,-2.5789393288284908,2.6749689566160244,2
0.792164792887199,-0.3291306028148527,0.4620043799033009,0.738256789043255,0.3867435992929114,0
1.5555349746138056,-0.2793254286725677,-0.0523900274844764,-0.5162324782820223,-0.8955729931675283,1
-1.0193562015824902,-0.5360340956517301,-0.6313867164106075,-0.3473352442045042,-0.2844333206592518,0
-1.367605814992709,1.7216712621382386,0.0891266267996025,-1.406002606859065,-1.833930031537531,2
-0.9929442580577684,1.560546166507507,2.2002311032174204,-2.442580970047551,-2.2750013775278064,2
1.3716759645193752,-0.7772329816401592,0.7950157137671591,-0.6631423715715731,-1.0563586987563258,0
-1.536222199464494,0.6052512844339771,-1.4747875505465609,0.0389957590921449,-0.5601149276782446,1
0.912246466724694,0.9986564448202184,-1.0537231146843309,-0.4195853722883576,0.6159474488130211,0
-1.0126857080115026,1.272571870420016,-0.2982136506141656,0.6399633394526216,-1.474954094175474,1
1.9503456267805837,-1.4328847895224353,-0.0918673844017778,-2.5397100839039557,0.1136160802625851,2
-1.0078553063728386,1.15451458601506,-0.1866212720135543,0.9142378243564948,-0.264200326537525,1
-0.1355365981145254,0.9748158261502856,-0.061467293632406,0.9983684303682798,-0.8119526366472742,2
-1.2559543478962227,0.8107754896815118,0.9900225564703296,0.1155175451329818,-0.8350352416465682,1
0.785593362591082,-0.9597417794135726,0.5944763175840837,0.9134638208446572,0.908861444723972,0
1.3793771866454851,-0.7426345217825467,0.4984696938106024,0.1914974074838122,-0.2848315139623388,1
0.3521456942862793,-0.0153236942089477,1.6737092881880755,-0.9105021113765708,-1.0628025393669909,2
0.1190362255471032,-0.4966080197405269,1.1112198864090208,0.1131702490001346,-0.5029547540011589,0
-0.8268240671674636,-1.0891063295046908,-0.5621997722759545,0.0205264789394817,-0.8622417883992128,0
1.3238552756969992,-1.171491956213614,-0.118639996261031,-0.6436738589337416,-0.9189113175374104,2
0.4079309049772021,1.6401813504935017,-1.0550248447186603,2.0580014758644567,-1.627071756988834,2
0.746911597903605,1.8026275033932724,2.3613452710486484,1.2111399317539373,-0.8166609228087207,2
0.0336787229989301,-1.7077256172205229,0.7900201070728671,-1.5181395798742263,0.69283936444736,2
0.0140321565985666,-0.5623441769215457,1.0169829552884155,-0.3511080072856911,1.0263257763688438,0
-1.5622602076718854,-0.3126385419977832,-0.5483032109068479,-0.2831951000152169,-0.4109798307073079,1
-1.5563854747812853,1.397344797735996,-0.7058215443841015,-1.2341541109481589,1.75395778971798,2
-1.4412927299034033,-0.7230770951503698,1.7037592615111203,-1.7017218811617738,0.7421817828856995,2
-1.2628284740490188,-0.0597590629122824,-0.751082459747403,-1.0239764556108426,1.115811496435641,0
-1.034158215588378,0.2595302639797008,-1.0461084277065649,0.8454980199105092,0.6170240611526268,0
1.259856000039956,-0.2071758829136374,-0.8441996127404823,-0.6554364387514728,1.107066662748354,0
0.0274249267555023,-0.2299329055021433,1.519297152005145,-0.5342784519947954,1.2400102960599575,1
0.0031046979738528,-0.2199584178017618,0.069385607401128,0.6921006642821668,1.046919252940997,0
0.6106929085845041,-0.134373217186948,1.1466308258557565,0.5700987416367304,-0.4497260739243618,0
-0.0982327692667602,-0.7946362425259583,-0.857663355916209,1.3832973854593933,0.5815731874416226,1
-1.5496037086900776,-1.505069580843174,-0.5696647986324442,-2.5869675573971844,-1.3950109729512972,2
-0.5018050924228715,-0.5568242487275826,0.7985157936284225,-1.0961649071877757,-0.6670761925492232,0
-0.7001727384784808,0.0424828909501653,0.0052165655218712,-0.9243801488685912,1.0956293470016016,0
1.0310274167760185,0.9971144125101048,0.7652046435432585,0.5608288961526012,0.8439019557808031,0
-0.221948291463306,0.0764847658105629,1.8593125019984864,1.010961477856382,2.1481266099480627,2
-0.9957572772477096,-0.3444266974886938,1.09331591706682,-0.5412591235089462,0.9058694206759684,0
0.642424070444706,-0.2002051766951825,1.3780396583281551,0.7325370464369764,0.8428337075688275,2
0.1105981322686249,-0.9635901695398904,0.3037606606022597,-0.7142223106390965,0.4197473512559632,1
0.1830920552788243,-0.1841481652930761,0.2954826473129516,-0.9989862239219164,-0.4245927593486194,0
-1.0313628435125688,-0.872903143224754,2.429658138031621,1.0843055524621354,1.50497152633916,2
-1.802013409110577,-1.2063114246801845,1.5670393166846242,-0.3202132630663477,2.4907427610587622,2
0.870865199705884,-0.9216501388784176,-0.0012476757563623,0.8459287519712724,0.5620851343166235,0
-0.5844402113591185,1.3624702690280266,1.4327579384773337,-0.5135040392035769,1.2615134945084736,1
0.3714472163410964,2.155711746750109,1.671482324562058,0.1496754851610758,1.9716164340306752,2
1.5452369159533168,1.279243084012288,-1.1589644370656516,-0.2263622233483813,1.5460132813929626,2
-0.1239127901384037,0.1197958647604199,0.48340078209651,-0.5485567118303092,0.0791864516454175,0
1.2415160564701928,-1.366432483200876,-1.90741260240844,-1.7945415248575036,-1.0772362650416434,2
-1.351150193204832,0.4443086720386843,1.2120939765356713,0.9636124722285986,-0.4459966497525175,2
-1.462218261924709,-1.270540555791405,-0.58410931353258,0.1040037197307565,-1.0406996393043937,1
-0.3332607807841012,0.5240896313866473,0.3921326990573141,0.5385023534958469,0.8749543134177841,0
0.7696262091919468,0.6159420220150311,0.0815555527200489,0.6249047615243408,0.114377805762573,0
1.979666254977349,-2.5184889757421183,0.4212347069608261,-1.729432458168945,-0.0845612216901798,2
0.9305606469250686,-0.952059834170974,1.5550752379190758,0.9394838324077348,-0.6954956636445062,1
-1.4160481119257473,0.4907020749566156,-1.027387216488764,-0.7397057200299743,-0.5517852565091713,0
1.1453408317160274,-1.1788108586679795,0.3451115625781546,-0.9861750952644288,-0.8814496730440716,0
-0.9234011933694072,-1.5945919209427335,-1.4093020427971017,0.7700638884688676,1.5829526269569556,1
1.2393001192386028,0.6428352299254533,0.0854057438273642,0.12999178462561,0.1512233191200843,1
2.3144483364575,1.871918223991956,-0.1952668100849511,-0.7022561598670434,-1.7272953753253046,2
1.4876089993983286,0.8820518432740725,-0.1095824128240888,1.0224522398662732,-0.2821277848873998,1
-0.7962309982987861,-0.5269113988003234,-1.292937160681351,0.8656938243943136,-0.2623858963690666,2
0.5220531152703554,1.5358278038014246,-0.2313527773324471,-0.8680825545187943,-0.7876028937354865,2
-0.3109540914725846,-0.2213399117822395,-0.0845184946207887,0.5357262432692128,-0.0609432148527331,2
-1.2559290153844804,0.5568552810500033,0.1881267536012251,-0.9700324296773905,-0.078127992420693,0
-1.6459608287492078,-0.4944400759202245,-0.4277551576631245,-0.5290603087111102,0.1924890186109866,1
0.1031774786139569,-1.4851530735009075,-0.1288699062727819,-1.4461682876205983,-0.2335240340299875,2
-0.2542215823612098,1.4178800289836382,-1.6294319511172242,2.23595696813142,-1.810444827715936,2
0.0931730246694974,-1.6158621779433886,-0.3329858154863651,0.0018741363839066,1.2221533596115266,1
0.6356173089160615,-0.4636251212065422,-0.793881959876193,-0.1612178770244847,-0.7646211941087604,0
-0.6083513969955995,1.0973715056697364,0.4186391350670815,-0.0259430723448289,0.2786095135859306,0
-0.9043642450701695,1.1287014817641023,0.997325508081205,-0.1694811245497546,1.116902269090271,0
1.2442664763209343,-0.0071407156778307,1.5769612867301268,-0.8304162417538086,-2.25626839387155,2
-0.2900279224953287,1.2043192355036718,-0.0035974874001528,2.2397768466949977,1.4636895076405898,2
-1.3835231073601035,1.1536508531284773,-1.0756074719230229,-0.0943529789197723,-0.6106308947644432,1
0.0461487231801917,-1.8706038575870787,-2.469966542431365,-2.5842969098755773,0.7592991631644974,2
1.008904027680328,-0.6395082245870287,-0.7360680013379143,0.8540019013219857,-1.046783499679441,1
-1.185957508450165,-1.0927236697539249,-1.3625487603496789,2.1940835878045903,-2.309789625424341,2
-1.289948927901852,-0.2861215071116136,-0.3962119616457507,-0.3898483165043468,-1.0513923547326032,0
-0.9695473526100687,-0.6478491078771893,0.3126686508749048,-0.2587589287459845,1.0793349657395863,1
0.9634797622143326,0.987203433743195,-1.290945279931801,1.615579521381086,0.631981482767721,1
-0.8500236059006298,0.8079386497532675,1.200535579005577,-0.2105578464248116,0.827759687622854,1
0.9954274689649978,1.9269561556632977,0.1281330812964848,0.7226694409813886,-0.3470418039813681,2
0.0950859294021897,0.091770918866707,0.7566420007392686,-0.6087642515438568,-0.3213881567775512,0
0.991124286377025,-1.4422640914019766,1.7048492919189515,1.138138518477874,-2.5962444783828453,2
0.0096668090609017,-0.7470693518923186,-0.3334358581829731,-0.4583304408301488,-0.7778502810092391,0
0.7779909413633069,-1.1371058292120415,-1.0014077531369052,-0.44272512777659,-0.7908165788494746,1
1.1179814501423897,0.804946679936526,-0.7263627303467778,-1.1118964308347268,-0.6950362808738848,0
-0.0746369008195245,-1.0824406873440315,-0.5183039180137881,0.6226554933937198,-1.219343215786127,1
-0.3462650284368419,-0.2288551563680119,0.464109281368492,-0.8398055771334492,-0.3277785309597222,0
-1.1322123763116627,-1.225136431564217,-0.7822776802828894,-0.0735898316134626,0.6183509733211148,0
0.5121854058125704,-1.0817007077497784,-0.0693340853165015,-0.3109843242937012,-1.0353514060073463,1
-1.1778715378705216,-1.1534548643624722,1.1086681840302708,-1.036817412047471,-0.6754919478514659,0
0.4975650242707467,-1.4333999759990763,0.3333415196694077,0.0052602710700154,1.4311422899161936,1
1.2001268394840654,-1.4320470495453974,-0.459648573302322,-1.0305677244617517,1.4829895914576448,2
-0.1703281507257566,2.1398530827885534,-2.145559940691256,2.011002538173656,1.1852530508480017,2
0.6567990228696818,-0.5541158864751261,0.1411424802349477,-0.0505313999478468,-0.7370091179238998,0
-0.8208421350120487,0.023246134359308,-1.0795589281952327,-0.7119342839527709,0.3562113240681415,0
1.1578179106595805,1.2741018249397325,-1.588229408959063,0.7512701345130366,0.7554133291718699,2
-0.189575924811001,0.6473241407801883,1.0756632244707234,-0.6618968872441633,-0.5715314478312474,0
0.1892437974690474,0.9035760909204196,-0.5951421547300632,-0.0699274380403515,-0.1770935632498223,0
0.33248248234357,0.3867057631596059,-0.229231981699869,-0.4411075508226384,0.7715923922877569,0
-1.1944285246966762,-0.1215259432224276,1.1470425247844804,0.7049408497622685,-0.713130057724883,0
1.2000858589787415,1.7630174271260175,-0.4831437019928199,2.198465480130799,-2.603004049320509,2
-0.3842623853084748,-0.2282166177655379,-1.0979217835608042,-0.9425736053774868,0.9722906173340145,0
-1.6655046360609675,0.8628010986288941,0.8010261212399816,-1.081427153559558,-1.9606147346256535,2
0.8335987239634619,1.640708544196604,-0.6665251696137872,1.018385976058271,-0.2221697042319243,2
1.8289931722028892,-0.942235676719023,0.4592423142840472,1.4958071985777452,0.4691106382573023,2
-0.5386347306200089,0.646689183031829,1.0776075070337023,-0.536689834874111,-0.4571344996636725,0
0.4331404257589585,-0.0508089134264914,-1.2793799972456044,0.0214104896628326,0.4281177458234365,1
-0.3918657640327835,-1.7828727369345687,-1.1145573143309433,-0.0588906189581792,0.7557199648133098,1
-0.6655137052372031,-1.01692169103769,-1.2019547776252106,0.8639707002009275,-0.420335036340461,1
-0.448929030295351,1.6239267638556742,-0.2816326321510159,0.7157771268949507,1.3948974629833673,1
0.2676977993028699,1.1056112650105685,1.266472033701454,-1.868445880455504,1.8574257418734564e-05,2
0.597790634272273,-1.709129216682239,-1.2110933835306756,-0.4722732774320275,-0.845711055961489,1
0.3151928670698296,-0.8386342003263292,0.9978752487093426,0.389280770437464,1.2986696700758338,1
1.537099491429088,-0.0429800165099601,-0.9479033059429124,0.7651091035643387,0.9599503150103336,1
0.8751064420423333,-0.8911972829427001,-0.2401743296854874,-0.3520230836649902,1.0332126554623813,0
0.0067641521561657,-0.0174131186377067,-0.601379541256078,-0.7267514056932005,-0.6445719762602607,2
-1.1770372064124788,-0.3222136412142783,-0.075223744747125,-0.7538658137803739,-0.0498649357249205,2
0.5702825375690874,0.1773305886634021,1.3387256292910532,-0.6566140226879359,-0.6900831210701598,2
0.4270896541518686,1.0609922810962868,0.3575873936764458,0.7711135754009482,0.0669087706560005,0
-0.8154987249411756,-0.7139540234479058,-0.1363686995201794,-1.0718688622100403,-0.3437651723706217,0
-0.5675935911766244,-0.2247343010517405,-0.0761316922331668,-0.833261266364313,-1.5156384373222442,1
0.2256640872141391,-0.1213506846503902,-0.448737879027287,0.2487027033442507,-1.0072970011551845,0
-0.1469907870222877,1.153457286352361,-0.3494639962722847,-0.2883747038299548,0.2037036814572026,0
-0.7875631582885568,-0.3118077437532925,0.4915102433454038,0.382792786851638,-0.0826845550199015,1
1.9617372765999723,1.3320901932054876,-1.5634131833880398,-0.0331620100003291,-1.5861703325563727,2
0.5992090352974151,-0.2500044510847227,0.6355156642281686,-0.9972436103360832,-0.4676788303645465,1
-0.6369979880058877,-0.2454420102774273,1.072009907092104,-0.1210676992005323,1.2664893611559398,2
-1.1704463152535354,-1.6443931993475556,0.7646614936217031,-0.5110440277215843,-1.733086651012832,2
0.0938328743572665,1.0833788862298568,-1.6926357187860692,0.961264805607333,-0.0691032671958034,1
-0.2705890489367969,0.7947936384570283,0.8628239387627206,-1.1070761154907156,-0.8376438032382357,1
1.2750579829645572,-1.1334525180035049,0.437257909994075,-0.264516168651373,0.098287848030415,0
-1.3954780816702994,1.161770402203883,-0.3517584579867926,-0.4777811823113851,-0.5932307944246336,0
-0.7713436457529596,0.8028316999647872,-0.6904634999432964,0.376883924466845,-0.943331571219047,0
-0.3692573887794198,-1.493168788046684,1.548188008202815,2.355383601198825,-0.2428086532212489,2
-0.3565700157946463,1.8070365030319924,0.9182260423104824,-0.1233798260254917,-1.5281961296716875,1
1.4328322717734876,0.671443515085611,-2.556750111463343,2.600452333770082,-0.8083428009385061,2
-1.1639580952596662,0.8202749653392533,-1.0865420761531963,-1.0674757365386025,-0.8235433510769565,0
-1.363354769068014,0.3853973479276343,0.0551245236176262,0.8934928487718521,1.024815408472857,0
-0.281167707809538,-1.2531314153478688,-0.8448601456592351,0.6952209940736733,0.6483573644667432,0
0.1470496345295576,-1.7022229990309992,0.1517579060111196,-0.3726850427739345,-0.5237210819112855,1
0.7957506139173456,-0.8330956522013827,-1.4367932826972212,-2.4301443694672744,-2.1371702230994702,2
-0.4352130230287764,1.1468027768912328,-0.1455587085288267,0.3072886769617484,0.3802778021159332,0
0.3245013674133488,-1.0130036576171628,-1.1899240557244743,-1.3079520436108676,1.4689822799990968,2
1.806344760630379,1.0640639353156731,-1.001136907231867,0.5806728894570645,1.8550026423966557,2
0.9868385171299244,-1.2217264581487617,-0.5228598460932212,-0.1262011999674233,0.6126558289929626,0
0.7474153553727655,1.2637673379029368,1.4443060702234087,-1.1608847119314367,-1.776858987089189,2
0.7572698559826362,-0.4593812856012223,-1.99539095786109,2.318130743612396,1.94438767822373,2
0.70530844596476,1.2657252230241207,-1.4928289118436913,1.143267829242547,-0.8298182659347988,1
0.3967631354641823,1.006991772749608,-0.1815665539249103,0.5779969891185492,0.6299023732497905,0
0.0130639073245304,-0.7724472377059248,-0.0762961194786699,-1.071440468931914,-1.0420756322567264,0
-0.1930450566265647,-0.4116615433577572,1.0445630843502205,0.7690744083946542,-0.922047114921548,0
0.4061251381975688,-0.0018683852640867,-0.7129247839173629,-1.0805021780737136,0.7438260113054144,0
-0.6162632460364431,1.6947634677191092,-0.5546060261800927,-0.9826023908364456,-0.2730920542166196,2
-1.3059183664378444,-1.2274475574045869,0.7676544692219539,0.149179557684211,-0.2184285133746595,0
-0.6030593656026854,-0.9091288025339128,0.813490703595806,-0.7058323203917645,0.0871551092140407,0
1.2208759341242357,-0.3359098637189264,0.4871611475305764,-0.7939005189842545,0.9365471604983134,0
-0.2370855877267546,-0.775909336048275,-1.146905997933242,-1.2864187516540924,0.9199694155266516,1
1.0234551743403018,1.2229994734018783,-1.753341817304437,0.2762637635118851,0.3949797039832448,2
0.6966992553491632,0.6160301711193399,0.4366481562723317,0.8537829151139461,-0.5202039980733084,1
0.849598410795909,0.5963162902614298,-0.0922316699134013,-1.0304969399436232,-0.4651644989355639,0
0.1332474723252451,1.1393285469517422,-0.1821865281025905,-0.3511133554859671,0.4868329261354977,0
-1.3539628502021606,-1.6468927601963828,0.6089597011077131,1.113918491309114,-1.072749496725922,2
1.177812640484973,0.9624595490534456,1.830595756920784,-0.5757253997471876,-0.4935056745192831,2
-1.158510117451342,0.4848236009700722,-0.0507372564790558,-1.0558854576598444,-0.3501667133593146,1
-0.5890542149889223,-0.3797811764130701,-2.194926214628397,-0.5659897477851468,0.2830091073836687,2
-0.0910931482706867,-0.9288131613899449,-0.037312248776049,-0.6535918538956474,-0.4383476088791666,0
0.8094323705244778,-0.4960671257468434,-0.5426208970097468,-0.3631951045626685,0.2572088250822226,0
-1.3701564070523005,0.7451545260524,0.9842791110814008,-0.80762643162336,1.0316432098524588,0
0.5879242782450353,-0.5053743088082836,-0.4279933288444767,-0.2677618203238788,-0.1959171750140675,0
0.9133091160427342,-0.4067862698502317,1.1938010389832066,0.5922629165444218,0.3088217815719016,1
1.3260420706249176,0.1699298303615818,0.1651555797700057,-0.9768137831400564,0.26951278525286,1
-1.1502282257507408,0.5774451496187354,-1.1515588360373172,1.5570163631491698,0.9374888238173342,1
1.329417151303704,0.6986317601190632,-0.800502711588282,0.2923732594094604,0.8906272754958036,0
0.7784530737293519,-0.6059274492645627,0.5859652448665671,-0.0903798261204457,-1.106516827069721,1
0.8475254006496633,1.6334623758687592,1.912429448674684,-1.4519647604720305,-0.7496154089308552,2
-1.0401953668733592,-0.4104097759456249,-1.1205629572874871,0.2759793333045388,1.0971137974606338,0
-0.1553990532794848,-0.45005836520856,-0.7059781663930116,0.3450250497858774,0.182002338743714,0
0.585151563461001,-0.326258421125675,-0.0647744877961333,0.4091762715059858,0.9502130804989226,0
0.5302386890952476,0.6022290841951711,-1.1263004136095534,0.7969427997620602,1.0758792420266214,0
0.1732424863001052,0.6427934195602301,0.4595019364848742,0.1909459266560216,-0.6075702523761439,1
0.9065888796517684,0.286478361016683,0.3511465049017458,0.0838992766500246,-0.5041762290317631,2
-1.908637967695893,0.806196827329831,1.6497153756669307,-2.697059535426418,-0.1633044497602515,2
-0.6403272634588344,0.7402943387602946,0.3358308027596067,0.6595637670034851,0.62854143107709,1
-0.6165516626876759,0.4101957622141673,-0.0830921846116486,-0.7018150318432466,0.3558669148943483,0
-1.3074054994528388,0.8469071124303958,0.5861845445365382,-0.5731943219835979,-0.6966635383790046,0
0.8549635996559737,1.5741565321737352,0.2652590712419569,-0.5520385085127973,1.0883893306083232,1
-0.1897804611163231,0.4989026543140442,-0.3381337836317958,0.4024475120198817,0.6129436720579018,1
-1.8289117700676012,-0.8773986451033787,1.191659743913773,-0.2781628053625829,-0.874369469509922,1
-0.596926456835755,0.1138964121294152,-1.1112406945022004,-0.5926549571283838,-1.6667983791439964,2
-0.3652761948260946,-0.6572270354457145,-1.612514191033259,-1.3115219209796256,0.756040622750111,1
-1.829892249520663,-0.3559957229207417,-1.5003883559292053,-0.9355609810925068,1.0638168885284682,1
-0.6088124481849878,-0.6758745952629883,0.9446241018348364,1.6804577977509405,-0.6665497286033198,2
0.2004401631045789,0.0182629803680742,-2.5109178256827764,1.0512276048840463,-2.65506283212552,2
-0.8578268557127059,-0.8434765936366535,-1.712091602999409,-0.20114092080275,-0.494405272154714,2
-1.973262216801512,1.322388464672636,-0.7270146936524328,0.0308957218783316,1.4448241285645806,2
-0.9725129311578218,0.8193766183856499,0.1906722907973194,0.3676186019864386,0.759071434088401,0
-1.0610163190241002,-0.4462719139418563,0.4562939205873679,0.3224598778188862,0.4977694874542588,0
-1.4672522775379946,1.7847930668772618,-0.4257122404358474,1.0065187534826034,-0.2909368664095279,1
0.4793965057266007,-0.8814321154639261,0.9608549131359267,-0.6121448098495299,0.0066915542636304,1
0.8010529018907628,-1.6537783396307866,-2.008507847845035,-0.602247251432788,-1.5500575640669694,2
-1.3191384430347222,-0.5171842035309773,1.1036184994425635,1.2197112240400971,1.4927182506617394,1
1.1449520432893818,-0.7602517862621202,-0.8400084871157857,0.3862283089749949,0.956109933454882,0
-1.4297334732262106,-0.0510745365036569,0.9365799183031542,0.2924759786708289,-0.1719060784540222,0
1.9863829700028104,-0.0555180388908873,2.317402860716789,1.9014609880479452,2.004865603418573,2
1.2084479117585072,-0.3758807844464832,1.712573301202671,-0.6839210205018724,-1.488285787266147,1
-0.2418799275446496,0.8810545349193443,0.7173411943485544,0.8749610174743105,-1.5144124926302465,2
-1.1159093290234352,-0.4836133562122771,0.0425662784833047,-0.2317969120064804,-0.4973108336170886,0
0.2040103482224921,-0.0426583935203765,1.673408004555902,-0.8327004190133073,-1.5840867827643257,2
1.0500398512463216,-0.231940764197216,0.2895429424701309,-0.8057991304502718,0.9808741654149444,0
-1.6777806557623889,1.549680338984577,-1.442101563301441,1.3053294257649697,-0.6176027160209324,1
-0.9060169914616018,-0.2373361975991986,-0.3149931401485956,0.8094541013848626,0.9613390072850736,0
0.8950640879203592,0.8813470672908635,0.9497716313385032,0.7409874466760699,-0.1428118086168514,1
0.1794511043136834,0.7963337714529892,2.0357214202367464,0.6061200807736172,2.4026489531226662,2
-0.9365795017832164,1.93963466630715,2.362452588076787,1.8067907769547271,-0.659880004434493,2
-0.7748442856513829,-0.0960241579843199,0.7057167584060235,-0.1836018304117201,0.8173626715365971,0
-0.9225353120892836,-1.005849166891044,1.269237377074956,1.4183095239097954,-0.0376459082936279,1
-0.874293026226775,1.719531598447935,-0.6847757688129035,-0.4383155509840164,0.2057289621542772,1
0.3892163947459678,-0.5011205776234631,-0.5773019362886384,-1.0986749158174134,-0.5870699902052052,0
1.0288602030316538,-1.7411341276560828,-1.423574002408257,-1.536847329171319,0.8677332883605746,2
0.2046858627716214,-0.706935532363314,1.015436617947301,-0.5442964655588595,-1.0433534880001298,0
0.5751517515018524,0.9223614935271158,-0.4584817985407504,1.434517184526252,-0.1532977367745536,1
0.2733604348596337,-1.519866532913976,0.8900297448800369,-2.1841108669906264,-0.5300985103509188,2
-0.5665179423581671,0.5949378076143991,0.1943842119893567,0.1842550792047645,0.910904703496734,0
-0.0130384752182897,1.5783395175117083,0.0926227405304945,0.2294281952456779,0.9246734761411974,2
-1.2544180324646934,0.1196865008255624,0.3038290262553273,0.7951400033361382,1.0378323790613655,0
-0.53944524976475,-0.2062945716119741,-0.7968515728717043,-0.3354462826584895,0.5894179007146866,0
-1.489074519882816,0.307308670737747,0.028211386526819,-1.1619988193804816,0.2609554813575284,1
0.8176117864975517,0.7284447326964048,0.8495782951925062,-1.1129457319525893,-1.0636584536378952,0
0.7052772138198787,0.5828891081006483,1.0073620859720862,-0.7563166570044563,1.014658515287202,0
-1.169634103289271,0.4035612278602038,-0.8878165587815519,-0.0518364093310075,-1.565675603085383,2
0.5761084722014126,1.25037543989366,-0.1597252960500652,1.460189153463427,0.5395629080917683,1
-0.3316234937448347,-0.2407976335882308,-1.1269906429512142,0.5781437141728902,0.8582376458811678,0
1.3083756135026432,-0.0714403077710103,-0.2142236853412629,-1.248051290008754,-0.5750239021847653,1
0.825116872138733,-0.1635325814816882,0.1035458991054368,-0.7093073950473532,-0.1961390029082175,0
-0.521691948308303,0.4276955641721763,0.0702002703452524,-0.4683610322613327,-0.7072946541502163,0
0.1482731119679424,0.9359449790498744,1.061632025053468,-0.7338838760196581,0.2914864478388381,0
-0.4233849352197511,-1.6751169156721086,0.443906253478617,-0.5724992202468537,-0.4061639433131335,2
-1.4032134614464689,0.5785086538128438,0.4302238275626172,0.0047703545629259,-0.4983808282157217,0
-0.2326898343082113,0.971451566324092,0.9002039284672945,-2.1526989452602128,-1.0228825869688891,2
-0.7851711483785173,-1.206690272281124,0.1066248502831874,-0.1023730528857625,0.252397680087022,0
2.367702300196955,0.033808889108822,-1.9432559549341812,-0.5062409874613576,0.734372793525654,2
1.0079331209509317,-1.7898934851723507,-0.11196096035715,-0.9493179328445784,-0.740799551808981,1
-0.9322177701712768,-0.022776752019493,-0.2378270053128819,0.953118277286886,0.3771062684246357,0
0.9257966129509684,0.0720612959030544,0.5095615173197666,0.6687920128402547,-0.053546206171808,1
0.9123547284248068,1.1559121999249888,0.0622112397689318,-1.016551462700805,0.737348652554706,1
0.7771701552630913,0.7935029588120525,-1.9062172496162315,-0.0742375301489286,-1.9518748876334404,2
0.9278733613222953,-0.3439317942337307,0.9545556331883402,0.1032853365288706,0.7541488864820358,0
0.4780473220039272,-1.2330779573020827,0.0902041881447263,0.3212008196841928,-0.8215212311013897,0
-0.6205681944118938,0.2719774913783641,-0.9996641037751124,0.6467894906166883,-0.6940001720995802,0
-0.4311480851923972,-0.5168956891424156,0.0481042570623263,-0.4277587364004519,-0.5918978737098004,0
1.656697336144138,0.0928238008910989,-0.496998330237188,1.8072001898404384,-2.1772210771984097,2
0.8500207335387222,0.6298012011583957,1.2735858222321217,1.0583383992882969,0.6117931254757514,1
0.964633086576199,-0.1734488869138705,-0.5476199078677187,-1.114664042492525,-0.6656433463072043,0
1.1064991433753992,0.1846316389461948,0.663826183704832,1.2958622563968791,2.386140987322836,2
-1.2525871707616374,-0.9795719069172596,1.7304044141697883,-1.184588224552491,0.904620013696992,2
0.3351257370202671,0.963710762036467,1.7144781656078802,1.6018313013064558,-0.4731087592963184,2
-1.1549917192389008,0.3827813055074232,1.0534249121333077,0.9448402283088164,-0.597801181586965,0
-1.5371607303017325,-1.226276047554181,1.1397830549063164,-0.5687567012345078,-0.2056256124584882,1
0.6364165254040514,0.0959200111750265,0.8345660595896044,0.0537213999109478,-0.213303841485724,0
-1.2193414613181304,-1.5823970804968803,1.581017321260163,-1.0412880144643324,-0.893513055024616,2
0.6887113061669218,-0.0311947963658353,0.9598752506024916,0.4510543912605479,0.6295390836563313,0
1.870172208426124,-2.232582576686348,-2.1714242125070338,1.3320951236526657,0.1734992304097228,2
-1.7023585088936433,-1.1411807663700748,-1.0473633343497404,-0.794834945406862,-0.5855033573383683,1
-1.3566370197970672,-0.5520796510063773,0.1072797981871328,-0.9949395129808134,0.2384750347011917,0
0.9504626935594412,0.119275955406949,0.2862817399590322,-0.3182266775370502,1.8485822251889523,2
0.6427674661258644,-0.5741176670550894,1.3830498163805376,0.5660070106114511,-0.7464488500889913,2
0.986070194972153,-0.5776447742059682,1.5858606962188888,-0.9644564063448724,-1.3513716958378363,1
1.1719766148317416,-2.129403471530136,2.3943484234255523,-2.600267575506343,-2.228410754665968,2
0.9955657180822578,0.1271510532076433,0.1260304021548112,-1.1911473006657856,0.5696725615664792,1
2.112542099915054,0.1435370071590459,-1.2389402957891165,0.2337406645971563,1.896585140828406,2
0.7660848214270053,-0.2385571197504176,-0.2056792206105955,0.0958778986592423,0.3683122390531406,0
0.3716372426448028,0.816878366257911,-1.7703756325577202,-1.4569284631054409,-2.596056474992888,2
-1.8305937461709223,-0.168573812803755,1.3868363883614072,0.6570707159820092,-1.30723472423785,1
-1.3563611603038523,-1.1633461538103165,0.7879212452955543,-0.3939119454684055,0.5618454743203505,0
-1.4892133622592734,0.5082656369322457,0.6681668349888839,1.092136450943236,0.7100569072939015,1
0.9079572104219712,-0.0657673717951685,1.3383294017510965,1.2237813267921165,-1.1442924191493613,1
0.0484302755150379,-0.0514481251763114,-1.2584586346084723,-0.2890246062711655,-1.1887903374870816,1
-0.9292487280735324,1.309596280805378,0.105346665017186,1.0190794951757107,1.6522801454862084,2
1.663965874577727,-0.4995865956246238,-0.52670595629938,-0.2722006848286116,-0.0666559149560811,2
0.6035838912376754,-0.961356937645642,0.7391834077378823,-0.5228450168608257,-0.3298805033753293,1
-1.1992122801183431,-1.0358424946110767,0.5340992699031474,0.2081449287224684,-0.1318880954915691,0
0.8570783810100228,-1.59605673018994,-0.4432742616383776,-2.0852921099003097,0.4537795487921972,2
1.1456104677083212,0.2978779264698894,0.0227510811879589,0.474108283003966,-0.3631488695996064,0
1.7390852578665292,1.776692806116442,0.9309191699860588,2.2259901858705438,2.4056676921477207,2
-0.5087941629364312,-1.1092257164621933,2.3626563484442595,1.3711324236939568,2.232705602004423,2
0.4947717771447731,1.6098408285700363,1.2585629522497397,0.2104607147362549,0.060958369734079,1
-0.525915263871233,-0.7964456112211108,-1.373111819328225,1.1718154171463346,-2.0868873419433163,2
0.5139368648738569,0.5001916056511354,-0.9044672878461828,1.4534397190910466,0.7719597901630157,1
0.5751646266182093,-0.7645411274998882,-0.9536130426650444,-0.2763474816306087,0.6576274273903606,1
0.6720193318284307,-0.6500022501653532,0.5622031293343283,0.8820669807258505,0.7432369735451371,0
-1.278306574704168,-0.6138210458118092,-0.7258301753046196,0.897688289205787,0.2434874953917718,0
1.452408175458947,1.04542660819193,-1.2671706493716508,1.082587144242403,0.8621300767404619,1
-0.9900328788138496,0.6973429613766208,0.2481791044277729,-0.7239737130467407,0.4075101007952956,1
1.4560455326141206,-0.3197474259162186,0.3152171355694715,-0.3121943595407215,1.4396241626746875,1
0.693515341216537,-0.3737295300103639,-0.3567963776954434,-0.3082772587643229,0.5946388499890821,0
-0.4456826706306718,0.4197725278840926,2.225425699576466,-0.7156837801175363,0.0958323470349973,2
-0.9893467934945204,-1.7372827260682044,-0.6882092568136545,-2.3312386445259405,1.7199235365525516,2
-1.0451099732855114,0.2721833995084552,0.8618259012834758,-0.5410315226870822,0.466376834016164,0
1.1961672840442763,-0.4931274757638001,-0.5873072798761974,0.5823972003356043,0.3808061120367182,0
1.98941740101546,1.175053291636719,2.0199400207967293,1.803234102265978,0.8189919050588612,2
0.5412662112477494,-1.4823146492557606,-0.9569018566399752,0.4070075575785179,2.426476066258171,2
-1.6750425557732906,0.1889563092683474,-1.1770134603083997,-1.0251234368410556,-1.3405614616707806,1
-0.6193927222553872,0.078624956017429,2.035435355460042,0.3295121713241964,1.7646511589347285,2
-0.4949772601720015,0.0914111329316288,1.715966796497379,-2.7089741995882664,-0.6627249790164621,2
-0.7479484671031534,-0.3120730056768501,-0.9090010214685844,-0.4752459474245804,-0.7614740442848205,0
-1.659926009527466,0.8629455101132453,0.8149785439839116,-1.0598921474724816,-1.9556592618203796,2
-0.0053934345421151,-1.0150458358316683,-0.3078442236803498,0.0570941984770512,-0.0879552958111435,1
1.3111596589582533,1.7940136843930083,1.6544821839240402,1.9997057017541304,2.56574279184658,2
1.287805550155208,-0.839888569022554,-0.5202535622606147,1.5949288178653795,0.007269681939259,1
-1.4814961379698166,1.476210110543073,-0.5818002950156911,-0.1485030541829609,-1.3879364022563423,1
0.6649352621871948,0.1534344152798809,1.3521884793038008,-0.2206850240841243,1.282267198772738,2
1.5570972761064177,-0.9151930261703528,-0.4717909149257704,1.0527357681115497,-0.5364183797466674,1
0.9921027677020338,-0.3086556917535024,2.390997391255537,1.3421158845154064,1.7354064824119346,2
-0.719399390797777,0.0278300769253283,0.5633886128811594,0.8741946431711847,-0.0105966335638101,0
-0.3848024993511656,1.8076356171658847,0.9249472755916708,0.0507008250291165,-1.4565382536691036,1
-1.5415831543043224,-1.149071777379781,-0.0257262963468056,-1.2088765252107383,0.9719293647766812,1
1.0311395859384742,-0.2467217012136929,0.361073528250192,0.4131376498793049,0.8676018465826282,0
0.1075205637613288,-1.61438050276016,0.662045616802533,1.765199109839858,-0.6983044250902628,2
0.2011678948834596,0.914201136658647,0.1702091608543809,0.6425198333055014,-1.333594875587541,2
-1.2515631082935044,0.8414828605927998,0.6623347596081823,-0.7266931733311048,0.4162752958997379,0
-1.0638722482055247,-1.0668519505617573,0.1761183401509706,-1.028870150458227,-0.2030765400947034,0
0.381490176913374,1.7195309470366829,0.1847122684195401,0.2762392522053494,-0.644167827133081,1
-1.1194799525504464,-0.8425107580497554,-0.8869119603214821,-0.9177500039586388,1.038808007879453,0
-0.7018197949594845,-0.4979512211081492,0.0438435335329964,0.6772615779892304,-0.5498554316088994,0
-1.1474067841453748,-0.3242786283529836,0.4518791993500244,-1.095122192112509,0.7407683426018712,0
1.171047316105868,0.16965075617588,2.206677439651145,1.985556829302627,-2.298627735689101,2
-0.2482321240140146,0.366245373035864,-0.8955796855240535,0.8500507333480262,1.3133771615874987,1
1.6855630168847706,-1.678145446173046,-0.7725894981769152,-0.2749870985557662,-0.8164426667711243,1
-1.401123384416094,-0.4571525259699561,0.1835883218027214,-0.3194855201341289,-0.0792562184173375,0
0.1179408355932729,-0.3287668740614967,-0.4142036502271701,0.393781730929663,0.1336561391140951,0
-0.60054607865221,-0.1026865700491212,-0.1750424404636833,1.1048954505171746,0.7279434146914946,1
-1.6644914115303036,0.8308791632927329,-1.0271698884984062,1.4154569838885618,-1.188583034165502,1
-0.0694321906191144,1.0079298646727135,-1.7889744431689958,1.0146411902133836,1.612745513433645,2
-0.1829148425868378,-1.1666122214242078,0.929290219184241,-0.7253412848927877,0.0528228450067785,0
-0.5676719874758341,1.052415764908923,0.9126830392361563,-0.0902876115414429,1.1582973151344778,1
-0.0665516110364122,-1.62787216080126,0.998754385419185,-0.2321760994568031,-0.684230638849534,2
0.9510458937113684,-0.985555928859814,-0.951941210240768,-0.6124742838531642,1.106233218126101,0
1.8255884514015823,-0.9662487832542482,-1.763822457368339,-0.0062743094973345,-0.118432414122645,2
-1.5714367349398526,0.6050681256234801,0.7779350597617484,-0.0929783103264475,0.9256956953499744,1
-1.2766869843416415,-0.1092559615861449,-0.7402850034084081,0.2569269623393146,-1.21101883501305,1
0.0726752088992704,-0.1288824670814286,0.2036520910495149,0.9626816529928836,-0.2002047188397307,0
0.7081238701882896,0.1109668614515687,0.6535571433668167,-0.0092542869981011,-1.0923828702314418,0
-0.6635730254554795,0.8364148353390846,0.8597240061391708,0.1054470360071445,-0.41154018574731,0
0.525589300648514,-0.1136818465679722,0.7030421629234924,-0.3091427548726294,-0.3235646536191818,0
0.9964148376182432,-0.4897430022620316,0.900559903540907,-0.3992973898670223,1.5177233056773682,1
-1.2402347689556632,-0.7966561933060897,0.9329487117380316,-0.8327597184344656,-1.065247783185168,0
0.2656296410629098,0.2873029606666559,-0.5601315344775477,-0.6691591372969194,0.6322713667524387,1
0.6339649207567778,-0.4072274959572985,0.4895514503922769,-0.7045496298900578,-0.0218459570117812,0
0.9648688652653808,1.5577683374438167,-0.714341377218328,1.1751621907021998,0.4931566379665931,2
1.1562318660048434,0.0709510232310958,1.3401057620087529,0.1259042876833503,0.9328588279973808,1
-0.3868237233046462,-1.2726141136167064,-0.0281486490306982,0.6138440995620131,0.0242267544612028,0
0.7423555312249469,-1.7297012475287876,0.7079114917404746,1.306850868323583,0.7223075947723169,1
0.3107393372609073,-1.1810351011575968,1.0983830044767322,1.2758729707150258,0.468854129283847,1
-0.396912499185151,-1.1693018733495193,-0.6642185498421471,0.79062274457099,-0.2877192445385928,0
0.7493097966343362,0.9432844960173704,0.2252885988565821,-1.231409465617525,-1.44754722693375,2
-0.7515397724883724,0.5180999041003419,-0.6632852608922924,-0.5830301187421228,-0.3249133580526597,0
-0.6238286903764408,1.5168194061835951,0.6119162193013741,1.433104109832194,-1.3497264902227069,1
0.7365781264078738,-1.140843312622175,-0.2986709632069335,0.7570972479354735,-0.1004023590482189,1
1.5767291479176022,1.0669058533118143,0.2313331376080586,1.0830567777013351,0.9563169661125784,1
-0.8870916327243695,1.24805526836144,0.4254980378535096,-2.66038565839478,2.0255713616698614,2
0.9093692212232832,0.1721237115833515,-0.2677478499755245,-0.789694029413777,-0.7265706477414903,0
1.0855874161228287,-0.4833914669800533,0.5597377276960539,0.4716652152259148,0.2890186236084592,0
-0.6290684808528019,-0.6623757509633189,-0.4833563585474293,-0.0684297284726704,-0.3478863381247122,0
0.8231067147462012,-0.2475880955874872,0.8352971885352772,-0.3816091498943865,1.016236689751876,0
-0.8558204174651474,1.2031324092506432,-0.056561484757263,0.8469604414713731,-0.0834299171833985,0
-0.8415858958288333,0.919410788245832,0.4966296114907481,0.2406812146144729,0.8853407189736073,0
-0.2648289701999746,-1.081572689847058,0.6296535010463955,0.3013827579253144,0.8860283997567601,0
-0.4549267914702503,0.4184656379940856,0.8151871998394178,0.3328185705550768,-0.0963382908480541,0
0.1441553032690904,0.9276492629774996,0.7222766119569081,-0.6595523185643541,-0.8355583736732711,0
-0.2288168206764338,-1.1103318338817352,-2.4601978141073766,1.017858886108037,0.9207166479166816,2
1.576599510195668,0.4914923321657378,-0.0152058578490872,0.963789628477012,0.1819529497402,1
0.1560157753088384,-1.0417192463177454,1.2096714844726597,-0.1256739215053622,-0.1085830649047332,1
1.0870144857488446,0.2470946823997053,-0.4741795755841133,2.6028814099618502,-0.2133600429776443,2
-1.1720830640180662,0.8927185164339355,0.7998686558902436,-0.3274136113290515,-0.9037410030011304,0
-0.0167365840115813,-0.7363713399593665,-0.3788625508285322,-0.2914364031343228,-0.0640259081291799,1
-0.6584237536866673,-0.549893380147509,0.7451197603819947,0.4911001931587969,-0.8681630859436733,0
-1.2425890894425868,-1.0472039856713795,-0.4851213788305481,0.6253763143761624,0.947695146147668,0
0.4378805809053245,-1.2283053370074843,0.7047621195841277,0.3126839009523784,-0.2983030705111641,0
1.151702848678322,-0.1058687641947034,-0.7787424663747092,0.6331842728416646,-1.0207714323506154,1
-0.5779722061496803,0.5455559984066306,-0.2642832835313635,0.906380356880318,0.256734721892742,1
0.0574042712012984,0.3650906177222041,-1.019747954902983,-0.2573578741266585,0.5067426717862314,0
-0.3922742761994442,-0.2775791233692731,-1.576408449536152,0.6650037957254009,0.1933732869977999,1
1.053045566171638,-1.039147025689999,0.514915852573518,0.7411852380879103,0.7077928145425938,0
0.8436506509489917,0.5542343492615198,-0.9647226438820808,-1.128771650379205,0.9880443398876316,0
1.4808611582010032,-1.6447379664023416,0.1689416041215966,-2.508303664099633,-0.9742399200380544,2
0.9972022495383408,0.6625268202025436,0.7978121551786547,-0.9571827038055972,-1.503360782527882,1
-1.7922222803661705,-2.331857513942252,0.8027673799405618,-2.5980251202072115,1.1017589396904623,2
-0.7905097530468521,0.9903257575409672,-0.0190576158594741,0.5793061534500965,-1.0488182790263316,1
0.7657903625605621,0.3677482629112454,-0.1839415855642651,0.3479222111203284,1.279624916177817,1
-1.2695911266827995,0.9989309738431704,-2.4873984027942115,-0.7235938843020365,-1.5297924672220098,2
-1.3700906010809426,-0.1529439946865094,-0.1845295924036714,0.6887174870756774,-0.3855893333829123,0
0.2174592288646347,0.2680697282990905,-0.7584695207480767,1.4665777776956517,-0.6326746611162971,1
-0.3678808690062998,-1.0590435547905344,1.344700015607375,2.3649070247322808,-0.4529633233920894,2
0.2544746458795305,-1.257850136447243,-0.5591002732317519,0.5730663129809896,-0.4121885540423625,0
0.6542576691391409,0.6082274316804385,-0.8823047063681841,0.5399691346275931,-0.0646388535906545,0
1.7574030618583372,0.2857771297819582,0.3592452913707468,-0.5467790950361852,1.0321680555829087,1
1.736988724221867,0.9750552243203976,-1.227541037919612,1.5611949647296,-1.4457270100577182,1
-0.0194583915755892,-0.6884100582797722,0.1858756375514183,-1.133192815574435,0.4599392960897605,0
-0.2740847471130205,-0.7951336941910921,1.1318463587721046,0.8962232376347289,0.7192667036156754,0
0.6116304357869041,-0.4034848479369109,0.745498269746033,-0.4794718462006577,-0.1793831380004958,0
-0.1987201417236831,-0.902512478828638,-0.6475884242416798,0.8701492550680368,-0.3929749633423471,1
-0.8176847097960187,0.5966131272329103,1.0250759777969591,-0.5662059586920251,-0.0192815919075719,0
0.3774900198747924,0.2370226920743506,1.351976289544312,1.1510006056427404,0.5538098498881887,1
-0.0697862726237485,1.1260678075401929,1.119382333664126,-0.5993260112089472,-0.631436801400635,1
1.296357628829086,-1.944184054581616,1.5196775798216766,1.5119954953474306,-0.4604679915569229,2
-0.8779578299273026,0.7499341447746265,0.5375928578200952,0.8289214802465105,0.3685076234313008,0
2.3733992501381755,1.183595889030671,-2.233316928545929,-0.6204179672874656,-0.4797068612961325,2
-1.3032218076491822,-1.2329268126577688,0.8892501425274758,-0.3766010213301592,-0.7398153532978421,0
0.2430076145182926,-0.4102528747159692,0.0934627192254137,-0.3787477628651944,0.6089229469396888,0
0.9559106928231552,1.0090541631577443,-1.0701516738355956,-1.4104770509722742,2.678007787264609,2
0.6701478869418953,0.7024705073774342,0.4007864943917368,-0.7197318124414485,0.4085277252835548,0
0.4318958831114756,0.8993784123484309,1.3939519063899088,-0.200530078475238,0.6094848934908608,1
0.1494455830549029,-0.0513043069415304,0.5782637631067008,2.4525299059536163,0.6169552887974509,2
-0.0592404966430569,1.2785862525412857,0.6929526935128304,0.7476843543395364,-0.8703534585959019,0
-0.2075771049313113,-0.7765649812496657,1.5467733773860974,-0.29165718504525,-1.1416351522184025,1
0.2320540455786638,0.2119294558158408,1.6340788367403765,-0.4078755590629261,0.3255929816359014,2
-1.6372917096751851,-0.7737278286662419,-0.4454080421622716,-1.0015115909138723,0.4204111078886479,1
0.594520474485416,1.8058324896891,0.3797469689451894,1.174611901248229,0.6362559062725641,1
-1.87441542105754,0.4745225586824073,-1.4081297199558398,-1.7901928393506925,-2.030535416581281,2
0.3543476890349185,0.5026793761057085,1.6184559426958716,0.1896594112895205,-0.7238182476670932,1
-0.4700693037469143,1.128880863614415,-0.724166182731115,-0.4167410404437136,-0.7956433130487319,1
0.3646571173464411,1.125534718539803,0.39080817230992,-0.5686520807470767,0.4681405865668899,0
0.0881114087181744,-0.5982934413320151,0.2208542323508903,0.0561072634916986,0.6779672193052697,0
0.1119842336966193,0.9396797332532512,0.7363320039106872,-0.6510372145416357,-1.026822167637915,1
0.0697055721140303,-0.6473513989096169,0.6567890022188371,0.5327147814965458,0.6250586713665242,0
0.9596262781652768,-1.2921993025336185,-1.9250459367262984,0.1267065993809569,2.0954008212932247,2
-0.7570448247108466,-0.7813822836318784,0.1266966856198825,-1.2141368129130372,-0.5920064146597795,1
-0.1613860149602071,-0.8726099369057967,0.5763133020492355,-0.551936946596585,-0.6937178993009264,1
0.9038783320627052,0.0052507100416175,0.5106310974076161,-0.0547867191712336,-0.4836571069191057,0
1.1734906940732557,-1.0060306098753942,0.6726039607274512,-0.4946480249981326,-0.9006685444553318,0
-0.6947490029659195,-0.1283880170119428,-1.5544953877997818,0.5601387308843072,1.278846105457753,1
-0.9205333481624136,-1.4468196858550515,-0.6000571750589737,-1.547850397192705,-0.3124531164178358,2
-0.7985377946966582,-1.3514463541952586,1.2906723721630988,-0.7201858714742372,0.8410849843725158,1
0.9693668411934452,-0.4189173287142671,-0.2785428388325777,1.3637185622887344,-1.3497836247266082,1
-2.0601815431135844,-0.2097600215698989,-1.8461804402638493,2.069686900596205,-1.0209989601871186,2
-0.5626723145137086,0.2725498102951705,-1.0110114705078483,-0.1239923495784382,-0.7292478650002779,0
2.146363517498677,-0.8144520607837894,0.1120954676266149,0.5274185557711026,1.8445208976756464,2
-0.4431066721830692,0.5225864562769961,-0.0570425629601095,-1.0536186431565706,0.5552811804852864,0
1.3933017683981146,1.2174875659910327,-0.3926671515127246,0.4716770023525696,-1.0069937594166771,1
1.473794288106504,2.17934496322016,1.342377373153685,0.4639449049384835,-1.7987826822258492,2
0.3879525350850886,0.6075904460992694,-0.1668964550078737,-0.5102160652479546,-0.1952663661966795,0
0.4070771679765935,0.7462816509895988,-0.2160345088757022,-0.4265971136733775,-0.1818592272011323,1
0.2152242120506437,-1.0577434522966669,-0.6618917620694136,-0.1274017111782957,0.8417618445379955,0
0.2847560685872738,1.0551792477507551,0.1724099869671504,1.103436494377416,-1.0815102195419255,1
-0.7021997900471344,-1.3287149951651502,-0.992663186381952,-2.542082513269785,1.5832023788552572,2
1.2777447128647004,-0.9995215824560272,1.1018110428866017,-0.7309380186925553,0.3873100370684194,0
0.9581550708638932,-1.1894201479512556,1.1174370240010054,-0.0605598716758044,-0.2825695590007736,0
0.9240378267604424,2.0341159167850087,-2.350931214906011,1.2201668024441514,0.3982391781846338,2
-0.6295853978679153,1.0442188328690334,0.9139118679704974,0.7956639362551567,1.0148568931921491,1
-1.085059033185518,0.3624168802265495,-2.072598385924436,-2.4030632328917765,0.6675174023967956,2
-0.6899093662701267,-0.6362999951687902,-0.9844821967205936,-0.5893786330440154,-0.8526372304870712,0
-0.0379213407871229,-0.1550920897822745,1.055761132386012,-0.7702156881863769,0.1555901277062541,0
-1.4860076200476169,-0.5393646174308218,-0.5272999480173713,-0.0407874606724568,0.4661538249356188,1
-0.026178829290133,0.9950942179449892,1.6805918236108257,-1.2814587954044605,1.9181947556782757,2
-1.779428140533825,0.74681457205657,-0.7087783076054252,1.42197098482309,2.0916954910593515,2
1.5204195017908269,-1.242479194049458,-1.4837610437894408,-0.5344798892854096,0.7399500314223337,1
-1.5652634038406603,-0.283875185398503,0.5188218154822626,-2.8184898090260044,-1.7993712105608202,2
-1.0171820641918452,1.59782644119495,0.0793816866600452,0.2238339194136601,0.1971484892679998,2
-0.888840625344665,-0.4604216227625272,0.2536319180238933,0.8662415991870513,0.933055494410119,0
-0.4528597756980673,-0.9704158182840192,0.5332007065110708,1.505933501594033,-0.5912319912217386,1
0.7381927649799525,-0.997716088536036,1.0420742100012352,-0.3119794046305633,-0.0164458742380905,0
0.2260109282256313,-0.0966515294006654,-0.1564831253588096,0.8621260868115809,-0.963154180016484,1
1.1832408403671748,-0.535156407393095,0.0839384235447961,-0.8918507317822347,-0.5631890302235282,1
-0.6346765333079093,0.3041307597556734,0.2978862836892602,-1.0128266640980772,-0.7339602773490457,0
-1.9098882411821507,1.6686359545872047,-1.115782066778056,0.0137157698676538,0.5885186880508873,2
-0.7980337791553974,0.4142860225944955,0.9629370832016322,-0.0855141651400508,0.6260568751258143,0
0.2324557517707669,0.9583761748008188,-0.9342535839889838,1.474286808333168,0.4818130807299952,1
0.6444447675018449,0.8763288399525797,-0.6162943272850459,0.6230835642896753,-0.8676659846054575,0
-0.1842563324768223,0.8035999187468487,0.8801309053295862,-1.1261187136533393,0.3300800614886614,0
-0.536115217685013,0.8623610050492564,-0.8313771666337954,0.6444651882068415,1.1152614548041964,0
0.3745402511611044,-0.8862351797800601,-1.3505540461223262,-0.634970496972416,-0.1399808183186201,2
1.7750994180838835,1.242071130557013,1.2674503216892077,0.8888026875076895,0.4750664593866261,1
0.6362007413239633,-0.1707152478223542,1.0823749913575826,1.402961391671561,1.0435626672189282,1
-1.781933195950455,0.2323003495469005,1.9777835818453,-0.9430776802057264,-0.2933714790023078,2
-0.1946563302135367,1.293407026661073,0.7855230385983801,-0.0854313181705369,0.2794914045865714,0
0.165819105837073,0.9282684622071214,0.6335346336025539,-0.7736377534520094,0.7804477042073119,1
0.7764088325368563,0.9143027236611722,0.5132951198149753,-0.6482053168217496,-1.131666064598977,1
-1.5564621364937363,-0.9666449803975976,-1.0849356578415157,1.7714235837305143,-0.3635921963024072,2
1.5886485385947444,0.2440774164698909,1.0181116577696223,-1.271087870215302,-0.7121691676608243,1
0.2579031223816056,0.905197183436726,-0.5947453379684704,0.400623754849038,0.701419393022671,1
-1.524770639774616,-1.5436774215214637,1.3673533564898976,-1.046757668876315,-1.1005356664664832,2
0.2836063647754194,-1.112580299805012,-0.4393846147149917,0.7152147038844588,-0.8749291972685428,1
-0.3618341755751247,1.2476721735437717,-0.959202750006536,0.8324094300618738,0.577930438202512,0
0.0259247004841077,0.4310106411872219,-0.4020264439080891,-0.0156473780809745,0.1893403218306911,0
-0.6553089074460718,1.0430558583659375,-0.1398501766259297,0.891618178732026,0.2804139629772626,1
-1.0064717800268108,1.3099881148954673,-0.0508617692086419,1.506617614520616,1.8445044477732977,2
1.5393862599048216,1.5472974144006482,-0.1158039388689984,-0.2941287580893222,0.5223240408137233,2
1.3412935288025405,-0.3256741040064424,0.089720731660648,0.7304700081694095,-0.903636082091112,0
-1.166275820756361,1.16062638374279,-1.1731455477103567,-0.6109600038798587,-0.4565460755490293,1
-0.3821178867608589,0.9036271241916428,-0.7732635657169457,1.2167413014649098,-1.1178415080067434,1
1.0764531141126314,-0.0480038099947783,-1.9852138416704783,1.8987695688537407,1.8689189708136655,2
-0.913897738219763,-1.6846744289676796,0.2525413722529793,0.6771171110215136,1.1215131590961174,1
-1.0089989523035865,1.03344476652472,0.3731240412410271,-0.9472997937379032,-0.2409676628162457,0
-0.4150716530770937,-1.2174740507059387,0.0947422141439522,0.4784013672517733,-1.5689928640183248,2
-1.1982881610622105,-0.9881049939932808,-0.3803624046913246,-0.7661184077095335,-0.664852202287834,1
-1.0405061479990487,0.5151841686697959,1.4811759055067295,0.2164391705604355,0.1589719103335075,1
-1.15031593740873,0.3694325812005843,-0.5045879365963905,-0.3503075314991157,0.9668750249086392,0
1.19403606931677,-0.4603256092840955,1.3236320517654534,-0.8793279558804963,-0.8418215775402605,1
-0.1109239306468507,0.0934642532097526,-0.080049452831808,0.1588483117037557,1.0384029576428802,0
-0.0571291415868372,-0.059016833650308,0.8754945540551151,0.4575499916137474,0.707691643499589,0
-0.854393892293848,-0.2453004813062067,-0.5762692760923487,0.4500936060045771,-1.2391527105017468,1
0.3652978521801218,-1.7104399473015082,-0.7001901033498077,0.209303273716235,0.4249694806933115,1
-1.1501180608764952,0.8274821504328601,-0.7288418935743365,-0.8702688811708522,-0.0617541495454702,0
-0.5423482257221015,-0.3706718411009126,-0.7147309060211894,-0.1205894805439698,0.3591091035187347,1
0.4340201106119246,0.5119569109395332,0.7264782391136362,-0.3729806505516965,0.0416260256687215,0
-0.5887198085661535,-0.9451734195511374,-0.0203979305391133,0.0440966644639539,-0.0932392697189425,0
-1.8168478197390605,0.3342449804842514,1.631271366105592,1.3510744970623734,1.488654105201742,1
-0.5093819208815946,-0.502899167615519,0.2724971215853944,0.7140225176930023,-0.8120045042763288,0
1.5662698102741597,-0.95294330918378,-0.2743208186362024,0.3092832687618603,-0.5049921584947699,1
-0.6194193121651625,-0.4252088160151255,-0.8879744796212155,-0.8052843823628629,0.774495129231625,0
1.6736502429975622,-2.761155056521695,-1.5240682186544103,2.047121579320645,-1.068647819441067,2
1.2254322983751154,1.3621081509518838,-1.3790754096657836,1.3316162281776596,-0.6358770205009837,1
-0.3977327133931509,0.8779285137122153,-1.3411649620474548,-0.4460130483034845,-2.1419222089808314,2
-0.6683647529524103,-0.5258042581043311,-1.301817071511365,-0.0138888722936768,-1.2385569353600328,2
-0.3596318682174259,-0.5972669435917959,0.4894139499055259,-0.3902723515679435,0.7042711589376933,0
-1.72731888367235,1.089579980674305,1.3797199213200713,0.648983798845647,-0.3346323012973726,1
0.3477034448291211,1.761130063093696,-0.4018883838400404,1.722572899939587,-2.57682578364021,2
-0.557577689023665,0.3126784276574024,-0.9621497195246712,1.515065585435411,0.8837106178813258,1
-1.462320388899942,-0.7989777196615496,1.3433031749439646,1.370986820556256,0.2197442184647574,1
-0.2519899798260065,0.7160583662241677,1.0576459667285472,-0.2839614280268546,-1.0299531360028926,0
0.2697996725739584,-0.7850822833150473,-1.6816511532146967,-0.7345371796718236,0.5961102695253394,1
0.0684054311039454,-0.571009749030489,1.0597386333858414,1.2344872534400262,0.6240604509381266,1
0.5863181094887537,-0.1744159868222398,0.4279999484468387,0.9744798811703268,-0.0817512048849348,0
0.2073259452827973,-0.7365664523863437,-0.6994170292606109,-0.5021857535160363,-0.500189645037456,1
-1.36137102521123,-0.2560854665560089,0.6221479494653119,-0.9569308469234028,-0.5081366766812144,0
-1.3053613270153042,-1.0312612053928238,-0.4407651533449537,0.0685984869426566,-0.4328275709651266,2
-0.6825074753726222,1.65789031701709,-2.4233553703727586,0.019303438834985,-0.8506074038386099,2
-1.0395681816455595,0.9092259040898149,1.991318285363808,-0.9048240780304196,0.8061332597384429,2
1.1624996109936132,-1.0486766899338151,0.4072655325318621,-0.2356548309024546,-0.3165957699779184,0
0.6398610806245939,0.5517160529626134,0.5083516255233641,-0.7295230989019726,-0.6449721668229654,1
0.2830552023735931,0.2337564025266506,-0.3389514365775865,0.6587663089122604,0.2836563871971311,0
0.2126745113291566,1.0315229072928995,-2.1876379718907337,-0.5797152878068162,-2.0444174292875834,2
0.9797472706967376,1.7279312661721642,-1.207879527721319,-0.7683944349877803,1.128879513118242,1
-1.548301926673694,0.5043667658141251,-1.6107216598564391,-0.1821823204367991,0.2152245261255219,1
-1.2202952781185306,-0.2472336088632841,0.8450006956014765,0.3247824250680351,0.703510672367454,2
-2.000787440231058,0.5281958791711563,1.9722438791400785,-0.1479893381019875,-1.339651385365385,2
-0.0051344052561218,-0.4402104290492065,-1.0575941391131458,0.2993724877236299,0.8000460788883944,1
0.6418507173545701,0.3973161234305462,-0.9724278739594204,0.2397689611454518,-0.3355548261608164,0
0.0950295692744916,0.7528473399141532,0.3618447685575095,0.3449668413438951,0.886713749135391,0
0.7261505576569819,0.566107158781587,0.7706034639143804,-0.1421351813504983,1.267346993379726,2
-1.6643070191926466,1.7032493929839925,1.726039336372339,0.9328155488383596,0.6377871255320189,1
-1.741348265757109,-1.656979986233153,-0.1020131466948694,-0.6816704079304571,1.3119147177978563,2
0.3829015065141066,0.1975724139562745,0.6077329191182649,-0.2702820449183989,0.1540930251176541,0
0.940458366427478,1.2329250459775596,0.7452730724857869,0.1671376528816958,0.3401812222908053,0
0.6242474991317766,1.286584701426792,0.4650031079174912,-0.7250974625837072,-0.2634220283636457,0
-0.6961091548333291,-0.4201950942335038,0.3853319275476096,0.6599410294995373,-0.3901744023703454,1
-1.431935547924736,-0.3661902292814304,0.7116671934515861,-0.4556569296659526,1.4203530236617172,1
-1.914211944477566,-1.644244981629857,2.091612647765526,0.9593809801873534,-1.4075576145065782,2
0.3379603231526304,-1.23624009768163,-0.6373865829630365,0.3676264469147037,-0.7158009704941282,0
0.6005206116668572,-0.0031620875541645,1.1235857513623448,0.4454394687412483,0.8150349917456673,1
-1.43731979239978,-0.1855948268529719,-1.0410196809742855,-0.2527852144108756,0.9903465398370904,2
0.6661872401575382,0.2026880344274067,0.0955555634412602,0.7103204298234925,-0.48902542892778,0
0.8776996241739722,-1.4187468666161156,-0.521099834915904,-0.5517562692455856,-0.2379485055069742,1
-1.3340735585585957,-1.2280339225710224,1.026244513955667,-0.9160872325056644,-0.2058739294291854,0
-0.2553766560297302,-0.2609316682260233,-0.3776583002426025,-0.7695707113142453,0.8316930836079572,0
-0.6195238477721694,0.2824886483985264,-0.8519066280608252,-0.5038372727881281,-1.3351324006121847,2
-0.855627242590871,-0.7826361023931303,1.017621904223898,-0.7065681868837923,-0.3559095106134101,1
0.022734025357038,-1.0261588640636414,-1.349494815293571,0.9629685387713376,0.0132196406687022,1
1.0257779735786132,-0.5937076840974033,0.9732683653304042,-0.1724263099268529,-0.9517014188456556,1
-1.275283227688363,1.312283994771719,0.674757450743903,2.6684774862044147,-0.5473948344358618,2
-2.0481083872359127,-0.6896815596438528,-2.2422326325330464,-1.6912350965316587,0.2072701126605079,2
-1.1893967763855546,-0.3987178907164732,0.6115971464271532,0.1297718621962469,-0.3728414390462041,0
1.227351602130136,-0.2478175620481089,0.6373804315263857,-0.6019382956867223,0.6146457619877348,1
-1.1667171610744629,0.4303461950728887,0.2740751584919276,-1.035131476663251,-0.9251635954463002,0
1.1974615126279404,0.4596799930588302,-0.5351146306733089,0.9232477255178592,-0.6509475354299398,0
-1.799314327754362,-0.9363974143504948,-0.836318923318916,1.5828837224620498,0.9661437666241658,1
0.2118326216717825,1.20416792844063,-0.2777659067169578,1.521417316329224,1.321923275825139,2
1.669303534168143,1.5696297989302332,0.7577002418585493,1.0355694380874705,-0.3626212343840761,2
-1.0861503028054054,0.1532868412503442,0.0789857419607545,-1.122851693506943,0.3019854004794581,0
-1.842597851666168,0.152563701266988,0.7856895177077146,-1.342796917228367,1.184711424285276,1
-1.2207086483427485,0.8314912415058644,0.9871954703483364,-0.1170048816547457,-0.3985489467915023,0
0.7294099612233647,0.2486100595107155,-1.6755553721875809,-0.6753081313042465,0.9838983976284812,1
-1.6550537846476492,1.4715020008864774,0.9410499100204208,1.1238847369710958,1.080518660789954,1
1.194548224582347,-0.133832797245458,0.0162668885345069,-0.1516353736247274,0.4616169074564019,0
0.5579452929751392,0.79517953294652,-2.107042676513028,-2.421415795281268,-1.515281802542739,2
-0.8808495292787493,0.169347172826247,0.6461742286889384,1.7476002399927764,2.2510134321425066,2
0.4194974759224923,0.7831911661857252,-0.1776538810945164,0.9530597380346169,0.9190242887519894,1
0.1488563604436553,-0.0987778247389715,-1.3193670702265416,-1.2977374809490292,-1.1729507901312486,1
-0.0805382689130399,0.1483804928781925,0.4990519048789662,0.0449613199210046,-0.781461916658714,0
1.9009538393337024,0.0340357680582678,-2.1769173481043205,-1.428595878236402,-2.1690884119981337,2
0.8034878678616094,0.5702664901580962,0.6795202894590483,0.518465529885364,-0.0236716891907856,1
-1.013441025235499,-0.5404621077147701,-0.8438847958637536,0.6470525302373472,0.2257372396738783,0
0.7919828416834249,-0.536090550000173,1.0933363714869058,-0.0758660919871174,0.4357279985540527,0
-1.2713110394117932,-0.7900749155019073,0.814399274409594,0.4958514221565602,0.7040640304645283,1
-0.9684422178773756,-0.8706518033231251,-0.3239901960671346,0.6833402135004792,0.1054233720246925,1
-0.3930083965443622,0.5229771112849498,0.9578198045421452,-0.9242900597109088,1.0256792922130602,0
-0.2224999855042114,-0.9429298002574924,0.2847821801371034,0.2890659420054507,1.2485757762318723,1
0.7420977360454702,-0.0259085102943065,-0.2693325882939595,0.9717660065391124,0.1624651363320243,0
0.7090848927693694,-0.7299523644518836,0.0155918357926716,-0.4550854476378815,0.0896445361584594,0
0.0590779524444393,-0.1216349495738329,0.3374054466029129,0.988988922870249,-1.1744646245452717,2
0.467143465364598,1.2333499147619436,0.8432608340264017,-0.8666947130385143,1.333209960422005,1
0.4911434439037211,0.9381976876648024,-0.7290547870383259,0.8979341100858554,-0.1900564541569122,0
1.4273452317948605,-0.8535802505051406,-0.4391944906424133,0.1985609766518039,-1.3352550204276863,1
1.080510404895459,-1.1854519660606084,0.5087963425734298,1.153867511599796,1.000261291462627,2
-1.9310312797579068,1.44792410267599,0.6096648237576101,0.82110372736625,0.6066022638787517,2
0.4180448704457907,0.3159282687220525,0.9340665923096434,0.0285844082152937,0.6107470122155504,0
-0.4023492452319532,-0.5102215960595985,0.2520601618713284,-0.2592408428626894,-0.254939979893946,0
-2.167915100027716,-0.8498949003216484,0.4011896072104244,-1.5396447182855624,2.295389037270009,2
-1.1182310288647417,-0.7030616261872618,1.6126994922848612,1.6240595329003285,-0.721576976645725,1
0.4668862613017175,1.0205646258809786,-0.9403666750102964,-0.2390859960200149,-1.0271821680150732,0
-1.3715387726358284,-0.7407987018402297,0.099070478250231,-0.7014132411873224,0.0737296318170508,0
0.5140963989635953,1.0262944212178848,0.7756215191388864,0.5238347368392309,-0.5905718079742579,0
0.545703009369296,-0.7491136238760167,0.5929492028849245,0.5807905855225695,-0.9540811495951272,0
-0.1547994603792037,0.077426480600569,0.0492967795572643,-0.0619394447177139,-1.2900762057174526,2
-0.3578777009816396,0.4280276072703776,-1.621233597583343,-2.401322843983304,-2.352398562300472,2
0.132158566442521,0.042934632177331,-0.8060238795408523,0.1277918288760062,0.1690526317955936,1
1.174956749838257,1.1147475086783971,-2.152906274056229,1.0967694849363323,-2.110012363294055,2
-0.5967072706753209,0.0196540449019297,1.1436917954903842,-0.9879569208333298,0.2700707700846229,1
1.2211240070711225,-0.0381966288735704,-1.199124411908105,-1.1512591455703838,0.4829390042366544,1
1.1076223735882846,0.2018780844379367,0.0469393320996159,0.8588418973204116,0.0010304203213958,0
0.6634537645312177,0.1083545781003661,0.3458807936708392,-0.8738476770027874,0.7617314488830744,0
-1.196602566845384,1.4870347729595257,0.5546383534102978,-0.5679767138277226,-1.5649026522677123,2
-0.3681429041329614,0.3266910360168469,-0.4723440320571149,-0.62997214992775,0.4040243924710289,1
-0.9337537638068036,0.5580768432433084,-0.9474742347297684,1.684308675324648,-1.4318794395534484,1
-1.4352299493971008,0.8225578219503492,0.8132980542719153,-0.4044926937598433,-0.0468940724849166,0
-0.8916179389691359,0.460977515160589,-0.0141806472785416,0.7497609262073128,1.0576884592207716,0
0.850972789100922,-1.046103577082393,-1.114316568983466,-0.254381630820821,0.410727676036117,1
0.0853845974880068,1.1904691966009653,0.9103055635130518,0.4264479838713972,0.3473590560190785,0
-0.082632472995359,0.4823734011375312,-0.9867487642678326,-0.0870687226053529,0.9924071702094124,1
-1.1789444748810145,1.0669306397833471,-0.3104338027280036,1.5919823064901868,0.5001908113381194,1
-0.5237001605870504,0.8312169206072388,0.523754152679842,0.618211588738815,-0.7367961182164204,1
-0.6092943954160781,-0.4485533675598546,0.7306482560489104,0.02671737435398,0.4373210241477575,1
-1.42823145300015,-1.7606194205389762,-0.0079744702106522,1.807060739219742,0.6274426804954331,2
0.8894479498243071,-1.1703138891187832,1.1540952458927989,-0.0339497402832232,-0.2110636279133845,0
-1.6261657506991916,0.4446139664301453,2.3894524448054235,0.7784373032626242,0.4026404897139681,2
1.1025283832494828,0.3072620032317556,-0.4471999991128226,0.0280157141267753,-1.0927531133832888,0
0.5990988579243649,-0.1636724291612204,1.0423193001932944,-0.7946345589644533,1.0683701935818193,0
0.2606368169991937,0.0796261184397168,-0.4419332743856027,1.0225673008929874,-0.2356539167793446,1
-0.4450162185776861,-0.4671322577646698,1.144017234476686,-0.4452542367103327,-0.2643651626979758,0
0.1332760799297364,0.0611040245956838,0.3232276246527227,-0.8826134117250007,0.0868315220576162,0
1.2137246139248603,-0.5020334945665721,0.1542855204883277,0.3879679435416669,-1.0022398365585536,1
2.1851662184060343,-2.387908196783928,2.0296844925773563,-2.206787542287631,2.07379998036582,2
0.0699540314270787,0.145094685888077,-0.1501444680295573,2.135375583040257,-1.4275133168152732,2
-1.3441796763893554,0.8737275755201428,-0.410059931112305,-0.4719525213565259,0.740562452274012,0
1.644935849161025,-0.3048203241193337,1.533674984439174,1.6662597015603586,0.322696573838773,1
-1.2689950353729351,-1.7621769796945566,0.186882435728977,0.337886164534236,1.5470919606901248,2
-1.1386039730501476,1.3712528210535948,0.6221282292548137,0.5743675104264252,-0.5567427556264949,1
0.6993427979307845,0.1241297886550672,0.6980460805986972,-0.7043974534243904,0.9099846061769026,1
-1.1275132153300678,0.7428612847110309,-2.3869618634037755,-0.1084178177953168,-0.5763344733322999,2
1.4011566503351045,-0.5094399498628623,0.8698548914136875,1.212657449615378,0.6002214134519824,1
0.8496364260272676,-0.6578968424945362,1.632812889409735,1.6166369978984874,-0.6654741404111896,1
0.0652969519260278,-0.003224652179915,-0.7236199367834463,1.3747538646564168,-0.4977961374751555,1
-0.4967028062008774,1.7062278551139354,0.557726964469433,0.7793537479971789,1.148239336714309,1
0.3936490059649544,-0.4969907193219111,0.657283131398368,1.0557736503335764,-1.7301942850724112,2
-0.0872910773669125,-1.005284256864686,0.7875434467558995,-0.6011601712497295,-0.125007071061096,0
-0.096176214541075,0.4305574833761419,-0.9494361568416996,0.6873885318231616,0.3651911095041824,0
-1.1157928887993769,-0.3338840744648121,1.50486384167764,-1.019311750998665,0.2501744958578629,1
1.039315690162057,0.5281351934128947,-0.5040755415172467,-1.1118734908508026,1.0214366119838278,0
-0.366140925754964,-1.264470088989051,-0.3301159928233078,0.4636730276629488,0.8103545969643688,0
-0.4962043933420832,1.5378530965931034,0.4469339497929711,-0.9656765624381756,-1.8934345341220888,2
0.6510474751121454,0.1922145578812106,1.39507180128883,1.1844311012547035,-0.0877374205667265,1
-1.4294989160947555,-1.265793847808972,1.01677574684291,0.4520589516835361,0.1093704002042077,0
-0.0772295388953572,-0.8260343869394423,-0.8146965527981382,0.2300126979329906,0.1184575769223088,1
-0.0847952916918707,-0.6600115180044747,0.5595091198904836,-0.0509344966949823,-0.2982839154591343,2
0.6615002525371106,0.7022642654523336,0.3151408833118559,0.3573341727306633,-0.388877190858,1
-0.212563249079561,0.5425381627839968,1.7080270998974116,0.4852040365929616,0.0917709155930573,1
-0.0564250459345246,0.1968163632106062,-0.3155365592485923,0.5284400854179063,-0.3845261219107788,0
0.4487916521353343,-1.2300259642505684,0.6233930236685249,-0.0900668653045531,0.4002899379163078,0
-1.3234360914942291,-1.2713351830652184,-0.6196300162926757,0.9677056831650476,0.6906833814590579,2
1.74959058397666,-1.276075602798371,1.7576398895640253,-1.474596120722332,-1.1519896499536004,2
0.8904601044563355,-1.713520065072012,-0.0516977894648858,-0.3634653389010046,-1.6066929749034542,2
-1.9677104364284457,-2.308908991077447,-2.106856706083968,-0.5564998907435758,-1.4409624149155689,2
0.1891876218506987,-0.73118383356688,0.3726736328605723,-0.6580812481887746,-0.85222722196841,0
0.9218839739720426,1.2083281302741649,1.7145579974424898,-0.5006638289114428,-1.466059458910096,1
-1.4216793244257055,-0.2082030371615252,-0.0574185511929263,-0.6873905214136861,0.2303860169655919,0
-1.21149738160719,0.3880326785731664,1.0405856262567932,-1.0895334124036076,-0.8039065167599496,0
0.5888755836776868,1.7068049535223644,0.5334051583554283,0.9881635448844984,-1.079525661138796,2
-0.9544641835257288,-0.9142177176275766,-0.3843805799497702,-0.5322601666756167,0.3648125310224295,1
-1.1443761309713845,1.2468882666706809,-0.1074981397647175,1.1898534256155355,0.3083633208247977,1
-1.2142984104896537,0.1467336994861223,1.5409108400792753,-1.0503483741267787,-0.8516548322859606,1
-2.094560632586765,0.1045968318755945,-1.589447679279197,1.7009660479249922,2.048173949890529,2
0.6685395719143336,-2.5041417506631123,-2.291155837930713,1.6326277083111247,-0.3878978722303185,2
-0.8151499492779196,-0.0653545041261785,-0.0244400659719711,0.7540867430860099,-0.7702997034164697,0
-0.7781562206705119,-1.2151524177454869,0.8969208811634716,0.0565670292308265,0.94824604927593,0
0.623948054917021,1.1348820445367112,0.5424825811694647,0.1030575237599315,-0.4130113089117683,0
-0.587229073519203,0.564802615388116,-0.0330593459009983,-0.9149751348357432,1.5297850581465084,1
0.0598899628368356,-0.2633756581511648,0.1183713411564519,-0.707494924036554,-0.3790437134312366,0
1.321104004971004,0.6832158519029962,-0.2646879357297131,-1.154446496053514,1.3582982995363355,1
0.5671271745449149,-1.1637692335385,-0.5981521254773959,0.9351887663264018,-0.0864475224415535,1
-0.3633018350680682,-0.2513261319075975,-0.7305005886921924,0.9121248002827196,0.8372769132093653,0
1.1007327820526016,0.2562870274544689,-0.8808619618022739,0.3201955309934767,0.5309653548140619,0
-1.0451911004091743,-1.3542703825686837,0.53837273538127,-1.0058673445439823,0.6269850654829634,2
-0.6881585661441117,-1.6031757657964132,0.2241804933291658,-0.7255485320781633,-0.8491407111189416,1
0.8003771788892428,-0.9812819810910282,-0.4162121428423479,0.556247537359858,0.1124864219017697,1
-0.2982399037684232,0.3512174097865653,-0.6498311228907269,1.9584735724740148,1.2814205239910372,2
1.2892105557350324,0.9713723897352332,0.4074839497799037,-0.5468468756831247,0.5315938366598276,1
0.4297113346185059,0.4529313162400463,-0.2139247219783036,-2.054713966710977,-1.8983111591577808,2
-0.4881610832800109,-0.2774179125663455,-1.7134851137343816,0.600846636221538,0.2695223702050496,1
0.1444559234418629,0.2817150757316389,-1.2338090212395112,1.9690244319691508,-1.062629988500989,2
-1.6141997798383487,-1.0509764907873178,-0.844292880536423,1.8068227054182835,-1.3120205856245577,2
0.346178830502117,1.689585852284195,-0.8456375923375069,-0.7486893598014169,-1.192500160913667,1
-0.0236671316484845,0.0573035257280149,0.031249995990749,0.096210311698473,-0.3561156224583575,0
0.6395195775947028,1.6009981257543762,0.915329843455457,-2.690848696158568,1.0433914973584903,2
0.439479519975194,0.2574709672997474,-0.845276836649592,0.3387980091611987,0.0141453937434552,0
-1.320305708949206,-0.4632584669968859,0.1433878747431124,-0.5739487047613895,-0.4716533550427744,1
-0.3014703684784784,-0.8034996750742155,-1.4408487397445948,-0.1170072990092509,0.1964444431621522,1
0.7546390225603596,0.5202299073666361,-1.0990406654576983,-0.722859761975434,-1.1861137051169053,1
-0.0495955987496152,-0.6084669857853168,0.7040851419993344,0.6347777284962642,0.397615401407292,1
-0.7719701946678365,0.5934147235981019,-1.885327539451525,-0.5262186029445015,-0.671509797717859,2
1.2834575640748969,0.0899297253176088,-0.608816168288718,-2.50442903672686,2.354342846332143,2
-1.0401935120342285,-0.4453548653952631,-0.569109099208962,-0.5806303496297023,-0.5682188472078199,0
0.9570576474915194,-0.0730105078192523,-0.6963941173552542,-0.8946241395222829,-0.7311395784959177,0
-0.6752723365694976,1.1555843704701063,-1.0506693173494193,-0.7990863758395961,-0.5939191539268307,0
-0.5159484759702345,0.7469540675419255,-1.6506975210004928,-2.3810556981755435,2.462114055092848,2
-1.0681605487244756,0.7353824154043113,1.4181377365704717,1.172342573637254,-2.4181433586009407,2
0.1622516757278536,-0.2881063968568266,0.2348995336660809,0.5411093129363463,-0.2771058806825404,1
-0.8222713315943635,-2.028963554015543,-2.0952407522778382,-1.3863228634822695,1.6095096461500602,2
-0.7409431846794153,0.0743892195607124,-1.0281253034175244,0.8749848324757302,0.7078003537796008,0
-1.3510813991059385,-1.0327302827205471,-0.5798293316692902,-0.4264232285953776,0.6865212173905142,0
-1.0464845814784305,-0.6834282858342278,0.4584283795283251,0.3639333586809184,-0.9503663698179036,0
-0.8035311409893526,-1.2413292500824535,-0.3594180948382396,-0.3014539671980912,-0.6763071388544936,1
-0.5122124524973972,0.2662263197584528,0.2948264571137459,0.3543947010856463,-0.7632099591109965,1
-1.6893213802041849,0.5142266461267255,1.2027744549109411,-1.9033159399165245,-0.9961181358481696,2
0.6706879360293123,-0.2092338291070321,-0.8975616721930799,0.2202356905640993,-0.295054657771968,0
-0.0949375459073978,0.1432249899554081,-0.2348053997804221,0.6204286907276679,0.4817577588840748,1
0.1679336013029132,0.9634652096935056,1.271532237540561,0.8645769125985997,0.7504150616468898,1
0.0604943407764854,0.4775478741747642,-1.1391998522100488,0.2306750366895609,0.4286157387476379,0
0.951773242852376,0.3909381700909269,0.4196903397759525,-0.7850254914452116,1.1013897318330976,0
-0.2224740526188655,1.2462027907134308,0.4374767858839984,0.1482433212128412,-0.6729777331480588,0
0.1165469307232308,0.7197747020019287,-0.2635121038209747,-0.0022671340569753,-0.2921629026849152,0
-0.2569407983202306,0.225164673613482,0.063991216978397,0.847809791787088,-0.6379634249269904,0
1.3135069510817214,-1.1128337529311891,1.1065580965519397,-0.415627505200587,0.2336786231924157,0
-1.8352946771912644,0.6122749037501894,-0.7725677778858285,-0.9427298018681473,1.482747402445625,1
-0.0612618736047235,-0.5921307716818156,0.96403073234478,0.8140443263200969,-0.9044833161272438,0
0.6512958763281022,-0.0687417715938672,-0.2693690452935507,0.1555756374494044,0.8263119261430467,0
-0.9330388034092852,-0.3595421515548816,-1.1003376335500028,-0.4452999322438846,0.3251970198498877,0
0.7615101269027713,-1.750666595608524,-1.2834050402218893,1.332445022647885,1.198514059754508,1
-0.5538095498173236,-1.326433756625769,-0.7197573424431465,-2.657767517945357,2.095824327192142,2
-1.3401632278726052,0.604236918498861,-1.238084016074842,-0.206222961460152,1.0152517951133275,1
-0.9821675657790274,-1.5705561389203038,1.3994134595162948,1.471194860384949,0.393674883435911,1
0.1406997501936659,0.8793617989384083,-0.2746640189074547,-0.0333898850400676,0.9705271156047915,0
1.5492372729097053,0.9626908751095726,-1.7947491321494582,1.3328267238798432,-0.137652170901019,2
1.023892914708439,-0.2649983812219196,0.0076684691337111,-2.4792950441570927,-1.875608963282573,2
-0.8879372923724922,0.7287077298812822,-1.1036587810994254,0.1701474453250553,-0.2756851257979013,0
-0.6527263528608503,1.667188523366824,0.1438055279157887,0.2347619005730722,-0.5234877776275862,2
-0.1150479637475468,0.5503218491447366,0.630812577999299,-0.3169264168423417,-0.4263544583830726,1
-0.5557142870965246,0.6530265604143961,0.4499425977613555,-0.1362360815268903,0.4768915726324292,0
1.2611159361889863,-1.082920526319578,0.4431884683607144,-0.3380021317761696,-0.3940614254886347,0
1.7046712800189616,0.0072421233548525,-1.1765975498676455,-1.1187512791652712,1.5610837175969192,1
0.544398940256479,0.1133479747585122,-0.1968297171606059,-0.0268182145127513,0.9244777756825306,0
-0.2142239691941651,-0.6892767190564363,-1.4572125664574969,1.387400200393769,1.1774698716698664,1
1.0827483140345855,-0.0932016875089468,0.281823216812183,0.1250976731794261,-0.6768436670275843,0
-0.4424970580526352,-0.6760808654662902,1.7100145877979378,2.085521650639954,1.4228461973950997,2
-0.7085161980534552,-0.3304140349358537,2.562074106149848,-0.4379744553544863,1.4921130009997727,2
-1.3236374793256496,-0.5801177828271957,0.9483589152553537,-0.4422264609256313,1.9118269704296176,2
0.3528280858999467,-0.2171890256841694,2.264789499147769,-0.362686439778241,2.1767507158552224,2
0.5466730575956156,-2.122081419583352,-2.5755697493799663,-2.308190510086605,-2.351632062069688,2
-1.8093032372935092,-0.3031418730374411,-1.332504437242621,-0.3855326025043232,0.6665560685660555,2
-0.0851016998825938,-0.1500773469382982,-0.8331017737582603,0.5220312002552632,0.3458059203246477,0
0.7135644171288297,-0.5498510101666731,-0.1387011773463014,-0.0432639560341649,1.330299751368298,1
-0.2561111328713965,0.7388317422151042,1.1900243612137498,0.9803288594052316,-0.1197263825117243,1
0.644588010236769,-0.0340853616434741,0.7715954472545287,0.037416440909419,0.8508543551656962,1
1.3152321463900254,-1.6756320263543802,-1.457577388907919,-0.6649883900000789,-1.207957506796567,1
0.3964324189532293,0.2834858044098037,-0.2753687577624589,0.2770179955735936,0.3440125528119776,1
-0.316216907558983,-0.7903030695468504,-0.8592037250081123,0.6640979103054916,-0.0791997688017344,0
2.332744742294067,-1.508328328690682,-0.4016715655156439,2.016450249930307,1.3148010187909969,2
0.5761833120362726,0.016524844595679,-0.4715656920520865,1.194799454796414,-0.4066617706865378,1
0.1367404703860915,0.4447663185170373,0.0990998121619506,1.515150729680827,0.5901135112792253,2
0.1489478136924825,-1.2316649282555814,0.5174151848913977,0.2692423642644806,-0.4612811211329693,0
-0.1651994836116166,1.0150059101854398,-0.918574242881848,-0.8682779372219681,-0.0929778476533702,1
2.3226334248979303,-1.433700561312811,1.1720416160529157,-2.3987592696049536,-1.2250373763116822,2
0.5035602471773549,-0.4106685467033891,-1.0408775245290938,-0.5779602518074597,0.864531425890766,1
1.3729330497450996,-0.1766245630351149,-0.7433617504250939,-0.3355906600189744,0.760098759297677,0
-1.049095190676801,0.857025697248159,-0.3490953286359978,0.2539833169701257,0.4578137584057003,0
0.974193025135218,-0.8938316493070457,-0.8803416159192117,-0.7600280898657307,0.421450940435734,0
-1.670804843400071,0.0574527637706161,0.2713837360584907,0.8661681646099005,1.1224684757141306,1
0.3835573569704224,0.2858840063309969,0.776519644944154,-0.134496316295081,0.0589809475370724,1
0.0444918092004041,-2.17638335548482,-2.5654929741664576,0.397753759510313,-2.4766502721997097,2
-0.5224116766828947,1.4497351548138522,1.2539328000948855,-1.1919467605599394,0.8843187675109361,2
-0.8232119898012793,-1.1471530826144307,0.2345841034017679,-0.2148788294383603,0.3829944473698959,0
-1.38873750857464,-0.35098181232506,-1.0352722791243738,0.5783064683631238,-0.3674231036692481,0
1.1121849253460252,0.1439528896925493,-1.7314607016415255,-1.338246766206046,2.202234180512693,2
-1.6007572257386684,0.1502638061088549,-1.3080212372141853,-0.4129125053555645,1.3256143436682628,1
-2.199384937646942,1.2278011588591482,2.3594949021405256,1.19114184504925,0.7731441881336137,2
0.4796168844812187,1.5962820955289936,-0.4259807405182762,1.000864379138089,1.559628431615412,2
-0.9421705055296916,0.2344603909073506,0.7492008052931839,0.1367833450326512,1.6076216812733102,2
0.8389398419198868,-0.8528749377080235,-0.1321345310905599,-0.2625355266369553,0.415283922128823,0
1.1735152355394642,-1.4446976549858437,-1.5249092376935118,1.5849151059895716,-1.4740702236497214,1
0.9794645072974412,0.4379925699854934,0.799167545892976,-0.2119128143110939,0.4846414113133233,0
-0.4872939823509595,0.630279481879528,0.401659405365811,0.0140523405494278,-0.3361650314699451,0
-0.2683080561886662,0.3622695915213036,1.0143315679827716,-0.2472766218330272,0.0812163595722838,1
1.225740379700102,0.0945809551407979,1.5251979274915597,1.3776056434072603,1.0760507977162217,1
0.4658480548267822,1.2638335038081985,-0.7717068357895468,1.227073259081887,-0.988085298577436,1
-1.238775228728638,0.4328800706702817,-0.3797959774577369,-0.4680154399502856,0.7982344926136206,0
1.1371086585441408,-0.0848072421963006,0.5871283725636597,-0.1535020539981876,-0.6015436119584433,1
1.7245730864219095,0.1845431314343767,1.04136336385979,0.1563097185437289,0.2857273591899665,2
0.981635848675222,0.8779199250879259,0.6851192514588161,0.5433038741648313,1.3207534230687346,1
1.666367601820014,0.4312808533247748,-1.3592593335467134,0.1718293991878695,-0.0291041891382312,2
0.4948821160238633,0.6503912332672229,-0.2359517061667523,0.5921631450088823,0.0588020850675645,1
-1.3496016345962198,-1.66289615459053,-0.1195372344742928,-0.1452151589323972,-0.3507082815002063,1
1.0089116846690405,1.1217101675041383,0.2486281212129553,0.6715942919989707,-0.2848618289683289,0
1.078233623944513,-0.4955981863641482,-0.8221468692774021,0.4729092612028274,-0.0868431116033045,0
-0.242498147157008,-0.8814382358291089,0.8011157101017203,-0.3634132095393835,0.495993365902201,1
0.0608508896791679,-0.2873291413466126,-0.2579258659031089,1.0992173410250017,-0.4316789997918964,1
-0.3424796856616909,0.1156200958388788,0.4371921646891574,-0.4430791185400165,0.2388698437739376,0
-0.6865678960278765,-0.9396290223260416,0.7565200026394645,-0.3987135562025634,-0.4385389878743743,0
1.654950203403111,-0.2653195736608838,0.3119108185447211,1.097626034475815,-0.8184026442796556,1
-1.337463269104478,-0.7677509034692426,0.6408096850051072,-1.0975649824288782,0.7698695393025634,0
0.8998016266493135,0.5237354693430548,-0.0461113745721987,-1.065383302732414,1.0922926241425854,0
1.1902570148629803,1.171964346898265,0.5759454349433599,0.02614002631824,-0.5925714137381778,0
-1.2677932753391183,-0.9277404597922622,0.8218355691148087,-0.161387746285397,-0.7117144367940721,0
1.073946210163261,-0.9613348793478148,0.5637513005853901,0.8682317760704275,-0.7548950399027827,0
0.2302689300139236,1.067512615368503,-0.9897697399403635,-0.4870985619897897,-0.3404974466602926,0
2.247105508655341,0.3195473312467397,0.3935248746260985,2.229831594797106,-0.1699433522378219,2
0.3007108981592055,0.7060139870020429,-0.8341472729736182,0.8890669694875817,0.9922646825573184,1
-0.8616411427225958,0.8126255061617051,0.001596010837029,-0.8105631224754141,0.3242713545525161,0
-1.1977797476512435,-1.181351677832625,0.364464523556889,-0.801072838969654,1.0956380380235202,0
-0.2843906841528358,1.0778808734517729,-0.1855029922262527,0.0447109905858204,0.4908781622829347,0
1.1267544841242827,-0.0344467590498846,0.4677867310200747,-0.421253798447696,1.0459990132256898,1
1.4197871370647306,1.3325010579346108,0.5216480618350272,1.19120403418895,0.3759603577742511,1
0.2440027039127431,-0.5532651041772613,1.9503009740823316,0.8042825089532153,-0.7854811869539233,2
0.2901355040147454,0.6907190033118077,0.1070632760538928,-1.0438090015476944,-0.0176815228666291,0
-0.3993161350749094,-1.6271485180009575,-2.340125908452704,-2.50006828302747,1.629087174556061,2
1.3332286902612294,-0.327814322974557,-0.4682318550369039,-0.465000440027294,0.4111308633987201,0
0.550281403748224,-0.5855051651659741,-0.9704635604253466,-1.1132303202763472,-0.4306236939571575,1
-0.5615569150714905,-0.816187718805295,-0.96895284048188,-1.2796336595869808,1.026802752141053,2
-0.2464830800371343,0.8596062802445315,-0.5579923322785754,-0.4928064011412091,1.0652100681471235,0
2.0553632080115625,0.1762089524690405,0.8403385859331721,0.383472905687562,1.5251101715015416,2
0.9005512048624366,0.1519492950670679,1.0540539696675528,0.0609811756276099,1.3293214528493624,2
0.9129178740401626,0.2409106241566798,0.4322771906209754,0.5754050562906292,0.6426934019224053,0
-0.8635200107030063,1.2158183189549148,-0.2804644648410331,0.9550665532557232,0.6510094401213979,0
-1.383050700203912,1.3084451176437435,-0.0791379025778275,1.023720347461908,1.604184002736278,2
0.8335550309113825,0.6017383410472802,0.0949747180633031,0.9292224233908596,-0.2491614311945482,0
2.1894257339071403,-2.4648524606000954,-1.734131481941637,1.571668046407426,-1.1846216843398096,2
0.8904671796588207,0.7791784468806727,1.1830539730944107,-1.7230333724415332,-0.8733027529821542,2
-0.2216810944413781,1.5584564516969353,-0.3279712223631097,-1.1129332715114442,0.7407145036624304,1
-1.0557517002506411,0.8413276983235142,1.096778448843882,-1.222335825460241,0.8931517296313561,1
2.07125977638091,-1.7583103568670346,-1.0723804532178092,-1.7702278773239506,-2.371193123934692,2
0.109060381675022,-1.240784074842547,0.3532875971609634,-0.3244123473244129,-0.5805271671430473,1
-0.3135256021749628,-1.2214684157152171,0.3645629455904883,0.3810850218248306,-0.1522098667415446,1
1.277252008660051,0.9058383464739668,-0.3793385725953317,-0.4841564900138784,-0.6592134759974737,1
0.8130098406025761,0.5620058200344961,-0.3920377188716718,0.4868138949631017,0.8735323863707122,0
-1.2638441705031225,0.6586317118704638,-1.1240552719175363,0.1011592281268776,1.1096852743315155,0
0.2144924586945792,1.2096680245221958,-0.1867126931617731,-0.7436253192915441,-1.0421209998570016,0
1.7079324490461436,-0.2403388708629473,-1.1977335649746732,-0.0239948948206744,0.0657899353664462,2
0.2447529076098246,1.5694346461097228,1.1476007566072035,0.984608289720276,-0.1444766110300567,1
-0.3756168462218542,0.5700544472824511,0.5553344925920278,-0.3244449094199199,0.3388494222306645,0
-2.2285918056903458,-0.5935355994726391,-1.4438380636084565,-2.815106135880407,0.9360429256549588,2
1.2905100561968563,1.5518754398046246,1.842396184225801,0.4489590948443917,-2.163196772604847,2
0.8861917981265767,-0.7375592342710734,0.0923295556692464,-0.3668765510746429,-0.9465100666996794,0
1.216462288078611,-0.1588491171378068,1.1235479856339734,-0.4036878637408122,-0.8944615884836618,0
-0.5939768718621576,0.5628119999765243,-0.6646563812067681,-0.9856988581939976,-0.3278773861063244,0
-0.7016164549651568,-1.2544605269235314,1.3125646355294107,-1.312988539181272,-0.3059079486522869,1
-0.8159603010064355,0.0961459335490499,-0.5373011229899463,-0.2275994139580916,-0.41382830064315,0
0.0297350811638842,-1.5107391371290897,-0.7736056590826274,0.5147940335057803,0.0702613656340701,1
1.7903107870064945,0.8109077951438639,0.2923208047295174,0.7567662881355097,-0.8744879880299705,1
0.3750138419661643,0.2713226280613092,-1.527275338893848,0.0619654812689495,-1.1173535604435312,1
-0.1591373095590539,0.7074443398367014,-1.2009043372288084,-0.4207395902142034,-0.1118668726821131,1
-0.1895453718186785,0.3649318044197954,0.1004177140722294,-0.7462335411978765,0.6437992499462726,0
-0.3811427956816841,0.9509638453127952,0.6694359555252696,0.4362983271643929,0.148436856240739,0
0.3791116655878342,1.4940744717664556,1.6087489633903391,1.1237038062610123,-0.2703825121030463,1
0.6803989617401348,-0.0065683742593463,-1.3007297469051842,-0.3615784656448411,0.6924559167294396,1
-1.1452055244349004,-0.0554778314974441,-0.7797146368425308,-0.1633215597649839,0.3450048768146801,0
-1.641441251149926,1.7603824876492389,1.4635298849463465,1.501370538361659,-1.4711231000319869,2
0.4277233518675151,0.3747844550409862,0.2353537481568218,-1.0881205780038627,0.6616532177382504,0
0.193224747482918,-1.0130338617014925,-0.0826952365681752,0.1296656592021865,-0.8547743794665669,0
-0.2612174424826879,1.0190896918521288,0.3385677371785522,-0.7647610281164448,-0.6119779053201135,0
-0.4892359621857571,-1.0405522120704778,-0.9178353190114336,0.6629558251620269,0.2532334894226201,0
0.6003199713539908,0.0114831647280827,1.1045206242033931,-1.0195750147916964,-0.1185297263408838,0
-0.5608427462204588,0.0269587394650843,-0.8281171573896963,0.6710123553897921,0.8681023501120868,0
-0.7351076881248414,1.0406362121933117,0.5489777294224416,-0.1629790814499202,0.938378903268783,0
1.5473806556139986,-0.966415344036211,0.6409768390259063,-0.8101616441440941,-1.281479315215697,1
-0.4183134858517912,-0.8621186416570843,-0.608837591952596,-0.0844926971791978,-0.959111503074238,0
0.2516287442448023,0.3356796226667401,-0.2293915021935487,0.3418527327642428,-0.0916690047240635,0
0.9534136973396902,-0.5786494451962865,0.9309316266471096,0.6780951582533704,0.7636872754466951,0
0.4470465206941007,-0.6190476650689773,-0.3585682082372525,-0.3889687574614701,1.2761204907758943,1
0.7841739918653872,1.178777130464728,-0.1046844960881992,0.0380717058461171,-0.5659949032322645,1
-0.968985517443975,-1.482080478349491,-0.5746823015495728,0.2138798445283133,0.4428083897967863,1
1.4875231548028478,-0.0177710337015871,0.4426713514724396,-1.0554996595844313,1.044759593167663,2
-0.0312960942966586,0.2655813206138699,0.4666846584795703,-0.0295317616804192,1.5795643925189904,1
-0.9095255750513684,1.0444567912522666,0.0487528806157935,0.6647509345941681,2.076591183617865,2
1.580579716943232,0.5201890031924339,-0.9766540275854514,-0.8725513768314215,1.1072601085263896,1
-1.7369271455199136,-0.3851306263454388,-0.2476748466449297,-0.6858830979084264,0.9338136910014392,1
1.1746320632239438,-0.8965982988238484,1.5426962987937305,-0.547710133732625,-0.4195020171339941,1
1.89147925250294,-1.0412157787818042,0.2514755300362209,0.8662672163149283,0.1431962706603993,2
0.4821477532359118,0.3725523571865041,0.6603846215712978,-0.979405667071349,-1.0253133861023642,0
-0.9723056053492892,1.151106054649279,0.8100687882522805,1.3105470792646188,-0.0565777495602174,1
0.4607652591259681,0.9941404330522022,0.0656819546864106,-0.6563353183398902,-0.9260632897926095,0
-1.419406729422953,-1.1448225024018222,0.0662775945958855,-0.4178597778113427,0.6618805646297423,0
-1.2852888661895845,0.8535056752393265,-0.3695050553155147,-0.1833877441633149,0.2735262398492933,0
1.854591704784592,1.2027938877506394,0.7355708392257806,1.3725583718947123,0.6258533484770867,2
-1.2031743662331558,1.1132061442790484,1.1752665029496463,1.3271468296587463,-0.6332059961435316,1
0.4177748928098057,0.7375964113789748,0.7264522162282373,0.1553228035562455,-0.8163353722358154,0
0.592766462940193,-0.6284116033835438,-1.0730078195733987,0.0846590558940211,0.6658337879274953,1
1.3667904861616396,-1.006914358834478,1.085793880197071,0.8011319497091223,1.0788635835094094,1
-1.163567690617133,-0.0422119787962949,0.7213815657459276,0.1225360352441869,0.3035887944143921,0
0.6359314270935517,0.4918332417996277,-0.2013187889459561,-1.9256304143986704,-0.9721582891155744,2
0.6005192418379623,-0.9172763564276716,-0.8827716246840785,0.4234119015081619,0.9876884986555834,0
-0.4322851104170133,-1.4864308335905383,0.3591215384711467,-0.2960045999624437,-1.3996251987674129,1
0.8468860409017994,-0.6106213886659119,-1.032811080199496,-0.1280492343355867,-0.0377977517293652,0
1.5568140412034002,1.7207308992523638,0.4140820304740606,1.3114161477368809,-1.1960483549472611,1
-1.9238829653037333,-2.5099724468514104,-0.8196202276536568,1.9586559094186275,0.0375599834122738,2
0.9686565763856304,0.1998466169751361,-0.8884209145818015,-0.992630704074806,0.7696085261624599,0
0.3592946094874537,1.1343567605563336,-1.8306690803759649,-0.9996677669384382,-0.9730011436085318,2
0.3385123546371854,1.3758913225934175,-0.1522959497659554,-1.0172344084693428,1.4454168505984937,1
0.133601961646365,1.0444258398835762,1.0625810593057556,0.2961666215038443,-0.923482305765747,1
0.6533034297406444,0.1958492893372878,0.1146571768166955,0.2449871450376921,0.962350674015298,0
-0.0246363657921595,1.1014735409285392,0.8020443529866162,-0.3091880539119895,-0.8488486424213287,0
0.9499128603130356,1.2755085245869973,0.1219703246545985,-0.4182165887872587,0.418710159357954,0
-0.6819372488779878,1.2010913688338023,-1.444439671945881,-1.3170649487849828,-1.1520736282858757,2
0.6956404073568313,-0.4177545551910176,-0.335799963607536,0.7601259082679641,-0.5113341363343823,1
0.7691500893618245,0.0286566503615942,-0.0444192130483169,-0.4689286970629227,0.707296500894389,0
-0.9596683394664152,0.9500455026307766,-0.0119876825250867,-0.6035563623447043,-0.7783550666359932,0
0.6104653640129747,0.4271689576140192,1.0264338070703227,0.3518045789472929,-0.915037044212044,0
2.2224593679373688,0.9415891827161464,-1.1387401755890123,-0.1326464385488522,0.9015676706324044,2
1.1889937466390628,0.9319125008349748,-0.7321145772180421,0.0447028501831728,0.8908644499158093,0
-1.278910918909482,0.943281865358676,0.83938063939417,0.0088971233756984,0.8501669405745588,0
1.122116713135282,-1.0037594889417836,-0.918762808396887,-0.8177872523636743,-0.665464860389437,0
0.6053632015558499,0.2045641916891354,0.4224060112142562,0.9617972714967384,-0.7643559922709416,0
-0.0613909066655401,-1.430840967604312,-0.2478004499040882,-0.2688838066251288,-1.3979461356123284,1
0.7724782305613764,0.2028308025751329,-1.0840822640739995,1.3150901982152905,1.119995067757338,1
-0.5218425905360382,-0.5414223010888757,-0.0391450106902912,0.1827450570331542,0.1451447356122537,2
-0.5985533853658451,1.2967774410743715,-0.1043459358730014,-0.3945474235705296,0.7284349416350573,0
-0.6658004374173514,-0.004759432473754,0.7794268018637955,0.9507289681542942,-0.5462873684467195,0
1.3048212065310447,-0.0428293605369044,-1.801652179599084,2.455875022856137,-2.0202297484340326,2
0.6799500105794056,-1.5069627577386693,-0.4636575243231299,0.0020942152306263,0.1460985336856928,2
0.578905573528509,1.7484189953691345,-1.687776733517998,1.5834268751935567,-1.051236185268555,1
-0.4220422456980349,-0.5104730820621742,-0.5430052830372196,-0.4397391110009593,-0.2282976209685261,0
-0.6639278876204432,0.8830233815174711,-1.1289705923207487,0.6013124898747478,0.0424473405924327,0
-1.1201634761146853,0.0926278473769081,0.1361669760144369,-0.116639609506084,0.194589003573483,0
0.4194854795594089,0.1788463102962475,0.4317752230587851,0.0644791659351908,-0.9478414198823716,0
1.1037815363794892,-1.6460676328084052,-1.536504472439458,1.668513140689351,-0.8739613686391426,1
-0.7517332587431774,0.5104808598330057,2.5693015901599474,-1.7435980153063897,1.5741937476721808,2
0.9877411950395876,-0.4257344398176039,0.5675238718914974,-0.3673996675020952,0.6438360922621558,0
1.7711550907863227,-1.7619441976534378,0.3866004783735345,-0.7308243999755525,0.7565388471173473,1
-1.3728986833459065,-1.1902840952367664,1.2848736767593902,1.618211085559957,1.220772028385833,2
-0.9605180319549468,-0.2151419410324834,-0.3575940493649657,0.8017474389645908,0.681193152908377,0
1.9990452842733184,0.0473989606428901,1.9983791739038883,2.704441103225008,0.8827218553430856,2
-1.1974430379395011,-0.8037406360408752,-0.2670598608890488,0.382465077063829,-0.7869855613786682,1
0.8505136490521188,0.3397564398422729,0.65126263857152,0.2847648071583372,-1.036455508765028,0
-1.4867858860987913,0.8073506554060265,1.4592897317509963,0.7272124196986356,1.5418556748596637,1
1.0466400878357272,0.8779213236334226,-0.1419008516485496,-0.8866148867378935,-0.666108315129798,0
-0.3271001784020507,-0.4594689766604858,-0.2586086427832799,-0.3246260496377523,0.1224827229039453,0
-0.0009585084758774,0.2943741534625596,-0.8608490721098826,-0.1930931021893807,-0.7288004311940506,1
0.979409399893842,0.4356859848115865,0.6311097684453066,-0.8047739306702015,-0.9017879453233169,0
0.544051055980882,-0.1765532233145225,1.5740068454195135,0.8957473509258164,-0.792097513611235,1
-0.6044159048088567,-1.6348331853154592,-1.2737592972325995,0.1843536877444296,-1.452838884368748,1
-0.5570925866277945,1.0016447900823198,-1.3976634325180206,0.8487159570350541,-1.2238461081028658,1
-0.1356427787494321,0.2019167056344125,-1.5499257647951723,-0.8642810403617057,1.2977290050193877,1
1.5507473041053257,-1.0122502602982375,0.4399392737071406,0.1165564783688783,0.898073026612677,2
-0.902867744449262,0.0769678392990601,-0.5674592758943725,0.1920466626510185,-0.6945436399613151,0
1.6728909000619474,-0.1492003429344459,-0.9618248719119044,0.2578677917918673,-1.0762913235608265,1
0.672940257988968,-0.1919910435082064,1.5346467708081792,-0.1103907032691104,0.2643617604661041,1
-1.918767412035348,-1.034120615113414,0.4229573575630356,-0.8811060670001576,0.9905367996061308,2
-0.8500619053612971,-0.8088069794106567,0.3376847847626776,-0.3849132936239885,-0.883114957360515,0
1.2080110926394545,0.2563118937951903,-0.2287144243455041,-0.895526927860162,-0.000414863425107,1
-1.0538434082007757,0.0984992878651946,0.53093533601366,-0.9416897802541548,0.4496890453306792,0
0.5405077784497402,-1.060315926242425,0.2977060857475415,0.4897065799474117,0.6133040486015443,1
1.1856412685468911,1.2838873186180786,-0.0777696312017362,0.031677096742254,-0.4452225362453394,0
0.907617568666584,1.6381321976309149,-0.4714321777050672,-1.040745441463296,1.0472781831406388,1
-1.877230045681226,1.3973071323587407,-0.5123035105590359,-1.7733941583422743,2.136898337783945,2
-1.3316371470460493,0.9926211091650772,-0.9791262931204784,1.835176444941241,1.852205136386444,2
0.0887997697562118,-0.3437955471143687,0.5703616603815331,-0.2446611465918874,-0.3547335156790984,0
0.000736543668243,0.4525709076063947,1.527220409181591,-1.259269965393508,1.4128798422019422,1
-0.8404971732297486,0.3162348840222252,-0.0129150543814961,-0.1006938755775027,0.2531816919261913,0
0.3739370975819498,1.1141425524257478,0.409946066721665,1.62658340354357,-0.2414670669473559,1
-0.6344862060884435,-1.14839789172828,0.0506598235679723,-0.8720482521192892,-0.1156080700786481,0
0.7628483210343873,-0.2925021873766462,-0.2315329463459506,0.1052122946393472,0.6566250994572131,2
-0.1218240294013466,-1.6741762218368588,1.142749934886638,-0.1427196894630823,-1.1484229021057142,2
1.2245624131024528,0.0595675541730745,0.663178802066201,0.2637579428077672,-0.1010567232514804,0
0.1202217341759919,1.3277468628615567,1.5112036568530585,-0.8106386280057761,-0.2597589482088561,1
-1.4039889677786763,1.091986680232125,-0.436415333469026,0.2453146297147629,0.3483022889369008,0
1.6228826458814682,-0.3343254229767852,-1.2062119205122264,0.2247151082441058,-0.4603222905360814,1
-0.8099245106521202,1.9599328980925608,-1.1126030672423148,-2.1287367063575515,-0.6090447280114489,2
0.1023963162683565,-1.135919425951368,1.383124682334117,0.452855024758717,-2.310587233488345,2
0.6532726514397279,1.2179893690197134,-0.1163796859882096,0.7938419621002034,0.1847485605912527,1
-0.4604213522270179,-0.0441571007305635,1.6456573691888847,-1.1672247086913488,-1.7359673314756772,2
1.1384254695939713,1.0102865000426702,-0.796500284561804,-1.829386484090518,2.44338695718286,2
-1.0378981072012436,-0.3777561854676174,1.0892497922174134,0.3471055077441443,-0.2192138202932097,0
1.4142367301399663,-1.861867049298194,-1.093421687441653,-0.8614121734841245,-2.2552725648853604,2
0.1596270616240209,-0.0326020960518113,-0.3049078619119852,0.1080884247924476,-0.9413780649252383,1
-1.1868525480713248,0.2099512169438805,-1.3594024701852745,0.3296453220883395,0.943324292256086,1
0.599149265099467,1.1801145661821186,0.0389949348834587,-0.6148192112824102,-0.8201014045243888,1
0.8970264670895041,0.2215155489346831,0.1436890515388251,1.018526947205286,1.1706514529215089,1
-0.0311678429364174,-1.2436674348060404,-1.5687813050357542,-0.8586713082065893,-0.5576258309567257,1
1.086235280721284,-0.2725709514391555,-0.4302064989923311,-1.0222905896650176,-1.0832496599862034,0
1.7111834211348966,-1.4127378439738714,2.221619667160952,-0.2753732954130638,1.743141911528347,2
-1.0064053847470782,0.9646264363860768,0.0128362461768983,-0.448865719351827,0.592869159735737,0
0.187622770724441,0.5005442781470689,-0.4558264528477202,0.0374045335796461,-0.4298436128986196,0
-1.2510052699976268,0.9445818441972564,-0.1581580701733725,-0.6352182658959649,-1.3356858072840256,1
-0.7281972788236644,-0.5881626442675668,-0.5156375719505698,-0.5209389604523618,0.0519822400517177,0
-0.6464166392882974,-0.326232007686587,-1.3897409134044774,-0.3667231554201046,-0.3024896618103229,1
0.7554706595272304,-0.6756015438901805,1.4147020501839735,1.7746420694779017,0.6763886795194701,2
-0.937328055007301,0.2119695869698861,0.542642267551509,-0.8612722536009633,-0.2293700812557225,0
-1.4349094904569757,0.6938192543753826,1.421004601470708,-0.9490730849779838,-0.4123013469170039,1
-1.1037967404441005,1.3047392347900122,-1.1836211477591885,-0.4049343255730478,1.3460467878012463,1
1.1852009566316672,0.82669942007805,1.211345447603842,-0.3429410143800297,0.1110166495020609,1
0.8059754155895077,0.7201623927329818,0.0811812034578708,0.4898394469510326,-1.1638851619916923,1
-0.6084720635990178,0.5442159594968928,0.810755830283286,0.1366236163821096,-1.24241297973904,1
-1.1098921387976008,-0.0814795428279676,-0.4058220394502222,-0.8927386903153118,0.4612544455261827,0
-0.7826150051675497,1.0691218960231077,-0.8887069083458605,-0.7524634812741363,-0.0900166101649417,1
1.2381136650043882,-0.7066124220688024,1.1538864731584724,-1.0965154701556712,-0.4362840033377635,0
-0.1908872667170666,0.9380282891139232,1.1407179579855058,-0.4861070402837933,0.2918320782581021,0
-0.2611190401511102,-0.8437970402241757,0.8209171728612685,-0.7263782779706339,-0.4684398135310191,0
1.0104080887951978,-0.3706956684715823,1.159428144869269,-0.5514433382656936,1.0927487735782542,0
-2.058954143158134,1.5947607112889777,0.3192046335581247,0.8110546689312347,-0.6400449109634447,2
0.5395944059689323,-1.1103440134739233,2.48587981781564,0.5226932493436317,2.2987260471494344,2
1.2124981802151182,-0.2597386985139187,-0.9078900122662568,-0.4937695714518113,-0.7892397191718568,0
0.3652106805816439,-1.6155495184320008,-1.42930950221945,1.631826461460469,-1.2371660553536237,2
-0.4693243166097271,0.3657694857790148,-0.9414617546194152,0.5272912383579775,1.358582867091399,1
-1.1055871521807688,0.5729953975098643,-0.137929331893556,0.8166152564127087,-0.0814519367430585,0
1.463203012794367,-0.7882874267729492,-1.2418752720132713,1.6104729878895252,-0.7259784609712103,1
-0.1190458846303745,-0.1050748069595555,0.436601493545537,0.3719809563901776,-0.0553748465245109,0
-0.4787821751570749,1.0685412218585424,-0.9046968354654576,-0.8057957891699606,-0.6003620497865925,0
1.5860186645381846,-1.2442938613192749,-0.8318335347461208,1.0256217638829908,0.4455762193829259,1
0.4511068254751371,-1.9937537647260493,1.643463012148403,-0.2913345786380881,0.7392903284290245,2
0.2109998027802413,0.2189721688683699,-0.0708424045887685,0.004692595736594,0.6496461509871553,0
0.8437914595247835,0.7918628535476164,-1.3440905533844631,2.3645541889338677,-2.4937670339136444,2
0.8729679229486211,1.107168945270092,1.219100366631057,-0.3405335261565894,2.501903424597785,2
1.0497678302266331,1.5818619216129697,1.1827083507097496,0.974947428613197,0.0962144423971957,2
0.0181821427026725,-1.6078492629335208,-0.2741282354703796,0.4530417017438458,0.2134397018476034,2
1.0664095366918585,-0.0521172557505421,0.438391207484162,0.9488515011516296,0.1363964009010828,1
-1.526815586200232,-1.46494868999038,1.6956744279102811,-0.86364275639363,0.9981367837412404,2
-0.3352245123746907,-0.140222726066128,-0.2219919918676567,0.8004632600335749,-0.4950521294487985,0
-0.6832413036986232,-0.8003246092520636,-1.236991525224879,-0.0157886539040707,0.5242695210089157,1
-0.380718474228673,0.1811539704262642,1.6253295124169738,-0.2537335257227461,-0.4661061083676497,1
-0.9631286109195116,-0.168052968854301,-0.0582632610097354,0.6024138350637632,-1.0970912899055172,1
1.1431893566927036,-0.6731919197740256,0.1336988132708138,0.834774104698001,0.3561917025155459,0
0.7225529651108562,-0.3464458307304959,-0.0903148444077851,0.4524670512501417,-0.8361675297481527,0
1.0552701540293292,-0.1961211528329165,0.5383546688752108,2.145552693805539,0.983715263879844,2
1.1570734337996944,1.4722385118892294,-0.5459022639678259,-2.861400382415608,0.8181477298720227,2
-0.5283769964854711,-0.053516778704202,0.919625502236288,0.4422313522254076,0.8238143121113364,1
-0.8700839088214934,-0.0749186900017959,-0.5069125138006805,1.2646853854317506,0.9790234066792428,1
-1.4311776827654663,-0.5218140570738893,0.9808605081527558,0.6887301499247224,-0.7647480131399224,0
-1.5542294370536185,0.9920219111577344,-1.4836898339863582,2.3704849125168184,1.867693957026035,2
0.862861308504422,0.7745461492476623,-0.3897747311549297,0.2431847945791139,0.6742277208319776,0
-0.3970675699744035,-0.611556709985131,0.0143678131402039,0.4758701516892724,1.0544329881393233,0
0.6293525079119011,0.9290073461692292,0.4922593200739227,-1.1720354634221657,0.9528795348074296,1
0.636162186189355,0.3237005473493428,-0.4952566177742021,-1.0242972213804815,-1.1898094769383991,2
0.9721852596199502,-0.944741883856366,0.371886279706872,0.7740286881067426,0.1692214967060166,0
-1.297089293298988,1.5422069290547151,-0.2395282518088689,1.0436755619759297,0.0198736048242776,1
-0.6593629912065787,-0.239087579659655,-0.5085017413046587,-1.0763688517047425,-0.7273239091678411,0
-0.8044718666715122,-1.3379642680018775,-1.0567645554860772,1.4751693702389586,0.2925533755556707,1
-0.9884323668206204,-0.8063954423508782,-0.3333323377634326,0.4668669680969435,0.0960789044205162,0
-1.4914487730417765,-1.0889639025907374,-0.2018919693880405,2.0810689384617844,-0.1977144698165788,2
-1.8389402395112344,-0.9557957154635957,0.0547107530989115,-1.0637033146526909,-0.6217544531208177,1
-0.3450574788393599,-0.7916138396140635,1.0368113894533535,0.4039854576618897,0.93857263681946,0
-0.1194763629529,-1.2048368377005112,-1.3210095206298555,-0.791440607370818,-1.3090808533920115,1
1.3112475503103018,-1.0732515854925957,-1.6760927129167866,0.4185349543010865,1.6273141189726317,2
0.6549104423523451,-1.733168133377924,-0.190916406878918,-0.642570377024535,-0.971507017768742,1
-0.0271348742104229,-0.8195760192459437,1.122901918396242,-0.4306351278490931,1.0759023905024503,0
0.8312564884386114,-1.720160005815443,-0.6759371393519292,1.0311594869876808,1.3063546883880788,1
-0.5370775292232239,-1.22350519244072,-0.1248151777927207,0.514863474511518,-0.5194067018868395,0
0.0779888713740751,1.9021794067009128,1.389929062243921,2.717586946834735,1.686806431408399,2
-0.5087701569150002,-0.9645322255741154,-0.3258775661647123,0.2768632809397776,0.5801998906307184,0
-0.104240816519653,-1.0744134084517698,0.2204608164914279,-2.4653294073847354,2.3946756597677137,2
0.761689795529021,1.475704951387438,1.1285641760287386,0.1466752364662892,-0.0527583395672044,1
0.4444209804385867,1.489410556464407,0.939556822878138,0.5152784757573302,-2.425631043686554,2
0.5012637247646903,-1.7661655189647334,0.6983126703014323,-0.4164386240098722,2.261067679861413,2
-0.4977826913400647,-1.5327942521631517,-0.7327899972038225,0.1518597627508992,-0.1800593298551861,1
1.4417941676515744,1.0740240957052114,-0.1740956842996556,-0.3984331939998838,-0.3801479445200242,1
2.0027524979211115,-0.7340302183773989,-0.2083000451405505,-0.7745208860506029,-1.818001565898756,2
0.204416995377649,0.536658730477034,-1.5308117714979868,-0.8212988146151117,-0.1767188877452395,1
1.18616359889675,-0.5690119548400959,0.0458386575293681,-0.3672957411120242,0.7023595337353339,1
0.8662381867193505,-0.0181616729934907,-0.2481577982894177,-1.4340284118163111,0.5022549925243788,2
1.5064354984189496,-1.065670979013207,-1.5516577542193686,-0.7679854814437823,1.1521814773592307,1
1.459336513643919,-0.5586657791874116,-0.9776865838487724,1.4538423184219738,-0.953972761935282,1
0.977428153955887,-1.1396161276616756,1.0148956929294568,0.6195722490308987,-1.3528257653079645,2
-0.1821179239592299,1.0009847144072992,-0.716376405838158,-0.1407270405204332,-0.0656213921116903,0
-0.3068467651809017,0.5851261100597002,-1.072176610547772,-0.3051488450367856,-0.6768718648962736,0
0.7289221902373918,-0.5190568477869092,0.4426514748294706,-0.3671835198653864,0.1172558601258962,0
-0.5045753195255112,1.257743630998118,-0.5739020125041276,-0.141097155759956,-1.0507012769052155,1
-1.88441933860182,-1.0345617344841709,0.348581608369755,-0.4950111857910887,1.5047422256383576,2
-1.1263957734516694,-0.4224744407221696,1.8531794653597764,-0.240191603880312,-0.5036137888671081,2
0.6996408901236327,0.9561333428132556,0.7512426919349597,-0.0412262069501376,-0.7389966389010678,0
0.5620463233319458,1.4996935622175482,-0.7927510319243318,-0.3136138896193603,0.0010407450863322,1
0.0564035134026341,0.9976340343463594,0.8000356258660812,0.8915876402875809,1.015697128655366,0
-0.6365999608300317,0.3355341786091728,-0.8381936236705276,0.6439290872790465,-1.0299171681545507,0
0.332493129686934,0.2499565956658004,-1.076603849529778,0.3663852481756989,0.9601560283003896,0
1.3162338651608834,1.6410458002235302,-0.76718520167236,-0.9720569130042022,1.3558662350587387,1
-1.677245146723547,-1.2788038198575518,0.4151611828068554,1.477258142914125,-0.7520451298137684,1
0.2590840297687171,-1.1200257325125054,-1.4372557811233733,-0.7645606931574077,-0.7607429586419728,1
-0.7497877068626158,-0.8298925025238038,-0.7716919142515948,0.0532637879152515,1.0446387562980783,0
0.720584721196642,0.4598607134607028,-0.1295204036688941,-0.0955840595260503,-1.1054656478025386,2
-0.0982734255128545,0.5831336800704237,-0.4938928301312578,-1.3090797231486215,-1.4177313131812568,1
-0.6249186338637784,0.264820595729126,-1.7063481433676566,-1.607426324033274,-1.1477044692543752,2
-0.144218419567943,1.073477295847575,0.9477724579474174,0.647022334296963,0.7931716615121218,0
-0.9577662510447966,-0.9003509782707781,-0.3138993426366191,-1.493956762293172,2.6427976991949502,2
-1.2722170204895105,0.2183545499119832,-0.2890168601692403,0.9598515397061848,0.606572912908271,0
0.9256804942674004,-1.223632143336851,-0.9575861841209504,0.4862511133187529,-0.1136512828058749,0
0.0727714286458992,-0.8678309710358983,-0.8641851071256956,-0.8071448251104327,0.473434059230035,0
-0.5199656990190019,-0.5173274921408417,1.0114284425279405,1.2417994287969365,1.3170971032134526,1
-0.2767675392388444,-0.8044231447196958,1.5649046974775074,0.125670959328049,0.8533878612866084,1
-1.5226431164882877,-0.8819383918440191,1.2395953962584003,-1.61902792524147,1.1783390259082225,2
-2.158253259229968,-0.4531857542929867,1.4823715201859435,-2.554773042129641,2.128408411291177,2
-1.2151082139384877,0.4362949935812705,0.9866188508828608,-0.4042063090820995,-0.2961349602827314,0
0.771002290704042,-1.46009121216556,-1.3398137705129654,-2.1423728024287407,-0.0217477873571424,2
1.5135241035225726,-1.02148630049765,-1.1631366690736502,-0.7796066580586956,1.1804121523314903,1
-0.3743759426640847,-1.413600057623467,1.3641101219023717,-0.5947499111669255,-0.8615978704247226,1
-0.4236951604188952,-1.561900188386699,-0.8271960732967445,0.7860866062863167,1.180112340534096,1
-1.2306004228943717,0.6884185526571698,0.2569859219254513,0.6485107555060617,0.9667517710076134,0
0.3518162015822351,1.138078362020602,-1.9510371319843225,-1.9797569097908607,-1.0088057339507417,2
1.0440783868660433,0.0135684599679736,0.9170198157676216,0.2934690979479586,0.8757575983521123,0
0.9302657853806504,1.009367692673261,-0.762277494664312,-1.242746628451636,1.35397521541318,2
1.7438593305988663,-0.7328380908373106,-0.2737813889567188,-0.724109401205438,-1.785099624874001,2
1.6557651515200047,-1.3632801728098758,-1.6756070029601386,-0.1928343699787044,-0.0102928572154069,1
-1.4255863110810496,0.5918118577138116,-1.6583622996189569,-0.1758315426167913,-0.4626565632965024,2
-1.2076785352634554,-0.2613280561563563,-0.5021940987644546,1.2549307260675413,-0.9915980036549528,1
-1.5288960799881683,0.1690842111064746,0.8813521824265208,2.0230081775194853,2.006856290682816,2
-2.2696952578428564,-2.505047989354688,-2.4737245829038472,-2.864838818908769,-1.853973363361204,2
-0.1786380476550947,-0.2045518353139797,-0.6580383514529697,-0.4419762638660384,-0.5728657334218007,0
0.1746291398115544,1.3327857590317471,-0.7478524757880818,2.111709296736729,-0.5211791694134247,2
-0.1074415556823333,-0.2664735783456903,-0.8093451628547929,0.7050087673206725,0.9133439948734526,1
-1.5357106119968211,-0.545236714438418,-0.7855713377251536,1.1230903852176444,0.7122715592539633,1
1.3257070244790272,-1.4479090633208826,2.436683557492274,-0.2038574690734769,-1.7568600177574254,2
-1.329724427082497,1.6636315602217424,-0.2433933383157817,0.6027449184157463,1.404734577325281,1
-0.132681462340185,-0.0576228635653496,-1.0904337096343062,-0.7813132305121967,-0.7536099183636482,0
-1.0624468846766864,-1.4306554464239354,0.093636095762868,0.8143178930732583,0.4163020025225081,1
0.4450162704996552,1.201179624095269,-1.1163982469842937,1.6390665861450595,0.813660121206539,1
-0.3986138442689504,-1.258834719789367,0.2106827517582913,0.3043329349255904,-0.9657850321706094,0
-0.1245515418574198,-0.8923511472100589,1.0868876947906472,0.1888038504591825,0.3884172887304699,0
1.239023807154442,-0.3914330320645292,1.5739946595390986,-0.5685433769481604,-1.0031647553978902,1
-0.0043468683728053,-0.8068157105055451,0.1775030862229501,-0.1045673195811677,0.7969325810940199,0
1.125864345730542,0.9274364322564386,0.7535694531447507,0.1525690616112937,1.3249676045538887,1
0.8789695713588634,-0.333820760725191,0.754914832157019,-1.0451922592811091,0.510361711075048,0
-1.3339824710306378,0.9357816436004768,1.0183603095630331,0.2863498558942832,1.086120176063708,1
-0.1882976769462699,-1.2941500970238238,-1.5296714159198854,-0.6102710653724707,0.4249137190191056,1
1.394998445832416,0.905527710130242,-0.5140941805088596,-0.6472832392614739,-0.6601009522874696,1
-0.9365139913407836,-0.8959039296317579,0.7465833297073234,-1.0690776783920308,-1.0071546484460483,0
-0.870640642479781,0.9475190901151987,0.7937601679531199,0.9088582209431488,-0.4921022133302603,0
0.1335056000777786,0.4631948684369751,0.7883517619313212,-0.0257181055017559,-1.0859326585307596,0
0.4452631203830255,0.0949807885228198,0.6349158211799957,-0.0261447348845214,0.8208081018716743,0
0.524721606226379,0.6426247516551027,0.2789550739949417,0.2161288106783141,-0.3288932785077107,1
1.5621785262921204,-2.7019423676000147,-1.44730518318997,1.9444637851371291,-2.0323677091921364,2
-1.2467691129760956,0.1353212928325007,-0.0857365608151568,-0.254068195696974,-0.2736967005799801,1
0.6189228130835046,0.3237294322917492,2.2491811334705862,-0.7415200541236675,-2.616295936025642,2
-0.0957699496571634,-0.3681725803607719,0.920152459575402,-0.5630578284433245,1.019329534409644,0
-0.7725331201130283,1.4707560392676546,0.8252854869479499,2.356961266106625,1.1888137084392885,2
-1.8177571656100595,0.3480397981037607,-0.7457273294958121,1.4314545973780306,1.1545468158607333,1
1.1490769332012758,-1.14595521147935,1.5953288032421706,1.3903473459807565,-1.3142680097928847,1
0.3472684586087913,0.7702339011455064,1.1129268736899984,-0.1571107710906182,0.1609473506728756,1
-0.1416909841138726,-1.1395548918014986,-1.0146744814345847,0.6256507741120753,0.3562012911289841,0
-0.2558049552569532,-1.7426531031261658,-0.1945367172389729,-0.4560239120532735,-0.0329192035446039,1
-1.1045925206174585,0.2215352996773475,-1.04837665934474,1.1453214068156536,0.583780257120135,1
-0.6897622566282173,-0.5538427880494606,-0.5933025128700865,-1.0281826701959282,0.1819402417527885,0
0.6425432880791864,0.1720772686449301,-0.4479178791658927,-0.2955031071943729,-0.819301325276127,0
0.9302274691692398,-1.2478629838470028,0.6359186035360613,0.232472310169945,0.9518757067813054,0
2.237864191688626,0.3198579207002988,0.3510641583589641,2.41572868315854,-1.2574784147456033,2
0.7013322764087901,1.1052610694878051,0.8808902367751539,-0.6228420476225917,2.363764366717838,2
0.4381485743534265,0.6718550629233979,-0.6378428551132493,-0.5241549675239388,-0.5801285240283054,1
0.5407887703632763,-0.1090783828882207,0.4433002532021151,0.8249283021328534,0.6639587787309098,0
-1.0528733200040628,-0.6050046011349186,-0.7425980317326847,-0.317568503100298,0.4916336792790829,0
-0.105031634774423,-0.6195790964660115,0.879460510784807,0.2449666758226882,-0.7803257278297256,0
-0.4246713612232606,-0.2276867505362484,0.1188315799865255,-0.9808527875218114,-0.680251035338712,0
0.564095202926634,0.8932813209443908,-0.8176381329180774,-0.0907750202155549,-0.4893195235057,1
1.103993389626407,1.5022976542424245,0.7562951401087149,1.4145701076618482,-1.3293199472891206,1
-1.537498556592906,-0.8759978036083137,2.011201810674325,2.0533923806965504,0.1839710120346251,2
1.7526364068959015,0.1988836462303596,0.4450303552688751,-0.2143532850690047,1.37127121737987,1
0.7158926114572615,-0.1512456439763731,-0.2302100602188236,0.267076354052191,-0.0362083653470595,0
-0.3443432188514819,-0.5299205737378733,0.5021320384681335,-0.6139445613090407,0.396061205992382,0
-1.1638530296234204,1.6344228887954422,-1.435479372515863,0.4531188390813019,-0.2020363320789797,2
0.3276954099508024,-0.8474372103241155,0.7645087356619327,-0.6880671419426276,-0.5056329071676594,0
0.4586113524679796,0.3689284138843424,1.0192695923958577,0.8984010223464017,-0.6471776840087299,1
0.1739707917388982,-0.85030708800435,-0.6655395534632388,0.1919649562758122,1.0210243662597465,0
1.0419847583048245,1.5490737165119175,1.2707556929687067,-0.5654821238980741,0.8058093182918583,2
1.018496335371566,1.3975377435857437,-1.4723802968748134,2.230442331131953,-1.1975868407681398,2
-1.3433837659556114,1.6170092724753815,1.152636435008808,-0.8290069435432348,-1.528629945711513,1
-0.6836683836666184,0.3860434830605804,1.2290585585612896,-1.178982301535693,-1.4653488283443237,1
0.8364019485054457,1.8323324060282165,0.5596591326209528,0.9528666233600592,-0.7883932920252111,2
0.3040890813535469,0.3204240600966828,0.5407173339214324,-1.150031076239054,0.5122666155939508,2
-0.0734940894434793,-0.1797349874590986,0.26182033519799,0.563133972430784,0.294861583932713,0
-0.8775615724380452,1.227462182998017,0.5918536841103311,-0.8580736885172029,-0.350418870621846,0
-0.0425637653820993,-0.0307667786310896,-0.1225699643553055,0.233443687424799,-0.0523836623573557,1
-0.4831109802487361,-0.5188509320675726,-0.589599558113746,1.1865341041787472,-1.2902808725990562,1
-1.4212151756266136,1.2474596101789233,-1.0483972182969044,-0.1357963698065805,0.621075963052785,0
-0.877304135898874,-0.6180866053972381,-1.6457755728925858,0.0904021633870445,1.5735529998204096,1
-0.8973738423034321,-1.638677212189435,1.1155665355084832,0.1983370177746132,0.3934083598957764,1
0.5687261228861207,-0.1260480358347523,0.6331043373170631,0.1696882399717784,0.5494008075269597,0
1.4445762121480976,0.9484043787223412,-1.3338755034245418,-0.6820321964045986,-0.773164694758079,1
1.0819948805254238,0.1045908071644101,0.3299133660009445,-0.953262393088394,0.6218515741830432,0
-1.4775101584613342,0.6970720462434274,1.3813275819754025,1.6369633373305823,1.2871424332363688,1
-0.8918536987821234,1.0443847789995442,0.0123400564564972,1.974109716003366,1.5477876262454022,2
-0.4477442884097118,1.2290175927849607,-0.9331434993383392,-0.9899800479058636,-1.2447233757899463,1
0.1720420455387523,-1.214257029363448,0.5586567230191452,0.9397776868997922,-0.1481301740466845,0
-1.2548988881309575,0.7092549044755111,1.6180378061693332,0.3126813517345295,-0.7785048206860508,1
1.36711023936525,1.2240220117339118,0.6351773933869254,-1.0726171224980263,-0.7555276360309582,0
-1.0400959632568645,1.2395868158397083,0.0467222517742561,0.4321996262884439,0.6794260642706158,1
0.0983657456366188,1.0564945943482011,-0.7646820740223654,0.2302127301650664,-0.1596734857194692,1
0.3358909695361579,1.6132935932167238,2.3428144137236178,-1.9531090688688657,-0.1068821092501971,2
-0.9735307322441852,-1.1211925586524618,0.6087732516543878,0.265916950717047,0.3374295278995343,0
-1.076142258070624,1.1303893043787745,-2.399942442349096,0.8191969359220561,0.5632766577247644,2
0.5996770778685713,1.7548332222318803,-1.843898944581826,0.5612726982547772,0.2689545564948312,2
0.752001849626884,-0.978460119803473,0.9566655106655896,0.1622807070127026,-0.1205382507123431,0
1.214395056742873,1.4043173743158166,-1.5487770909051013,1.1235613666350397,-1.5275940338781993,1
0.2041017940766805,0.7877365652337979,0.9576285882584158,0.8445691342381612,-0.4838930470902152,1
1.1052948310751505,-0.1921022560014527,-0.2333628419358176,0.4442461910941585,-0.3188343291451816,0
-1.0449197754885835,-0.3430446794833068,-0.0194831106978795,0.5807827094528326,0.9905927360775458,0
-0.8129333536253482,-1.2213402121870032,0.0146329265856569,-0.1759673970778842,-0.0592430709850738,1
1.1295232861646305,-0.2768222732760276,-1.1754909330678942,-0.5866971487881353,0.8271639298557408,1
-1.119269359355217,-0.5409201007337728,-0.4529515105505411,-0.5082255671637883,-0.0502738634510513,2
1.2244584504260485,-0.4985376626999398,-1.8092420985187307,-0.686585924349016,0.3174506078666217,2
-0.1382119163859184,0.7446282868342223,-1.135682512267315,-0.7501084355291583,0.9641634919260272,1
1.2616939529344886,0.9085396497869296,-1.9417215359209457,1.0269277803350547,-1.5645619952636003,2
1.8388880359116293,1.0596386939828504,0.0129393877391121,-0.934767720366609,1.61054034965743,2
-1.577984950296692,1.1788415995871808,0.4756833531571978,-0.0127894916256052,-2.1592164895265937,2
0.095011023607985,1.3649405327887574,-0.4237205646710434,-0.6952087268018534,0.5377749826347135,1
0.9290473340655628,-0.6671918234222773,0.1620608079793237,0.2815770334037457,-0.9018989646822848,0
-1.2634624494402755,-1.09989694134942,0.6175613804307118,0.0914832424066834,1.0528815058998742,0
-0.5806915897533539,-2.386530342206544,0.8675260975182381,-0.9878351412754244,1.1050605164364986,2
1.1616165904563416,0.7809176927396795,0.6254701715750175,-1.3462023573417223,-1.210084659738423,2
1.5684943862287364,0.3213431109847607,-0.650555362718773,0.0391001973260707,-1.033254526741212,1
1.0665257345980617,-1.2773139245047016,-0.8911853561652424,-0.4301029684683457,-0.2202256677466903,0
-0.7075911210762604,-0.2165246783299944,-1.59784964577429,-0.6515384040949794,-0.1430914524685798,1
0.8738301345952152,-0.7365096389928809,-1.3382919678099352,0.703622931053372,1.4784809885379793,1
-0.990363751687692,1.0205568725158445,-1.0536294539721531,-0.4320543893032291,-1.018004387428079,0
-0.2489904450943588,0.8453911056099546,0.1023887825238649,0.2269074981760002,0.5532048949045659,1
0.8472496755057459,-0.4576924577071359,0.5400319847366376,0.1480230568450809,0.917946447534027,1
0.3597483647803352,1.0178174415129535,-0.3437158340203321,-1.6122005279264189,0.6759634499671471,2
1.2046961535265348,0.2160045019778017,1.0694486126289204,-0.6887113026862891,0.5684481978527969,0
-2.131440098797774,1.6475236839925325,-0.4724003108751289,-0.84545355524381,1.8605784435579256,2
-0.5610375865380538,-0.3307435972059372,0.6355653880772268,0.0136372546315534,-0.6785096496995991,1
-0.5164174746514568,0.6074906857242749,0.1476093749736883,-0.6695028883996658,0.3988880128824486,1
-1.5413823282406809,-1.7814000370883136,-0.7624201954056435,-0.5814865266040078,-0.3096445400522352,1
-2.0999704349009765,-2.1708809260171003,1.3205463623198492,0.3513175680534089,-1.6746820663494126,2
-0.3861812183151377,0.3815746467399328,1.124799580500311,0.1129918462986045,0.2470131299894798,1
-1.1592083003956624,0.4073701119195743,-0.2393343126042281,0.505377963779753,0.5775375930458877,0
-0.4653932058210879,0.3762195704220342,0.6002274975583508,-0.8875285731232104,-0.7197479667505772,0
-0.621527648532006,0.9074857832758546,-0.1955296380291101,-0.1067539074489239,-0.9322086846211304,1
-1.0155209150832614,1.5449537258101047,1.195202746050117,-0.4290739943385866,0.6913748070215107,1
1.2163661764244635,1.260183183570179,0.3189663222442178,0.1406355842274881,-1.4337601593512614,1
0.3048641784484625,-0.4943506352217128,0.0307042410143598,-0.6949486942146791,0.4043777302167652,0
-1.6494775244751043,-1.6873601055188134,-1.4421194716433972,-0.6666356510802066,-1.0482722549139902,1
0.5546308043488919,-0.0317853832566651,-1.1843605374186534,-0.2394439160270668,-0.8496008586424725,1
0.4387624927773241,1.7795499925196991,0.8394349891676813,-1.086277546933105,-0.2128724377613299,1
-1.1592757989922735,0.8618354603033122,0.8924319877806365,0.4912614327763394,0.7072494224635277,0
-0.7458766342636926,0.9985361806946438,0.0496054393544791,0.7538893250466625,-1.0913916816826488,1
-0.6826050320918917,-1.1585296511322527,-0.8586259173839491,-0.3031937200815195,0.7689707678724038,0
-0.3439755352682687,-0.6196570520607079,-0.7699807274972723,0.041065742983742,0.6807745177156156,1
0.9380095514950346,-0.4453880181728771,-1.090212330656863,0.1099846457804471,0.9526371229514068,0
-1.107962697393835,-1.3706230230433727,-0.6376693775418151,1.515924099660827,0.7645729162812114,1
-0.9313065916604644,0.7940896991261969,1.120860044296444,0.8888730403357338,-0.9398862128762516,0
0.1243182171578504,-1.1457858134607548,-0.6540533319093683,-0.1823423523117429,0.0546856940453558,1
-1.1004787006747023,-0.5438943178465973,-1.0743014239943651,0.1455062799275511,0.3596117177016378,0
-0.4867055614162043,1.1367963834316397,-0.3643542374713354,0.8198927894203343,-0.3663647750170142,1
-1.174241669245493,1.2145371771424758,-0.8061464954510009,-1.0307664157245868,-0.7569352144445924,0
-1.3331242600171809,-1.060516393086138,0.0343950854521542,0.0439727116310177,0.2677729777449423,0
1.4033063988555785,1.4636174339933576,-1.3486963110976506,-0.3499666973539855,-1.6549115309220117,2
1.2737116723821118,0.7634022995400147,0.9489451825586838,-1.1791011948169834,0.1702644580582576,2
1.1245265520576648,2.1584596232819626,-2.0495248412960665,2.740471819231968,-0.7888591244691125,2
-0.0652489796235814,-0.8784219244874726,0.3724366093808238,-0.6541592247098362,-0.2116266581539015,0
-0.377252781061054,0.8067588807254578,-0.0983615154444552,-0.2685294918695852,1.2253205255015722,1
0.7035425776698847,0.6620258766535223,0.7590804608213639,0.0514260563618455,-0.8461241677738319,1
1.941821182521567,-2.6080686975293754,-0.8225316063834234,-1.018488559572548,-2.6531679989484958,2
-0.7210139810508222,0.2597646672821428,-0.0373224445555063,0.6092492280906999,-1.0547379625480222,2
-0.0493096086942237,-0.3032667720945314,0.1175483183367535,-0.9184021930769694,-0.0239345430528585,0
0.5259639702429271,0.7952467170708425,-2.106321218117285,-2.402753865442588,-1.5046386280476842,2
-1.3770886470135375,0.2987683079856819,0.7902177345286892,-0.2547624823660838,0.1361080486864228,0
1.3144339295613383,-0.2230740457814259,-1.507196370569479,-0.1672588570409237,-0.8388446122241534,1
-1.1343501477143458,1.0375708330908329,-0.5597724059000011,-0.6155847803398216,1.042890442000491,0
0.0863319661939,-0.3883247518444204,-0.9056056071367036,0.0488929568139723,-0.4665936776184559,1
0.6603302886356195,-0.2708140760558734,-0.2564041946678079,0.8637351112795375,-0.6102032788174708,1
0.947817171967627,-1.127501660270663,-0.5724769012980385,0.2084624393536922,-0.3636546042618203,0
0.5366057700811594,-0.8572747616354321,1.0554205205353266,-0.0248297335488751,0.6531588394884197,0
0.2393157214520956,-1.5908546573949671,0.4293079736759849,-0.7754028856939071,-1.3648328618861698,2
0.9166800612984024,-0.7197786061551834,-1.883267581080667,1.3068496569957129,2.185556039323461,2
0.399640150902208,0.2731952426817619,-1.114359003196301,0.5144235572188219,-0.2403433485567733,0
1.1685822545783944,0.3257434389632982,-1.473302263238896,-0.517248094271076,0.2523441030349999,1
-0.5307351484985272,0.351521848496633,1.0971750211661473,-0.6481576562105621,0.2289354840424014,0
0.1023517447871145,0.457369893063793,0.5099736624515753,-0.3569046153979821,-0.3085863090195809,0
1.3168451676725177,-0.7450016529258093,-0.7038144767148645,-0.3776752402461689,0.1090963323193104,0
0.4421442512675562,1.2307526877668085,-1.8809301159400145,-1.1528888324950992,-0.2627523137855523,2
-0.1486888461071875,-1.166632483629863,-1.9919288611790689,1.138840207936379,-0.8932559751970766,2
0.2923870920622139,-0.9160179526235024,0.892363701025884,1.0557950589871925,-0.604651802849784,1
0.4436578695025643,0.863724800394879,0.486713228341,0.4839809781481417,-0.8798767413036961,0
0.0112696388421723,0.7812443057761717,0.473093668670639,-0.9066360214249,-0.8959877501986624,1
-0.9078487466672144,0.192643390823015,2.19848648533371,0.2862887821807772,0.9932544987660464,2
1.2318069906614986,-0.3828720096155859,-0.7707203227652709,-0.0722471017835998,0.5317206410570351,0
1.2832964970357217,0.4456231600015853,1.4901296671119448,0.9513045896417868,1.0606712137469352,1
0.2753052719454035,0.247204165581567,1.0253462368720965,-0.2097918347812388,-0.6987194233395634,0
1.1098826098107015,0.5261121450703365,-0.3683867820134457,-1.0415808263976951,0.4263417622454389,0
0.3167879751653077,-0.3951105573212942,-0.3009817033941256,-0.8217092170910815,0.5514049164943906,1
-1.57499759937825,-1.0381230552230778,1.4585395172068547,0.2589028749139884,1.7984050382252268,2
0.1317636716346818,0.6570328358103512,0.0194701824322165,0.7289930763074112,-0.2859839682785254,0
0.8885991243688384,0.3709059906140426,-0.91597027394384,0.479886702026434,-0.7945895122462143,1
0.9935214509734214,0.9558802376151618,0.3432335664341746,-0.3819234445052966,-2.319819506271579,2
-1.841154983649412,0.6645479199618293,-0.7832494091036432,0.5740125873854248,-0.3297214601763884,2
0.5097485183312491,-0.7388255156328731,-0.2411484859847016,-0.8206317426268509,-0.2665488461703854,1
1.340444697356055,0.6462494018379525,-0.8182520319247316,-0.2385159983483567,-0.5743333295725886,0
-0.3898664852855611,0.8306450274122988,-1.14382795157996,0.7907401675162073,-0.3166780176397364,2
0.7213798347651492,-0.298800768493833,0.9402679467443142,-0.6232563103556485,1.3784958606830529,1
0.6873187633112549,-0.4148512744030099,0.4887068653381584,0.7505796296655569,-1.2485455511016803,1
0.5999041401955617,0.0822353185407456,-0.5018659286707955,0.5651923985703758,0.1040137918896373,0
0.9137183750901754,-0.2471292902768279,-0.2490733535193774,0.748095832675728,0.6443206561318218,1
-0.0785995342663919,0.0095790371002333,-0.7023849068984455,0.8243469465945209,0.5403923551814444,0
0.805771018944804,-1.687198437746176,1.1344703534562544,-0.0104529840597804,-1.7475292098425996,2
0.6745048505484995,-0.1978572659543575,-1.0842971151025866,-0.8378502011747843,-0.3870593989762395,0
1.1723127893312748,-1.5851875377120537,-0.9353097684074126,-0.0552290888567433,0.1716571837871636,1
-0.2721356685163212,1.953206527425499,0.8163564005092038,-1.7039578930782695,1.1031129522641496,2
0.5014822553399298,-0.9883453979309068,0.9385376767805604,0.1738337644680932,1.5416755408100442,1
-0.5326286351811255,0.5217978635984746,-0.2705008796057045,0.96261686843282,0.1864241571522865,0
1.2989086463610882,-0.452993252754,-0.1331260869658005,0.549007079528427,-0.7925325951264963,0
0.8835755105230407,-0.8175167435206746,0.7605011393683953,0.5932079325073942,-0.5172122025808197,1
1.7201564537593848,-1.2212234720901811,-0.9355070543665596,1.1069953420152692,-0.4408787470548228,1
-0.6107228162273344,0.0194246307592526,0.8243741084977025,-1.0714468714388978,-0.2677209761416129,1
1.3624876918694124,0.7501022738571449,0.7943746648108925,0.1861594057353931,0.9568593956667042,0
-1.1482475692645544,-1.035836528503346,0.2415968894631458,-0.0180341999469623,0.5154293148740279,0
0.292864360145691,-1.704923103155335,1.610302738982155,1.8170807038348653,-2.236667618859733,2
-1.4006782407405145,-1.4837173923316178,0.4776910102266225,-2.7148356768379327,1.5901111909818433,2
-0.1611817439845643,0.0838685122123674,0.1935649921310108,0.1213636922072145,0.6782791303818839,0
-0.3222632633946257,1.0356215735427037,-0.4950341750935791,1.1670302661492502,-0.2899049867080401,1
-0.230294664120466,0.2806583439015537,-0.5903210040613174,0.5381617643163501,-0.9158706399816162,0
-0.2144807060519138,-0.5333625459713438,-0.0209338595242428,0.4794105440461615,-0.5409429535430946,0
0.6362298258303821,0.0921507541318916,-1.6860354922290948,-1.2650587322847338,0.0076986138614792,1
-1.0186513061413829,0.8469313005314255,-2.1761213406732205,-2.563656737554212,0.6473271637809556,2
-1.816448669384116,0.0500577935247462,-1.7113987003962978,-0.539742461351695,1.3963209669355523,1
0.2144124419288253,0.4329493563534746,-1.133886851837959,-2.558058974410838,1.2709744110448622,2
0.9071123309033994,-0.8167507852376756,0.8643590864767926,-0.6651250107280527,0.3854005131319348,1
0.2348779830234226,-1.1779998209669655,0.2203446291828064,0.5041483342562599,-0.4946053843332142,0
-0.1931937219114607,0.4967788039611424,1.1949293627111155,1.2125207576800154,0.457265485822039,1
1.7887004109620444,0.3411854164486815,1.1527456222064014,1.520152010905774,-0.1989148424094836,1
-0.1171311862873603,-0.99775876725947,-0.6138190450187354,0.6324344233208707,-0.6820938756652755,0
0.1593189534690413,0.2844188180906548,-1.0682339537431649,0.9351575253277732,1.1233404451957565,0
-0.3995669696653234,1.3468678393888187,-1.2552207351350984,-0.5609312180634034,-1.4175149094395958,2
-0.8830868027816152,-0.6240413939287955,-0.4083797658361253,-1.111447096295241,1.110963557629269,0
-0.6382047872347965,0.9881501821043648,-0.5311971690124706,0.6438578601354779,0.6802675477617601,0
1.1605573186929654,0.1683686878233517,-1.7791480245647389,0.2724684824334424,1.2761720019251004,2
0.5791495262172787,-1.328455416120354,-0.3775047083562611,0.0572436051702288,1.3277664910024245,1
-1.2718136719751714,-1.4887494926295428,-0.33589082547282,-0.7089149076987434,2.1642742889574755,2
-0.1039175286807271,-1.0403663495514244,-0.3496549702208498,0.2782157301742013,0.8299090407275814,1
-1.0560413825032855,-0.4425970913241693,0.947763627474008,-0.4256099867687922,1.1579473913615992,1
-1.1453489147727585,-1.5202000535794302,0.7865224592189195,-1.0664830701413102,-0.7559090552014504,1
-0.0227408355053021,0.1998930964180813,0.6782549328889086,-0.6628339891529856,0.0990649158896701,0
0.2407539189585152,-1.2442447076365275,0.7358119978198424,0.0377921009570905,1.043208747760085,0
0.6332950839778129,0.2812503968397263,-2.375150471732996,0.2815918434610414,-0.57472802745043,2
-1.230453958458561,-0.2841279593151305,-1.2343468854232376,-0.1922149772890385,-0.1101876195365617,2
0.2212272922863508,1.358636527897398,1.4768407691577543,-0.1599647428968338,0.1665500800651633,1
0.5723582229032942,0.5003929533273542,-0.7082933619695195,1.3845739534474275,0.4722690600177943,1
1.5127039763007637,-1.0595597191219412,-1.3000908535039226,-0.1196358795124074,0.8744409259612262,2
-0.3522679758511011,-0.0348600483463749,0.4466269463460255,-0.3583569142640804,0.0994274125431677,1
-1.4500769370025968,0.5675826458610578,1.3679645794272723,-1.0464806978726229,-1.3473400087146976,1
0.1651709375198284,0.0826143744193151,0.8737873883823161,0.0498605428069087,0.0961951412610848,1
-0.5402528668228753,1.7591639305491191,-0.3172419019190899,1.2268191006654436,-2.5495549767194525,2
0.2441119588534314,-0.6834186528897083,-0.8823532822096158,0.2427944701756689,-0.6771977867482687,0
-1.4251888265017334,1.309541466561895,-0.5204524462409627,1.6111662832424605,1.7773279341411252,2
1.0356228176541606,-0.6825444892454298,1.0195073514281128,0.62250523259306,2.261891784187535,2
0.6977509044178317,-0.817291233296134,-0.7230636227530269,0.2430906864959864,0.0106137507958513,0
0.6138649932030417,1.6203750565683857,-0.3574309631885651,-1.1290180060991273,0.3145800156351,1
0.06520136451846,-1.0872130136401372,-1.054352226391469,0.2207567210895134,0.8658911315856276,0
1.5036172872608635,-0.3557471495834058,-0.5284648832251478,-0.9488341404069228,-0.4747153164051465,1
0.1368354447976997,-0.0218577497680252,0.362331806779232,-0.7177384799825461,0.2806092407288313,0
1.6232939601632173,0.9667494548276278,-0.9497076229410912,0.1143650729903293,0.2533334009897249,1
-0.9703726331833376,1.753521324777266,1.0501644248516393,0.6436686752251523,-0.2197157382478668,1
-0.1356255498474635,0.8007346335076067,0.5260169974243687,-0.2941384926817021,0.7278206246633377,0
-1.0841867442498827,0.7395397753524771,0.0193325370252284,1.541897734562928,-1.0910072063472565,1
-0.7702979611122553,1.040197113147162,-0.7397477744608166,0.7582920367446383,0.5925362933609627,0
0.9144273478279714,0.2862921649405438,-0.2041157147852842,0.2906012450764176,-1.0262622786664466,0
1.0059685226549266,0.0190171839277207,-0.0309611679347258,-0.2859648538364217,0.5614748082208771,0
0.5838902212157777,0.2687534951721917,-0.3347919675053026,-0.9691652787057976,-0.1035277490081574,0
0.865252226706739,-0.4954078834422954,-0.9826998872389976,0.5901983629945933,-1.979409242405661,2
0.0541353759179232,1.2788680347672945,0.5905273405868684,1.0076696668850529,-0.833940393085744,1
1.1067497888265732,0.9727255879201184,-0.1683688244161672,-0.4407923760685132,-0.3736904768544327,0
-0.3294030711662745,-1.2699668254052336,-0.1485871617700193,-0.3374429593449867,-1.07200141279086,1
1.997362530834607,-1.7866609321807043,1.733130170833735,-1.8832883435380656,1.9830945019702957,2
1.4523433838346318,1.5485926953019231,0.7441380864795575,0.3273625930774019,0.1752825986194993,1
0.5525722039713334,-1.7509212053464702,-2.3124045161376,0.2182460651040339,-0.958918567041203,2
0.3490530981754018,-0.0118936928105999,-0.9304495272811116,-0.3958529261900815,-0.3500590621345213,0
-0.1870011194138651,0.2188771470524104,-1.065503095114505,-0.5189094508183005,-0.15522330566333,0
1.4031147517872316,0.2361373404366317,-1.0816868437425902,0.7377211322085916,-1.072390206208899,1
-1.09647803623507,-1.04095007006838,0.8028298020869394,0.5574873433763208,0.4904817509042765,2
-0.1517701913986963,-1.180884905796969,0.4101775794861624,-0.7774679295268152,0.9136902733970246,0
-0.515395448594041,-1.2732953355485008,0.6432076570418722,0.4196890845086554,0.5370255391150213,0
0.6302237149234187,-1.6674126337804265,1.6740023732854818,-1.1279610826896993,1.2220157533196396,1
-0.5510866218117267,0.3146968410320037,-0.6251226364480408,-0.6893779235374742,1.010425698718486,1
0.8362825667060957,0.3909377675136852,1.1448797254060392,-1.1289656008001998,-0.6974992715648266,0
-0.7978355061179389,0.3914710092263128,-0.3970696384749578,-1.0290641634036926,-0.1999419270803581,0
-0.4742282981674082,0.3148532273940291,1.5778482765988031,1.6291456662001689,1.7296669768333344,2
-1.859675998345457,0.2498427878626797,0.4984312288267147,-1.4723166453633203,-0.2237028934711639,2
1.9315236940056228,0.2814097190616125,-1.5939450174911682,-0.792245598252105,-1.6032310078964922,2
-1.0823090008967688,1.047970941471828,0.6146851135858199,-1.4117935306077751,-2.463857038584294,2
-0.8988064018902975,0.6305699048063877,-0.5298134438343348,0.7161408976273547,0.9667567628939848,1
0.3217088152060466,0.4250045282858526,1.0108356142258907,-0.2322669456900259,0.1212413927760716,0
0.8771155076909816,-1.6924740433963976,-1.6378660992432073,-0.2014606007975877,-1.485618178330577,1
-1.0864613202388,0.898331353844229,-0.0144225150094312,-0.2937997606472853,-0.0341758657464251,1
-1.3632445319780349,0.6049799298150613,-0.5535457338069651,-0.0139243689456553,1.127787162245338,1
-1.1528320435531427,0.7075337624203896,-1.1287682548004658,0.0331352856658823,0.9791310324384151,0
-0.1088537862114327,1.0046351335418693,0.8004478525433877,0.2208382250334369,0.6142031072417576,0
0.8312843851018891,-1.3558072724754984,-0.9527786621676152,-1.272378345678273,-0.1540147354825989,1
0.213333336075223,0.4369406602163984,-0.563251861457422,0.5487249535821511,1.2822255195632082,1
0.8542772047604675,-1.040278987678996,-0.7372156443082192,0.8024015895962797,0.522717021732399,0
-1.0543033114178857,-1.2382656614618537,0.1474474553855555,-0.1337972208358517,-0.320972025931438,1
-0.1005031715657874,0.1221973946865462,-0.9495246987522108,0.4017882673359835,0.5028394484274387,0
0.7812054614338102,-1.6136469363464183,-0.3739239392320221,0.7604833916179075,0.2573644997900673,2
-1.4969389568687108,-0.4224740891184979,1.7746897692780046,-0.3906239861562345,-0.344799781954436,2
-0.6869862260492309,-0.6766485452725544,1.2776187990566843,0.4477611552491856,-0.5007433317015458,1
0.1290202595583813,0.3128810079429142,-1.2239838189691732,-0.7145928398070299,1.3823741676324204,1
-1.635240619266818,-0.9150374858527026,-0.8233105415395069,0.2139752498552974,-0.9777283764984024,1
-0.5023935597146594,-0.9469391029137508,-1.5463414272268958,0.5330054757941871,0.8061217983833032,1
-0.761137099514616,0.3617521834879963,0.6248144819287355,-0.2528023932366191,0.2247535462536367,1
-1.24835858721922,-0.2765460249180848,0.7129390543742531,1.4963311536899233,0.114133627799375,2
0.5109072863452668,-0.7481448851122137,0.3337048771038787,-0.0246569835090771,-0.1744308811725649,0
1.184629858133165,-0.1114774046117852,-0.4651675407918143,0.686283857141232,-0.4723046944411886,0
1.1093574927848169,1.452358150165493,-0.4752688938654587,1.2072821568785732,0.7794463205788921,1
1.0636995093079704,-0.3783750049248386,-0.0736439922960859,-1.0278561781508906,-0.5740343137649585,0
-0.7788856184642592,0.7198535776093122,-1.0401276102096424,0.4450842278814235,0.4796806634621263,0
-0.676925590382637,-0.6756702912768012,1.1097667483695273,2.2889926656947885,0.5061297219111651,2
-0.6465006055229572,-0.730635859738172,-0.5454854973958895,0.5859643770107844,-0.600062012175563,1
0.6878411223644488,1.802505904243288,2.500566596859929,1.1636820384613549,-0.7808312958157796,2
-1.066671854591772,0.629567529367554,-0.5185239219314767,-0.9534008124155054,-0.9288121327934318,0
-1.7634865178317798,0.972051732848615,-2.145157498299035,1.7363491252121368,-1.5284922142537136,2
-0.263884200783653,0.0139556464589074,1.054455091215827,0.5509041403135242,0.3342033262178892,0
0.306527664127474,-0.4997406704486085,-0.2311697127680967,-0.3472290641283063,1.066045295962965,0
-1.7178571289388684,-2.312451004926362,2.3667495556366998,0.6066842347171959,-1.6843613556430952,2
1.0745027077914713,-0.7490564269998388,0.564980882070678,-0.8352696049172476,-0.7909535981770958,0
-0.1073965177657143,0.4055820711326932,-1.123204959659168,-0.2627853201363155,-1.2338603995610231,1
0.7878463050855193,-1.7524873315670904,-0.8435653516051802,-1.2399698471429343,0.3151651274507074,1
1.7324851000349824,2.066851611207372,-2.5805531523866065,2.5793132933668814,-1.480523207865052,2
0.322619834106577,0.4587469624626921,-0.7003871777547954,2.0014893763406425,1.7743762442872055,2
1.1629892059108211,-1.26745386152786,-0.5867600955191739,0.5911934754591469,0.7609522824558117,0
-1.4159949487448993,-0.8356386656990171,-0.7102638756701999,-0.5393911226275425,-0.6601154204156512,2
2.011328887790925,-0.7211609243105315,-1.3583078264505075,2.6586667365525534,-2.1959740093457185,2
-0.9894261509473774,-0.8897468915285148,0.4927412801609623,-0.3074319729902739,1.216844660923255,1
-0.0871570407136324,1.1514005715733229,-0.8546840433924017,2.246098873241723,-1.1400956923311785,2
0.5665049703510514,0.4276726762330701,1.58550682794423,1.3627644493504996,0.1284164418705723,1
-0.3561657544307458,0.9440038952973846,-1.4502961684902027,-1.0339715085209578,-0.9305582417813684,2
-0.7667748610830591,-0.0576172730592216,-1.1762863766582292,1.9845216051300767,1.328911817163395,2
-0.8668878646131659,-1.0995993319289257,-0.1770722766886913,-0.4172836620660323,0.0937630142849465,1
-0.2709965914875165,-0.1143369324387818,0.3194223539782158,0.7321197545078543,-0.885967454425494,0
-1.1747563701835402,-0.1240178076433825,-0.4326674528377077,-0.1337545700419502,0.6123291860546748,0
-0.8791527171716326,-0.8099906031766799,-0.8112843460792502,-1.0610817739763088,0.6794510311146765,0
-1.8668005103429768,1.3182719315817462,-1.1383454148601129,-0.3162398092789643,1.1293137097028725,1
0.0708744417319446,1.7607579658180592,-1.1158198515359743,0.6261151045306538,-1.3273980048862557,1
0.5881491504173499,0.2804593262770415,-0.027757910745882,0.9201197738795076,0.2372928646296338,0
-0.3735723009317307,-0.2733897909319661,0.1786486945694833,0.5799359215089473,-0.8704356942027438,0
1.5080149838602726,1.0974832149834364,1.4837182886981506,1.1859857730734529,-0.7303163522393503,1
-0.8261666222527295,1.1099190096102858,-0.144189311713182,-0.0185573260849867,0.3894904129066035,0
-0.5613134688981607,-0.5036606525499451,1.4258347592922287,0.2068864433932152,-0.7805734848926744,1
2.1134432673200148,-1.1516821203744043,-1.6282270298181347,1.3669802584041035,-1.9289008828259584,2
-0.4205065711016187,1.1381644329995286,0.7542067754200794,-0.5279197307061995,1.2157761547779822,1
0.5417560888739298,0.9445850685427108,0.1885683236113846,-0.6820158608317194,1.052791716355488,0
1.169191340445472,-0.4094441451400086,-0.1012180301874249,1.362589163678943,-1.0476890571629922,1
0.5651480733353355,-1.0398282605540037,0.982274774171046,0.7684970871526727,0.0659063859987936,0
-0.4909404265189923,-1.1450227752344422,0.8219003510875745,-1.0334219607458963,-0.4053749022594993,0
1.3729191403486103,-0.2121819235930181,-0.3715180698320897,0.0544646501135385,0.3285899702584997,0
0.6824576705046482,-1.7005787701356356,0.324799703177371,1.058726094635884,-0.7734166492483453,1
-1.5785642701118443,-0.8711819452575904,0.938436975650265,1.6158055447481214,0.0381287703893724,1
-1.4873921916826696,-1.3415192544899308,-0.9798019854167336,-0.671937170720454,-1.2572689052695862,1
-0.2335689371630628,0.7902382884109204,-0.8371542735657246,1.629158618683154,0.5510480883918072,1
0.7922942777694597,1.0116080210218568,-0.2693768232595456,-1.8318801880532505,-0.760198143557588,2
-0.7069147816929181,-0.920286366985244,-1.474663224878768,-1.0035476582651237,1.407743549308417,1
0.5356552900261818,1.3109880499189672,-0.6406692084846464,-0.9365116084255808,0.3627981212409178,2
0.2722698760121431,-0.1088461075937776,-1.0341986902965656,0.3796797828753109,-0.9949636726024332,0
1.0223112374113923,0.923863214569663,0.5226399015271914,-0.5752361625871318,-0.8047850009249502,1
-1.3107167220112914,0.2095152185670292,-0.9786879076602142,0.5562157049550903,-0.0980773643426026,1
-1.1664982537511617,0.8999108457600469,-0.6314974509256406,-0.1594214223641465,-0.7241158367995612,0
0.5854374319812263,0.0756880955567963,0.6317530922145624,0.6117570567052795,-0.9291234191381996,0
-0.070169943067965,-0.1399838785432994,-0.5112231659855562,0.4667846338743073,-0.8397357619064806,0
0.6857447825087125,0.7374533883944152,0.979564036374126,-0.6980222403014309,0.9168317244504676,0
-1.096411360635049,-0.7692727221389858,-0.3598676218244926,-0.6529090877854312,-0.0955051651519231,0
-0.3030993445431965,1.064826157987458,0.487990428939153,0.074492459973426,0.698463126858519,1
-0.5789993874662642,1.7493448333871364,-2.0266181959033744,-0.8778131835874105,0.3220847244910851,2
-0.8585381052755608,-0.0331903701275275,-1.633747819159487,0.3412709324054993,-0.5309124612229981,1
0.4987115442454482,-0.4674813606135095,-1.4616959124333075,-1.1130081736971085,0.093526476807337,1
-1.2776752824584818,1.3005321024400884,0.1930161948872701,-0.0428755677316732,-0.6498909745300495,2
0.7887778519093535,-1.639527922522107,-0.5056662505090851,0.8341000695235377,0.4262373010743326,1
1.250221755378895,0.6096620957672193,0.7014344359929139,0.25970850680055,0.2118506439188689,0
-1.5087242472282734,-2.4061599253204804,2.112611516128416,-2.8293374977128,-0.1639084510726587,2
-0.1233378555583026,1.5984496952241762,0.1436447301621313,-0.4104348323460458,1.2514319353394994,2
0.0667018888176307,-1.4163967342896409,1.249026256167848,0.2824096641682634,-0.0218417376221357,1
0.0175454316345415,1.1319460141338693,0.767665449477154,0.2914744413298984,0.3412152930266054,1
0.5005541854308931,0.2946068449887375,1.8214078064428,1.4127472159349246,1.395610266800749,2
1.4902261636663772,-0.11197829291446,0.5836594433362233,-0.2343419394983264,1.2382676488142002,1
-0.5423131255383907,-2.310474338101952,-2.2650012657361973,0.0582123932050184,1.4418997772202482,2
-1.0914659164108025,0.707466718006273,-1.637799600858668,-0.8441230860454589,0.3149911613493761,1
0.7372362717533539,0.2706325702776246,-0.921675393175584,0.571614100480222,0.2180146330831879,1
1.0530962734338114,0.7197277327614106,-0.8010191813563368,-0.4791247307459215,-0.3286598105509564,0
2.229290542712302,-0.3666307801498671,1.052779744910222,1.9852388732343735,-2.289784033038459,2
0.8184878357610225,-0.2138106393846477,-0.1974966813594502,-0.1610186420921435,0.807995414793093,0
-1.1765056505925997,1.2681046298643992,-0.8816696016765183,-0.1251205174787937,1.1002035644613282,0
-0.6391543023424,0.9808258490006702,-0.1990236095430029,-0.7327415873341807,0.4884281833323032,0
1.3186008908938207,-1.0699756580973976,0.4284104777913681,-1.6032546903349405,1.557920644320442,2
-0.747246784313179,0.8376539400673024,-1.1224046600938982,0.6747522623177025,-0.445204838741826,0
0.5592425578088737,1.634002811122551,1.7658111766345108,-1.5614706500442457,-0.2795093130109751,2
-1.18179708783559,-1.3360971961121495,-1.7413144146083115,-2.1922651102288424,-0.0373667299315334,2
-0.8316913639141867,0.4020843312331737,1.93822514332917,-0.8608866561573904,1.9443560334903252,2
0.7082099254179327,0.7994294376196686,-0.5836158353008195,0.1708417448693431,-0.1162534524923587,0
-1.079086104144935,-0.6127067046823402,0.0996112940952455,0.4626832527469272,0.3129361234585553,0
-1.209346881256115,-1.1769015837186587,-0.1451422624628641,-0.450198247670632,-0.535096476930137,0
-0.7351791779212147,0.1907988414031396,1.8580468667443848,1.3291513481452957,1.583957811086204,2
0.953038330931552,-0.0502161985780254,-0.8467312061330405,-1.1132589554200336,0.0520882299399533,0
0.3882370667340481,1.0985844684061743,-0.0760537862054502,-2.1480498955397125,1.2728647226747003,2
-1.1554177576238152,-0.5903014871871961,-1.2592343155339367,-0.8921716537073136,-0.9592125773162596,1
0.7814741095168656,1.2590546016037194,-0.6488481805576223,-0.8054342945004761,0.6318971000790227,0
-0.8929131618103874,0.8496932580938328,0.8718324658661434,0.9211867433347196,-0.6780527459522306,0
-0.4690069044379107,1.6430183748258702,1.0705059709250946,-1.0326367152922906,0.2420527178697479,2
-0.6928556432819165,-1.694672326241008,-0.2907676969242354,-0.1604981912319923,-1.7169549446842032,2
-0.1223379648104492,0.9791850137070126,-0.1322187928639925,0.3394210928235284,0.552734436306694,1
-1.336943287622381,0.2877915978711231,-0.4023778723674737,-0.746136040691177,0.0270316444920157,1
-0.1941297989784031,-0.4246480892635421,-0.1076940364109777,-0.842627420770097,-0.8325927911318457,1
-1.3813994263571248,-0.8998862228482413,0.0291017986032046,0.0948177702163436,-0.3376310875217608,0
-1.3179415554767748,0.4488881789944953,1.209221339318661,-1.5449982135610478,0.5564818470179356,2
-0.0067598209978188,0.8224007491577888,0.8212576674265378,0.9236954562961798,0.9768466594788492,0
-0.9175678097262908,0.3656242023233499,-0.9415576122984424,-0.8026007248031859,-0.1918859358064379,0
1.0867925367429918,0.6376366023453887,-0.0468694174981125,-0.5840084102223607,-0.5420753064238992,0
0.7563704254998362,1.408147246777022,-0.5386101572267559,-0.6730264419101806,1.496408295368123,2
0.2640860409551653,1.0314929845463756,0.692847193054927,-0.3764296184433069,-0.9647659928580552,1
-0.4294700264678957,-0.4141463242851378,1.165809221484825,-1.8376114695804544,1.1782176938332694,2
-1.5941063269801832,0.5937314187426695,-0.8739854171177264,-0.6072944064063663,-0.7060325279388223,1
0.0755650084760102,0.5883416800990453,0.418565796887665,0.7143999987884281,-0.4926767738565188,1
-0.0457578254846522,1.2885864567138725,0.5320628186041391,-0.4112363691504788,0.3005757405027769,0
0.956745762611281,-1.1593680437021572,-1.335927108969516,-2.75947484985133,-1.5860840401890133,2
0.544200376974945,-0.953397104836724,0.1947949080883951,-1.1721073393031072,1.0685474004576303,2
1.175995698743298,0.8975112871287679,-0.1337976363908921,0.6895979804169411,-0.8528679468016034,1
-1.6084112674662372,-0.4823321838006331,-0.7229735307868447,0.5480021567515485,0.0824407248011278,1
1.2244196080547076,1.7350549319855992,1.2109012874513,1.207909439082249,0.7573909934761439,1
0.6559352415893273,1.0431873847768338,-0.7394921181690225,-0.4943707308957594,-1.0830227911042718,0
0.6505050769026105,-1.4808174824770426,0.1453406642029556,-0.1807826275726721,-0.7606502931589152,2
-1.1941143925563449,0.3868942804944618,-0.7238767994448225,-2.1192309986695905,-0.6255057784126177,2
-0.712050804881885,0.996699165763768,-1.3565839275018727,0.2246249963774795,-0.1709084157237222,1
-0.9162444973607816,1.252789374116556,0.5715147500761054,1.930821068497613,1.0991322183290138,2
-0.9047647153465428,-0.5067730838520504,-0.7195747058788898,0.7365279379487806,-0.4533020561782943,0
-0.5339892279142399,-0.0889786652082566,0.579978035401059,-0.1812716910962303,1.8748245520414992,2
0.2769339290147999,-0.8384382343032711,0.539490164587617,-0.787042496963556,-0.2471065675147413,0
1.0443667631938822,-0.6655479908251196,-1.0656439056105802,-0.5843125401049308,0.183395968611766,0
-0.4356742126864085,-0.4229531787504773,1.7888970384821232,-0.2951933418217267,-0.758021737412864,2
0.0304293423215716,-1.6497297520012266,-2.170373970414736,-0.6306293333576545,-1.6133696877764343,2
-0.3809427348658525,0.5058900723289091,1.9434157580487943,-2.065465769717082,0.4235322577173607,2
-1.6778445359811704,0.167669729000399,0.0407116833686877,-0.0033910000092543,1.109077179843795,2
-1.5272445024209198,1.709558911595855,-0.5152896206135935,1.5227768384851723,-1.4720687064418108,1
-1.08853019508962,1.0883550005714666,0.6176945995540857,-0.0119399768778233,0.3063761987164334,0
-0.2874038930617207,0.8109049888679875,0.7958075951115136,-0.4771693864122587,-0.1498325473808197,0
0.5713762171588864,-1.048903512684192,-0.7561651568352717,-0.420988723676103,0.1653141408822886,1
-1.2760212276033265,-0.7690591710774146,-1.473729278669372,-0.947842964411787,-0.183110895178773,1
1.0053805048960482,-1.0052055305946197,-0.8544126491278146,-0.5416847426760094,0.8108439736305644,0
1.4488594343645866,-1.2724058812093235,-0.2279333329462171,-0.5373623515289806,-0.7043565601402915,2
-0.2660793250051235,-0.0739542659259161,-0.4257609513274323,0.567998366767123,0.5481447566963713,1
-0.2276161407441881,-0.7756172473432548,-0.2251030298090573,1.349102083574954,-1.0830424556634377,1
-2.290692014125568,0.5227767618482275,2.429910875509141,1.324269114395643,2.541014793416689,2
-0.3130847969149103,-0.2884171544829084,-0.747082744363085,0.7103992548793552,0.1885803498545759,0
-1.666977296706404,-0.0823493895716537,0.076915045997223,-0.5288150028146316,-0.2900798367567079,1
0.9910978171993776,-0.2589538542984503,-0.4355647194756629,0.7503140439642882,0.181049146866577,0
-1.3543674097622411,-1.7154036527622851,1.209008012517658,-1.2713496877953236,-1.048985871225804,1
0.366956763709733,-1.0603876537332717,0.0353061482343202,-1.032995769425804,-0.017021681231162,0
-1.3351148061637077,-0.335613618031846,1.0172701612184465,-1.2882870276510396,0.143067565095205,1
1.159314186752509,1.0016802386704395,0.4535393855892101,-0.1362554704872468,-0.3767316618332866,0
0.8861226431773079,-1.2087797830287723,0.5950506512167429,-0.624631342231038,-0.2251584207623453,0
-0.4559500710380805,0.4931128723900292,-0.3733598204302824,-0.3412789117669094,1.383676408484292,1
-1.8175543487893269,1.4565763940023309,-0.9314723286727052,-2.4617202718917777,-0.1437993833988256,2
0.7337898902634301,-0.1010557737461594,-0.753130123764188,-0.3757930490382284,-1.306966552983818,1
-0.6815015271052318,1.1085571442085531,-0.5728282603454111,-0.7637102249153253,0.9952396044598892,2
-0.3299550006501089,1.3145561618062502,1.0477812450635504,-1.0259253198408211,0.4139403131269608,1
0.2736268750586285,-0.0324632548707952,-0.3808291615699387,-2.5399414085007432,-0.6970407404886003,2
1.1049068921759793,1.236993800919558,0.3891104148818951,-0.8225588768817212,-0.1010933089668055,0
0.1384381504773535,1.4660635338575634,1.1125310861682636,-1.0311922566630152,0.4578871806487233,2
0.4804289287352403,-0.4634126038598634,0.1734355996482071,0.8022342568320161,-0.4142177633912796,0
-1.395300977502134,0.9958796023030708,-2.044112837029912,0.6428988533222235,-0.0293004533517581,2
-0.79307925686057,0.6069479136920017,0.1591765782136361,-0.3956703401312446,0.6687134472895726,1
-0.8383285902451167,-0.5141398326509137,0.3798324901848138,0.1482238149908272,0.0782035140524314,0
0.652563550769109,-1.150769160118543,0.9708827065536194,0.9353315327883605,-0.9287147121316852,0
0.0364828453120011,0.7728959761909777,1.0509847855616772,0.8427988838094965,-0.0941170921250726,0
-0.3516441968037078,-1.2141801730492374,0.6468170617464686,-0.0248325924699482,1.067139084022868,1
-1.3759028597843577,-1.7554886782853116,-0.6418579141991749,-1.8741974781919175,-1.967818988427992,2
-0.961650269711292,1.160900848729096,-0.9879152276391264,-0.5556296081150743,-0.4926958977106201,1
1.7732307753702354,1.326925578242434,-1.6936263365780315,-0.5525308538786767,-0.9778777643107988,1
-1.386322482334286,-0.3238081925190273,-0.7231482492344088,-0.140636552004092,0.1009124266058231,2
-1.2362913746562725,-0.6660429427492573,0.4008828674457299,-0.6792942947225923,-0.7984755170729412,0
-0.8567392274335506,-0.1950309192751758,-0.8431820424476587,-0.3740233259283166,-1.4271648129573904,1
-0.77004733684386,0.5105147141869822,2.581114054919537,-1.799590371560503,1.8091019349273507,2
-0.9532798405663352,-1.0501509936486364,-1.0141451309549478,-0.797733779404398,0.3907322750394286,0
0.4075733854805767,-0.3357502226968234,0.4232195791052742,-0.4876694931880792,0.701065116406416,1
-1.8716432157852536,-0.4956861045955121,-2.4555150813441027,-0.4865806735453505,-0.6825672176828745,2
-0.2726418389757113,-0.5627025609370151,0.9357291578974426,0.5977364427400752,-0.0044643651365375,0
0.8310203480738307,-1.0036739439388929,-0.9692274326678664,-0.3419574642265815,-0.7500763183709591,0
-0.1583061146867083,0.5433321547545895,0.5019601812218771,0.8369750073391352,-0.2931712761513051,2
0.0084490435681366,-1.3035911662287445,-0.8343121370333986,-0.1081736557814286,-0.632577979545687,1
-0.1306175911247881,0.1636811180757668,-0.1356844430988158,0.2378235701563463,-1.0111046775420902,0
1.0724337062269942,1.1411738586737243,-0.0780804189140744,-1.2553070414611345,0.8737433824215489,1
1.666649329193523,0.7074005164865395,-0.3453288148137563,0.4083757282219938,-0.9477864073304932,1
1.733039880176922,1.0040904610142096,0.6255744465318228,2.208818803554488,-2.514515230282936,2
-0.904103990000425,1.250817888758891,0.5107071076168683,0.0188450155118513,1.4849413447708737,2
0.9785188109567162,-0.256624598612395,-0.4869993208169594,0.3530000896360096,0.7606792707686502,1
-1.0862269834336111,0.9315438933318833,-0.1238097915316791,-1.1319570496474256,1.043677539182084,0
-0.0704366616786801,-0.4668736306748919,0.8336352098723918,0.8797555743061619,0.6290267208334114,0
-0.9192166632815716,-1.0069785635790782,0.0973040527800437,-0.7438710821165098,-0.9572389615315204,0
0.6689091194300175,0.8825351463055131,0.4909610715679905,0.6515506625976417,0.2408089913896164,0
-1.146163145127652,-0.5060468355584489,0.2638838773673085,0.0769173631432742,-0.7487566526940289,0
0.3535284008444981,1.6405413699009106,-0.8806002604557056,1.8548937321775223,-1.5766604823996428,2
0.3664184519048232,-0.992065336062768,-0.1388360772333062,-0.1716788477668828,1.0342721395647452,0
-0.9205725246666884,1.0445018071699543,0.0715150722309133,-0.1537484859668921,2.407154060230003,2
0.4923591898254256,-0.0223886054518125,0.1653955673270568,-0.4011295842549823,-0.970462611003343,1
-0.5680019619629434,-0.3923604827428333,1.0156553063903984,0.2603943856233262,0.3569440954536442,0
0.7094963261540111,1.1614262043608876,1.3176377140517204,1.5766228135743627,-1.9495321369309917,2
1.1008391059997964,0.810960647672341,-0.1300256445530982,-0.3080613497473656,-0.6691495851407769,1
0.8837467434176046,-1.7154182046202926,-0.5662879747793746,-0.3130522550937509,0.4297108147257227,1
1.319575987480225,1.7700281176322517,0.869301045196891,-0.5724449365498407,0.8341581427497314,1
0.3644464730211063,-1.238295146019702,-0.9613303014058232,-0.9584175009510072,0.2825172014565968,1
-0.7820819290259673,0.2349522661163318,1.136914788047424,-0.6403592319299116,0.2813941770931988,0
-1.1876750074243116,-0.284124794217799,-2.163724926620272,1.5463307854202668,-0.4395146684728231,2
-0.6060733792409219,-0.56831203693421,0.9687739406564094,1.5609331017260368,1.3199883513338215,1
-1.6542774532964892,-1.214805555605154,-0.9828161046856774,-1.0581905491735928,1.4823421174917282,1
-0.145363277617412,-0.6163857718815356,-0.7116315572333257,0.4279425131406226,0.6705170106241095,0
-0.64300900362392,1.5287676858915866,-1.5781014333712868,-1.3428031602728057,-0.9767462955017008,2
0.303808505172576,0.0063387084798991,-0.834936690806443,0.0410652333795064,1.513633028180678,1
1.7996908982555928,-1.606440007352148,-1.1918010312133678,1.3748355690732603,1.0144870331541989,1
0.2965134029681667,0.033006683766188,0.8061504639479385,-0.4905104467323722,0.3818032115758065,1
-0.2698875975832101,-0.9786624634131388,-1.3843154265279716,1.4959491370597715,0.8645485918449296,2
0.3131018283400322,0.5575307352485402,0.407629894732054,0.1401355076452698,0.4839081041647893,1
1.607911297469616,1.4437892990573495,0.1289603648530225,-0.7608288224546595,-0.2390468164686508,1
0.8842540780893569,1.2464331141879033,0.2218602203640851,0.4945105291641437,1.0931485614613774,2
0.2027397534485714,-1.2612310953656507,0.4765741307385619,0.0993316433406832,-0.2723995005974792,0
-0.5933678143161923,-0.0046471447243171,1.2752026510460772,0.5121057331068317,-1.0109228363028873,1
0.765325018618735,2.113486725163123,-0.4281443956175478,2.36529660960272,-1.3505765815266524,2
-0.7812670558736254,1.1060746283992329,-0.9825178462623092,-0.3530038128218454,-0.2099811617297164,1
0.3606849880084726,0.5979260222418941,-1.0583899242686348,-0.5922974166690741,-0.94164581387422,0
-0.6979468753681948,0.9443961898701284,0.0753572100292533,0.2212621807093961,0.238162863349136,0
1.56761030515743,0.3353195312704428,-0.3752610925113734,-0.6546562611316888,0.2425217832403957,1
1.1200927398309042,0.0679152155858336,-0.7743853026651281,-1.1255609240338051,0.0708658621503128,0
0.0782371080488809,0.5751780557701971,0.5690401086456931,0.2880716710088898,-0.281093036354219,0
0.249930039866474,0.3447832313720568,-1.1310530075201517,-2.425375561956837,0.6745221033219356,2
0.2985478032132109,1.0113014417255206,0.1581824891280973,-0.5199019968342692,-1.2447692813789752,2
0.0964807106296747,-0.7113268486570594,0.2171944545560398,0.5822757186349505,-1.0791602392511934,0
2.1993853529603045,0.9606445706702628,-2.138474840937046,-2.244147563796438,-0.1447391923489803,2
1.1815084978022283,0.0498225952155148,-0.2694432183514719,0.4856695497568422,0.0850081003978241,0
0.6271411466472259,1.7542664504847687,-0.64067912401466,0.6440669213767077,-0.5563052169658322,1
0.9189756384309684,1.001804675861198,0.9418816564668648,1.424900030195017,-2.4241171696506907,2
0.3282488361449564,-1.2448734939203456,1.0861717039567855,0.8963727717928726,-0.8564201827131849,0
-0.6445989526138652,0.3037924499542793,0.7603888654416688,1.5297150609876762,0.7982713339206557,1
0.6838004347795926,1.094403285891172,-0.0341926068633711,0.131458694639544,0.6799662920681379,0
-1.181772740062403,0.8414508621211331,-0.5981137047112949,-0.6874554089193207,0.8924514171945632,0
-1.3376607406449303,-1.106329025283899,0.6533011129114201,-0.3569214249879918,-0.2395236035227509,0
-1.4751549659404428,-0.2349772207872923,0.3893120922283336,1.227981559011616,-0.0300630390754418,1
-1.2149606219715303,-1.0803455128454884,1.015097394636103,-0.6573687708418343,0.0296234464206128,0
0.2299692607474176,-0.7343262845509891,-0.4009030772780385,0.0262872661148771,-0.2955246424256005,0
-1.6668069907040504,0.4021095270105471,-0.813514982218494,0.1423220212793927,-0.5508310509399909,2
0.5955084729577953,0.3859511958504548,-1.103719579448699,-2.7494611770638846,-2.3361198542875794,2
1.4891890214880037,1.1641881682698976,1.230623679322725,0.1070731054286175,-0.9256692193266496,1
0.0007729748410515,0.3177646638142614,-0.1807981725524131,-0.4972008768657461,-0.4988809057594076,0
-0.412465269202096,-0.9192418148107284,0.7434745871359367,1.3784329618309743,-1.5131381847469576,1
-1.697657274345257,1.751726359405969,-1.1955096706043125,-0.8722598114392942,-0.4828942755658956,2
1.2627527812772492,0.8252814152331345,1.1605535665067654,-0.5448742652190945,-0.0001508071689487,1
0.3753042914887537,1.1829608051276097,-0.0453466185985596,0.1933995666428979,0.840743683589809,1
-1.8284890566871992,0.6040691891294823,1.6106691329134453,-0.4943680190015566,0.4722967079639315,1
-1.9124541102409611,1.31546613426626,1.44749248948353,-0.4944254441046972,1.8205842571054065,2
0.9074240771951758,-0.678405417554897,-1.4541189133375445,-0.0267938543632953,0.6218009056061209,1
0.6071486202603721,0.8804706940125241,0.9297038498702984,1.3867517442656851,0.6110989349557652,1
-2.0228107088847684,1.4392915479693216,1.908170752992556,-2.7561821219020946,1.191387423954981,2
-0.4497497844288445,1.1089330257492789,0.5182946758878911,0.0061224012974447,-0.0197291378813287,1
1.0326816080985493,0.7320187942554646,0.3336316563105234,-0.7477014347730965,1.06204473551476,0
-0.3722849254985526,-0.314758606647511,0.240891685208515,0.93741630698154,-0.5480768248422982,0
0.1652298209271905,0.6252073071430392,1.6783281503068606,0.6939861773747433,-0.5898583508467742,1
-1.404938014558456,0.867161832742399,0.426060183318213,0.7233264677193695,0.142644259918657,0
-0.0557098328999115,1.2583155743344407,0.9701361873454184,-0.5393377684494698,-0.5981773063925654,0
-0.2739694353726062,0.3538127777496283,0.8250903132410091,0.305346727341334,-0.5580815703195141,0
-0.5545601296783786,0.0936529082298616,0.9133239864089256,0.933366420895657,1.2254992345100957,1
0.3976205878258035,0.5577328542705641,0.5880406520431647,-0.0185925888059726,0.3087263741411724,1
0.8512653145659024,0.6225026471624804,-0.0962127688525771,-1.075416910181341,-0.9774280492679436,0
-0.927489925265722,-0.5472334559936595,-0.6625752870387818,0.9131881156776532,0.2687838386016234,0
-0.0995303383681129,-1.254810541402431,0.7655127506731224,-0.211800195869772,-0.388741107349641,0
0.4008264347609679,-0.4444339317552337,-1.1094790412584608,0.2655251796793276,-0.603400534225029,0
-0.616844276259904,-0.4451202716925839,-1.366717811297509,-0.6654311246815114,1.2059623205354653,1
0.5931017826008161,0.7231824344558888,0.1672532418761092,-0.9533151584649462,-0.9762902487544136,0
1.4415675368046093,0.5353852420104238,-0.9417529086894352,0.1070261018042485,-0.9852036084246968,1
-1.1044737246123972,2.307207590089194,-1.5950838070219926,-1.951571740126954,-1.8572983249875408,2
0.1327181709894246,1.7584965147926557,1.5838062396181598,0.4874245813404115,1.163079819150609,2
-1.3955612547005714,-0.9920724759403328,-0.7383285216036602,0.1209237749981535,-0.7564803382214752,0
1.3641294829672412,0.0640972055530692,0.8959159129522297,-0.6763212138416758,-0.8864689642552822,1
1.065910924260337,-0.0095443155672345,-0.5422698271470656,-2.1260021181358457,1.3159894528381175,2
-1.376609716868148,-0.8516888539272554,1.015438988247769,0.4735437306188472,-0.9227981816682516,1
-0.1477928492676406,-1.1777426056358022,1.3997677442754024,0.6076919276622589,-0.0703601660453205,1
0.0808839071395904,-0.069042030953723,-0.660697092134187,-0.6326126295997762,-0.9553760852067478,1
0.3338372363182542,-0.0152188343234404,-1.9851158416842172,-0.8888717412794129,0.624111811980487,2
0.7831298429086041,-1.1708908076656637,-0.6351098361633656,-1.125553452135882,-0.5960973642508642,0
0.3872812471057681,-0.8999260062555795,0.8783967244539316,0.4457642825230035,-0.5569720822098517,0
-1.5149101671573348,0.2372456398081772,1.86372267626424,-0.8417150878367186,-2.415031113490726,2
-0.2633108014079869,-0.8036010159889275,0.8856441159281989,-0.9022280231658624,-0.8251523444963218,1
0.7763682792076882,0.4459722448790468,-2.108231100862969,0.9125113350012432,-2.431579033903083,2
0.0596344040436212,1.3035731156778885,-0.6633408187202146,0.4325185460169635,-1.162200727190793,2
1.014878093986308,0.1677056898401136,0.5315168254065611,0.1370893773363301,-1.11734123382389,1
-1.1816447130194438,-0.4023415723083267,-0.538756044853425,-0.4687784388465153,0.3785704354775941,0
-1.0047314300498391,0.2872085370808452,0.1110911905323607,-1.1020776421433969,-0.9449033142746556,0
-1.1247394119094638,-1.5985160046976317,1.1471142277793134,0.1134209093793771,-1.732923907137839,2
-1.835394250230017,1.7870365999935491,1.2255404914374568,-1.0636705290241222,1.4438273990571795,1
1.2658926967232265,-0.991205096918629,0.4882981083342319,0.6283296533266879,0.6173119765606052,0
0.6506525277965033,-1.2946755550706557,-1.6326994518893714,0.7698939637890132,1.883840047186967,2
0.5741496983224673,0.4540114721888272,0.5054407925707048,-0.0319064607433848,-0.541197212047817,0
2.181975939913772,-0.4264313430897147,-0.2929323688051871,-0.3315586718440874,-2.5002088352277654,2
-1.1153752508509722,-0.8707517944476192,-0.3023652128515106,0.6190372714622037,0.0147632454683747,1
-0.4188893388462258,0.3206357220237714,0.6116227626453878,-2.4831578415403674,1.1739192862447712,2
0.1907106250181051,1.082375804067492,0.4188568832065699,0.7469275774234004,0.489260699966508,1
1.3142232325209946,-2.543695538938087,-0.8835578799390524,-1.170446517722486,0.9802110403617716,2
1.3628989289506583,0.1532220820233789,0.5147904194716924,-0.8052830365288205,-0.4317136847682281,0
0.8851605913432419,0.5889104082426126,0.2582636861815707,-0.5327936337539698,-0.8426890054568582,1
-0.2848332388061774,-0.6198576334399288,0.5480788995190339,0.4813369418717169,-0.010458810513848,1
1.035928933011225,0.2365252328728422,1.13567794925495,-0.6007051812928026,0.0004292909175979,0
0.7751614567235747,1.164170312351272,0.7449683162601753,-0.1635785303477357,0.6763778587547745,1
-1.0787363036522395,-0.084385105673107,1.1616787848881944,0.7908951322278992,0.0222701851789497,0
0.9463961173456472,-0.5433328448358435,0.1901613451880641,2.1118069634329566,0.8426568819882889,2
-0.8360896489219585,-0.2177605574170993,-0.3333757946628398,0.5523485929668208,-0.7814758400442655,1
0.1529361728267425,-1.6027807104990763,1.3633401700614771,0.3198702111286312,1.5779145828750147,1
0.1541395485142579,-0.2048046151478751,2.2539748864291176,-0.7964175279601189,0.6635572412710048,2
-0.5659548345078065,-1.5461644085419028,-2.02159103704653,-0.5036288353166828,1.7872627020952216,2
-1.4869111489894538,0.698790423850227,-0.7624094611167568,1.6335382622125076,1.3533111083928766,1
-0.3232668126214398,1.0782343306315398,-0.0833309533189294,-0.571950838814684,-0.5434411703179027,0
0.518097602833681,0.680327998813833,0.8926092224550399,1.1394950345145134,0.2971983448621161,1
-0.7617302160529187,-1.2565662550525023,-1.085400778636754,0.8309255943314254,0.4247594196946461,1
-0.6758073361200795,-2.2898339004821024,1.8457697846012056,-2.1023907775101844,2.6251352904665115,2
0.7975077150638604,-1.1014032896490349,-0.2758134745607776,0.3521078573235464,1.132607156792634,1
-0.4441663677950205,0.551270603769104,0.9133686876637412,0.5082930021169105,0.8181812941096556,0
2.0280553713727154,1.1456865311300706,-1.8528186019662047,1.8490032855598184,1.5910445161359523,2
-1.2407062200646035,1.3398850088958412,-0.3983485667162159,-1.8035902342149308,0.6105917869709383,2
0.330812411709197,-0.4708273473617047,-0.9512129735028726,-0.7988699571666026,0.0583359879006663,0
-0.6920260874731767,-1.10061616623979,0.0083363784933494,0.1443608285498416,1.114287174625235,1
0.3152868930685876,-0.5271406397533022,0.9494677577619086,0.2805598443220434,-1.0049335621472195,2
0.2850380488585526,0.2472221364517345,-0.1182695455433692,0.0223909857626446,1.6587370918162727,2
-1.1086481285399474,-1.0461833671940897,0.5404662598299449,-0.739867932235171,0.2251735120160075,0
1.0490896577816051,-0.2899827049340063,-0.1632440946947154,-0.3237529827675558,-1.3180792917430784,1
-0.6064484535396072,1.3658169695392766,1.4192386322468924,2.5496843652429133,-1.6870636124625047,2
-1.3093922760624512,-1.9920420982157503,-1.0682504122440608,-1.6404339775298833,1.5868518308618604,2
-0.2928890921817355,-0.1219427393764699,-0.2822886404232846,1.4843901104707475,-1.556680929253193,2
-0.8326105536607259,0.8594688320765907,0.2108164688414469,0.4704843006600174,0.523280369823096,0
-1.3546733740862866,-0.6156801432336549,-0.8675719886779509,0.934714465762985,0.3676300464128051,0
1.4524511762335737,1.3281504958095065,0.5411267831209156,-0.1913649171561496,0.2804677268057008,1
0.5894075217930471,0.5004517132882379,-0.651043273826032,1.3644766284051364,0.3848093191785002,1
-0.2852971950049863,1.2761591850570884,0.3410640245596402,0.752629989971095,0.8988230762892035,0
0.4247685403908113,1.106551096983042,0.6105236831320957,0.8429265686988228,-0.6520360644197233,0
-0.4159876122752637,-0.201205532444494,-0.2405971475795618,-0.1447967505397255,0.5746005626246269,1
0.1015282068675417,1.4015340461115304,2.0303696184797846,-2.138843128291604,0.974662392955652,2
0.5272196433176767,-0.58078108473381,0.7389257771902602,-0.6126373121622897,1.5834656350980498,1
0.901250580285038,-0.2230387663420559,-0.2880227480805226,1.6397644912119125,-0.2721787187044703,1
-0.3725924406651283,-0.837828478350815,-1.059755997039132,-0.7622575358775692,0.7868396811543028,0
-1.6214645167596482,0.7349823243186121,0.954687453826104,-0.3435013366193453,-0.6526988386967311,1
-0.4366968086584509,0.639066192860518,-0.4330616013865024,0.5370435002064418,-0.3545014880876819,0
0.2063025019525159,-1.6886815032681315,0.3872430128813471,1.6719894070265713,0.1530283261904698,1
0.0814998983638829,0.4769265139736245,-0.416070532336605,-1.119028764852747,0.2663256980809351,0
1.1708353386633334,1.2614944097624434,0.8575022070360354,-0.0949087968471794,-0.3688276588443738,0
-1.7696480201925198,1.5973283399252551,-0.0794876719155082,1.529014605297688,-0.8571385801310482,2
-1.4194211252069484,-0.5569919674345528,1.0782022067809511,-1.6135256253212955,0.3802242851018625,2
-0.3859853126858835,1.135936146602908,0.064770820379054,0.6033242452231883,-0.6049178594190581,0
-1.9164640829464508,1.7960424402166022,-0.3688683685365438,1.1841183000347828,-2.14122885516182,2
-0.0533398820115236,-1.0085151313910563,-0.131247463884202,0.2624664415115435,-0.9040134570676586,0
1.7440855037027183,-0.873705693219741,1.9561213104833977,-2.6566726117719024,1.0688019274239444,2
-0.6631920594989007,0.3893646792502113,-0.3957633924516078,-0.8350866880752913,-0.5381524109977117,0
-0.6396019901023385,-0.6751571726934593,1.6139203962663489,2.6725387739614925,1.4899398305437237,2
0.6238060717867044,0.2769465717419325,-0.7855380280705972,0.797087424553992,0.6402384511470806,0
0.921551743803598,-0.19255184292269,0.5993886899151082,-1.0858997718725385,1.4159403380994475,1
0.565957169914538,-0.598171469004436,-0.7073130438927708,0.7371621387758558,1.934424752487752,2
1.1637609490534813,-0.6086491053008365,-0.7912388433891966,-0.740321238339548,-0.9434346530192524,1
0.5918716935586937,0.559804270620032,-1.6430192932074483,-1.0417842739060434,-0.9259480095735412,1
0.9357606224126654,0.3699255177075363,1.237931812243288,0.5864799868037415,-0.1403900643464686,1
1.7880712233206304,-1.2834766215697848,-1.009407443800203,-1.8922731608059895,-2.067757893101987,2
-0.747538069463325,0.1314961512556139,0.2874794199944673,0.0483880725406702,0.7474515162962381,0
-1.0206539539201822,1.322365156441328,-0.1642009664041668,-0.5555948793245946,0.7629226716964314,2
0.2004354182908509,-0.6356444353397068,0.9703935316867756,-0.9322860304092924,0.3214722380822654,1
-0.2670280710186369,0.9916832451626936,0.3400227906311852,-0.6416360807163628,2.351122552762968,2
-0.3531215341467036,-0.1441128459597762,-0.842456137417497,0.0364419354881892,1.43888494208047,1
-1.5744602715410687,-0.6196842478467947,-0.9478464171942836,1.1607786807485203,-1.2105273059577215,1
-0.5462421198649352,1.6272031581042803,-0.0792120510374193,0.8475718859183623,-0.0549977249952825,1
-1.2529194789927809,0.2831628984910808,-0.541605787018447,0.2304939566174657,0.4678896640534999,0
-0.8189226530722435,1.292200936880485,0.0334431413201352,-0.9406985348159362,-0.988543720113488,0
0.0122682908112886,0.0108630420061469,-0.6438142991242449,-0.4793099889495574,-0.8821901226111829,1
0.9480823273069492,0.4058036827719345,0.8369703787723405,0.4766252955122912,-0.8850623038171544,0
-0.77703831224694,-1.1631251590653644,-0.727318759391425,0.6201041551562957,-0.652720222162462,0
1.0404630196151743,1.2645129859828037,-0.8816345819788597,0.4904630929151495,0.0752743691715969,1
0.2003431732480625,-1.0087843508001042,-0.5928082217129421,0.649860643203183,0.0606982079454461,0
-0.0339557868273257,0.5275959811855593,-0.7407706910429197,0.8036962094540246,-0.6186659119150051,1
-0.9870932936187494,0.3483115022562604,0.53414523754221,0.2292402405454127,0.593708077250207,1
0.9205267497694922,0.2326023116549642,0.6026177490746952,-0.2701228066695443,-0.713054417762046,0
-0.964374907097125,-0.9264724690928788,-1.5509756081090265,0.7800270683471399,0.2656519606447914,1
-1.367962123843839,1.0441082007722566,1.3503111443292537,-0.6812570353151296,-1.3470329838172208,1
1.2594276440879677,1.2544017702624104,1.9185826609669687,-0.065530058201693,-2.135476184622666,2
-0.0894924063097083,0.7796516999009282,-0.9870762166356858,0.2395875802264897,0.0922617283461144,0
-0.136357933426722,1.347962471850902,1.1481519731413992,0.407645508702541,0.1214350950836825,1
0.4018231360424191,0.2537875980926978,0.4171475906927545,1.175880492600863,1.4066248591711312,1
-0.0232436021779544,-0.8042358660248996,-0.44458311826246,-1.149623007881012,0.1441231176501342,1
-1.0093945571134495,0.5291569309569285,1.0287634818239388,-1.2783534533335896,-0.7574069100956018,1
-1.2670586566296371,-0.1462713520716017,-0.0248009020122626,-0.7009434101064224,0.2597796599891319,0
1.2363234129194245,-0.1784847682232085,0.7988116910882834,0.8293249634431012,-0.8793795281922384,0
1.0951317518842598,-0.920207428784944,0.128922880350292,-0.4803799844903872,-0.197636056519236,0
-0.558218534158691,0.5905857536425827,1.0960444006395176,-0.4859348089668485,-0.6972063777538358,0
0.3435709578471126,-0.2777737337172132,0.4782034825172896,-0.403246885573424,-0.1890924260343683,0
-0.2076849827707066,-1.7533626433629776,1.530164545238934,-0.439293700057871,-2.355959457746985,2
1.47094107425259,0.0859879082037227,0.794220878701677,0.7823991916526557,-0.8435576294333411,1
0.0390845103469782,-1.2678750430195929,0.0296783241258289,0.1573335207819719,-0.5499652287611944,0
0.2450328818854089,0.9376933277307876,-0.1818203927980879,-0.9806682107303442,-0.2872930432609696,1
-0.8193471567492384,-0.8690394704242734,1.92929603743488,2.089346877706406,0.0785754646080068,2
-0.7911753798975752,0.1509881018191203,0.0142105482656954,-1.1300958496114144,-1.0065568365908315,1
0.5841601290729614,0.1839497247240289,-0.513661650785293,0.1067883056474593,0.6050402662252086,0
-1.075043896893683,0.4102827259672441,-0.9101647135425084,0.1797333442966943,0.9144752079307495,0
1.1185085930207137,-1.0116621493369051,0.9069544932388194,-0.0752646674239986,-0.0876238014837007,1
-0.432149616459255,0.0286649710591316,-0.3454783136361144,-0.7210535254153657,1.2048372187247975,1
1.2309439630809018,0.5300053115382358,1.375311168178048,1.3351783192402191,-1.1453851391532344,1
-0.1714621211479968,2.016809662225425,1.6044633239408566,-0.030779331228274,-0.7455514285935666,2
0.1368472997473766,-0.9848692253116158,0.0354856789835302,-0.2445831770037513,1.4994634170529082,1
1.9950189013629085,2.1452225421015387,-1.654732359950052,-2.544528502651493,1.346260323920725,2
-0.9967648500443088,-1.1350325586751182,0.1667750153830269,0.3570257161880669,-0.3872096670591154,0
-0.2319256681600916,1.0343155545728775,-0.2818337014224592,-0.4183179839427492,-0.8272387780408026,1
0.9998534812831024,0.4068574699724976,-2.2309824739505366,2.6106940267570016,1.8691162707623616,2
0.1234385149232771,0.7669496698731224,1.1294624424281905,0.5204106651686518,-0.3293090986752813,0
0.1458105082012109,-0.1810331760977993,-0.3073197110947803,0.1638361787864587,-0.7817205687458124,1
1.0928498243114564,-1.4188660790405414,-0.8763086397929477,-2.398402996955453,-1.8623811789926128,2
-1.3729301925109416,-0.2366482679201235,0.4743131263262908,0.7480992566088907,-0.8254012186871631,0
-0.1975622389623399,1.118872769787647,-0.2623583553953723,-0.471333321807619,0.8975301455820005,0
0.1726885102673711,1.54963676412264,-1.0960433464551462,0.7093298367167258,0.6142422519969686,2
-0.6523680071352601,-1.781959220698326,-0.2040168668873058,1.4522051916993444,-2.301118286710712,2
-1.1471640455285643,0.8982744857953985,0.2194310216087258,-0.285069028234258,0.103194239649148,1
-0.0628473055007817,-0.3624846698001766,0.2777184718254532,-0.436992703360614,-0.3041360758453847,0
0.1351169954151889,-1.2393676864093794,-0.4022837256239633,-0.0995178970448567,0.4236280551367696,0
0.2470684645341617,0.0744220481017443,-0.7762157542047418,-1.1017262499073668,0.9079387098400904,0
0.9005026513519081,-0.846015555658807,0.5666213312783331,-0.930252699291092,0.6649254865545754,0
1.1435327844506364,-0.6014625344185677,-1.0716270510993993,-0.4168704441769979,-0.5116418794047193,0
0.9245206090496436,-0.6878817870634869,0.7244210989036451,-0.260551403019843,0.9417914411960352,0
0.603435740331648,-1.6144599789668932,-0.8249286292504713,1.13284002117202,-0.3813028397912203,2
2.26683921159255,0.0356734310512492,-0.6849521894811058,-2.794865901734019,0.7513247753608854,2
0.9434120926130338,-0.9741771795764792,-1.1192102486347777,-0.7362945823908258,0.344900804978778,1
-0.8079124940652566,0.2387721799818934,-0.7366283772722111,-0.4830484952525375,0.4423578486863595,0
1.2333859496005488,1.29104791739337,1.286278889136912,1.177034482486112,0.2181022482610302,2
-0.9877503381644186,-0.0879861983530499,1.0772151151185398,-1.11879990751054,-1.0215482005751078,0
-1.170749430126317,0.2308369747401167,-0.8888172072449814,-2.243841287745613,-1.6952233686590117,2
-0.0953924848011159,0.3510194623959104,0.5071941338067483,-0.5363418570649805,0.3250981061226788,1
0.2030201482340612,-0.1503064696879392,0.1521512509453332,0.7251603379525007,0.7444011408886879,0
1.0352248058554891,0.7204167857103381,-0.0088358277007413,0.3605809262011307,-1.1330448525697292,1
0.8366594350965978,0.5729882084438886,-0.3557633057762632,1.0822630120015533,-1.2617801548155672,1
1.627006511028135,-0.8278584323363536,1.6128131249548354,-0.7498319130506518,0.857770516012198,1
-0.1166090784639569,1.0919150598475345,1.0487613356310683,-0.8876149239029121,0.866958178480327,0
-1.5381466807330069,0.4350182540502911,1.6076199723917488,-1.1971771114489476,-0.1568114568319601,1
-0.1211196248703057,-1.1393795645279057,0.5246386176895717,-0.8724500268979924,0.989117169075418,0
1.1395170140180864,-0.689030277026022,-0.4226616778813769,-0.0301231980591007,-0.576485954025164,0
-1.2725917233528552,1.0013779284043292,-1.095537196470477,1.118148970754832,-1.1837657914742652,1
-1.4121080277263138,1.097676195232245,1.0414588860111296,-0.1222003490937419,-1.0732842320272349,0
-0.5888763110820608,-1.1565628683512037,-0.1732631120807771,0.5493555371527534,-0.0738538208741298,0
-1.7384033830863956,0.833543557536389,0.1889358647101036,2.586702753693311,-0.9013193059988984,2
-1.3763691054105007,-0.2357483524826206,-2.248979359470253,-0.4569465079675537,0.5251724833337345,2
-0.9979086760973804,1.0455149927744984,1.0736317377586029,-1.0249412923036925,-0.5511811046098221,1
-0.8684387650781783,0.4139212197916894,0.71182023696554,-0.5271715243166184,-1.0186774312846094,0
0.5273762748515809,-0.0135097241175645,0.9384620375311032,-0.5115226240834454,-0.7305775505752063,0
0.0044482408219959,1.0983599445811043,0.902360185058516,0.9125196835875532,1.0097993449162488,0
0.8409064957883811,-1.5421462254000529,0.825907572680406,1.1304876177116787,0.2870415591150853,1
-1.451681363878125,0.0709395157982528,0.9024289681552836,1.5737757912679022,-0.5920774567193404,2
0.9373948444197232,-0.1795715771681712,-0.3968484397390744,-0.4581324934655058,-0.6956191427569273,0
-0.2327169052152026,0.9142572798396926,-0.7469491386969015,-1.6541277066876618,-2.1572169048355616,2
0.6217520292525287,0.2711458968763057,-0.2051414022470779,0.9507039812889458,0.9646775638992432,1
-0.6992586108888919,0.5929743739046716,-1.6734294119709296,-0.4537929577291664,-0.6266344106472677,2
1.6847890007062123,-0.2648456771283504,-0.5404182180125571,0.1991721603859017,0.6085770370785829,1
-1.3685440719069872,1.3429677133374789,-1.2631054565650606,0.8373904767243652,-1.0340710834149636,1
-0.1522952848256282,1.087215510985754,0.4830488770027526,-0.5526681713396153,0.7435557744575276,0
0.3411787599392077,-1.0397888283965653,0.0611862679659019,-0.4615904924225965,0.7349828077068266,1
0.7017204316699587,-0.0521781091790355,-0.0649613761757577,-0.9581608985896096,1.205515854528371,1
-0.6977750280517709,-0.2349115195571447,-0.4679698818459285,-1.0693630661669464,0.508092946382426,0
0.8770898324649862,-0.0172118273470962,0.2969845920075204,-1.6938381468368475,-0.7129124506422524,2
-0.220623682113862,0.4520338308505704,-0.5716313123715222,0.1881016052588798,0.7534455127185213,1
0.1224636122727781,1.2688629753532614,0.2899445689643765,1.4573257114852831,0.0808205978387015,1
0.0047216452187957,-1.3987643000324606,-2.1918572761222666,0.5480738954903113,-0.28778870116821,2
-0.7474836683214707,0.4856714446618988,0.8080484225110268,-0.3401144341371406,-0.0287203241737138,0
0.2246478772198309,0.5154266639797659,1.48953158295538,1.3729272093123757,-1.1178191740623489,2
1.9623297729256897,0.0480845075012374,1.9871506673206287,2.687388500843659,0.8288063656381799,2
1.2640045292917252,0.3230387687271951,1.2837723408698538,-1.046199195501606,-0.4676201751909576,1
-1.046515241338093,0.2769089695182463,-0.6386073893574389,-0.012094225411015,0.5171780253027023,0
-0.2323553193101227,-0.5246726894658054,-0.1473224175635988,0.7017534951206867,0.8625065839984974,0
1.6658719227640748,1.9166639367169167,0.8220180777451762,0.8386261519774763,-2.5702213755508145,2
1.3844276482927231,-0.7713473573575612,-0.4389864036115644,-0.0900484386894482,-0.0424099960170969,1
-0.3421505702728029,1.3610059292642984,-0.6122938114763414,0.9019891006120586,0.8961097277269883,1
-2.169837664412551,-0.1297292611674503,-0.7473417760993308,-2.4440626955268945,-1.206396333399633,2
-0.8770300326964326,-1.6955954279146208,-0.9620678026833344,0.2993017452683864,-2.0197072213854423,2
-1.4854969542790466,0.6985319276295626,-0.4399262528019691,1.6340534976124623,1.3433573285096727,1
-1.2215718005716187,1.0454143425658142,0.6564953635388061,-1.075818634552978,-0.6482820807553962,0
0.7372572238975583,-0.4659171188634382,-0.6706513023491781,0.0687656776187894,1.179058454506656,1
-1.1939467629393206,-1.7829541819999324,-0.0702098467908833,2.458152575221036,-2.159357958211517,2
0.1733763096528766,-0.2199419592679749,1.2590254251092952,-0.1420589706585375,-0.2054372401123458,1
-1.3137130049232066,0.6292868856967946,0.9905405188488612,-0.7605790996703254,0.6587472230808643,0
0.9766636432155428,-1.4042045232300424,-1.0604491314451767,-0.9398811629175324,-0.7285343878733578,1
0.0828033022170382,1.1816545242048555,-0.3861076967873458,-0.4650043331732814,-0.5803048768334496,0
0.0034742101235836,-1.01791202219238,0.1601822020462469,-0.9057876910338606,-0.1458199544076157,0
0.1232448960533329,-0.4073460286404332,-0.2980048758351931,-0.6258496411901302,0.7303466934992107,0
-1.2262185948555135,-0.6351570739197323,-0.76167731264373,-0.4746069325630739,0.3029141026149315,0
0.6888151564275585,-1.162601875429857,-0.4667934661386469,-0.5032193385892649,0.1923712376306258,1
1.5971928886810638,-0.1049881341552718,0.0131551826609379,-0.1261926002273655,-1.2154531002131437,1
0.0777860836854141,-0.5834551951262019,1.4485608968138952,1.1304201596041066,0.3545998200126627,1
1.016659817686276,-1.047378096478224,-1.2495312948632034,0.0324655083989865,0.5809090848950768,1
1.8403264652793645,1.8788293573227592,0.355826164370992,1.2483146434806915,-0.0497188353499071,2
-1.6440030401775605,-0.3918934506151518,-0.0252559231505266,0.2283814914126889,-0.4725580611394758,1
0.5969197026266724,1.147981779562798,0.257066650553959,-0.0611866830603572,-0.9296792898822872,0
-0.2115000172451008,-0.4581131661898714,0.7724362155813566,-0.9968294244546544,-0.6395276844096396,0
1.1151791131043354,-1.3943875326191089,-0.6469233760553535,1.896329633308461,-0.6051349840403162,2
0.8391860117714851,-1.4100795782627278,1.2943289094737165,1.3014519447938366,-1.0290612034432616,2
-1.3698667563432398,-1.5791795498723928,-1.3712904509541857,-1.1319411431689042,1.5704601680432315,1
0.3736507216968984,-0.8717925956330869,0.6525997493126843,-0.2801603785409955,-0.9972558768968168,1
0.6862267639712535,-0.4842277861678486,1.2766023842501226,-0.7354346439603919,1.2008730378941874,1
-0.555338646948419,0.0212796636659052,0.5895674612063839,0.4659389638018563,-0.0569747050878538,0
1.1855973104480575,-0.97075352222312,-1.9898469334501407,0.5121675558673647,-2.5211257186880798,2
-0.1142902513262904,0.3709478422688513,-0.402870877903401,-1.0669971107978795,0.2473245127561217,0
0.6892549452631328,-0.7126703385524185,-0.0950750408784603,-1.0671510385771672,0.6127375227675862,0
-0.9028506614119262,0.4783426551634852,0.004197798752047,0.1890558965623808,0.9226297408658648,0
0.2400724795557029,1.1348699259304402,-2.513227998291828,-1.154932218223695,-1.494156039271353,2
-0.5464571867881333,-0.2762622664833519,-0.0835059051737799,-0.9934619068706808,0.7247679173224617,0
-1.5654000895920896,-0.7628103451821688,-0.0514793254169629,1.129689814147902,0.5365335787439608,1
1.3700416476154278,-0.0841904523079163,0.6830493754882742,-0.4333960760728916,0.7882643497127736,0
0.6819111277378815,-1.611386832674789,-0.013055228211158,-1.6278469563251097,1.5872337594880122,2
1.1963583250682257,0.3672458414596311,0.9855492961736334,-0.5475682886430863,-0.1410733118067951,0
-0.1550706611996967,0.1046818658475116,0.2088579845576622,-0.7785448639606604,-1.4610114393409752,1
-0.4054432172719018,1.3971799696492238,0.0915197637114401,-1.860131804683349,-1.8110090693064684,2
-0.1946682188141069,0.0230843926702078,0.5528586854644497,0.4781908592050747,0.7348494658201868,0
0.636893158944256,0.5981059383383327,-0.9948383746503204,-0.1226165368533471,0.4864163770175478,0
-0.3293418755819296,1.0990035883422198,-0.1868084540146078,-0.2121613787221669,-0.4276326241549402,0
0.1325464875605219,-1.4551293736317903,-0.0414393031029562,-0.5551710056764597,-1.269411621499246,1
1.0564496798914744,0.7092463003387408,-1.0730598763967265,0.5773527239794433,-0.4868792948663943,0
1.6999929204473567,-0.3662948875376079,0.4715233244939378,-0.2095141196680031,0.9763064032811798,1
1.2410744031170604,0.2536962069474884,1.206296889077723,-0.8428015603359162,-0.9573464956713852,1
0.3751746750702194,1.827486025702692,2.56577726222778,-1.6253306611088518,-0.8644832228169564,2
0.5708880489606234,0.1402341427877259,-0.7237677250127461,-0.2188920473337175,1.0423466452217445,0
-0.8086583153246163,-1.2560057049258952,-1.200312744478336,0.85909114789609,0.681188357304486,1
0.1856641840228014,-1.140065541859561,0.7011278489355975,-0.1195444823844996,0.112776141554371,0
0.5752193960487453,2.171467550483454,-0.9955895664930752,-0.1868502223764639,1.0779232514209425,2
0.9810431568794876,0.0206788397485868,-0.1733334678531009,-0.8163804598553199,-0.8788199019309232,0
1.3215234501642112,0.1943083557950683,0.3970133596118522,-0.7252729542978802,0.7408958683430892,0
0.7823905881723756,0.2786813834651729,-0.1597164137395032,-0.7522919696136716,0.0428285954943122,0
-0.1731226482339791,-0.0094353829418012,0.7193558358236501,-0.8493927119512654,0.227687367971972,0
-2.0374264169634038,2.2541850963313617,-0.7139783712781795,2.664989385992126,0.6513546989190928,2
-0.3136544745293256,2.187436766399585,1.260297392141266,-0.7807021563762229,-1.9837577943690108,2
0.6675508246480419,-0.6354961958677985,-0.0759767052156549,0.5705465039987925,-0.7817852354300555,0
0.2177579585620565,-1.0450642742577143,-1.9444577197121615,-0.3708333411884978,0.3285608631059583,2
-1.1374383684995264,0.1309999081577577,1.4802434522977022,0.4177922295379678,-0.9572540080490346,1
0.2499006258750078,0.0502100553509849,-0.6068461808030071,-0.7741545102392945,-1.0132075896010655,0
1.423390188972168,0.651463518537907,-1.36334282189103,0.7417378855935735,-1.3994921073195972,1
-1.3129845339056163,-0.4952247451112768,-1.9381107279738297,0.1070141235092741,-1.102629864835461,2
0.6202487280972298,0.4840074408529222,-0.8343108058601498,-0.6710302775122066,1.046729597604659,0
1.045483094757033,-1.760847652517933,-1.6002074879765482,-0.3622896407038244,1.0260678249151527,1
0.2558119274248526,-0.7069414617707583,-0.2297511955047971,0.0075737594787439,-0.0660696381360245,0
0.6894168006454016,0.3064721256243546,-0.4438814105970138,-0.6190790171194345,0.0490571874447649,0
-0.9162893230789596,-1.139854995885793,1.069065858324626,-0.2182813278556296,-0.3457483038597361,0
-1.9957779519640648,0.1567691573489724,-0.4692986005380474,-0.6615594990597874,-0.1658200656274443,2
-1.1340603882801437,0.5996775294874345,-0.2970448399489458,0.7447818056328424,0.7302425389131822,0
1.109738673164378,-1.080139979966964,-1.528647315371532,0.3127475997339966,0.1420639395732547,1
-0.3677721145325238,0.5395413831055695,-0.0470649596540825,-0.8257307660457459,0.8479012754665349,0
1.075642502324485,-0.0639377110981398,1.2546209005583862,1.5444690361004367,0.1800175625275102,1
-1.3673146709824977,-0.7369762964698391,0.0249195155054387,-2.3517137460750845,-0.1845372099721001,2
-1.7954927413537414,-0.2071601440529937,1.501152906136386,-0.985336369844278,-1.5361830129297005,1
0.6162573926528305,0.6640279335203207,0.6078136724729881,-0.7116530642313325,-0.7958770709447447,0
-1.0283552925644524,-0.7172674540798641,0.5838630118800556,0.4251891603334474,-1.0732844215785031,0
-0.6289817101368302,-0.4705114217277313,-0.952886183527278,-0.2409919989570864,1.099933535770465,0
-1.0511446061406695,-0.6755097035463231,1.0769826851862083,0.246233096638049,-0.0479534929168893,0
0.2216925668990832,-0.0154186934173871,-0.2772388508300884,0.8774939516541759,-0.3875804458250074,0
-1.2247683047362572,0.7093344139949359,1.6185395662358222,0.3426704855133202,-0.7911429736250665,1
0.0482919933545464,1.4003052548076804,0.9190364161770423,-1.0986577503210693,0.67110155061121,2
0.8655210923495485,-0.1652326815428556,1.214410478869539,1.5513269335313258,-0.963742726826854,1
-0.9001596462964548,-1.117461206637678,-0.6794114035558461,-0.829836895673431,0.7829563143165208,0
1.1377048780463528,0.0244068700976922,0.5150933744917228,-0.8071514670281409,0.7671634188173387,0
0.6081155619043513,-0.7757197470008713,1.0503858667702757,0.5335872457788037,-0.4206349621100751,1
-1.048313013615645,1.3358921794187624,-1.584593591240965,-0.3781337450202412,0.4264459308883966,1
-1.1906519172413927,-0.1039318787404472,0.6726755128833464,0.7739320823936832,-0.0226175381633062,0
-0.5822819637210238,0.1004268964952729,-0.3869678852834234,-0.4802535230679488,1.022403434776836,0
-1.1478358219956877,0.7748728296219484,0.2127040531092531,0.4903358853880514,-0.3570825974628083,0
-2.2911733302586037,1.755287003654233,-0.1503313733171814,0.2492648442401586,-2.4957809190711377,2
-0.9241522151055828,0.9798556637487864,1.0363883870761623,0.7410567108113686,-0.5928355920957425,0
0.7535240094799506,1.4657427116751014,0.6902593035109509,-0.7898426664914889,2.531450509274443,2
-0.1118694098964753,0.052747713128041,-0.7193329119744309,-0.144016648240158,-0.1474270068119323,1
0.6509098748677549,0.806210505355203,-1.5417784230209322,-1.1912461226480695,0.931999291208371,1
0.1798594714272105,-0.850216161260283,-2.134529025551742,-2.3320634226617774,1.2117304512545288,2
-0.2545873443992686,-0.1224073457300805,-1.1288193255510202,-0.7208991384732842,-0.9111458746493366,0
0.91297960811521,-0.7967332709591267,-1.5025762103442768,0.7860599006358424,-0.5616798964820245,1
-1.150172389086542,2.0124753140027067,-1.842557728752544,1.6185377641031689,-1.9602068584063377,2
0.3099099439324512,1.5956343291959831,-0.2424204296277392,0.7114553620915712,1.5968850479970342,2
-1.0181629710076443,-0.1634904135297652,1.663081638111457,0.4289949871896594,-0.3079909674486671,1
-1.3551163702731923,1.5909153680584158,1.4455300266305178,0.244516986349037,0.1476781208261025,1
0.1434797896882391,1.2848640159790854,-0.6150512634151963,0.1526349394104419,-0.3668589201501219,0
1.7878632568637716,-1.0140160373320848,0.2462801895049824,-0.4234764013062128,-0.2043941735410175,1
0.97952033053929,0.0442842641532455,-0.4431393438223415,-0.237840226342354,0.0461345841800583,1
-0.0750916440518665,0.3033690969436494,0.1186055854690669,-0.7976706285117817,0.5610416459384997,0
0.2627749894854621,-1.1846222365586554,1.1745433846488331,0.3683771377291333,0.4127871012974109,2
-0.8734392324367743,0.5852502558017074,0.1855524525801313,-0.3489741949522084,-0.4111006321273712,0
-0.6252742982532916,-0.2715897017739608,0.4117418698538239,0.0032679965589065,0.2153718986226079,2
0.7015596695086842,1.3899671343987252,-0.4365848672370825,-1.1234396205106822,0.6087726312492059,1
1.5035238025945807,0.6662429375493435,-1.1291326492007223,-2.144192615522924,-1.059244533205264,2
0.0996988883336501,-0.8514263325423699,-0.2706676588687408,-0.3955890413296788,1.0310616761173377,0
0.992643071801022,1.122481418386832,-0.2705569410407749,-1.0630967039534736,-1.07961292158037,1
-0.408377130137687,1.5983260793099394,-0.801371028896192,-0.161803548729072,-2.0155093252549205,2
0.1070395834769953,0.3724994554182648,0.0336999271328096,0.3475279995188391,-0.2277339341972088,1
-1.8502977810445775,-1.4588275939619515,-0.3612672808779132,0.2978629226344265,-0.8156744359921435,1
0.0053521135483345,0.2034854373679668,0.8071535598939663,-0.7882194260671173,-0.9631240522508036,0
1.1455606847475002,-0.7437013081355922,-1.7266527688030235,-0.5530091797203474,-1.6468837956106213,2
-0.3552989530125756,-1.299946884074883,-0.8156132251517295,2.5890979937712992,1.9766354209398749,2
-1.3643643680702455,-1.4876362821345035,-0.6097951226760664,-0.4025510218045606,2.2149301640470607,2
0.4876112284582872,0.3202738000645576,-0.6423208075116641,1.3295766635899593,1.3541637419576218,1
1.7556507379766435,-0.406519769344708,1.8044457211517155,1.277230680418772,-1.3368387563067317,2
0.5962784407279063,0.372434451790445,0.0746551553264003,0.8564957068744348,-0.2688586414680878,1
0.4653677518327361,0.950510902624072,-0.999526314419652,-0.7414174460692834,-1.079573789077723,0
-1.2037899854855094,0.8927462799750079,0.0409663006947689,0.2308974684017204,0.6595978410050962,0
-1.3336201682813411,-0.20217957853959,0.3266026603376555,-1.0501347103950591,-1.1757940013931598,1
1.7155282759491348,0.5349911743451427,-0.7963517325670854,0.3565414825072381,-1.110794218525217,1
-0.8251930173301104,-0.12789546484518,1.6520814294284003,-0.2982259796939226,-0.9687567423346408,1
-0.1998236689113531,1.575111877537429,-1.5290021777145983,1.5958867180852716,-0.4724098331456466,2
0.0893133585049264,-0.0074580523144561,0.6553689547935552,-0.7676088996676599,-0.2913231640472837,1
1.032650830844832,0.9626750838388016,1.810593262973468,-0.2006180259179218,-0.4899920882600586,2
1.4170645427959458,-0.3898766860617071,-0.7241955599607234,-0.7690448541229895,-0.6107159307667698,1
0.8558299805330342,-0.3297777929643034,0.2842202097659054,0.2631613338299552,-0.0335049918707028,0
0.7853978993460096,-0.8013852353395717,-0.1884024945361515,0.0528772356403835,-0.5755207094606699,0
1.908239602376808,1.0428978140036034,2.3426598201534,-0.1609845184308582,0.6595706744761223,2
-0.5775677669265131,-0.2960707477504526,1.4453340700619128,-1.72440742601733,2.2228747242167737,2
0.4966528881713667,0.161191502591236,1.3914245912191656,0.6817398481332712,-1.1283200387160852,1
0.4541767743968651,0.7692138516257216,0.0207546602068632,-0.5189998786363317,-0.4419089656151184,0
0.6822913429590014,-1.4520909081367968,-2.24159687317489,1.648448983777251,0.6912438359518565,2
1.2600103078438305,-1.0459119946978193,0.0912835446709138,0.9033840365825324,-0.9141624011391564,0
-1.8530177669778485,-0.939097022521915,0.3135473116901201,0.5245221792419017,1.5217140583786328,1
-0.283834301853866,-1.566054931979456,1.628595447592422,-0.0811524972866019,-0.9972909135976208,2
1.2224068615735704,0.6331036098459532,0.8009477067324644,-1.0245651813164638,-0.7736061025811973,0
0.3587472618306263,-0.7773402421634881,-1.6591276548661371,1.380396664720236,1.1892125379140588,1
0.2328418334410948,-1.4413999795145196,1.8168445931415849,1.1257118349856927,-1.673080487231147,2
0.517677747665849,-0.3740428887946809,-0.978516394143452,-0.9667761066574576,0.429569094804111,0
0.2013099118258469,-0.6388826969855135,0.8552424061969951,-0.085277839907935,-0.1796952081046579,1
-0.8747254175875836,-0.4321570368805342,-0.4095576816266464,0.9786566309780492,-0.0087511110332127,0
1.1849696744339653,-1.2005913448134409,-0.0638796412651887,-0.3823227296431341,0.2347840727776932,1
0.007400261244264,0.1215265450483179,1.818912991094032,-0.7243615616900222,0.058157425191149,2
-0.2806503185651147,0.9795916536270862,1.040187649866916,0.4121785727734709,-0.4649283834771868,1
1.6882839644104397,-0.1583255813633231,0.0008164381483419,-1.5922481309296113,0.1788177662375251,2
-0.4153572913600865,-0.0996913720218547,-1.53772511783676,0.2924248734298953,1.197806491899833,1
-0.3891062626894205,0.4365680713420909,-1.7327353797708671,-1.610048713611843,-1.2676887776476002,2
-0.3692866419169293,-0.6828217801628687,-1.4139411348358226,-1.0611006927982518,0.0659155362672493,1
-0.809309837953779,-0.748845044627622,0.4602066389939447,0.124727026825788,0.5104411403701269,0
-1.4554512688142849,0.8606095133212724,-0.0703502652151766,-0.5868730413924614,-0.8145362667771561,1
-0.554946443929175,-0.3096747046721725,0.3751080972556079,-1.0052935240004506,-1.3985011178281666,1
-2.0825536723993574,1.3224849779505277,-1.3284523730192723,-0.0369347398593157,1.2642886901294004,2
-1.1948518314189438,0.1813163549859501,0.3071884509238403,0.0235507063216866,-0.2548915187610506,0
-1.6657226309840358,-0.3253858268302699,-1.0243174179091254,0.7017250964467274,-0.0533082588194751,2
-0.0410000629900133,-1.1515346859180091,-0.2640474867111385,0.7810676571349021,0.6665417933354366,0
1.2365380727493065,1.172767807542028,0.8160485247190066,1.3461714168866177,1.281842874307194,1
-0.9046845440342588,-1.6539544012198244,0.8289386115075996,0.8043937972910838,0.904978814664436,2
-0.3640167138171924,-0.4145534736437676,1.1364391929606916,-2.232538487592324,1.0277201365671809,2
0.736668414931085,0.1832169553850953,-0.8409098412020123,-0.5222410837769031,-1.751574906413098,2
0.6215525400148001,-0.9682718761646808,0.5920073786903574,0.2638571104790284,-0.9625021445220656,1
-1.3700163892388024,1.4189154409914988,-1.3073835235145663,2.180292653159724,0.7422419236035656,2
-1.397200319339026,0.7878400631203647,-0.1126808861575725,0.9739464452343536,-0.1822005395078874,0
-0.6392127123289383,1.5843407240600522,-0.6704823196607859,1.2650100056868276,1.5676307493524646,1
0.3727268811936435,1.2085019116602205,1.156279593441883,1.1766764288444602,-1.2831558657385405,1
-0.8378191228140138,-1.414412866417946,1.905303947028535,-1.795800121578042,-0.1030761386245629,2
0.6740482329287942,-1.5904625174635831,0.706731911001228,-0.2153484956127019,0.6245735243879151,1
-1.362419092875753,0.28979294781574,0.9175095636461256,0.8223585851998451,0.9308304013695242,0
-0.7289283144623149,-1.4826671361628012,-1.2488583544204253,-1.6208631116006476,2.390075240563735,2
0.9139491142884044,0.1913689221851325,0.0462090523814693,-0.2308621989557887,-0.6767309855161839,1
0.01581818172685,0.5555524361689825,-0.7737408166885609,0.473871308643518,0.5402183464026185,1
-1.3526072715094573,0.4818024123982845,-0.742491730090028,-0.6782783753803947,-0.6761309822261132,0
0.5478367305806733,0.6173382384065248,0.8295496720330869,0.2640234666411157,0.5746892815609098,0
0.0775579993462135,0.3461508097123058,0.0159126049138781,1.6807927112217926,-0.0780616076084436,1
-0.3231018795733252,0.0943064050663559,1.5865388813902983,1.3383545850922955,1.5314156244343229,1
0.405962265794735,0.7386404821759692,-1.6359335998833298,-1.2054565658627288,-1.9893840477771485,2
-0.0292570689920449,-0.9930834161711584,0.2511638476026858,-0.4312540384288245,0.9591775736923468,0
-0.3653820822821564,-1.4136370279811024,1.3505683552619907,-0.5944410809149882,-0.8571180966283908,1
0.5650791281862746,0.1536229880355677,-0.0853792068499853,0.2480773055505715,-0.0280364910404122,1
-0.6431494988119083,-0.5785519848717916,-0.9935163566461754,-0.2735398926480334,0.8999878174891444,0
-1.86513103287056,1.5930671504137726,1.892260519869425,-1.930478211097896,-1.1289487234902675,2
0.6139830614102851,0.087911861117342,0.3381998972473755,-1.1236165869234331,0.7137495152522131,1
-0.4049630697505825,-0.017259541847888,-0.2843353183721254,-1.6718058318544726,-1.0592293472043466,2
0.3191367102547457,-0.3037929557654827,0.8754725779656731,1.4288336924492562,0.356447480055253,1
-0.6850279994773228,0.0312362523736314,0.5306673793455193,0.4480692982876201,-0.9248874132597162,1
0.5730407935047794,-0.7332550215865947,-2.4989158807080734,0.4567870445127982,1.9046364829509972,2
-0.507500195683466,1.0025045479951942,0.1353037287735506,-0.7204749034380561,-0.3746872625929777,0
-1.0601478818995729,0.8343740737874892,-0.9682691319464848,0.0701607311426636,-0.1232267450327491,0
-0.1012652905923813,-0.4184060622978207,-0.7316429911677506,-0.5741721291860369,-0.9219255307505246,0
2.205218621499061,-0.5963948179968368,1.8580817207711424,-2.791417854938209,-2.131162771876401,2
0.2691960140614453,-1.1148629070351852,0.5146228119992406,-0.5127623333017748,-1.039484508873539,0
1.0940805446647903,2.221738200794712,0.8003202729432118,-2.768604150494829,0.5278822979549428,2
-0.2110281883911487,0.4050373366705035,-1.3915687634395888,1.4784420437815708,0.5319412958025598,1
-0.0879382875902032,-0.5726179691241904,-0.1050792040014395,-0.8418811106060031,-0.2529366985453276,0
0.5814484308430322,0.4299502394975187,-1.7679595708227462,-2.4056213719379054,-1.4244445152257486,2
1.3464589307594987,-0.8543594649935227,-0.33255746333428,-0.1107552178471555,-1.2265085975261982,1
0.7581441749556425,0.6993006526758806,-1.120203867211772,0.798654625678324,0.3506051662213069,0
-0.9958435520938514,0.6962703505926934,0.6701134358566315,0.6732632463080287,0.2675054208439433,0
0.3656725177098277,-0.2443493063364568,-0.6175796000773484,0.6533009156293361,0.6141631897919421,0
1.6132663474015154,0.1830331335029297,0.8757919525957681,-0.8775747292957017,-1.4583969213329588,2
-0.0380075116410809,0.0965072097635407,0.0863247926361549,0.6076552116173058,-0.2355684315683236,0
1.0245277148483276,-0.382431326068501,0.8313911150960208,0.7301821896468471,-0.5625894255977064,1
-1.7282933452331957,0.2413623727239023,0.3310489618409669,-1.8744478958309707,1.3066761268965217,2
-0.3630368423745752,0.3986491652815577,0.3385425468580312,-0.4254280180029204,0.0707285133988993,0
-0.7504941925488386,0.6204854604019648,-1.7522241813702413,-1.7577562641722846,-1.231357184082008,2
0.0749435216169799,0.9688132869562543,-0.7275926305731506,-0.4764634151095167,-1.1172149900028705,1
-0.9183219275076896,-0.7786223632875734,0.3756138462081637,-0.2031593272700736,0.8502651555165284,0
-1.1915326960690449,2.221348375339648,-0.2964916032364356,0.9443815392517876,-0.2236902409684024,2
-1.83193448534386,1.6875177152088292,1.7353324303804354,1.5383718189019069,0.7276218780827449,1
-1.0475353780023386,-1.0335430141808626,0.6329480653809506,0.1750782992896147,1.1273194656576302,2
1.2254996825761666,0.781757807836191,0.724700709455972,0.5562742410276128,0.9527423838579124,0
0.7016003061021678,-0.7432643818792506,-2.2271127768458623,-1.3128822828123985,-1.4416192744018208,2
0.9941983771942394,-1.033026402388224,-0.7084468334074883,1.5139702679567977,0.9179285723266564,1
-0.5926182593266023,-1.2210627676213406,1.1204913418722375,-0.4386840519181361,0.4943435238799075,0
0.6794370811203898,-1.293844761117983,0.4489681745482177,0.4718856326360423,0.6878534583097299,2
-1.642678930129829,1.3960157196577283,0.1124911081472091,-0.7692475931376326,1.4212926406324136,1
-0.3337660963196914,0.8265066353916295,1.0339556458755503,0.0675335239624543,1.10028532400567,0
-0.6792471716506394,-0.3251312143917241,1.1922014481904353,0.7969751165585348,0.6071852434409677,1
0.7504888011613666,0.8294472678001968,-0.2856163188456003,0.98980219720586,1.2225624959622563,1
-1.2629840165132775,-0.3119315673857804,0.0009110412124944,0.0384185689354884,-0.1889170375772663,1
0.4067780554639862,-0.1326807837529637,-0.0081105614368811,0.3892384829014638,-1.1099557204591195,1
-0.6514564585880712,0.7004011074496096,-0.8917488595296387,-0.6020285534082853,0.0157421422983255,0
-0.4980335083445919,0.7884251127284327,0.3662626107239266,-0.6121639071389637,-0.1596433536474983,0
-0.0931750447280584,-1.18318754612335,-0.6816105737179188,1.5886732486897026,-0.2287446186270754,1
-0.3638227541675311,-0.2495371261158509,-1.9044166548654884,0.719308996671645,-1.9054143602175768,2
-2.2473434191863144,2.0455451933426136,1.1965258901497735,-0.2516199705449742,1.48094376638199,2
1.303503381235564,0.1470102281570282,0.4664190663075324,-0.8657282569243132,0.8438486396683109,0
-0.3547770063620367,1.755912189880892,0.4653344867497477,1.435781564426913,0.5562513243986804,1
2.259242563724448,0.3191394195480823,0.4492905250700835,1.985684228490374,1.2583674600394654,2
-0.993628814575664,-0.4337784902132716,-0.6384274182042018,0.2080666759743303,0.7545677700595574,0
-0.7841376989175083,-0.7026799287920529,0.8436004046088822,0.1742781617475627,0.942904451730854,0
-1.262925052333581,-0.0471391087860919,1.1276718631343223,-0.9295516795431004,0.7744036561229533,0
-1.104581021799974,1.084504410211194,-0.9157274775334264,-0.2283949534627,0.9154264783953094,1
1.0091298012197685,-1.139968727967677,-1.4344268432596328,0.2192998666281869,-0.7090828771544369,1
-0.3955639261128613,0.5541188815181872,0.9852965568918636,-0.1803079574149102,1.2229206404414112,1
0.3186638527065423,-0.2560506641420189,-1.069395007001282,1.18763737766669,-0.9684894030895088,1
1.3576258645221615,-0.5007958874009184,0.7983791524048537,-1.0095092265589027,-0.584148747721704,0
1.707186725094515,-1.1512287211039305,-1.5512113812936257,1.1424809019423974,-2.529711201429456,2
-1.4132104112828496,1.486796352033194,-1.959707153019952,2.5447718683478637,-0.1588948286720982,2
-1.085984539676926,-0.6291434696136216,-1.095431882798038,0.2551642861544301,0.2127159542416249,0
1.6784247953945888,2.078773659139286,-0.9135294333175572,2.7039174623931586,1.8469766071828129,2
0.5598963621647509,1.131783894961898,0.1339712079861908,-0.7903568502492097,-0.1612714728803327,0
0.3089982734312866,-1.2406340827282525,-0.8713600015508828,-1.8494204104155276,1.715280451998654,2
-0.5773779822181376,-1.6250161332055382,-2.33991385261969,-0.3341866621894233,1.882851424272012,2
-0.0600754170003723,0.7055348808916885,1.3682215197671623,-0.4962383484681603,1.4042537352455118,1
-1.7435621372807444,0.0852347100055717,0.8587886732850731,0.2419920881586194,0.3944438423786252,1
-1.581619586630021,-1.0152893281468225,-1.409689103151894,-1.0547806902088257,0.1311292619217494,1
-0.8421408126868979,-0.4223668035584588,0.3771195962376396,0.4277889876040979,0.0329369952180846,0
-0.3341282763600999,-0.3176670597474889,-0.0520864336562146,-2.2666365707189056,2.67763179177038,2
1.7105073020381572,-2.622068088303492,2.504040315227761,-1.3079738547900297,-1.0227200226053097,2
-0.1556761030439011,-0.8907422245015013,-0.0064211714584589,1.4075838379327803,-0.7250591892286318,1
-0.6761102668109967,0.5455893624575736,0.6624680723745879,-0.1704519845866122,0.2190483806033062,1
-0.0144357960028512,0.1968800031751965,-0.795388801781276,-0.4379129546151114,0.0672055281188286,0
-1.5658753692840466,0.1326742377901385,-0.243936344253725,-0.0546755984235444,-0.0105059772869168,1
-0.4402548973543211,-1.275918579135398,-0.3426566978369196,0.4393241515389242,0.5325364338519646,0
-0.777251166803075,0.4103143032103258,0.4808921780842747,-1.1310872264617675,-0.0299192033131493,0
-0.2513193166497617,0.7640125565187973,0.7118123712719735,0.9815476306372856,-0.7985677167781409,0
1.4747497847467164,1.3728990970283868,2.371585477605424,0.9041387506750788,-1.9427387246379533,2
0.0373459137462479,-1.4937298697704209,2.026601639628749,2.0941092977687124,0.5975892358824382,2
-0.6765933823216702,-0.6717136405946245,-0.1447042249942878,-0.3260708994157634,-0.7682863383225287,0
0.3224975832893026,-0.689402549407258,-0.6283321892771754,-0.4433938481011004,-1.019643688414439,1
-0.6747727640257923,-0.1154586872849993,1.3901624657470582,-0.8689867539128572,-0.6292142473978908,1
0.9288342820634232,-0.7538508404633051,-1.2184812445100404,-0.126237570882577,-2.260074323098864,2
-0.9338428516164502,-0.0110390324688235,-0.8091685988745669,0.495959132478279,-0.6064459018967404,0
0.7981120502864603,1.6139320668387742,0.5757008726776006,0.4774301652449039,0.3848809698843282,1
-0.5833981921174223,-0.0966188483126835,0.4663964380675029,-0.5898519893297757,-0.0718796138665932,0
-1.8788593101426792,-0.8769822239271602,2.0448001005121337,2.038679666756241,0.0522071771174074,2
1.1211604499962444,-2.648797716106741,0.5803243094118046,0.911332470025851,-1.968221317432017,2
-0.98764062266537,0.2851365638752708,0.6680406586236843,-0.0143395979511705,0.1109192390166833,0
0.3407316929783145,0.9105569006803784,-1.633657892846554,1.1816085336415614,-0.2954155278405075,2
0.4048289490072532,-0.0012511785547174,0.8273271825176518,0.4622442236835019,0.8619780937290499,1
-0.6413982959054698,0.3086392256554749,-0.1044868144335352,0.452215090568991,0.4298259172507231,0
-0.9825744646916564,0.7728633686142782,1.079444619821671,0.3668112778649454,1.4418736211943783,1
-1.1179944876827386,1.6617860484932618,-1.0261763042508398,0.7543171033586391,-1.040022388696165,2
-1.43188789648752,-0.2846403545221471,0.5474580745497347,0.9207144950479,0.8797466678691869,0
-1.1040340840362823,-0.0567190594687068,1.3268451505101235,0.7082023504360627,1.224750134745679,1
-1.6285590450178955,-0.9556158393433074,0.0319668752158062,-0.97929390053932,-0.6364466742209854,1
0.5494838876242538,1.5959371599220749,0.8296052166773127,-0.929047951400546,0.9558587524587028,1
-0.8911894233141547,0.1981960781904158,0.3280315221078236,-0.590166782184831,-0.1544064466361284,0
0.2127471068950962,0.9343389275100248,0.1281086135641501,-2.7630426872968807,1.1956678303905632,2
-0.6813223574729321,-0.7493175704763497,0.6699210737493035,-0.3965480329370646,-0.4511571685493458,0
-1.0546012762373362,-0.9879998939016328,-1.1407157722632737,1.5904075898938077,0.7883388969777484,1
1.06132341930373,-0.3300158644481306,2.164376442182241,0.5353582187556034,2.025489718143709,2
-1.2366684035554103,-0.6149624704006237,-1.036079618791005,-0.3877264966590908,0.1589847908249087,0
0.7380040553670298,0.3973178729716399,0.6370277914535807,0.1597418386005909,-0.6063197070209334,0
-1.7984112075348375,1.7908157275196808,0.1898397794942759,0.4927286412964554,1.1452235476382342,1
0.1411562515870494,-1.0161523618554262,-0.8127010285987037,0.946413455264826,-0.3003911332147123,0
-1.0019348745358054,0.5551895094041429,0.320051728038351,0.4343805598890498,-0.3871603945439453,0
0.2936930083535834,1.575785103474429,-1.550418534392369,2.494550406265009,-1.4262633336297337,2
-0.7949405372694328,1.0952241639032865,0.697725884930022,0.203273999683065,0.8022376861531723,0
0.0930093743838673,0.9067179460078426,-0.2423701124387697,0.54618932148949,0.1608114062629378,1
-1.0835332710292929,1.1023583390321907,-1.585401441298933,0.4873169267755571,0.376665625434874,1
1.5344733726009183,0.0020013256728417,0.6182035925394318,1.0652099168630218,0.8798337911787845,1
-1.102707082402658,0.6907863170932672,-1.3375021491022792,0.926103590803803,1.3456260556957311,1
-0.3964613032662997,-0.1941374656269471,-1.0686679527456966,1.52895383410569,0.2227208598069041,1
2.018972055158192,-0.8162882003229982,0.0969269269637109,1.5106454930731326,1.5996690069304145,2
-1.206100964164314,-1.4399663431637326,0.8667885337103222,0.981958263871725,-2.181435056209552,2
-0.5269618096850025,0.6737432530557885,0.0042275610903438,-0.472313478502083,-0.9262207726113074,0
0.4681737675301167,-0.5409638753224898,0.6556623136264279,-0.5677664527554468,0.489961428844937,1
-1.2065568300923115,-1.0088451648412151,0.4706549443570463,-0.3370871425888049,0.594929744508118,0
1.2737597113636845,-0.5491960082959977,-0.7026611706551409,0.1788873387066672,1.529365102138598,1
0.3278571474447252,-0.8862256172651463,-1.3453226816322126,-0.7169024717866954,-0.0037347792181076,2
0.9155629059171172,0.4165949267252251,0.0709934700739447,0.3531125670523912,-0.5226685955190536,0
0.345728475297579,0.5943963224887965,-2.0810158541960084,-0.1259584225147568,-1.5188286337328478,2
-0.637549529203836,-0.3654792354269801,1.4742676154723304,0.6559992999157063,-0.9662401551715428,1
1.069311707713566,0.4589272650885374,0.219877367458199,0.5441925794379395,0.2447015607117342,0
-1.359867201770914,1.01840748698953,-0.3543174245788336,-0.9270469869798782,-0.3236563965022135,0
-0.8174036760239474,-2.441163806654388,2.1677801508291834,-1.3326390378836366,0.6436249687158594,2
0.9532185030819362,-0.3397000769907987,-0.1345758869900125,1.663775990692257,0.003747200229429,1
-0.7546353423850648,-0.4430637842260116,-0.0710044693157196,-0.232602225803341,-0.1074911287769926,1
1.2578473361857456,-1.034737429012227,1.439423167784146,-0.9116519080087386,-0.1408215196139829,1
-1.190715736817566,1.0412601596474198,0.8250429870586341,-0.8967117294075332,0.624953947296862,2
-1.6011293533501854,-0.8028109232240581,-0.0151420535826382,-0.265454293159075,-0.7218850442335251,1
1.1009624043807635,0.1802921504463298,-0.1402579850324445,-1.069929275006656,0.7013436008303146,0
1.4658187134726546,-0.098348172440827,1.4578292488137186,-1.8502293798980407,1.9292987471392289,2
-0.6759388474267497,-0.0965598627910308,2.436273461625607,-0.2994576800146553,-0.7471743003360816,2
-1.588538557852547,-1.5390477575834562,-1.1021187620378086,0.7747018451886968,-1.254659989586083,1
-0.4526436434963628,1.6130326501140764,2.219650750530906,-2.2940520933243564,0.5157220689288383,2
-1.229228904440843,0.766266081110332,2.412293913131391,0.5224139335847554,2.5043718652041798,2
-0.501306680068156,-1.1389474107988298,-1.0500171266487488,-0.7801479274890728,-0.309381824983292,1
1.3171781377242349,-2.6509116930443994,0.8327645533527587,-1.013773837162133,0.3098758095699446,2
-0.0289878993107176,-1.0769132834447614,0.0432208413365011,-0.0938829771820727,0.1600156425530984,1
-0.5607990592345518,1.1441146385034804,0.3325878506150303,1.202315492002323,0.1698794399764751,1
0.1917572867491651,2.140424033605456,1.386412800721618,1.712339843197737,1.4694447439267486,2
-0.7814753223503293,1.0654379567567105,0.9713837431076984,0.162163955172819,0.8052578088282193,1
-0.2556465466678144,-0.2754903098213748,1.011508340014471,0.8255322545313207,0.679605159109527,0
-0.2515565472589084,0.6567662217650443,0.8323509606657332,0.2263618016315813,-0.6586484691604405,0
0.1569269667213285,-0.746970492586382,-0.1338066620659474,0.45494882768012,0.4597887228337147,1
-1.1012194049791733,1.2842196697525956,-1.0482285426026454,0.7489485789379516,-0.488987892891962,1
-0.3263195441543413,0.6383289701339697,0.935549428994674,-0.793592032735326,-0.6497145369208666,0
0.3942984173464059,-2.7766690850223816,-0.796707636419001,-2.3522203243876567,-2.4276575466167785,2
-0.4986656643980801,0.724594344610639,0.6900696974294847,-0.9408002873875234,0.9375390823213628,1
-0.7587135014721029,-0.8256649831451903,-0.2048456681034439,0.1471081675896574,-0.0343089586640488,0
-0.0718575652601235,-0.9804300517949138,0.9219105357867604,0.3956932539272506,0.2286496517775491,0
-1.294312798077242,-0.6371832510884176,0.8141964446075992,-0.1658751416869162,0.6942744275140867,0
-0.1677820983175302,-0.7967937499305935,0.9709604807133068,-0.2138489864514884,-0.4218973197322547,0
-2.2326606648007528,-2.5311714497538507,-2.208180340101229,-2.3289710893077187,1.1484630979264248,2
-0.1610751804633557,-1.6847649607692596,0.1725527065211014,-0.4638486758503632,0.7538780447075603,1
0.4800162852503273,-0.2350767492800769,-0.4545614082540847,1.4468919842786423,0.268782625842666,1
0.6070284909314517,-0.7063700332663543,0.0913038348612675,0.5302748218766503,0.9287710475791292,0
0.9701600338326896,-1.2237205634514854,0.7533685685878392,0.3285361967814807,-0.478007765544641,0
-0.5428391633186658,0.8897237065843053,0.3827994448950033,0.7267115012086444,-1.0141556317323956,0
1.6568961882107591,-0.5953166328918477,-1.6224896314802193,-1.0669255646566145,2.005883788208046,2
-0.9163894280897528,-0.0918358441917866,-0.531903817758953,0.0352720434079321,0.7814520411800068,0
0.2230235698871646,0.0430101513294511,-0.9074003641559611,0.0711010619233456,0.1796670109183837,1
-0.5254508555986622,1.3674829369603896,1.575055762361807,-1.0730056397097616,-0.6661704210109389,2
-0.3398774904007061,-0.3041807888310869,-0.5346970778309375,-0.2384128906450876,-0.5592044905183347,0
-0.8793527611958499,-0.8306830461292931,0.8995649116501384,0.3902535089241383,-0.3355374828827429,0
0.7177067544065909,0.1376441125454178,-0.8798251486865225,-0.8913178023698883,0.6355920489425899,0
2.4100016152145085,0.2810454032292349,-2.4634489344382944,-2.2225594994110134,-1.276652322367631,2
-1.0060725090852136,1.2225878517438569,0.9556843007946356,-0.4354391729190233,0.1160463040205166,0
-1.2300752851278074,0.9946169343318496,0.9494737903722728,-2.8205385217857906,-0.0742651794701731,2
0.0829377917693907,-0.2344140915324502,-1.9678967795276892,1.6612060577699097,-0.7792354306688042,2
-0.9497612199381912,1.613658391401952,2.140269100098446,-1.9073182816051728,0.79256510281203,2
-0.5798797795251219,1.735036587648885,0.528485125410262,0.6243155440934702,-0.6648674602760484,1
1.349513494257642,-0.9631634935515468,0.7906288656742604,0.4037422492755957,-0.472293825423615,0
0.777544026993949,-1.024731738873789,0.4767259537547085,-0.9502346189454718,0.0118125519107913,0
1.78907627358442,-0.146467988351669,0.8113783258987122,-0.9406949178232666,-0.1641216577034257,1
0.0868016816957771,-0.6944524206838651,-0.2138080655567749,0.6473576801978215,-0.3062585529331458,0
-0.6930047683331855,-1.4023740141911771,-0.7021368436834321,0.7850801545136515,0.9268894077404723,1
-0.8894642716912371,-0.1547989587917078,-0.5524913153101138,0.8019835722687819,0.5176459317916333,0
-0.8444425644692903,1.6749894537732914,1.0534295659748854,0.9240801551351382,-0.199294750862154,1
-0.616838391941882,-1.3231836690218923,0.4918503076630813,-0.8889877663420979,1.5002600277042375,1
0.8094542941492964,-0.8883510833287738,-0.5833683960027998,1.4070191221320194,0.2167129579493528,1
-0.1848714643858405,0.0309063581936804,0.2745628944093267,1.047666016269648,-1.1802325488204464,1
-0.843628753881502,0.5269205328577647,-0.2827587066867641,0.6774363126953202,-0.4698147769089765,0
-0.6568456720141786,-1.038566939935409,0.9212281055065376,1.6828943675376504,-0.5505915123313809,1
1.1810883334088935,0.5464746974218838,0.2186266565911064,-0.3572838677799662,-1.0310794130938852,0
0.7374188040453924,0.940352788483296,-0.736250230327869,1.132868664823985,-1.3731514005995364,1
-1.843787917826741,0.4324111789532268,1.203857197767756,0.3268540489918838,-1.1096827973050143,1
1.4805012735153693,-1.456448208904178,-1.5311798193848467,-0.156864433528891,0.2325175350727163,2
0.4971561401022113,0.8519207176164983,0.7017241123584494,-0.7123029475115639,-0.1689313268047911,0
2.212393554967836,1.4920387946925342,2.242701825247244,2.751501721105504,-0.0952015215594314,2
1.3341282720845964,0.6180071715580752,0.2647578530604659,0.2678024479897262,1.0206477671476553,1
-0.7202672929716557,-0.2540930302636475,-1.5910392990912,0.8758399413072111,0.8780519056399844,1
-0.6867490726072216,-1.6214752043564875,-2.1987757102401364,2.599693792169641,2.317873920989261,2
-0.2223968721565006,1.2473821809742471,0.5876283394160853,-1.1513167602604986,1.8826441116248973,2
-0.6675693579649575,-0.2669361322942932,-1.134262257207535,0.4201425651671543,1.4799983209743617,1
0.4498393199046331,-1.0134499638609913,1.1889350334681508,-0.3467795540901749,0.4196937703649436,1
0.7408665380757837,0.5934299198995365,1.13362833790794,-0.8992975406469811,-0.9599218471988238,0
0.5300796918483369,-1.5386230651060633,0.8194645224594045,0.4499209247656604,0.366489908514554,1
0.3460715071151022,-0.3919440853725965,-1.23102346533841,-0.0366029135301202,0.005528996709519,1
-1.8130285250469,-0.9152515721052789,-0.9379391252539544,0.4088580703505937,-1.3283391259912,1
0.3084508253268734,1.2197129863816318,0.6255758658606927,0.9695100370687728,-0.7315905262426683,0
1.0275806362019562,0.3667684877920513,-0.6666156989151476,0.5409744798193663,0.7589114510244687,0
0.8801097971055624,1.2499067449668455,-1.1204211484066655,0.2844894767181466,-0.099390283784859,0
-1.700858349585562,-2.2879081777329318,2.198940983575341,0.0048158488581849,-0.3423199616564221,2
-1.1266530371696974,0.830405007591984,-1.0157255981494613,-0.2395531498789979,-0.8117241251147985,0
-0.8054166124896069,-1.4943593704952014,1.044413852785068,-2.2527954136523105,1.909000669370858,2
0.0478180134196995,-1.8157879299350812,-2.050250637661692,2.08760900905482,-2.014332840194764,2
2.0113938259189497,1.247513831499049,-1.8034110905237013,-1.0312010928756483,-0.017866637616675,2
0.6538598262773776,0.7944460038021711,-2.0191782030450134,-1.394486159984612,-1.7062985584089396,2
-1.0369430827844477,-0.2601710071869484,-0.3608273309829753,0.6104072726034334,0.2450096745244416,0
1.2928141565261937,-0.3176214742012984,-0.012587627467243,0.225374485447904,0.2188386289698106,0
1.2398259216802154,-1.1351922577941904,0.6467048585855011,-0.9820830456402556,-0.0447772843164015,0
-0.9330628698321242,-0.8169935997159098,-1.4570137629496815,-1.577402844561687,0.7599237804528699,2
1.0790735009610084,-0.7798959978363719,0.6194147427226596,-0.4005255806151893,-0.7230030095537807,1
0.358881890365515,-0.0409870089342112,0.7763396872081364,-0.0295445354191172,0.637433386556142,0
1.356903122614533,-0.8125843116752242,0.2819544572961665,0.7313889975323433,1.1251267966218106,2
1.7131562587944276,0.6663121513669158,-0.1747945981250767,-1.080368883668391,-0.3989561948645655,2
-0.9430934123364976,0.2826743161930795,-0.5376370685392612,-0.0524058245601546,-1.414729836656348,2
0.2006748294356671,0.5355343902842927,0.8485177823898635,-0.2178463379879268,-0.7628737703666162,0
-0.927312518315168,1.593799875289703,1.3150593571064697,-1.3708009138158004,-0.0960868303845354,2
0.4922582013856881,-2.3816407611392525,1.1499643690141073,0.4998375862219,1.4032235489719913,2
-0.2903627479339431,0.3369832632166785,0.6840023987061447,-0.1276042647005195,0.8656522659915104,0
0.6435822987995496,-2.231371879856836,-1.9373565540421416,2.5494603246033574,1.3344633969065125,2
0.7829833380957772,0.4556998104140284,0.714639830722879,0.9789797518017808,-1.003639860224567,1
1.7516476799843117,1.2214828250666714,1.274201921953077,1.571621446920517,1.45789760723714,1
-0.907935085590962,-0.7152339595940328,-0.6713753758561182,-0.9558596201079822,-0.9527316652443292,1
2.2159323673685667,0.673777672467126,0.545251613822287,1.0344327484375837,-2.018506706175518,2
0.7546876770846578,-1.2122100244285148,-1.357064550754396,0.7348399325880265,0.5222980111317674,1
-0.4967825683452302,-0.197622008690535,-0.4056959921407288,0.7794523297664593,0.4844449113574176,1
-0.8413108929146169,0.8001130278413815,0.0005516757018758,0.0353951425948524,0.91827134822612,2
-1.0450262073602532,0.5295925780684707,0.1825179644970808,-0.362958950564454,-0.0460561676795434,0
0.8260236718862092,0.7463958738904065,-0.1620928941738695,-0.3858113635603897,-0.1918942916536058,1
1.7949410674790802,-1.30463324056547,1.5989508279209854,1.0656404883959247,-0.8332714993809108,1
0.7191947869979571,-0.4763361628994613,0.6892132073834527,0.8882004231721693,-0.0053226220726984,0
0.8339999238527506,-1.682345153569866,0.6960261441898566,0.4106796683596799,-1.3258020266050068,2
-0.3232308955765138,1.1959468803129252,0.7902428570128,-0.3326606278438655,0.8180606635267337,1
1.7558077151021316,-0.0236996432387326,0.6320882042084933,-0.1383147764550201,-0.923475828085602,1
1.1017007095376032,-1.1306249775461517,0.3147670058280742,0.3786653456638868,0.3795855875041619,0
1.2758448718120003,1.7270226071868635,-0.780604198507935,-0.3081721322998006,0.7147935616375188,1
-0.3110593520935309,-0.2477816450571125,0.9873317186610652,0.452835901377713,0.7601701431015193,0
1.2492355517661642,0.3930209018450068,0.6264050507366311,0.7589601013084112,-0.7444216711479981,0
0.4390943161769435,0.9456678656299562,1.3211895819854216,-1.316976257863694,-0.7323840766814703,2
0.5634877139027422,-0.051314517479579,-1.3420872774933712,0.305739027800155,0.8822441393870424,1
-0.0692457188130735,-1.101226325199234,0.6120219467188328,0.4898697581604624,-0.8072217609290868,0
2.013431145950184,-0.3571710218031101,2.4803670729837384,-2.371223352132372,-2.1963783459780517,2
0.2174386991721053,-0.0424656137965433,1.842304188948783,-1.1221506109906958,-1.4923111190191702,2
-0.7979056988844334,1.4818937871580482,-1.5570789976898314,0.3955050028263039,1.55659142767675,1
0.2354538176509513,1.3679402400126217,1.7397706629750576,-1.3816219636166427,-2.282687817690353,2
-0.2839437780317985,-1.6690123749476249,0.5236104169947525,-0.3284219068263488,-0.4596765081570682,1
-1.213419153288687,-1.0809801275905222,0.1709163088144138,0.5913492894176932,-0.7596447149159312,0
0.6848534247374554,1.1686374413535408,-0.6813019583978327,-1.0901923503345026,-0.7536989208231123,0
-0.1394272458856728,-0.7474064818640987,-0.0368301046325397,0.8295588542949579,-0.063654255998113,1
-0.5918187223022073,-0.2648430876148044,-0.796233093443071,0.9711502308042772,0.6709629232384726,0
-0.4140806166368203,-1.0496187888701698,-0.7277918795813758,0.5028121826129872,-0.5181942389242378,0
1.3647930365139194,-1.0907891640527545,-0.6495159414380376,-0.5712720419349395,0.9884111767925822,0
-0.7591701798758599,-1.4770609404509392,-1.5048789351621776,2.2822673890229384,-0.5894309374778405,2
0.3111794043013132,0.1277263211047679,-0.869206174423247,-0.5413756082450373,0.6208632682154341,0
-0.1168628091291236,-1.0995103660318382,1.554874072030423,1.5145284211106531,0.7779154424696264,1
1.2634150770342818,-0.5708228419246106,0.8950441018490115,-0.4264122422444125,0.0295348642986348,0
0.0541420090441959,-0.93702650448076,1.3374851828647571,0.7450192413613876,1.9977872314540908,2
0.7848563342723357,-1.041337971932203,1.1491910263882608,1.7021046154479336,0.8619047989327284,2
-0.0416638009400053,0.0420703928743877,-0.2190823666086678,-0.7241927810086818,-0.707791955254795,0
-1.7102813635987395,1.5211136130629133,1.0879527524345372,-1.2567114583043069,-0.8483074888025796,1
0.3014037526093138,0.4393695680930016,0.2799977813062255,-0.1091922128237615,-0.0052722145149864,0
-1.1871831231973686,1.6296616083535522,-0.7983167790508272,-0.2688269170778515,0.6236942957589362,2
-1.1132792791021977,1.066614705053419,0.0297489396280021,0.2048787676192956,0.4043747451002997,0
0.0401809593540812,1.5910704905455704,-0.8262738254695962,-0.0054679201617435,0.8285122198965975,1
0.1514416260918701,0.3582679891186092,0.2984385403662866,0.6984643733067706,0.3056419491860578,0
-1.4021395104386378,1.1109131179524931,-0.1064469000457181,0.30474208246368,1.0520011695404083,0
1.3905423342327774,-0.5430298627825234,1.285464721257643,2.3945672821806787,0.7706868143623562,2
1.2830641754680872,0.377455089969563,-0.1640887105333166,-0.3354139296473138,-0.3157003886780144,0
0.6910854525239758,-1.5060201319688789,-0.8804973252370679,2.405150837444464,0.8140945346981512,2
0.6294864872287395,-1.7384717997286234,-0.4707957991716935,-0.9193409239652326,-0.3163168176885814,1
-1.0715317235006374,0.3624288446152827,-2.1180013282305823,-2.409955195718524,0.7158736926966895,2
-2.057097394549557,-1.645849580185734,2.2117538332277937,2.198052733060252,-0.8871870557348465,2
-1.4189638762655763,0.7213212451766621,-0.2712963996302591,0.5769473865119419,-0.5492231498836148,0
0.1441365230089461,-1.6160599546883097,-1.414042233154167,-0.5459942241479161,-0.9541079326094912,1
1.2037192136384052,-0.8971037187791261,-1.1071913186002311,0.7798897128523605,-1.090334404546516,0
-1.6682733759450994,0.7448490139679018,-0.3788478935700305,-0.4480138359204313,-0.0127612091475095,1
-1.1640009164295513,0.4554049233422163,0.7829703154312496,0.0354101418004939,-0.4682500882894803,0
-1.215807277086462,0.7374960404730604,-0.4534746254933713,-0.8834311166710228,-0.5792571030374761,0
0.402182043779309,0.5064390511865969,-0.9975491679187,-0.8828008496962575,-0.4091842379338157,0
-0.5577022933392456,1.596684536204955,0.3644742716547502,-1.7144106278716578,-2.0955105636895017,2
1.9589614108017133,-1.5929563129000586,0.5225033966364189,-2.890087099705537,-0.5710256786994459,2
0.5391225908710134,1.36240402006246,1.9751604889686296,1.4409928523423567,-1.2876836733266428,2
0.0842311687556208,-0.5773268902658035,-0.1156084761061407,0.9216480486938932,0.4627141579563605,0
-1.6162644115964229,-0.9516075457875393,-1.3015161282143286,-2.2175916268834013,2.5624416994968904,2
0.0619357824887278,-1.1101302664110917,-2.307697798489345,1.405995796052632,-1.339871402382407,2
-1.1526704827846546,1.1094116972843526,0.1984525514188502,0.409290523937457,-0.6377139182505891,1
-0.9929699652909308,0.3132518964195072,0.4123839632679527,-0.5566416822221432,0.3831039570162454,0
0.7782094571387496,-0.1519162081615052,-0.5794382834630969,0.864901792696762,-0.9098555084113572,1
0.6733261062987346,1.7659895584119358,-1.5306749771972907,1.5842174047672928,-1.3949265603724814,1
0.583992996411979,0.652301160625102,0.5913494122460247,-0.0238440081326294,-0.1841423476209149,0
-0.8096995881964358,-0.1371771443968142,-1.3336658763919058,-0.2285481122584574,0.6336143712844311,1
1.643959036956405,-0.8578060537051654,-0.5103358472930585,-0.5091047300156094,0.90543763607963,1
0.245326708564788,0.2974359599768361,0.8699569876839717,0.8636131186427334,0.9242750349817148,1
1.094161969247069,0.6503624898651885,-0.3204106387373997,-0.872588727141755,-0.7812255420612301,2
0.7959138226385362,-0.5559868508993175,0.2936407176719324,1.278902827172188,-0.0122295160982439,1
-0.2623682931623996,1.2829350727597937,-0.4279042980435429,-1.046274408215918,0.0666169809518715,0
-0.7766580560576078,0.8975013955136173,0.2473415315412896,-0.3255266530302218,-0.1530890631751688,1
1.2324081458365184,-0.2233384846744606,-1.398376531953055,-0.2010624619136617,-0.663130437339324,1
-1.8163978260005604,1.490887968773073,0.0835733555585916,0.8268306084412799,-0.2874702476620064,1
-0.9361366061788486,1.8090173158049403,-0.620708323925574,-0.459317025980317,-0.3037676026456741,1
-0.0916302452978898,1.5245774682447883,0.7446777195502299,-0.6043144841365556,1.327586527847841,2
-0.3416486641329831,-0.2545466090739233,-1.3795440367579233,0.7837468362554368,0.8521855373264209,1
1.86351322909572,-2.1636124726478623,-0.437960095962303,-2.8843028278617866,1.883320814413914,2
-1.1479725509188083,-0.5856269436140105,0.5073879246513423,0.4077834074568277,-0.5742664490629855,0
2.2601469059674715,1.430714165906876,-0.2210996795882644,0.7805504502756017,-1.571204944401862,2
-0.2388584163307489,0.227696543910643,-0.2171239694755286,-0.8483634301973186,-0.1974239242089029,0
-1.3656601246794178,1.066628149242797,1.7240393975193335,0.4029329194842979,1.0026230821685418,1
-0.9197805282552602,0.1863443393044933,-0.2338093935270216,0.8710852939620973,-0.5589067845113296,0
-0.2615786996880833,0.1978015046475729,0.1630371596255959,0.7748554848888932,0.6495050689425257,0
-0.0543929233521087,-1.122326095874219,-0.9503538677254852,-0.655677300044386,-0.3008323254853146,2
2.068828786058916,0.0460959729230508,2.0197206854460688,2.736852208642031,0.9851965733572322,2
1.70790719106751,0.6663044885638947,-0.0423717878457266,-0.9093383306165004,-0.3024144892525663,2
1.1582875163300796,0.9622816720042976,-0.2579979773654376,-0.138060353910864,-0.3050968135912277,2
1.2481234869753843,-1.1660042377804505,0.1275742671136782,1.1713807070566102,-0.3015370385171071,2
-1.1246763921212004,0.15109009413531,0.6317354030414303,0.5564772624001856,0.0534660835183899,0
-0.2233156804986212,1.2782750087692805,0.8295318679520338,1.1222883437503848,-0.7642628476319363,1
-0.150948743494528,1.1238638188074723,1.125167425165172,0.8051207197228529,-0.8252177223451472,0
0.4269328890968897,-0.055348033538543,-0.70695876996327,-0.3182036473632102,0.9688292405144848,0
0.4791326491578709,-1.10921219685276,0.4693191254862511,0.4138270260238024,0.7947828215402798,0
-1.2057695780777422,1.1839472269689126,1.4298835664032794,-2.3818255798409944,-1.982271131609375,2
-0.8006160525150187,0.3907451498904034,-0.6430318634045197,-1.1070678586021114,-0.5500165108387588,0
0.2212493884981502,-1.716434607300784,-2.213137836487051,0.1911852851621448,-1.2435304957421391,2
1.338203890090648,-1.1092103984260664,1.0717335782213373,0.4692664896388726,-0.8963336498955494,0
1.946808299917557,0.0913741841305447,-0.9780736791808584,0.9464432285333848,-1.5506818333852168,2
-1.0005540276530651,1.114672552215649,-0.0921695250362243,-0.6444748795995281,-0.7455308485248514,1
-1.2102756828918526,-0.8005736738742467,0.2304895019843622,0.297788002795585,-0.5689268616661567,0
-0.6504820741741877,-0.4449588083470978,0.7559032098239281,0.0463176204123262,1.2388607375461649,1
-0.9881681333791,-0.9334050259351088,-0.1588043152601393,0.9012924777761396,1.648306353274714,2
-1.0217778079834103,-0.8131999594503154,-0.656651329577002,-0.280377033793396,0.7743142329818636,0
-0.2774441064554154,1.367370539267449,-2.556831126781624,1.257213098334685,-0.8293719326492147,2
1.3392922562993606,0.8251607653783704,-1.1370706995007442,-0.9853540055705624,0.4598001379186522,0
2.118520663279537,1.7757512608565644,1.4921825998550853,2.5792531315120377,2.40014294411613,2
0.7800253878474421,-0.9889704151387692,0.3938162317182915,0.1077880557708401,-1.0738979901436108,0
-0.1022079682237387,0.2097938759033568,0.5696245681053319,0.8950488801911296,-0.3633032113639291,0
1.3490196466529034,-0.4112989714332373,0.2773575455811364,0.7570924248140903,1.0477213559448515,0
-0.0175492261598744,-1.1126091266409042,1.813307480312565,-0.7717527459900564,1.1601644933114048,2
-1.9301666192464495,-0.5581942397707217,0.7874080088902599,-2.4088236665228666,0.785744752256222,2
-0.7127412717478965,1.1865255350902653,0.6244402159057781,-0.2571072593957175,0.5409755080833004,0
0.2994099482832011,-0.781035406818501,-1.397253828080632,0.6837040829303799,-1.420274418884163,1
1.5717558051022094,1.0050146319548563,-0.4562563148692199,-0.835596138034206,-1.1683998386569532,1
-0.9874919749250288,-0.927923179691539,-0.5452591213556035,0.5697864794688243,0.3758132044203929,0
0.2666386098428141,-0.4690623422701383,-1.469636440566991,-0.9260725048028616,0.4339158192078177,1
-0.3575944958441648,-0.97139101420927,1.655901174228071,0.96254811377713,-1.137789799106506,1
-0.831867769210264,0.7271931352617048,1.2323171853408823,-0.8175417356314836,0.6640290308513932,1
-0.086969297773378,-1.635493472178477,-1.4102070433891425,-1.192894513381558,-0.7760800187295088,2
0.045432818800425,0.9284546552717554,-0.3380489932145271,-0.788341747730991,-0.7883515735778581,0
1.3362550671464826,1.6741733397589054,1.0932398671538133,-1.2422787472065844,0.6184699818549709,1
-1.815360231465615,-2.0963852457763466,-0.6252462895415296,-0.8616305735999354,-2.1599383454052186,2
-0.0540226578236608,1.014345331437954,-0.9564560515086328,0.5644488411437751,-0.9582386956682422,0
-0.8017276951759221,-0.370302853212236,-0.5246093971957475,0.308416049391115,-0.4753569378953632,0
-0.0153397928263735,1.7232986803317552,0.5587201104086784,2.3402525891187644,1.7062293499680323,2
-0.1471239664555499,1.0036284710676755,-1.5340999808998923,-0.0268912998539829,-1.095463871652432,1
0.0275771702984563,1.0817857428918527,-0.0124541203214854,0.7865755045612935,-0.9776238229548284,0
0.1572804802167393,0.5247100182397251,-1.1235666356871088,0.5266919096632434,1.0353288249956003,0
-0.688879645857064,1.1101530418585257,-0.9469850600263576,-0.2188400038887953,-0.757630551174541,0
-0.3505189228626195,-0.3101192090115718,-1.5599929028361363,-1.099405114181202,-0.597631845572161,1
-0.8676182320300458,0.5786314976768893,-1.0397501335334765,-0.7270489592661598,0.1344783905915497,0
-0.2479271535079886,1.3989664580850412,-0.0933248103249383,0.9046824083836752,0.7951330339338313,1
-1.257540031802803,0.288860904585683,-1.49885780453066,-0.7941148218111143,0.2239583480225528,1
0.5421747374246171,-1.6122238228608572,-1.6152494603545746,-0.3483303061100049,-0.3749799158601302,1
-0.5687574876520816,-0.5964224861027566,-0.864379778533106,-0.7993088457333896,0.4369062676817186,0
-0.1890233536364349,-0.9332130522873936,-0.2224012391279944,-0.5774701916177162,0.7603724834616218,0
1.1806967745378478,-0.7572760335834609,0.969704237554851,-0.2827698495067793,-0.0513675323790502,0
-1.379727348612391,-0.9670944516735408,0.8580542978523934,0.9080281536695914,-0.6497899736954688,0
-1.1616317206325315,-0.8947828426468643,0.5396627943503419,1.3244555765630517,-0.8971441265063476,1
2.181970458074682,1.410058527985356,-1.306178074071628,-2.8562588545809806,0.2968207245505228,2
-1.371791954327413,-0.5455729868604522,-0.7384298868120057,1.0380908918212306,0.7573111165964076,1
-0.2930447288275183,-0.6525089584733932,1.1479126711089784,-0.7092241477054002,-0.8836838459716262,0
1.4509995888911449,-0.3661260433684452,-0.3354147606219175,-0.8106039730438558,0.9080892373552188,1
-0.1729859183695306,-0.4703690900357733,-1.4858471567712677,-0.6594546047009067,0.8127805768746657,1
0.7830908570890739,1.1448579579086071,0.5195439595429107,0.4605552220424818,0.8489288817670122,1
-1.8518773128204151,1.6122416207676615,-1.5517032928161032,1.4531310467070109,0.9434463736529513,1
-0.3547158679053357,-1.401138766650471,-2.023592594575684,2.546648320705743,1.964826821670496,2
0.6361175590967223,0.2999000282221917,0.5298012440422276,0.0463261508955087,0.6107423021792079,1
-1.0181702885847936,-0.0116958707809489,-0.3699432629765825,-0.0385015517515639,2.646336705545505,2
0.2956750658960072,-1.0444027075964797,-0.8872441367803632,0.3018066274973654,-0.1800780351920275,1
0.6980071738438439,-1.509643558970285,2.0574719785541484,-1.3689527259096703,0.997750727582804,2
-0.465120039900977,0.6315563737898233,1.0899498132477996,-0.0064384767929408,0.2329115022765201,0
-1.5445773662203703,-2.459322093649635,-1.272116959253421,1.1823975580305726,2.5854402281235256,2
1.4400980082426291,-0.2566811119068882,-0.3842655396555264,0.3503646120948471,0.7304606348553088,1
0.8040511696976583,-1.160325615360154,-1.4768602102928712,-2.2998311977276225,-1.5116791884488756,2
-0.9133995439461348,0.7212029553133019,-0.9763214684079928,-0.5962122951481119,1.0280181383373752,0
-1.6413095744787871,-1.4836789005655804,1.350294143098374,0.8964482538415297,-0.967289894102318,2
0.7814709608857489,-0.4939276382020758,-1.468380609471141,-0.0037498951986265,0.4598075293428043,1
-0.3263143206543328,1.8072826253694845,0.2314442401267684,2.1878254879344308,-1.9972664611380904,2
1.265019423141143,0.2993558301805935,0.3007494394709312,-0.6513343448202126,-0.5574219637951665,0
1.3818108502451782,-2.5392578009126887,-2.439775879797497,-1.8219394665065785,-0.2587943611085045,2
-0.3131807045516089,-1.13361991821326,0.4666506938064948,-0.8983806782935905,-0.042921276769762,0
-0.6043269543842201,-0.951495415616324,-0.1718325646307011,0.8598012211217373,0.4174145461449177,0
1.6583468169841946,0.2726881488794616,0.069575005326273,1.039646223435517,0.5691401338736578,2
0.2552297673958856,1.5034654660516995,-1.3718449071085137,0.9425237839909748,1.0978690051868727,1
-0.1369821136906265,1.4305104261622963,-0.8323008875135167,-0.8158530302981949,2.629098748137289,2
0.8365657334806939,0.1078572080405725,-0.02653755698332,-0.2101478457541553,0.5372358674893428,0
0.0600435151855246,0.3891240365382155,-0.2051608301386932,0.067138114327482,0.0736269199450486,0
1.3300320929662075,0.2129762186151309,-1.536601928491168,1.3079664738351626,-2.6183167420709275,2
-0.8786136200679644,-0.0392323364467215,-0.428672333966586,-0.3455460059802725,-0.7365857020892361,0
1.3977761280240837,-1.4250705135202844,0.9819074031956028,-2.0142980031281223,-1.883051107076786,2
-0.4570970683654167,1.454369797648571,-0.7329571397160426,-1.6255860122061443,0.9746794225552678,2
0.183497467480056,0.3939315739663823,-0.7385013789647527,0.5205502066545514,-0.3014225652921004,0
-0.9230004070783092,0.8803326249378993,0.1945876844003237,0.4780098188134002,-0.5495769086955686,0
-0.978004576049568,0.6183940678891418,-0.9850464224482928,-1.2686764011298326,-0.7634123758973023,2
-0.2744478651225014,-0.0334995927293876,0.6615345142137671,0.4899963893667272,-1.0422332715604332,1
-1.4916515588450776,0.9651610084887378,-0.2315963864912595,-0.2625515063622296,-0.3974772075156828,1
-1.339280568541207,0.9686099341882224,0.9645367394847104,-1.034829708040119,-0.2525025399304926,0
-0.5817401347074784,0.1641871956161805,1.013213376475763,-1.759507025495173,-1.966663049498758,2
1.5073467740352584,-0.6269631592396562,-1.6743081125579962,-0.4744737514055106,0.7696758799165037,1
0.3862803031126944,-0.7674723554165527,0.2196174644402869,0.3188634825178134,0.7216008649835887,0
-1.1244353287668278,0.3025752852261421,0.5239465162791676,0.3069245019676458,-0.9629507397499554,0
-0.7607384892025787,-2.2709852138987,1.5711711756031042,0.1779928540503225,2.5057976933364983,2
0.9022304977964444,0.3597011438336687,-0.8537151176825674,-0.4373697967296326,0.2149575265135319,2
-0.4243670320257106,0.6669272101867236,-1.837489145546676,-0.2071710485951943,1.1429013774297068,2
2.0332219246065693,1.579134232695823,0.897017731479974,0.6177882320315552,-1.701497976459574,2
-0.6848479641351971,-0.6162984579275204,0.7167883004028576,1.6893894276432626,0.7842885292453846,1
0.7988701140475204,-0.8671097903080188,-0.3141374747264513,-0.8077965921577295,-0.1603099033141613,0
0.6766231955957173,0.5361438557966135,-0.4986663911809548,-1.0022243454572424,-2.6371533167992203,2
0.5590939955871687,-0.2027641454375043,-0.8753030496558412,-1.0891822744959825,-0.3691119895661836,0
-0.4572193161151179,0.9043177058356364,-0.6814939542699029,0.948872258623196,-1.1161948263272965,1
-0.7985047463360511,0.8433018035346639,-0.343388315547331,1.0377355850400505,1.156876410889893,1
1.0209901573994082,0.9224107802251198,0.5104510972082908,-0.7730061952593167,1.3748446677906825,1
0.2099801739519941,-0.2047132029060795,2.320378413153353,-0.7447383585338232,0.7568247822398988,2
-1.2992253156508815,-0.4248379240625006,-0.0813816744654124,-0.6384042904131041,0.5932773067465139,0
0.0938827317052501,1.400945292656637,0.4783546892980608,-0.1230698599745453,-0.1211816680074108,1
-1.0579214169978832,0.6100943787491037,0.8822902203197089,-0.1523382352666505,-0.2933184391870524,0
1.258823617501304,-1.6578318344401648,0.6367558576524527,1.6578545103831277,-2.0650562085342403,2
0.909227435740514,1.9420384635559056,0.5059219861133327,-0.7906792847864218,-2.0796372446684903,2
1.7753915184965292,-1.3667325428004138,-2.0934593728482693,0.152884436238383,-2.0148038782628377,2
-0.71944235299989,-1.0827576629557814,0.4492570255032295,0.1233317336991116,-0.9131344165473624,1
0.713394311022843,1.0467334732394462,1.6807498073616547,2.705577197938166,-0.8680553053089066,2
1.3209854962114276,0.4255385467645777,-2.321016132629739,0.5032273965435423,-0.0675139432287001,2
1.2926640558412852,1.3718506666154566,-1.4536640689373546,0.2235099809394944,-1.02017008323727,1
-0.4472347843877796,1.279050544901524,-0.0777926879450898,-1.1189239018906751,0.5249864418939338,2
0.2779767487538403,-0.5569164182972035,-0.2400494079384757,-0.7493740254225096,0.5831496777440554,0
-0.780954571867984,1.697857551147078,1.082098164690653,-0.2789598763754924,-0.4114423220824916,1
1.1882266745336514,-0.5191909841878525,1.0716751229822352,0.9270165825732544,0.7968850338728835,1
0.8419467399594008,0.5414290635589785,0.1015348233996135,-0.9392301910499689,0.0374312473681859,0
1.752003533428648,0.6663688622018502,-1.1548286815829087,-2.346130960080342,-1.1134415752557567,2
-1.845542690974125,-0.5815924270241298,0.9094347946208576,-0.7541270512901797,2.405036474713261,2
1.6339928722626502,-0.8602611967414214,0.0492066729038512,-0.7477086066716888,1.2408563861213238,1
-0.9427669724024982,-0.3970091589985584,-1.101418095064183,0.4660552382938743,0.0252855850723845,1
-1.2349461334358485,1.102760850744474,1.060107764893979,0.4957420996710275,-0.6064909570012723,0
0.1213836203879098,0.6012857836171849,-0.2362422667998197,0.0310612916914552,-0.68839818770903,0
-1.2409389508986397,1.7213089555577383,1.7208395947438766,-2.545127243067916,-2.086663094690546,2
0.2052947472743029,0.0011432397718786,0.063058032898122,0.7618876795164048,0.2161978788384553,1
0.8441790206276811,1.065653832371173,0.4899701133476854,0.6450830472290087,-0.8732831052921098,0
1.4758186229792638,1.3558927189837495,1.159604872429997,0.97592266563231,-0.6505079172357086,2
1.418646212260707,0.4322533624140138,0.0696157144454068,-1.9723964103965728,-1.182932473567798,2
-0.2900566590768816,-0.6397643124473121,0.4795670779506589,0.0879595945503943,0.9651861759889362,0
-1.2727010983413083,-1.0573958460322457,-0.1394851388056524,-0.1724246573233988,0.2646256340293284,0
-1.0255668151294883,0.7970868035675193,0.4726519832174388,-0.1094941359867012,-0.9644725320487249,2
1.1196258861512791,-0.0239712495851618,-0.4951482175630951,0.1525793407792423,-0.25700420257055,0
1.0862956722254864,-1.22750663685046,0.7428743454292206,-0.491035717259655,-0.4682149036724623,0
-0.1491479589952124,1.3955549384012695,-0.2921456215907723,0.7640458022329553,-1.248165782466477,2
1.0379536979971131,-0.754778991619619,0.0418569322671235,0.0099652729375159,0.061047715066009,0
-0.1043976488825765,-1.183662701820774,-0.9384128079438696,1.6545730650011723,-0.2147669153160598,1
0.2851504987074822,-0.9978661765139664,0.5408767712940623,0.1997907027635282,1.1087269175289691,0
0.5490156453278133,-0.8207377472617166,-0.8171107689272288,-0.4645703868842311,-0.589548828991469,0
0.7471755808760531,-1.7398090745342678,-2.0115686902555927,-1.993746310003643,1.196737905633006,2
-0.2966494349619553,0.6610488006733102,-0.4666115343030861,-0.5026780343458932,0.7871720213841443,1
-1.274091044605505,0.6370023981115599,0.1362964583536506,-0.0887457863291189,0.8569929660744142,0
-0.7124968208369805,-0.9840923150383704,-0.9118041183035084,-0.7769670002169653,-0.7723232320210969,0
0.7780181207550831,0.1238550939382658,0.2568089315324776,-0.7123979826170327,0.2300128630806151,0
-0.4944601801698565,0.8228045083093956,0.8399414580871989,0.9315743535398336,-0.7899696851723143,0
0.5755949911438195,-0.7207089183578506,-0.3282067826723653,-0.453656435047415,2.097000406045073,2
0.0171932217800154,1.4241487643246655,0.3966046020846023,0.2056626324147036,0.1240856045932966,1
-1.8379150959462152,-0.557930500506647,0.8578014793883855,-2.2213369617785546,0.6748198898979431,2
-0.6299982970801986,0.3490221570146231,-0.8069201100796338,-0.7781973348842751,0.708330722929329,0
-0.5838009452826801,0.226614884039518,-0.5428986685879899,0.3951342893067938,0.5694309915624306,0
-0.0627323814405177,-0.6415349024615398,-0.888639467246154,0.6024033633609582,0.1718940283798799,0
0.8053544662377362,-1.2178818720871851,-0.0655596287046067,-0.6939891487357425,-0.4430266194747655,0
-1.130180124782803,-1.358249433389255,-0.6362456699388911,-0.7255400300476996,1.4987558750051124,1
-0.6982147471637277,0.2209095470910909,-2.190524888634671,-2.382736897571347,0.7641095663853305,2
0.0416902261435388,0.2821736505449997,-1.203636450670357,-0.8789598255705117,-1.322368734734008,2
-0.2541935350506459,1.4608920565403771,0.3034745302029758,-0.3174792996814764,-0.7028736675538033,1
-1.0528237943789136,0.6053718993198418,-0.754725707491315,-0.3678245129525346,0.8002514514761045,1
0.9274147448371776,-0.2894209796430152,-0.2664871857034087,-0.0330688220423363,-1.2307771548325597,1
-0.5112833255301107,-0.2766416439948061,1.002088665300917,-1.1067523135250008,-0.3338007095914697,0
-0.5612120119805657,-1.141941782986724,-0.919544938891242,-0.0441005276496265,-0.7185857195395503,0
2.408770824557093,0.0339382424995169,-1.6230066417533604,0.0233801807021371,2.386253509349669,2
-0.7529297881685652,1.250558214657377,1.480956412064889,-0.5691867043807559,-0.9669432746697816,1
1.0822337687124812,0.2788795694722305,-0.7303692933084696,-0.0089851652016746,0.2440540761329826,0
-1.628582893192148,1.6614078757154551,2.5605331334248707,0.4419163281151619,-2.5757715943850283,2
-0.4710114862547797,0.1980369369036385,0.4192543946003798,-0.0108577489452937,0.8018195462193108,1
-1.3614793727180552,0.4649348033261556,-1.6369475367669115,1.310365575100896,0.2425805912520936,1
-0.0263115954018498,-0.91818285824619,-0.8451193630930842,0.419188303540568,0.3619868147091082,0
-1.1829205649980707,0.2106565201779069,-0.739526158614131,-0.7301755421180318,-2.548352846402645,2
1.5783159349368248,0.2405138434983671,1.858686165173156,0.8479839416380047,-0.5785558570897258,2
0.1355824648573043,-0.0436872721957761,0.8629056727642355,-0.4276399662774173,1.0414197820230329,0
0.7601792857978797,-1.3687319884066818,-1.0817769383195366,0.7444807578279399,1.1233741578456442,2
1.0744068406160117,0.2610812580071361,-0.3578431673749385,0.3354179278076902,-1.2518219108957085,1
-0.385138308882152,-0.468704497139078,-0.6828178717189686,-1.0993881664589218,-0.1219893189749151,0
-0.98351342953828,-1.7900752253106615,1.872791291233028,-0.1505473588088408,-0.6448652366729573,2
1.1585881559062967,-0.5180183733349599,-1.0183002516645407,-0.1475881334559663,-0.2312635716459169,0
-0.2255067612608876,1.0792438815758705,-0.2566723446941208,-0.4666513681615927,-0.2540646800457993,0
1.4755064795159147,-0.4969451712625938,-1.161484091077227,0.0856239928877737,-1.0074128564238738,2
0.1292033585331178,0.3447881131793305,-1.0393248802926582,-2.169965827157116,0.7071433551691647,2
1.1098500688897446,0.7119079999135739,-1.039603643733907,-0.7461866378333862,-0.3349732324465646,0
1.9279706526269056,-0.7819518988993664,0.0390418972598775,2.536461417183334,-1.3993861432107697,2
-0.2011514470449127,1.282971106249111,0.6466558651614882,-0.6311598659844865,0.7149914344766797,0
0.7944524614626454,1.843501627466777,-1.6126269304604193,0.1997076263635406,0.8096314509828484,2
-1.7101648676889505,-1.2032630311708767,-0.9555180741194956,-1.0454045319983614,-0.080239260004797,1
-0.1395732111534215,0.4126668793005935,-1.0057077689433935,0.1873150171364215,-0.4276157029582734,1
-1.2238721101039634,-1.7817227809700866,-0.3978897922727501,2.09966105597696,-2.259452437449586,2
-1.326012912820747,0.2230794433215044,1.1364626744536588,0.16881226502861,0.7389231498281771,0
-0.0005439411856566,1.5989517756260276,-0.8722507133997961,-0.7196783928158544,-2.3949293735149983,2
1.6632726570000975,0.6195442173326123,-1.0959421704402013,-1.983132644664932,-0.9729449296921492,2
-1.1989549765860563,-0.1965025906927031,0.2960134908519903,-2.2701667025400263,2.268028039069888,2
0.111285814710528,1.552695306005854,1.0423705935997047,-1.154788810673813,-1.2986097266732464,2
-0.9613769701202995,0.2242549786189697,-0.4780502423840692,0.5250121590752982,1.2417354771637,1
-0.5811154329872593,-0.6272291504925023,-1.1033070511347256,-0.2962645214727362,0.4828217567965175,1
0.2859748802163997,-0.3271658121737549,-0.7457198708271827,-1.600545500750184,0.1263689036562322,2
1.924105501886372,0.0927296911439391,-0.6598430695375982,2.3398166578392026,-2.1420284792425908,2
0.521784753966864,-0.8281362967329363,-0.8816015258137198,1.5941641587027355,0.2083449067443127,1
0.4328476277654086,-0.7749719511824684,0.1557204595056842,0.822278908047801,-1.000425076485948,1
0.6448647901056173,1.7794080458647186,-0.6876591809190046,1.2072461780421608,2.4216000281636725,2
-1.2690811454402722,-1.0310505890342416,-0.4900552131720648,0.101792409602312,-0.5580027408782824,2
-0.4507578950291141,0.0225393236479428,-2.246438887346882,0.3560000927032222,-0.5900887454686924,2
-0.9063051616667304,-2.155046744508893,1.4133683802929624,1.6775185247900766,1.4030699135264748,2
-0.2590515925093408,-1.5828961979509633,-0.8103906339860653,-1.072905078169587,0.2415521408782483,1
1.274320030720542,-0.4516301727846553,0.3476976769357655,0.7910696956228966,-0.8940749265520583,0
2.3831774939787023,0.7362554492247907,-0.1379831917381103,1.997724637659256,-0.2447239209489877,2
1.284277252542212,-1.2779292467820935,-0.4691285316386961,0.1038862832042847,0.7099065607208147,0
-0.4204436051371055,-0.8982341664397105,0.8267962551630067,-0.3499235918674189,-0.2618851349163793,0
0.1110528932117617,-0.8204210211860856,-1.421701799955522,-0.6963190981795463,0.9614706069714848,1
0.3759109720959213,-0.9912100903860792,1.66682563515034,0.5103735095911526,1.5368138244570706,1
1.0297832354578498,-0.2233251541259515,-1.2907523762565325,-0.2679896093809121,-0.9412075319776256,1
-0.851036577154401,0.3004680229707344,-0.1581465630777059,0.5450132251103038,1.0900116778782003,1
-0.9840528160032144,-0.8298993327338314,-0.9463444600743638,1.649383161054822,1.0518443507540467,1
0.2504724140317312,0.2001887308405424,0.9135169758999726,0.3638240391227357,0.8688594353558207,0
1.0780493915942193,-0.7974674201271411,-1.07483426664337,0.2695400430254763,-0.0838322637471234,0
1.7191479489888195,-0.1583518554900562,0.1934718514335908,-1.536148260297278,0.1313775369455211,2
-0.3586798211601563,-0.6563561493149086,0.7625386382288137,-2.751798703208254,0.8108528935134853,2
-1.3035115613312112,1.108534831522964,-0.5722804719117643,-1.651185336922623,-1.966369296170807,2
1.070272410457357,0.9153280453956804,0.4995833005357402,0.8321633566920145,0.3290283081707063,0
-1.1019464544699853,0.1920270298565208,2.0958739956472545,1.335780817243218,1.4242043213267042,2
1.1550989573403938,-1.2383286099949,-0.6873402894884835,0.5618142780672051,-0.953358146327673,0
0.2440861283474218,-0.8674333274128591,0.3942937180980126,0.1676889358415355,-0.2586235297268691,1
-0.8284065194914066,0.1318758930475418,-0.2755503567530828,0.8645515963177623,0.04083278436012,0
-0.1649737485310009,0.9477264405742571,1.601240693232886,-1.3167148726806444,-0.0146486713325109,2
0.8795529015436718,0.2322981958882268,1.0658559067927391,0.5197398405782293,-0.1746191396509367,1
-1.2924367806045942,-0.7197382519972816,0.1306121962095115,-0.801208067825802,-0.2363197147925027,0
1.1472729903850531,-2.53003845792767,-0.5349415407497411,-2.029458423638316,1.1976966656831365,2
0.0573648851211331,-0.5283279106648394,-1.0903531002737634,0.5031517518102121,-0.9419443480153568,0
-0.7359839418463774,0.5083885904133112,-0.3471893455691696,-0.8601085565056323,-0.2379706847246691,0
0.8407121579015818,0.4735542559604451,1.310808960414418,-0.8246368632166724,0.0776434409063923,1
-0.0189626499373698,0.0680096324662091,-0.9909091909776292,-0.0875436920609062,0.1297510422163488,0
0.3328617274494794,0.3181443894225405,0.7976757008902006,-0.8201649672158224,0.4250197971453537,0
-1.135845330479962,-0.1835506387827751,-0.7353954050200355,0.8971111355277255,0.0618873720593117,0
-0.5578745929994702,-1.1743021247608825,-0.9186357220091816,0.4438053260072291,0.3899066241437333,0
0.0623154780181856,-0.1462457581720192,-0.2944947615407204,0.8624862127779128,0.422661165985762,0
-1.3094049312333746,0.7791282667811036,-0.795809165561393,-0.1599681460092913,-0.8046755045570233,1
0.8520796208368513,-0.509118930391499,-0.3735529651332554,0.742436032010129,-1.1711419953801263,1
-2.184428711899054,-1.207105704132741,1.2353708260261764,-1.0761573946668876,2.513015457288645,2
-0.4928408618866269,0.7409262335778108,-2.453245417870749,0.8072587668744465,-1.183070814080236,2
-0.6437513644152228,-0.5255958804778,-2.139649117491783,-0.8732702471427612,-1.260703285610122,2
-0.2772357711014316,0.2421638634136816,1.15681328792682,-1.000005411553142,-0.1167795246436597,0
0.6281467667644032,0.5632330619481358,0.7859165761882106,-0.3164228818466714,2.149397553448096,2
0.7957945446931672,0.0320132642818818,-0.8610409388148333,-0.7073925824046364,-0.7838291733677091,0
-1.0916906950698069,-1.0101229495247557,-0.7044352518870729,-0.9196990704086906,-1.0253018063058472,1
0.0885961897119736,0.3750551578048581,-1.0053663326059947,-1.0616970546021665,0.7952943107433942,0
-1.1016789980723516,-1.0301484983770803,0.7835394128781971,0.886780682435501,-0.9096443594342684,0
-0.8341621752496466,1.1643731825754025,0.4853948942294801,0.8776103601123615,-1.3171793151484774,2
0.9776650275698068,-1.5381998548473463,0.5823204385959048,0.6025091287671289,1.0128092979093153,1
-1.3007695474018193,0.8072514427201566,1.19814512898566,0.5602734939144025,1.4887876687901296,1
-0.3652267937544813,0.0192151858835053,1.4846724195125285,-1.1322886443135507,0.2186859425584694,1
1.5134298907719772,-1.7440412750061558,-0.9588999123082408,2.135651623897329,0.2601646754469099,2
2.243398420151265,-0.4270201084674883,-0.7038194639661808,-0.5202155495300484,-2.612691788329699,2
-0.5421117829948315,-0.1178065587816962,0.2795900622185424,-0.4854812400098181,0.2096044988141535,0
-0.2297321852038132,-0.6089272369379285,-0.9354757400750806,-0.3535477044736486,1.0196092961811305,0
-1.787807311116682,-0.8726871178602424,2.558269401240945,2.103536726903044,1.6245060738797263,2
0.2877687334409238,-1.2407981918860609,1.2055830862732828,-0.5575491326007649,-2.300825529844916,2
-1.241421906465938,-0.966492685830638,-0.5415156609914829,0.1703904445025874,0.2553932046480348,1
0.2805531540141928,0.8959358396746244,0.90077783243994,-0.901914402323937,0.7274377645717872,0
-0.720164237048589,-2.009141012850708,-0.8819086923416254,-0.7323666156982457,2.374140787593725,2
-1.652700137455537,-1.649359975159991,1.670048350539011,1.7199638625285858,-0.1150257556561301,2
0.0638295905566118,-0.3082884523438997,0.7587442168372994,-1.344563376277031,-1.3562233308107987,1
-0.662807510820504,0.106402348225911,-0.7530878934967236,-0.1640532180207227,0.5628742125325756,0
-2.076366855417753,1.1781695780428505,0.989578540018294,-0.597940051631754,-2.61931101429034,2
-0.4139515377010591,1.0438496963460155,0.2090738755859031,1.71262006421639,0.984428881758494,2
-0.7078050262237162,1.002603985241126,-2.551267646820211,1.2323829444794916,1.458396272642323,2
0.2976176494918602,-0.0588460486172897,0.5254462760756818,0.0676563803354553,-0.5751158666118614,0
-0.4956793877862045,-0.6340605324945603,-0.8922005554821002,-0.6281645437864908,-0.3333411528568811,0
-1.317519028650925,0.5170625717834455,1.1234095129083026,0.0383205574805305,0.7074947196754781,0
2.2909266868232727,1.203541097699616,-1.413583296784039,-1.4545827968240612,0.7346180281182203,2
0.3477060053424172,0.1406132410520008,0.7416325151937797,-0.6657241540015271,-0.4939895899202024,0
-1.364377266990162,-0.3368491303721401,-0.0666839156097654,0.2868223666278381,0.5315810131856811,0
0.0433984665603949,0.0283314393675626,1.136800999706198,0.0411884499729277,-0.2225697548373297,0
-0.3702940639129338,-0.724082821911529,-0.3383027650803999,-0.7099974450282619,-0.7581693180130163,2
0.923353483754396,1.7721645710226115,-1.290945788883966,0.3374431536357882,-0.2297837098193806,1
-1.534906308526402,0.6272896205688545,-1.1458748892493358,0.9494456443714684,0.9513254921937178,1
0.7414532801281118,0.9027433278630278,0.8426168633110359,0.902606628742795,-0.2601904282257579,0
0.8266981662647755,0.2018727256170255,-0.7025777216503917,0.7572815929346252,1.0683029576943928,1
-2.006948478065916,1.446162482582685,0.9788314502097636,1.1935316376794287,0.094364254933047,2
-0.1017933878496103,-0.8250697221130233,0.4035671615171173,-1.042002099856428,0.345003840705271,0
0.0427189866734558,1.370198575812557,0.0870419497480995,0.2193508066683769,0.8670686165569197,1
-0.7081906785663533,1.0470347965444424,0.9398170172644484,-1.3058660515772853,-1.4599709851787983,1
-1.4086936001382842,-0.4613213121438285,-1.1727349627040733,0.1665143222867102,-0.0060628240273738,1
0.1826465067064071,1.0114873330030207,0.3090000719274459,-0.221938878850029,1.0741012609125435,0
-1.146449347278483,-0.5146140779874501,0.0380890907311234,0.6396169938826776,-0.7772296314913646,0
0.2465511698055272,0.644758405722113,1.021443349435801,-0.6221220284617326,-0.0316911307348607,0
1.284490163524269,-0.710154716166091,0.1625446406979938,0.852009846964211,-0.7798881806325565,0
-0.5822218923884253,-1.4844987454575145,0.1475771393399283,-2.0243778986822543,0.5976184885368868,2
-0.9246115507002988,0.0911472039512029,0.0762958056942467,-0.3802262869914094,-0.1434716157196962,0
-1.2649760014405618,-1.4445960098684905,0.2079347024171896,-2.303665452012385,-0.8531607169001354,2
2.032170939310321,-0.8110096719486595,0.1998531556609157,-0.8534014268662279,1.931560890341056,2
1.5449663997736895,-0.966400950393526,0.6476190912051176,-0.8123966549978542,-1.277870637218482,1
-0.5609445800288481,-0.8457512926561801,-0.6556011339646655,0.6216723023889585,0.2198992461037664,1
-1.603581472360219,-0.4020131147879867,2.1606055532115858,0.7058417171872856,-0.9483881365764616,2
1.2460199417633055,-1.040892984847527,-0.8589962244090018,0.875049599131158,-0.2218689748038423,2
1.4348255382629167,0.7845559170495684,-0.0900749213820738,-0.4735139770668103,-0.3669848877968256,2
0.4931828755636154,-1.0713249428087626,-0.4490844793372343,0.8447648996789776,0.3941655401291741,1
-0.764150467399512,-0.4890958050160042,-0.1061923918567686,-0.2157114051998656,-1.003403375085255,0
-0.0206753895444818,-0.0805597635731328,1.0994485894970232,0.6349266756685507,1.9184991406902367,2
-1.4663248498820838,0.4794079002558191,-1.5633085443486023,-0.9892597668263194,-0.5151916172008748,1
0.0237575577066612,-1.1169399320097164,-0.2986299808864357,0.2280112024771681,1.0586736029832404,0
1.1288457259947282,-1.2177919482406263,-0.1564182155691769,-0.8210111059684754,0.3684373739783436,0
-0.5534662447010379,0.7671427299222732,0.163328277339691,0.7147345289293648,-0.9608693477931431,0
0.8707504392249539,-1.3111798649658788,1.2284693000921214,0.6942737201472378,1.1856110544225331,1
1.3596220467366034,-0.6419372555551278,0.7503025524824629,-0.712835518188478,0.4824314845921059,0
0.6520905295265474,-0.131439525006268,0.6747242976821007,-0.5033510738402377,-0.4821292054996534,1
-0.3873819742333262,-0.0587619277165339,-0.3685885999571124,0.0006452722604048,-0.2796645144406183,0
-0.2474600290669272,1.3270715630951675,-1.2943178762443788,-2.040584131639042,-0.4275092016776756,2
-0.817271716765276,-0.7261264509601807,1.5171362633327226,-2.287297889361136,2.472995668719757,2
0.8615997371714774,-0.5078069016281345,0.3880034395479896,0.8567624268570214,-0.7940598426908554,0
-0.22809730578226,-0.6254204404685837,-1.0723045066894834,-0.8779861319355001,-1.0814627744978915,0
0.5710211674951948,1.24702606753413,-0.8763824339966237,-1.6096612763789822,0.2739483974080747,2
-0.1601515600267956,0.8714653616068595,0.9222681256321092,-0.7342038567227049,-1.0923288272449927,0
-1.029750560479426,-0.145754412053989,1.135059480911533,0.672781985921181,-0.4247130641902334,0
0.7866603736301718,1.6371666805339522,-1.133390294310774,-0.5885422046586938,-1.3050984450074083,1
-0.2192885968755324,1.0683460310715056,-1.013015094962488,-0.8702183501878878,-0.7522864493507987,0
-1.336616090113744,-0.8205089590562826,-0.9450418029225748,-0.6241495551742103,1.073582830379564,1
-0.7577486052822722,-1.4452230454146502,0.4965710555095107,-1.0863733743082256,-0.1464968207097391,2
0.2938788094224721,-0.4267327823373297,-0.2837858863939017,-0.9281453143107724,0.7414982020367341,1
-1.1787142583717445,0.791552236793449,-0.8031332532029883,-0.7840413748472571,0.8575755334722661,0
-1.6531603525771532,0.1767214005495293,1.5181222873139253,0.1456704885782868,-0.2813786251681416,1
-1.160833287979558,-1.0117755491650609,-0.1130799267788167,-0.6683158088961975,-0.4616327376855016,0
-1.0422461794672064,-0.9784698526095668,-0.4197612880448109,1.3162779373193587,0.7620632453431643,2
1.2044119178545147,-0.5057637634376682,0.7643627869298878,0.836019957951624,-0.7331002818988797,0
0.7409149301015059,-0.2802646655470561,-0.6595024459881269,0.1603845195132709,-0.9263401192444104,0
1.7299727768988915,-0.3231035656766381,0.8840434478923115,0.6041347279934574,-0.9975208689449232,1
0.5633915300530695,0.7049544168895293,-0.2866970270888493,1.390265706254945,0.0574959733157193,1
1.333814780644677,-0.0800602234400353,0.1826134313379533,-1.0206241652030748,0.2868762542773162,0
0.0645824622023545,0.9963796041589756,2.1857699835870203,-1.5225686925939297,1.7550508499536428,2
0.1013710178524795,-0.0520298990849298,-0.472349477922011,0.2815158135962857,1.0460415714092108,0
1.036456865943865,0.1966568405373873,0.3475317041971922,-1.0633096168898255,-0.3860104582676119,1
0.4320941104883864,0.2145992265008402,1.9906771336433613,-0.8875656243120993,1.4349166048657858,2
-0.8004705969298647,0.9865592730470673,-0.2541054049001859,0.7408076224063788,0.7419463074978763,0
0.705461944455911,-0.5996452273397443,-0.4194079389882554,0.7587137487279294,-0.3896932307924073,0
1.041498895647207,-1.2492090347263098,0.8360931280002316,0.6962937599705431,0.6639838254650432,0
0.378885588809832,0.0519815282121839,-0.6586657459132683,2.1838796887525893,0.875509458433338,2
-0.748572655791845,-2.820361328363268,-0.5531870913349054,-2.31862873528856,-2.0546098127268397,2
0.3823708516289472,2.0338948650132136,0.2354778280868041,-1.8419816131266735,1.6153252941733476,2
-1.4442321964077802,-0.1161859509985898,0.4482529966908514,1.38257752802198,0.6151060993573003,1
0.2197645596204298,1.9551320010875608,2.230325218943922,-1.6616285672495643,0.4791993941562847,2
0.3277493752619823,1.2482126860626128,0.7669826629829418,1.4713691361976688,1.489249603931992,2
0.0345352253247922,1.1763824106215444,1.4544628419291503,-2.345269200560047,2.0602528250081367,2
-0.5338117573371896,0.2514750576007317,-1.084926192892684,-0.4872969745769354,1.1097590810926736,0
1.3762048051303335,-0.3618656317071383,0.0872546446516605,0.2870120263645151,-0.460028103586803,1
0.0100591847802723,1.1733400254962478,-0.4502247686355127,0.704853030024597,-0.5380991347913119,0
1.4001880342460873,-1.371903685373375,-2.0289201293425783,-1.3661419820193468,-1.4344506518984343,2
-1.6195276871562398,-1.6902624518345883,1.7019806049146,-1.1838550476599885,-0.4070110134512546,2
-1.202103387087743,-0.773864955328944,-0.142340590474183,-0.6422099374029415,0.4060133593196932,1
0.5939065104800113,0.9050080961806162,0.6555092729141969,-0.0823967778346014,1.5252077518459357,2
1.1418881917100756,-0.1567435786063715,0.6836146213343348,0.6319424510190244,0.6251933668684598,1
0.6389310724716036,1.244318016672015,0.4662803966916924,0.1895615750173323,-2.2718349937614675,2
0.7652404334553873,-1.1229072493234344,0.6378231248189703,-0.5788923322535361,-0.385062997524274,0
0.1137307095910528,-1.3116496573789589,0.5518596513982087,0.0049984571025241,-0.1466305631071401,1
1.738842432676893,1.3791717993384172,1.56437258965759,1.601139694819227,0.7172538388799647,1
-0.7364233454675296,-0.5276281168806716,0.5053630957841356,-0.2785437512326874,-0.5598495056312399,0
0.7381426097868435,-0.7576235738235805,-0.5333399373972362,1.6244857738290457,0.5294041777960272,1
-1.174619033599395,-0.6074922383005104,0.6605652744484284,-0.1626393411889459,0.0598814467342202,0
0.3322661812756763,2.192522963978179,1.6379433620681378,2.6905878287780745,-2.585666327118993,2
-0.6213628966304153,0.3623786801997915,0.2827862249332551,-0.5565753666260079,0.2956837500160295,0
2.029425265330834,-1.2575693436370774,-0.8936615046068792,2.7487520746371565,-0.0196489835623578,2
-0.8590007957734254,-0.9080160348667498,0.565523691018939,-0.0835440449655376,-0.5949406198588881,0
-0.1165292026653055,0.3817636169992514,-1.612694159749778,-0.0759678552103129,1.8661313510807764,2
-1.2337333314582837,1.6712351565187895,0.7282643759264873,1.21388400373154,1.0719449707700772,1
1.463764426821143,0.1529466141122887,-0.8494647402086535,0.0216702644605711,-0.7270700603265241,1
0.0167445041903112,0.553207346714933,-0.4951157803767203,-1.0386173650711874,-0.2734564020940287,0
-0.9704602519806326,2.1208907917867386,-2.307208343720055,-1.304160279214314,-1.3754008546845948,2
0.1260824127028946,-0.5552300205551348,0.4620311028688875,1.0719654260779197,1.3458722035734398,2
0.180870364918166,1.0329816924895687,0.4083434220363159,2.002429927623902,1.3558751027692204,2
-1.414175992235122,-0.5122490189142711,-0.6009409086229619,0.2020068285390084,0.6345781915920363,1
0.9686103803703862,-0.9041186633940258,0.1575024086556903,0.0146755553755547,-0.2319865967922748,1
-0.4070142020812509,-0.8756298113635904,1.3022699731349223,1.5414680536830276,0.2209054571727197,1
-1.3666097866209193,0.4720959988753309,0.0467800838560027,0.3221336300030937,0.2974202458070525,0
1.2726971978491366,-0.7409421877118316,0.1560137672527032,-1.125850631522752,-0.4293752164116807,1
-1.9578922504704208,0.2190731037214996,0.7045359258479263,-1.0807614921089563,0.1072838686280358,2
1.710450615038432,0.6142504769289564,0.5790401910633849,1.4319881132852716,0.5638645946367632,1
1.688741838281275,-1.134875016134117,-1.05485616336054,-0.7533670000903941,0.1941098131835362,1
1.180582868235638,-0.5835486754266452,-0.6768247672333069,1.5376835020185031,0.1896445494909677,1
-0.5022612115923851,-1.0993149516338023,-0.0868309503915454,-0.5226942442356387,0.2268359757501582,1
-0.093602280102564,0.4487521380192814,-0.7569957548736113,-0.5130925430458966,-2.099144267287834,2
1.5185593150833474,0.4324637293658157,-1.9436503541593224,-2.359284418882759,-0.414365765580278,2
0.7445000602224683,0.2537731320508868,-1.529494313486314,1.1227168294056606,0.6591217076964258,1
0.6406092443450647,1.2356436099683268,-0.3773058215512065,0.3618820453426078,-0.0363801579606397,0
-1.3828022925972117,1.095288862488624,0.8459364573803632,0.0869869999387766,0.1855764330389568,0
1.2160056527676109,-1.2427123210748272,-1.500441603255785,-0.598084660224968,0.485371992996875,1
-0.2595448078125778,1.035100081923732,-0.1978452613319717,0.9745411437107409,-0.5867449992559359,1
0.0770177696829435,-0.0965929220113192,-0.143967487685315,0.7368422218583724,-0.9766697570456684,1
0.4336797168815076,-0.6615649966443174,1.286228345483878,-0.9371835288506806,-0.8265733499218927,2
-1.8407250182547636,1.0660252023168637,-2.377000001286261,-0.3958818746111701,-0.4761050232238249,2
0.7130240174759975,1.1463688463201025,-1.095116200351352,0.8858805487929383,-0.0177118559770609,0
-0.956153067605645,-0.541958266737191,-1.3893421097294918,-0.0119119132790126,0.2925147453719597,2
0.353596190138099,-0.0137315378889721,0.8393344736350152,1.595131603588307,0.8783433059047719,1
1.6897452989400712,0.3952144167111838,-0.3501343856677069,0.6944405464778703,-0.9709802881494068,1
0.29039767570004,0.0787503739743424,-0.5236806675100957,-1.05574691065892,0.7979432241331216,0
-0.7151763038878164,0.7154678262324308,-1.3138823895209844,1.4087148335769486,-0.8555768468812628,1
-1.3767620130327392,-0.8436788173331723,-0.5139041925012147,0.9469919133412236,-0.0445689908539341,1
-2.1433561786206834,-1.689905997150215,1.535236671211246,-0.949833526071103,-0.3511443319972055,2
-1.8529433523234404,-1.9470698464552807,0.0936730737595254,-1.6158176039771155,0.0003948180589338,2
-0.6176606108658085,-0.5934679081440267,-1.2810373307866147,-0.106144076240957,0.6642753158886423,1
0.4872217136795256,1.5423922652130844,-1.30109422417789,-0.8924709825587622,1.385126875026223,2
-1.740376658494381,-0.5123378531593418,-0.716750360243968,-0.3954784797248958,0.563512621147572,1
0.1272937599541494,-0.0786836435733484,1.0982121397754627,-0.761865778067145,-1.5166149511582547,1
1.283018174014981,-0.3803444849126512,0.7367484113798105,-0.0884360041498807,-0.4349085738278101,0
-0.2824709534666787,-1.553899420859138,-0.9351020526448962,-2.1212463818075333,-0.0643066172607906,2
0.5261256199818652,0.0183220273057732,-1.0162765464855987,0.7751481790477064,0.4802914890370722,0
-1.3386254013415495,0.3994705174595023,2.576316299480635,2.736203559136646,1.3719241014527277,2
-0.629269322918782,-0.6556663924833016,-0.7753186781956994,1.12488761580697,2.191357497163195,2
-0.429296267970923,0.2827193328278842,0.2315503677530707,-1.0656691270114966,-0.4847845487571212,0
-0.107577750002214,-0.0432328324304852,-0.9961238059006464,1.4669621351656967,0.905970468274106,2
-0.6686032497033233,1.0544080084292933,-0.8011583822532697,-0.2061247103352896,1.017757046843339,0
-0.146545102588046,1.2820945094175429,-1.5914241975199823,0.5770201144381287,1.0568747857841063,1
1.0393491893108575,0.0819164675198443,0.2631163296415625,0.153996721939463,1.0584367499912015,0
0.8432546843796995,-0.9046624014452316,-1.0804609292443614,-1.1809645043516823,0.2849898353498086,1
-0.1045786396349833,0.1894005127611695,0.1116959259433787,0.7339300029498745,-0.7688991090507566,1
1.137454471265977,-0.1393763646435308,-0.9816583467364416,-1.2791769193017517,-1.2132540330403525,1
0.8981073297665488,-0.153278870048526,-0.4179367159646655,-0.8703707464121541,-1.133776802282743,2
-0.2526873528784161,0.3303860330712042,0.7214068790476645,0.7097684255957426,0.3715754566069249,0
-1.208758423181577,0.4833289500719754,-1.4342493859517318,0.8545402084009015,0.9255515514339544,1
0.0482683788527075,1.093453574265812,0.4730503663327601,-0.1876492728707599,-0.6360127308264049,0
0.3382803471263817,0.4643032064651364,0.4665435718774272,0.2344565621282955,-0.5106388518178735,0
0.7769011758055133,1.807201008150776,-1.3300440131723197,-0.9080315917804924,-1.0890412972328476,2
1.2757808848675316,-0.5268733318401249,0.0621531622529234,0.3547701581990437,-0.9915293450788826,0
2.018116988815551,1.579176127448397,0.9014056723957954,0.6232738635036974,-1.6738867937793394,2
-0.9283200389269576,1.1326517931030649,0.6713581358162284,0.1439364710383491,0.3163894720549948,0
0.2885122475607866,-2.3732005115093218,0.7193912341793213,-2.3554684784776394,-1.915054256472551,2
0.4799475587184298,0.6994528213129674,-0.1268231545623735,0.7849892844875402,-0.2961410636402255,0
-0.0055647386887122,0.0408331611786273,-1.2894995033746002,0.5824957012253305,-0.6250321535677773,1
0.6814844794471837,1.0092690394542163,1.0849630485108406,-0.2573736615046235,-0.0969083473325159,0
-1.8853492582144344,1.1781003577143565,0.6847908224835686,-0.3803216378913832,-2.3894687552469955,2
0.2137106162837624,0.2475768962776717,1.1370432670638408,-1.0089646847503335,0.5589960768427895,0
-0.4255138035067429,0.4945088343570392,-0.0424270371685023,-0.0686646198484927,0.2554326155876445,0
1.4795948453038532,1.7561709772585488,-1.7519652807292423,1.176405742387703,0.3511495466443975,2
-0.4860257240425839,0.5492751393727315,0.3422017671500126,-0.1797706728341283,-0.6477083300099767,1
-1.1157941072016648,-1.6375423420329138,-0.3137846176771979,-1.1980397824176348,0.3687949047889008,1
-1.0483013360018096,0.6300259160699379,-0.5765951274533919,0.6779960981442588,0.9506099485600814,1
-0.2569528639010132,-0.9663688727704602,0.4696875669404609,1.574961071879459,-1.3785024902827547,1
1.7249160679055595,1.1164284664945554,-0.2343145232706915,-0.1243335113580918,-0.4295572737007899,1
0.1527242228807745,-0.1940405351517907,1.2376756204712616,-0.517087230951644,0.2294594861345738,1
0.5918137298282943,1.7076709939181878,0.217392873333765,1.2029448228183672,0.7339767304642839,1
-0.326707346933013,0.5234266102671893,0.9439252176603704,1.4743557529636415,-0.4068451000685276,1
-0.3214843630105872,-0.8731058702775338,2.3089640593352105,0.1278172596942607,1.3927954095062216,2
0.232589870369196,0.5169968412770826,0.7993826733751808,-0.1896263196223699,-0.41526139761212,0
1.418647099533954,-1.731254427425518,1.258954918787247,0.1649857535095773,0.5776057917592429,1
-0.5220857224815472,-1.03876355631675,1.0080727299141494,-0.053720655920718,-0.8882624002531633,1
0.3319837164357541,0.8267079831032437,0.1893937267318127,-0.1751117291365106,-0.6143665164092404,0
-1.126109617803379,-0.9014268460997112,-1.1199713909591122,-0.072893471488954,0.0796018183006631,1
-0.9366998516729542,0.4803739102355259,-0.7098398589900623,-0.7650143039652967,0.0527160991900586,0
1.7841436648537272,1.4303661025397345,-0.4577465606194732,0.7752217564605961,-1.4371746767478504,2
-1.2889094718705405,0.6944246876877272,0.4618635907677816,-0.2225598693795695,-0.1414075491911472,0
0.3118275349651978,1.1226439497416492,1.0748079882332733,0.7432486899531602,0.4224758247254428,1
1.3266356076312933,-0.5912933735365,-0.4018522447627264,0.2261183180424343,-0.7008343902618327,1
0.857134982177151,1.7556150901032033,-1.8293275410901264,0.8702102044481438,0.1724495959637676,2
-1.1768099949031114,-0.9380056158219038,0.0889593389835954,0.6705652319654763,-0.4264349374215508,0
1.3425790900960677,-1.6394056732605646,-1.3635981580569967,-2.6794164603384405,0.9435856321347362,2
1.2024765650991829,-0.7386147922249277,0.9769958187119528,-0.1269126288894137,-0.8331344725425966,0
-0.8660097523500123,1.115577860089734,-0.819818734508474,-0.4323783925388227,-0.8987112369868939,2
0.5066716857269251,-0.8858062963289912,1.0537333265668165,0.8158810253129121,0.0404712578363688,0
-0.1084129850627625,1.0625958350310971,-0.9085132834988908,-0.7416036403753867,1.0220291743628842,0
-1.250536266459903,0.467239435918443,0.1480449185113342,-0.5082853769592126,-0.2426445412019737,0
-0.8522218545660152,-0.0034238513327956,1.4939868719577958,1.1432208362278171,-1.3653122523669885,1
0.8830762112806503,-1.326423434019229,0.0377170202048791,0.4099576407984203,0.0724695663348209,1
1.6792599137396849,0.9617136943345376,-1.334241291062733,0.6053558456117347,2.456734491959673,2
0.8267503648404102,-0.1404579647166077,-0.2977979147928237,-0.582703808547552,-0.4163979023165301,0
-1.4850977360403093,-0.0738536295171381,-1.021023145776955,0.7376778352320391,0.877158904070563,1
-0.3175458481880001,0.2315796467739336,0.9355444507910544,-0.0343007638738141,-0.6724004985975883,0
1.1816466813550062,0.0181529492891884,0.1201718765449893,0.9176859738048108,-0.3843911800128351,0
-0.3433979003773375,1.0659658923164816,-0.2351361493615317,0.9395598842078954,-0.5235717805065407,0
-0.8511484045462686,-1.1489359142918951,1.0187538941724747,0.3415915670644412,-0.6050381149533687,0
-1.063169320714647,-0.2599252229519991,-0.9655429336895452,-0.6478327093045586,-0.0191863117721751,0
-0.0370529076734074,1.1527247471226414,-1.4737046124499944,-0.4162620586762794,1.0877079009559902,1
1.6605078718183357,1.059727687087882,-0.810457669622343,-0.5282877569885065,0.9283870534010956,2
-1.245261172187076,-0.1779361874979041,0.1277962427832462,-0.5127027353530174,-0.793491672131992,0
0.5876707266490796,1.0817747366828028,0.783870193803595,0.9946087387978094,0.3793973412329375,1
-1.0037117114975762,0.7971230870350665,-0.7984760651883339,-0.7346384047194578,-1.6358105964985732,2
1.121912793351285,-1.0901961869666088,-0.9545349341710097,0.1559549682712247,-0.9471239226596616,0
-0.0911689960757732,1.07672762583485,0.6005845319967437,-0.6742093338504674,0.1572354401198931,1
-1.358123984221736,1.253792297923282,1.3005923491711937,0.3181349324229445,-1.164430598806499,1
-0.4710120865092619,0.231320523949831,1.5017537952152673,0.6142825744868237,-1.3261058311395384,2
-1.2275545919816768,1.274573660193001,-0.0363607554229554,-0.2838449139547017,0.0365768233177782,0
-0.1551784749358524,0.437778827780639,0.04351866322849,0.6753491415906193,0.1638378636997906,1
-0.3354212264750458,-1.1590876514337791,1.2095261890638187,1.342386015268728,0.8363091136915035,1
-0.9876378500287164,0.5489242531496586,-0.0803484496547756,-0.6502056122979071,1.438791089330558,1
0.972289467674102,-0.8177285633933542,-1.0725258903853383,-0.7514749386998643,-0.1718042614548369,0
0.4249214668447281,-0.8342065989799804,0.2256550061146506,-0.743575678614895,-0.882060095973331,0
0.3712971323625064,0.0399778885298862,0.7276389844451959,-0.83594573529412,-0.7877812939932743,0
-0.6829415647854884,-0.6412512063085325,0.1069541995479986,0.1791647362880244,-1.0281948483570085,1
-0.2476177759849932,0.9169897305885094,1.0958213762807458,0.3025636765782604,0.3212017975856329,1
-0.0032184663727595,-1.0508719122414272,-0.1195246885817068,-1.0061268034676691,-0.3709702519171525,1
-1.81209273453396,0.3836128438102049,1.3741285176388272,-0.8507617807816127,-0.6827405933086121,2
-0.1247058018479265,1.6346389635210912,-0.2943856374505694,1.653724172817583,0.4742252778502682,1
1.070525116856271,0.3681999124387176,0.0299203991647696,0.1970221927560201,1.269481667533901,1
0.8375739398698229,-1.348832833490359,0.1103082573236444,1.2005046393773826,0.7977109044089006,1
0.1884898540004924,-1.704794964630464,2.0280968172973437,-0.916478018165289,-0.7071163328541608,2
-0.0848428595709182,0.7960976203513387,2.0750163154900627,0.6187351501293327,1.402827782730174,2
0.6517883698848818,0.6161090145568178,0.4303399503159056,0.8281674550884385,-0.5682300548941346,1
1.065331715915269,-0.4250064991948934,-0.5932310558552676,0.4472985024622133,0.9606927739634592,0
-1.7483719553602737,1.6981024637231938,0.0978264272001301,-0.2072893822870891,0.1220705688312278,1
-0.8197560895005919,-0.3892816909153475,0.6588072910956272,0.5540853318981531,0.024017643523551,0
-0.5395272497070356,-2.174065484334753,-0.0839963979373689,-1.8382873804331783,0.6538122141604336,2
-0.7979847165974903,-0.82835302095451,-0.932228917777644,0.6778821680010094,0.5491978470533355,0
0.8360392182577072,-0.1804765838888913,-1.1306973900696813,-0.9906061155447462,-0.7850753465963014,0
0.3163252449091329,0.9763001012111634,-0.6365929771474831,0.1412448833982729,-1.314294700012556,1
-1.1461544972318376,-0.5628010875746807,0.2601454203876767,0.7389767370483408,0.8247770967316783,0
-1.7697029517486866,-1.3262810656830857,-0.692961846101227,1.290334117840845,-1.484474542372758,1
-0.4273760352028519,-1.205376886657003,0.4365695973921723,0.6439687187501371,1.0780629960866783,0
0.9785747706847662,-0.9187162495287348,0.1004821046353508,-0.5754386675641958,0.8837263419436304,0
1.1219519761312264,1.975755241347494,-0.1226477622930457,0.9737680252264532,-2.3070892639797407,2
-1.1817529231158057,-0.6799170624226679,-0.636485423145609,-0.0175316439471031,-1.0921338938565983,0
0.7255104601231567,-0.9712077364881444,-0.6233293089314705,0.1983239293630452,0.1638001466612992,0
0.2717742738301295,-0.1728077544335292,0.1662127555928891,-0.3407446401597381,0.3178700089889815,0
0.7757060226977524,0.3267095570224294,0.063482624567777,-0.244020384435178,-0.1690518564908183,0
2.0659110001049905,-0.9629560487806856,-1.4082948890648828,-0.9421901794019522,-1.255167841528309,2
-0.4090773954869785,1.8646352505138095,0.5840277466427664,2.5852145149123613,-2.2697466935943145,2
0.3109345970972287,1.0618301829262864,-0.9545277969018334,0.9085737299129978,-0.6142402167765495,0
-1.184758350761452,0.917864454098864,-0.7652281400923313,0.5188194443695837,-0.4579764746707506,0
1.3202992505525588,-0.4166591682503856,-0.6594655318665565,0.8050918792855565,-0.5657142499093967,1
0.8455889777495365,-0.2842751378147716,0.3886950229266664,0.6062633867610473,1.0945131541450066,0
0.6984920619807594,-0.8291495389962489,0.2086712566685756,0.3780814077604822,-0.3329407059863897,1
-0.4477226586410802,0.1785310749936054,1.671765419711973,1.2980568712593523,-0.3034554430235792,1
-1.8928901159131413,-0.4959430736437759,-2.5325589045081154,-0.66781091720781,-0.4428549951898864,2
0.0672314867626895,-1.016678817895912,1.0265455118005729,0.918168376105079,-0.1283899111271831,0
0.4449707711418652,1.1994816735433242,-0.4016911075843026,0.3745081068137111,1.0229964960888391,0
-1.4727950552398228,0.7675413642488256,0.7129611241391346,-1.2456559740765571,0.9998748278649808,1
1.2831973199686462,-0.3272411327501561,2.2171418347484275,-1.1751569939894264,1.3516698196251855,2
0.258193578232924,0.688589764800705,0.1301350918890328,0.6617297821364456,-0.5145410340734927,0
-0.531285482907913,-0.1391673470857948,-1.1267836762261003,0.7103762162055758,-0.9375247750810016,0
-0.8780186352504793,-0.4231482609200478,0.0167161287880221,-0.5163741769207153,-0.9131853165198164,1
1.2044794557454206,0.6219666746913137,-0.2621589728279845,0.7796088526954965,-0.5260969531092242,0
-0.7841833857486089,0.4391084251996235,0.1450666716065867,-0.1428199726997815,-0.3932012782965312,1
-0.1113578658997244,1.6418498447942065,-1.308733501440583,0.5526812868962062,0.3780792338051879,2
2.3209999311071843,1.00892377880469,0.9259367278854588,-0.4877551653473313,-1.6788916875403943,2
2.0287401802990086,-0.6792134962414328,-2.190504415914879,-0.0669194444328617,0.5011680254851855,2
-0.7030969092827567,1.646823238485668,-0.5476530666508749,-0.2145004538927774,1.6623736665422928,2
1.6077514331162908,0.9006339481226917,-1.3624400721443797,-1.4093519548858378,1.7958352659189607,2
1.160576481832507,0.2806802909923861,0.3825192270413673,0.0832330898755804,-0.0466037228222514,0
1.0074823585537442,2.059278487926492,0.6216929404959076,2.588062365101387,-2.6447670247811823,2
0.0542093976306443,-0.4210253824650984,-1.2781136580058152,0.4371535206246449,-1.6910660720787272,2
-0.3513599993993265,-1.6435898575702124,1.1852644857953931,-1.2299101807706034,-1.5003855667688049,2
1.1573629072501224,-0.1073899804961487,0.585406276492281,-0.6217645785190741,1.1016123290403448,0
0.3542964660777624,0.9062457709074097,-0.491982662441939,0.5479235847298423,1.0922702438436198,1
-1.2099919445271878,1.4923263935267683,0.6209725683362718,0.0999574543785736,-0.9325635531355004,1
0.1238615868019269,-1.5084863422156198,1.3969604238936215,-1.6859362088979848,0.3900505316293176,2
-0.8282033022117098,-0.8581967723313345,0.9660392920545549,-0.7416313184319673,-0.8298643069796074,2
-1.6282111657386042,-1.2313291817769696,0.939827691477638,-1.9170110453804183,2.2521952733376875,2
-0.4077644799979724,0.0222569908013521,-2.2639003226519248,0.4019004214878665,-0.7264225180088473,2
-1.3587183699969898,-0.2255460741222976,-1.0562102751785474,-0.4656384200712142,-0.5223205098879093,0
-0.0886748754523191,-0.7586955105634796,0.1003896674561664,0.8442439448489049,0.459475740694627,0
1.9368892032345204,0.3184467474764285,0.6090291050033796,1.8358886277918656,1.9411604791465724,2
-0.068919324830957,0.8731645219966592,-0.4056964684872465,0.5188401022263044,-0.8116221616246495,0
1.5273881893839194,-1.7454046456439645,-0.5989823248994209,1.176487580704919,-1.2579955788214947,2
-0.4305764395403462,1.5856495588781157,0.8190413388667683,-0.5873901145757509,0.2708774753118871,1
-0.7879707573030553,0.19097562382725,1.892279118522064,1.3301055776159174,1.56096328683223,2
0.7142265337046955,0.3860664992564742,-1.2259014922988296,-2.843085449043202,-2.417647467304129,2
0.950568594371962,0.9550596115006535,0.7466179030353698,-0.5087505903282191,-0.7720867733393251,0
-0.9160204567741688,-0.37334000497963,-0.931516678577704,0.6594948559518392,1.0075653617283566,0
-1.0266022439805975,1.6433659162227074,0.2781918048383427,1.2692873040531398,-1.051931279761655,1
0.3064086809791626,0.1610135540828594,1.2751902522583571,0.6909652153999761,-0.915662644410485,1
2.268437603512715,1.521042008130662,-2.4768940213115087,1.7294682111382889,-0.614429958927665,2
1.036530154726074,-1.2349193012096114,0.3237510724411072,-0.9116820178965492,-1.4894379808325235,1
-0.9157929177234566,-0.0494465761793658,-1.1394917885886242,-0.8428188879362799,-0.5278390635694821,0
1.6330045870205938,0.1968567778209182,-1.311208219735145,-1.2489580862678047,0.156282871967747,1
0.6454836809292746,-0.5100862136951321,0.4663742908714027,0.4402010808687816,-0.5417543791360819,1
0.9943332491090684,0.0836015796418292,0.2301910569875243,-0.729999736957478,0.2055449128114176,0
0.1014366681634614,1.1862064010802251,0.5403173679159673,0.7028135259017051,-0.0635658422764488,0
-0.4092241369956825,-1.5779498931499465,-1.6107820913071904,-1.3246788256915256,0.9923698988644594,2
0.6351820865252699,-0.4232239372554268,1.004262151314113,0.5670245527181196,0.8340387054479987,0
-0.404791485038557,-0.7862861134320235,1.1100131097011088,-0.8667914873015494,-0.2175036457098117,1
0.6714932752461445,0.8796104951510885,0.8811397458370124,1.2986961319699653,0.9675434133778448,1
1.3282525345318583,-0.1727404106870768,-0.1156684319895045,-0.5084794616488776,0.2981274594439266,1
0.1808995756678084,-1.476421883473612,0.9003277487116366,-1.2876953176941348,0.2064492731211776,1
-0.662672460974898,0.5416872308247228,0.3865399248766525,0.6672861323160532,0.3817971672599816,0
-0.5484597603526119,0.4754717277291554,2.085729173692039,-1.2649123342632136,1.2480721575143947,2
-0.9705678368015328,1.859970438484969,1.0180751128788394,0.5685481046324324,-1.6424496160525377,2
0.1516875129060937,-0.94979249068823,-0.7817791788177835,0.3398782110079247,0.6069794922615181,0
-1.9954080612735288,0.2193553050135446,0.3870129894408788,-1.5000500049173822,0.0999082902401349,2
-0.0826641811543194,-0.0311703186368685,-1.032655514709418,-0.0279302151178008,0.478472002306665,0
0.4124000781732118,0.8357800197818517,0.2533251344879058,-0.2438240285662367,-0.7512246363059293,0
1.4010312686838118,-1.2431778009929912,-1.1875358250578454,-1.2245720477813962,1.3694331779695736,2
0.356656179530273,0.7144880550708098,0.5823693598594661,-0.9915875864209254,1.1217401030526035,0
0.3858205737458124,-0.2436526881533159,1.3527313453976677,0.5663083775995367,-0.5208671631527977,1
1.6772593757553005,0.0746923516872139,-0.4413474804050405,0.5792464176113776,1.3508386742448475,1
0.8002494487671497,-1.7749667649418852,1.5540775749485427,1.6762323836981463,-0.6948413028619267,1
-0.7083253819879561,0.9297240765564496,-0.7318042507320012,0.8769308383687187,0.0183600503301119,0
-0.0470006150034515,0.0397268134117738,-1.5484589663779729,-1.2461092298899938,-0.5160819338847109,1
0.1257349894474203,0.268124882240381,-0.5934159417219567,1.3202157366375007,-0.451080587664119,1
-1.610779830315869,1.8250669949451848,-1.2298304146771382,1.0785187583825653,-0.1721906507025474,2
1.1552502199782602,-0.4490717713428306,0.6177469956429694,0.5950922663101637,0.9917842685445112,0
-0.0996155229251532,0.1176164968204446,0.3869951548302716,0.078168204491679,1.0477440285802293,1
-0.291568348233664,1.131047922096078,0.8834742017327277,-0.1213918292635456,-0.6486792559775737,0
0.3261318277102388,0.1243056519982935,1.1070656268824834,0.9365486526475134,0.7838199485649912,0
-0.0041143770875014,0.0057979926518626,-0.0708516573503713,-0.4512547612642857,-0.2595480410818283,0
0.116464667267163,-0.1193540351508687,-0.3219390017526002,-0.7395878397268912,0.2551236217122498,0
-0.594805690308461,1.6418995123919429,1.0224948560244276,-1.3816846532670026,1.0536522498428451,2
-0.8918156382669324,-0.2586194795728742,0.8709579862956203,-1.1252317538280538,0.3158840836611493,0
-0.8199487188688452,0.9076531186158264,-0.2382595626299294,-0.3448977636204274,-1.1082415840621744,1
0.8872746600737392,-0.3087479429352098,2.3906451951151912,0.9599163547272048,1.634842791280616,2
-1.3409735573264383,0.089677707094168,-0.0362809323479557,0.5580848932327108,0.7386142496473198,0
-1.3917576826988318,-1.1943488471009744,-0.8331429139639214,-1.0979011864267476,0.3004728721348252,0
-0.21980135056418,1.6065439619741295,-2.097501728877511,-0.2672625494566984,2.060025235139666,2
0.2623678193933135,0.1542414210133547,0.2197073875390002,0.5517409639128779,-0.2936601228664425,1
-2.018866363354641,0.7793673826951943,-1.6208935020914117,1.6708160133664909,-0.1013259634500943,2
0.6345270712019363,1.5754762296974103,-1.0262379702503437,1.867197965888216,-1.5721859300912775,2
-1.00938762188873,0.0681723974242476,1.0257089612767687,-0.6352558959543352,0.5899610712131852,0
-1.3750799913641345,-0.6418398789831139,0.0792754803338651,-0.4263569244129388,-0.2159971388161798,0
-0.4603964336407867,-1.2141863643760311,0.068700455733064,0.6348701555774284,0.6286533580301449,0
-0.1824584278045573,-1.5913563969304425,0.2199840231467514,1.3505160952639332,0.4357403197503659,1
-0.2359943343831795,-1.5931474789981706,-1.7205353853401066,-2.40781793627858,1.235801098621864,2
0.5155946223038306,-0.6537512517344167,1.6203160528891951,0.759204352171023,0.0060471059611607,1
1.5416594040680092,1.2487492570143486,-1.6372021508544792,-1.0774379385892408,-1.234741289404742,1
-1.0418474609937003,-1.2308806242288008,1.2102761649144538,1.4766090080262648,0.2723687280742426,1
-1.8914798096407397,-0.8782272379645384,-2.4479596787475155,1.2021116890119663,-2.3265685703189307,2
0.1653931183463947,1.6152953240664032,2.2789792615550124,-2.527963747416808,-0.0020626468762396,2
-0.7190121574204378,-1.0688514927273598,0.0194284218800684,-0.8918925527536102,0.3822999851588485,0
-0.7293721762590643,1.6023878766538924,0.6836791795799826,-1.979753736414379,0.7682063016272134,2
-0.272255217699633,-0.8883682190753818,-0.7940817620176059,-0.4999365873195379,-0.6474782538019669,0
2.013648653524237,-0.5011088139135221,-1.3579288481189002,-0.9371928686451286,0.2974618385498584,2
0.0476622425263524,-1.0988860543140866,0.0492694181647661,-0.6816726155838054,0.4275342571634707,1
-0.4360514158576357,0.1535046989442045,0.0642874203437391,1.66934963917681,1.482487824567867,1
0.1566955611548381,1.3149831356431354,0.1150346130107978,-1.1042940634233234,-0.0022285787137568,2
1.1200524574194866,0.2212550971140254,0.3805694762789553,0.9734384673614525,1.191744435914718,1
-1.334400558925458,-0.2201632769691759,1.175224674525702,0.0789190299426426,1.7295136767197223,2
0.3821596910737456,1.1432145804141065,0.58042555943405,-0.8074921812264967,-0.0691428715508174,0
-0.9372882197859664,0.4774679727792567,-0.4068920224084159,-1.071588787983727,-0.582972142808145,0
-0.6705583031327721,-0.9911066715455672,0.5891598152441275,-0.2821072042470956,1.0796969755031371,1
0.610632619757852,0.2579019685336365,-0.3622016312402794,0.748756383233618,1.1272063346615402,0
0.94404218398326,0.3577335000619029,0.5577234940504399,-0.5110763617095762,-0.0772067851015126,0
0.8986466170650325,0.3749000940181054,0.6094697775790546,0.4478690793912154,0.4142703788651707,0
-1.194778155983042,-1.3494371489468815,0.3750033406091294,0.8279238749917811,-0.3853814183523669,2
-1.5134856475818643,-0.2538249369299019,0.9392337215390748,-1.161807251555407,-1.322434578139221,1
0.5183982993825968,1.4444516586085587,0.5167314171112936,-0.7096679738637431,-0.956642258340326,1
0.1177901758197752,1.8048362098514563,1.1377887966683875,-0.9423205151954042,-2.122885334882273,2
-1.3243077502123977,0.6670524230820025,-1.3841455175515438,-0.3383643339039696,1.5793771973321675,2
-1.4264572632697423,-0.405903241932488,0.0134721135111853,-0.4186277676079828,0.8821658973758744,0
-0.1781225216557714,-1.540555412512373,1.6041254356449322,0.2477974103018064,-0.0982254826083901,2
1.5777411813645306,-0.9566811183235064,0.3914417978307892,-1.0313277621978698,2.0144960277720725,2
0.603086400062931,0.7309175605876073,1.622375540046166,1.4169608576953048,-0.7638223312376576,1
-0.1419650492803057,1.048099431996393,-0.1172842028655336,0.6333095745752594,0.7983223437394679,1
0.1230260521610512,0.1648081300342032,0.4611770438934996,-0.6921932207759041,-0.6616521721307884,0
2.382527910035878,-1.8357469024930693,0.0371101307698683,-2.3376545762163867,-1.3657746684868846,2
-0.0270985701309616,-1.274394049022123,-0.935586090111512,0.047978639206572,-0.3842533254834577,2
0.6973097617939368,-0.867557295701973,0.4451547303932964,0.478296008416441,0.1043955125301696,1
-0.8317503755466412,-0.2187459843620044,-0.5858386969872138,0.106813426051334,-1.0123963146728785,1
1.2558349625050662,-1.3197098198587214,-0.349381314162341,0.9289960424049714,0.4955072976986323,1
1.0687890198948051,-1.41676153758767,-1.6419394760902095,-2.3414737850491654,-1.6598072248332578,2
-1.2423782402770065,0.4247206723250428,-1.504074820996603,-0.8582937182332125,-0.3879777222740769,1
-1.1524016229342786,-1.43517295144134,0.3766299563656927,-0.1981914912468766,-1.0861158927224857,1
-1.2634927819980402,0.78904219557429,0.8556956930772038,0.2675617952450781,-0.2643996831640888,0
0.0694898117714882,-1.4876741761148642,-2.559900416730103,0.5225795236103062,2.2407378409540737,2
-0.5846440654841759,-0.95716314243693,-1.1087327294083786,-0.8961804709335639,-1.0582193063946976,0
-1.2674479926719289,0.5846057365294238,0.0942498960595793,0.9120821845400506,-0.9022996433898082,0
-1.2000005033504968,-0.8843674630321305,1.4430262200298032,-0.7207672482246339,-0.4777505932384304,1
0.8924053087625464,-0.541504343470343,0.9085635266803312,0.5531566725380506,0.883441167514771,1
-0.2158748409012821,-0.2973199754482999,1.2374546345704784,-0.2363498917968417,1.4050037424030912,1
-0.4533533716255389,1.7042171645408704,0.4959855634991229,0.0455006244836581,-0.6208908649108607,1
-1.1791655155777343,0.6293880139442611,1.1145428425411958,-0.5616729356030407,-0.0088357516798114,0
0.4176388189555409,0.8817468872181143,0.3070254755290657,0.7814610276675625,0.3483051623588057,0
1.6264530004994169,0.7729950975686752,0.6997854643728803,-1.0434221552162009,0.0214984650700218,1
-0.9054970614619624,0.4819438936433035,-0.7449497662912082,-0.3088299165190301,0.6966373021534839,0
-1.2834637939890812,0.9582774718376318,1.0545651456234677,0.3157174243941016,-0.4916367960347457,0
0.0657527470272948,-0.4817948574849121,0.7226830828107093,-0.1392662021119547,0.7694508220589293,0
-0.418513029828684,1.0646984733063196,0.5037481238388276,0.0125707872127138,0.6826319688711404,1
-1.4976373126988145,0.81172754141709,1.9385840261498777,-0.3590263527348434,-0.5549508969111027,2
0.7096160974179395,1.465617082897777,2.515641458206221,-1.136772625099847,-0.9985598848623192,2
0.914087342696722,0.7649854997986556,0.664653207559391,-0.4857604712004848,-0.4680006493409998,0
0.2474084281700043,0.1475820276254481,0.2979294763123077,1.4326755782133906,-0.6193156093261126,2
0.9661232215214028,1.4887830568871636,0.6979725092593008,-0.8382941989710425,-0.0360148490161959,1
1.139759198287832,0.098322219648064,-0.9667982771551668,-0.4307486794169828,-0.4475145465390037,0
-1.6357344236215456,-0.6856122312117394,0.9032259911111806,0.686026738583159,-1.1225808080590205,1
-1.145737852939437,0.4887550217100808,0.0639174700921196,-0.1829934652386492,1.5316963795234864,2
0.7531328230975955,-1.2135516054196345,1.1408763610592898,0.8382270378275171,-0.1511653303942961,0
-1.6633697758312156,1.671739539471736,-1.453554685937421,-0.8420490482527659,1.1753289155217908,2
-0.6058732565674615,-0.2174645263254237,0.1282976392686016,-1.0041387673624729,-0.469488039540069,0
0.1034581226642878,-1.540150250771514,1.723082254454981,0.1872911956093659,-0.0413848764034078,2
-1.817529205480272,1.456578994957829,-0.9313534088763724,-2.462183862643642,-0.1431907952056204,2
0.5613645275443503,-1.2331041412662065,0.551451224319797,-0.9990723777001634,-0.2028375165661827,0
0.162476978372323,-1.434897599800094,0.8025959389568819,-1.0567805749269394,-0.2679704194354934,1
0.3598583245295039,-0.1766878553839797,-1.4927310363279036,-0.954980240928194,-1.2064115123430794,1
0.2359383389561462,-0.2461384402890852,0.0332035943450133,-0.3907040528221636,0.0448844007033582,1
-0.249954230561596,-0.4157547537434305,1.1471138431823942,-0.9003641689429726,-1.0078746509467114,0
-0.7730478721308499,-0.9767103562811562,0.0810813383410933,-0.9305786455064397,-0.2862692504312345,0
-0.9905226979271377,0.144334655923286,-0.0586374268725831,0.9508152894121276,0.445626821919928,0
-0.4321872466817669,-0.300149858708119,0.2986630929121421,0.7535954756896756,-0.3692305064638395,0
-0.0565447691086974,0.8806235895986805,-0.818755290404529,0.5411506355124845,0.4652856648223189,0
1.6210532667812023,0.6595332215163727,-0.1942148509654171,1.2091458549250544,-0.004222227903736,1
2.253645336006838,-0.5484186839672421,0.2938619127599025,-0.5854525811624148,1.804109395231996,2
0.8060362968995495,1.001394840966261,-0.814715972488981,-0.3490460187125204,0.0679176764954374,0
-1.859204520697234,-2.138020982929063,-2.02608205456404,-0.6124266266022359,-2.0893676461656208,2
1.0266062925092097,0.7801798749910387,-0.5865399661580634,-1.0258029387371963,0.8211863963519396,0
1.4766187644604432,1.4902713302912909,1.1850318323482831,-0.3652182566849302,1.5020398160917716,1
1.5598539046304094,-1.7640865871044595,1.2266997471540229,-0.444536036991165,1.0407691194790745,1
-0.1694844850051394,-0.1287312357572383,-1.017568667115131,0.737111539019845,-0.5758052208425211,0
0.3374558046063531,-0.8823385476222272,0.5868541104782528,-0.2907330177276954,1.1448775800530655,1
1.3741895014686225,-0.138715733997929,-1.0467515036962538,0.0281217007891454,0.395558625522581,0
0.6972751179854899,0.5663351203213,0.7893847109576088,-0.0326898817207555,1.0952047737855164,2
-0.2450436895988637,1.0518687427127364,0.9719055114680424,-0.0187758795016119,1.1015229353412144,1
0.0887261912629072,-1.4734115246893058,0.6492672776627669,-2.5742599362758494,-2.2788278167418627,2
0.9518993013615769,0.6693610001018814,-1.41344607792248,-0.1633673881969298,0.176406053414855,1
2.0361513749241253,-0.7983222526178291,-0.4944147703111596,-1.3964878417192483,-1.2840652186605856,2
-0.3609675958009333,0.1552168291935011,-0.4664045239847756,-0.2624749075090905,-0.2414207710888279,0
0.3839578846692646,0.201778037305303,-1.4208536562821628,-0.1358681442201559,1.2139660046997354,1
0.0934909582644205,1.1476632775582567,-0.9841367119176304,0.3819152070998399,0.5958233043336011,0
2.0879477175818626,1.574159097480956,1.209028211739424,-0.8080246388611048,-2.19444449397472,2
-0.42558292773683,0.964706184935068,-0.6833668476668229,-0.7315841711162361,-1.0038482982550403,0
1.3467428417790834,0.8329299685323656,-0.1653523595831693,0.681460770881611,1.0341894048646008,0
0.6016199997210513,0.5670902841660437,0.8516009898268551,0.3298674749350425,0.5249525261688637,2
0.2693909124542887,1.8384310201866323,-1.820101011045312,2.021121590264092,-0.2419089623943787,2
0.6610785489815083,1.2365884786908437,0.3776061971730725,-0.8921531427611398,1.2161131460906638,1
-1.183329554822581,0.915119814393182,-0.9981894641925438,-1.2379679894677438,0.9897920383328116,1
0.8718643701005062,0.237983571771221,-0.988695285599228,-0.1936302938825076,-0.8394221983029033,0
-0.7680663524201089,-1.9859135167450508,-1.0498978469341598,1.7524493939730703,-2.225130096895005,2
0.5284215946726574,-1.9458349275427007,-1.3373186256325904,-2.059435669067066,1.0463547850349697,2
-1.047267319387407,0.4024766034669526,0.9739890045616696,-0.6828702825210887,0.5271463539668784,2
0.2576178047620536,-1.6127000198464922,1.1251023089828978,0.3819580143438555,0.458231173192107,2
0.3035149762545226,-0.8415924460750019,1.0088356388090376,-0.3483504711532252,-0.7735453021595888,0
-0.5434199386622209,-2.1954268812450053,-0.8941154261643685,-1.9291162938433952,0.5288478251172863,2
-1.326608493496563,-1.210973731364125,0.9596766522216807,0.546453413352142,0.1419469261107643,0
-0.2177093698591905,-0.9163506707991012,1.4425691567023369,1.057028964961337,-0.6321724381295499,1
-1.2962986461831858,1.705249938626975,-0.3980667853571916,-1.3797467480242995,-0.4837494412998609,2
0.2668489642755425,1.3778726597064883,1.3808431059018194,-0.474038863527053,1.3322010552211423,1
1.1257642468445004,-0.853897039232075,-0.1480035433809486,0.9608666848846932,0.3794978277711245,0
0.3637681781311392,-0.0034060460219073,-1.1235031237884583,0.2772252214196724,-0.4089845471738356,1
-0.7265157154485424,1.5815625617667803,-0.5048561937788333,-1.2676906504134835,0.5766852078606496,1
-0.954306543506465,0.2756517945812169,-1.694681855213917,-1.0862923176740562,-0.7162417840896037,1
-0.9478373407481742,-0.5800018566675087,-0.9330089948859352,0.6177405843825046,0.3766254313369256,0
1.060908694050488,1.3398228400647376,-2.1226194523634785,-1.6655402452249717,-2.1327297291381617,2
1.110352359178417,-0.4229870846061038,2.1020923791035586,0.3097005646299876,-1.4178204450688805,2
1.289333966947232,0.9231187770379804,2.2813575643082955,1.5003401267523104,-0.6921003427528832,2
-0.7817589428016574,-0.702673578084066,-0.0081638476548145,0.6862250215917236,0.5983782313230844,0
-0.2322405810083106,-1.129069060189004,-0.7333019441941391,-0.1352054894506267,0.9060246797782164,0
-0.8566267616161566,-0.722390595667516,1.1147223099982762,-1.3399261376885452,1.13492369603086,2
0.3583645205434014,1.423423603686332,-0.7212383651319635,-0.0510609858537837,0.4448748942825659,1
1.0047656835383008,-0.9430716327013208,1.0052682106514692,-0.4631425775867618,0.987877617741022,0
0.5529955595003898,-1.1892513855385354,0.3378765720954565,1.466426844138979,1.7196974225533228,2
-0.979804240725448,0.649221375573509,-0.7577243516621438,-0.2058519190320094,1.074653397068135,0
0.2524214849718953,-0.9675647814513736,1.1264608556678086,0.5254809129114218,-0.3190589606441006,0
-1.7773564203656194,-0.8219544451549553,0.7001762232193535,-0.7561461731177269,0.6973606623769341,1
-1.2667275141192444,-0.883174892479037,0.220286694607864,-1.55374014693698,1.3433174027530457,2
-1.4529297769233134,-1.397697456319495,-1.693165341611938,-1.0898742704584934,1.007452525682578,1
-0.8334682197555343,1.1603668261770606,-0.808511563393882,-0.5443064908486945,-0.1326069142930049,1
-0.0320524528575664,0.6372917567958624,0.3016641114656166,-0.6989619977855048,0.5391607060615954,0
-0.7076004157987922,0.7392562204432297,-0.4390899957351163,-1.9516633815605084,-2.3643456380179,2
-1.0443696039532149,0.6652122627393787,0.9121192892614746,1.3529851047669756,-0.2795878331094453,2
-1.186577023676621,-0.8523824880741124,1.6310650337059789,0.7271948587298687,0.0225281071356732,1
1.0786254060103877,-0.237286634108574,1.3774039940018223,1.4265715730964057,-0.2265264711194068,1
0.2220954192283715,-1.1542383443726034,0.9200065347406182,0.7510522498108676,-0.6127038562950411,0
0.8451681811245356,0.7227006585515495,-0.9019045735712784,0.4867447251130696,-0.4644259815707454,0
0.4015789707576673,0.7681195152489134,-0.302881198967775,-0.60917761472653,0.3738337719342335,1
-0.0371486360786433,-1.445551144567769,1.1872297482534822,1.4337945574250883,0.4465979750317055,1
-0.9654329633967622,0.6453092908750722,-1.533088627311198,-2.19506998491006,-2.213893209229817,2
1.0696467613023657,-0.8606908596119268,-0.389128199876103,0.1433360547019069,0.4036819000426223,0
0.5065186542312063,-1.631179467196092,-0.0268413913679034,1.534610363113928,-0.7857625988187222,1
-0.7959760410075406,-0.8170315345707898,-1.1081048978629116,-0.0012392109095077,-0.481679511584541,0
-0.8911020295274276,-0.1542139996565147,-1.0072318466245476,-0.6415726576217027,0.2195268116607391,0
0.5452425825001446,-1.1615261061616886,-0.615539977646129,-0.5200042127780904,-0.915645564617914,0
0.4133624653812822,0.1192547185623347,-0.1884213816101385,-0.7357905673599031,-0.2865413065632773,0
0.5060046942663834,0.3374980378612354,-0.9058871784600624,0.5039575582329877,0.8033165429581413,0
0.498777615255965,-1.2109692404194583,-0.0470635002302709,0.916409322506295,0.6529734236547832,0
-0.1371748819711033,1.1665180293446034,0.3216765904644907,-0.6994285414869541,0.1008299133223831,0
-0.8950307034615288,-0.841543074996299,-0.2400016694847465,0.972388760221322,-0.8537440798357155,0
0.6649275585894399,0.8591770293346965,0.3121639470076308,0.5156949440000176,-0.3407259979205592,0
-0.1954235693731524,0.2255119555595109,0.5441019114426026,0.1578738100501187,0.907950601875884,0
-0.3925827814064628,0.6247375539684015,-0.9996100529165716,-0.4552564243289022,0.8579631004387547,0
-0.1958099322769639,-0.8782343976473099,0.6292805491897309,-1.0783671773357526,-1.2292412198354623,1
0.0050343291831088,-0.4891400008746562,-0.760175104331439,1.0891444278885505,0.8526810055194228,1
1.044522230118544,0.9477567195838176,0.5179445735152768,0.1729101294753734,-0.9947676440782128,1
0.393195810036458,0.4701996272651489,-1.028692886746697,-0.07948410117269,0.34044146297972,0
-0.1123956258490872,-0.8769252659579002,1.406232027707679,-0.6891691945267913,1.1181070916805982,1
1.1409378885293835,-0.0075686015908277,-0.7345825979607348,1.169944118397715,-1.367581994473104,1
1.2128987544142888,-0.8176391920121817,0.5715655030252553,-1.107451449929455,-1.0195006143420602,0
-1.126128574454357,-0.290330481917087,-0.0124375103619616,-0.8615713223041257,-0.606894804509773,0
-1.5314803881887982,-0.8622338638118595,1.979045247213678,2.0677210076071035,-0.8898438986074203,2
-0.6370546506704953,0.7550308753437273,0.2833285938466669,-1.0208704763841254,0.3670837896341038,0
1.181300799153288,0.8839104546310522,0.3570599088292155,0.5440173960364879,-0.7866787512225316,0
-1.4739967126755076,-0.1853611322030831,-1.0066157669125833,-0.2948127142232571,0.954982103605911,2
-1.6549186057056195,1.5632611676503618,0.8036046132732767,0.2798521706257979,-0.0026792592781436,1
0.7609127292889023,0.3353780844023598,-0.0257309478799498,-0.7239972482738961,0.1690809596966668,1
0.6013444725607059,-0.0328957219093281,0.7289165478588424,1.9401706094418985,1.4274515536845251,2
2.0033469355020377,1.089123211445862,1.9467191191985465,-0.5163433074676028,-2.524200721018859,2
-1.3402394628645793,0.9542141608544176,0.75626717427669,0.8600804767256764,-0.0426701217965573,0
1.2500404001588517,1.7703869597746391,1.9659747701007693,-2.134777584423442,0.4028001107194398,2
-0.2100863465611975,-0.0852529737455746,0.5189228397952536,-0.806613081684219,-0.1820736741522693,0
-0.3296235529213219,-1.1725980887300511,-0.2286050851239233,-0.2135429677038862,-1.074999661397646,0
0.9344625836453934,0.2534637495767941,0.1530091371340796,-0.8864697751985828,-0.7907598253029513,0
-0.913905083207275,-1.2314075677812208,0.8337675631586207,0.5114517770663857,-0.5609340618962505,0
-1.082048356902246,0.1920902166441812,2.1063934054566915,1.2281912163837498,1.3800251204840783,2
-0.1701245053976328,0.128370336432444,1.358727186307094,1.5082807492480574,-1.0629905870243377,1
-0.7176304346279914,-0.0643479824711557,0.6270155002087204,-0.1974537505205806,-0.0527831336776978,0
1.2162847972773791,0.4484486056892192,0.8132655418387368,0.2752585496743141,-0.9820538394756266,0
-0.7723225107850268,1.7311158410996577,-0.9154101189761464,-0.0212380735906737,-0.8996089626495232,1
0.3142710058549139,-1.3968994195961937,-2.2967572291946943,-1.104530543927303,-2.171479998655083,2
-0.8038077136744665,-0.4080121903235491,0.2149892250958786,-0.6456395096573633,-0.6023612569412116,0
-1.0310468578714158,-1.0762360886691906,-1.4138142987975924,0.8390113271154226,0.0687854673836232,1
-2.065961009676126,0.6529117052768512,1.8567861799087328,-1.5646114305249763,-1.3984576551674208,2
0.087898280483574,-0.055147813428603,-1.5505864883850526,0.6768496564496235,-1.511507259565293,1
1.0861202236710343,0.7181157224883498,0.3553801195785391,-0.0268669472479803,-0.2673592577865135,0
-0.0040543726731656,-0.5518689256724842,-0.2468407665734189,0.2643950421482011,-0.883358199542687,0
1.0341156745082118,-0.6185970213351051,-0.1864712323318493,-0.1427884952736314,0.4221411778960945,0
-0.043161948175851,-0.138306082035991,-0.4920180595762842,-0.7893532999389831,0.4999545406961711,0
0.940617879389456,0.1533403478066902,-0.4046719864757423,0.1534673040253419,-0.320145635428972,1
-0.8175699734811992,0.8641153112472377,-1.119257267488939,-0.7368963205026491,0.8741987056972804,1
1.32425264645919,0.7534151848712852,0.6030240963003296,0.5739985269199486,-0.1148918122470147,0
2.086220523797507,0.1436402965861805,-1.267157758553856,0.0988915041317039,1.917675987970463,2
-1.086988707292447,0.186649043869794,-1.049471156598215,0.6873500191418037,-0.1991770017422484,0
1.0101660375307917,0.932734996839979,0.3855027961214664,-0.0949714635180602,1.0238470182697408,0
0.7594766485763362,1.6409760284327135,-0.545808351236622,0.9169825382548696,-0.273490605089919,2
1.0220573649982518,-1.1420031448171364,0.0426383883882956,1.2659658104392413,0.5842313897548349,1
0.0893352379392345,0.4173928776545131,0.3825102865691658,0.9410960726411018,-0.4642084499749395,1
-1.1186786156652373,0.4007233751109564,2.27956594359166,1.0520123271505224,1.643219956464976,2
0.958462122664228,-1.1616091601155307,1.0710535791623363,-0.5700977668771126,0.7950883821385238,0
-1.388114997987632,0.6057805361239558,0.1840549669006832,0.1932803707423467,1.2490457796245795,1
1.2959404655925115,0.1058353368559345,1.1147499859722292,0.5160500817649972,0.6476396194608719,0
0.3512098876627925,1.4359832619865065,-0.8531049843417347,-0.3866384526405766,1.532747530351195,2
0.6139273455431516,0.365157533639196,1.0517331492728337,-2.2145247140786086,-1.4451788947416186,2
1.3115311904285851,0.4791189485630755,0.2898391092573425,0.5953503362712986,-0.9043238340113632,0
2.26792804326826,0.9604288364156164,-2.1747125620520213,-2.621254638880976,-0.145486350621409,2
-0.6374624660532485,-1.508903237909701,-0.4813708955090432,-0.7357081577986697,1.388691571966908,1
-0.0537012595336761,0.75606026371879,0.0666474153315464,-0.4507102722348858,0.0196650034706109,0
-1.0316578555670084,0.6023689595548534,-0.6325637314063961,-0.5403263476479594,-1.0561385787535955,0
-1.3541088582796854,-0.7826847237563058,0.7786939301260271,0.6406625753296495,-0.5370544643442147,0
0.4300069353909955,-0.291148558175327,-0.1665787396846515,-0.3678000003096262,0.6130938559173946,2
1.4533606846747402,1.0827275726142658,-0.3621345780168325,-0.7265273603041618,1.0554917766776826,1
2.266757762142848,0.6745893394276437,0.7315027063188052,1.4047880108726891,-2.11766047548271,2
-1.280115426807661,-0.5407848926105223,-0.5643612291346893,-0.6942565812191316,-0.1028866936871736,2
1.30112755996076,-1.5068778600013168,-0.7025652309372903,2.2607093403282987,1.000157526371679,2
-0.333382992166342,0.4150273070395957,1.109915136857521,1.840482268888912,-0.9843182008829408,2
0.0350223677829186,0.737148886357151,-0.6986059953260545,0.3036511512844888,1.1193509780358828,0
0.1263762780516456,0.7064432765501125,-1.0959944519742535,0.6547426543298002,1.422857338099602,1
0.665001220284799,-0.2357786007088161,1.1649596533615665,1.3837501550876654,-0.5645638065955607,1
-1.9498576390260876,0.6849875429145189,-2.0149782905571567,1.5514392592856978,-1.1303271670274817,2
-0.5078485733594567,-0.4571714545133258,-1.5545876454293177,2.17821543095595,-1.8242120697416,2
1.9228284377547091,1.2774514371423686,-1.5656039799328352,-0.3918548623216062,1.4260603031356007,2
-0.6157948617769886,0.9024594352392404,-0.8396859870242396,-0.2067379978981362,-0.9963616547640686,0
0.0260231044619039,0.9415892802244428,-1.4529260421554162,0.0110971113305158,-1.3067951618237144,1
-1.616213914248327,-0.3120522765554667,-0.2828691214158575,-0.4234092269133287,-1.471012071029352,1
-0.9197988389478342,-0.8843532013152817,0.9493211474225268,0.5488574869966004,0.0663945290476832,1
-1.2849412433938834,0.0878202228729986,1.0433070785564016,0.3454510103130911,-0.8397109050733601,0
-0.6157210884283651,-1.172379816557306,1.502741118552402,-0.8689039278261681,0.8056743130908192,1
0.0011623519092051,-0.66868799938962,-0.3899606551497251,-0.3462579737215874,0.741741221695239,0
1.0199855867684933,-1.0976659081219615,0.4057726897767554,-1.336853544922337,1.2722245964729486,1
0.712828698595549,-0.1695202724573005,0.5319798671351623,0.1562007282581681,0.1626979257582718,0
1.3319977219002204,0.2180814716985683,0.4798987593164494,-0.9837434857042,0.6711729501635185,0
-1.0666511748491476,0.5687570491316072,0.0069442392242283,0.6692979110209043,-0.809897468857027,0
-0.4923662391377437,1.6130826504949365,2.213307693373194,-2.263149804707392,0.5378434430508051,2
-0.8407966060404632,-1.5454864031243702,-1.1267211992979285,-0.6338997879523616,0.9940617461884896,2
0.3012369931189236,-0.2787942792115425,0.107761660945327,0.4203911630825089,-0.4239192616779172,0
1.673749569741856,-1.4356634547118308,0.045696394883218,1.4516060843852587,-0.6713610912768432,1
-0.5762856984416401,0.1142278083614323,-1.1655782547292846,-0.6193144004812963,-1.6728912944066252,2
-2.1174580665194864,2.012948952698926,0.3052799744974717,-2.3770136833024105,-2.492416030765246,2
-0.6281422325903353,0.066732659757006,0.629039784148547,-0.8142268342220802,0.7454537283268498,0
-1.0481815441681457,-0.1505322369399073,0.926675003313972,0.9491864580827925,-0.2733132141069169,0
0.1413707009041323,-1.4954496149026748,-2.3363828607389774,0.0152712022294315,-2.304195634713301,2
0.4587530293719969,1.2467222128890427,0.2043738379050982,0.5554084783525414,0.5245148955292772,0
-0.225600363430309,-1.8843294681687643,-1.6399110285723626,-2.3575748821143514,1.3232833202517575,2
-1.421273411624134,-1.0503144820850163,0.0579719748677202,0.8703063564291933,0.7286546915106719,0
-0.7601937289912122,-0.1531414965566322,-0.878845841848604,0.7215278402687553,-1.258346863594872,1
0.062194866451096,-0.2462780323039375,-0.187973556676945,0.1826140058961644,0.1287968682269683,0
-0.8211888308546952,-0.1976649246501299,1.5551285498363314,-0.229256919802405,0.3045227585549594,2
-1.7722621608809517,0.8845456682197981,-1.7935802563056324,2.61718493579476,0.6940775063924679,2
-0.1514074915246246,0.8914060201230561,0.3314040346157393,0.3027567852553423,-0.4049098827296613,1
-0.9374018332211332,-0.8671101601497343,0.26170647130529,-0.6420184358474309,-1.2049612680863422,1
-1.0158612786081922,-0.6798683205386998,-0.0018280391857848,-0.6040207558420863,-0.2846238695105983,1
2.2652893678611146,0.3189361937958059,0.4770735386486313,1.864047530285264,1.969966417030868,2
0.1004887271839768,0.9591306897406904,-0.1023996254887876,0.7393539196888274,0.6007001521950451,0
-0.4110327112612402,-1.3096514457875683,-0.1838652921028227,-1.161487883173357,1.477897620322734,1
-1.6600417748972387,0.9938051327585418,-1.688274776761138,-0.2516970111821043,0.7469135064389083,1
-0.8679263864529511,1.1035596310049656,-1.4433947121570267,0.1673290468535226,0.7858809163635603,1
-0.811224906664601,-0.043547922763852,-0.606376505419278,0.0224525489726201,-0.6294914903882479,1
-0.7994644819461101,-0.5872593174856757,-0.9986667138386274,0.4610447649098595,0.3954406775972876,0
1.525253412098956,-0.5812340507757991,-0.4496776341582537,-1.0999664067237571,0.1855861190801925,1
-0.8880519274253921,-1.0001900621422386,-0.9614064213841792,0.1451296482885984,0.7950977434080737,0
-1.0049795936248374,0.1034272319316202,-0.3108135590486349,-0.8273044172405273,0.3276745392983752,0
0.2439637582214254,-1.3902265301581116,-1.399083508466907,1.200877255084233,-0.789154820396893,2
-1.886643984444692,1.1781008268929885,0.6868566879238741,-0.3817966657033849,-2.391026636855611,2
0.7280041612180101,0.8243237609302106,-0.7475150688956113,-1.0718295107151603,-0.4893943984960683,0
-0.3807722405880502,0.118322979783068,-0.1005669028656801,0.2482162573416691,0.8163584514526645,0
1.8018284574653916,0.6770234438966176,-0.8491414802625068,1.8257562177149365,-0.4060295208454882,2
0.5147266401533679,-1.0311256668367657,-0.695138013663444,-0.1077770139726264,-0.6892922793324953,1
-0.027568557015584,1.0014839443644097,-1.4599623240805493,0.6297457430277391,-1.239133416322877,1
1.115242822690609,-0.3266637031376528,0.436115522074717,-0.1622669833855779,-1.0706346415916337,0
-0.7031026993209888,-0.3478797310578632,-0.3023898112030841,0.8721957708234438,-1.1457443688777598,1
-0.1437202868652212,-0.5052628384797606,-0.4618304624725357,1.5087670756786524,-1.2544846294178813,1
1.3153047547796084,0.975396652638447,-0.715183102610409,1.4646268781012672,-1.2776230000825315,1
-1.2155375309475205,-0.0451805365682498,0.0431028907973189,-0.0440572832468084,-0.7633112715929947,1
0.3385054123150525,-0.8237794534807377,0.3214299591264921,-1.1233990330529913,-0.4834273944172078,0
-0.2695963222884655,-0.3698167180196708,-0.3915574585622092,-0.8071706966130879,0.8958589603779299,0
0.2979893635498743,-0.3912949722774161,-1.4808184496406296,0.2009182252474653,-0.143537205781021,1
0.3512674639314759,-1.6386587739906204,-0.1616079382489309,-1.0053201070231914,0.335765450468488,1
0.248015283343271,0.6297077810789449,0.8400199220099945,0.4565877833367475,1.0628819249271866,1
-0.929526582602879,-0.9784169904992516,-0.77681639618914,1.6322527909164808,0.7977274936522312,2
-0.9954782791875664,0.592057134430053,-0.0734167583148237,1.2064253051777585,-1.2304642830957675,1
0.5887315337954464,0.0558272913856747,0.0192791519951669,-0.5644440704053587,-0.2287171335179543,0
1.003081620975108,0.4159053491580192,-0.9225874192206917,0.0039824272329809,-0.2163354367371339,1
-1.6648807019383405,-0.7346652292158308,1.7801018813595666,-2.520409643247757,-2.0756750677939246,2
0.973384201987911,0.7864094821436403,0.661400322692383,1.4171060581558337,-0.3597444459631059,1
0.1965644826917727,0.1709381910317279,0.5787617573273053,-0.2071156469279657,-1.451956977589984,1
0.5701785825528287,-0.3877502013816534,1.6914943922878811,-0.5988776069653232,1.4217830430928782,1
-1.4446638730887391,0.0317372944194792,0.9196379125701282,-0.4625959529331921,-0.53707017702462,1
-1.926863995810058,0.6290333569041717,0.06939942213846,0.9529433159417642,2.4485781270774014,2
-1.483327051482966,-1.4079701216859235,0.1190920029028878,1.5296396758917337,-0.3593400713817114,1
-0.4006972021208838,-1.4529435287485677,-0.9618131061087268,-1.0118056702242684,-0.9539009021873572,1
1.2185321137862788,-0.3274518134744615,1.052668034372403,0.1417595896978083,-0.1820417443368298,0
-1.0487580680383677,-1.0807228527492645,0.805190951398886,-0.9190122042307596,0.6261365290725508,0
-2.0096486000646387,-0.6199010194529556,-1.7571763405610978,-0.8294500153839185,-0.8504994181428087,2
0.1280395200521363,-1.5399165511648545,1.081152325090016,0.5254556250813792,0.4703374334833179,2
0.3062709364261274,0.6903435056016609,0.3003442273002881,0.0937173708346445,-0.90283374684282,0
0.8391375140498407,0.3355149159360118,-1.3219543104795617,-1.2648857336217716,0.9869482463959028,1
-1.6076367675676224,0.1330002018383121,-0.2983639097262441,-0.0563165234150988,0.0583006119802106,1
1.6645884224336216,0.6852865417105599,-1.1182931676648746,-0.5902776227090366,0.9754674055511572,1
-1.3676262568321222,-0.2395860554241961,0.6993794020397821,-0.1577589005500745,0.2934949301307609,0
1.2275466032739977,0.7517884080158784,-0.6172681404994811,0.6557134467502193,-1.3758837905756236,1
0.0485518931391906,-1.26886543512991,1.0391788543401517,-0.0806473885003976,-0.8694910327832946,0
-2.021131281445058,-2.3959749640163426,-2.2465311343508643,1.5450836894913191,1.975329359399947,2
0.9831606115655116,-1.4729906934979549,-0.8290201026516781,0.464182017988134,0.2867601537628877,1
0.2186062377883554,-1.1775279744276292,0.9324305744730988,-0.6909097538690109,-0.1171245074720494,0
-0.9079787680175968,-0.8732727993981255,0.3628689907277549,-0.6926602088736843,-0.2460622840308193,1
0.6453980602568743,-1.7087789103112647,-1.411543823531948,-0.7506910702765728,-1.4008674014347882,1
1.0243405760640638,0.0627763247572662,0.3047858160005316,-0.5119890068265079,1.0694292142048298,0
0.8286614453657586,1.2701893037104424,0.1626529023878706,0.7622473017417666,0.306817545369402,0
-1.4459486353538846,-1.14905632790752,0.0119026470162559,-1.1187907192849196,0.9019346461366532,1
1.3616173347278726,-2.073651249876241,1.4787647097879295,-1.91891967171468,-0.1471599104116981,2
-1.6787942393869746,0.3500016158789287,1.2168409187062736,1.3615878913206838,-0.415824155468898,1
1.6704665896796544,-0.2649278263906349,-0.1822209557939391,0.8658879855337187,-0.0942218211166946,1
0.2395682397453672,0.1494480868360769,-0.4706480411120819,-0.1000941452566909,-0.0091840424352231,0
-0.4278130491211767,-0.4250122670035731,1.031723012904766,-0.5228934402134912,-1.636382795534143,2
2.002077732371932,-0.0549719620069492,2.062773465647565,1.761283737538265,2.030978599590494,2
0.2986031169178272,0.6572321462741171,-1.0233487347934722,-0.0580620642471808,-0.8738591282192715,0
-0.6859689544396335,0.524741837860999,-2.563923690776016,2.1765685862155406,0.1538469568216583,2
0.199856416535888,0.9405354472439482,-0.8837128839733414,0.745669063533492,0.6406849790438066,0
1.3463143743543533,0.370389342630808,0.142725657927328,0.3177158019419132,0.7867152136082022,0
0.304659796300548,-2.26552776603989,1.6485069268020194,-1.6771487276988242,0.3097405080355799,2
-0.2444072310134976,1.247404469242206,0.5822596403820558,-1.2012872880249896,1.8873769307330928,2
-0.5709908067903067,1.1953022718446058,0.7703093317246925,-0.2671122836955784,0.5917368294614266,1
0.1459467484375967,-2.3868753124597384,1.2742822032140908,-0.8132048512092712,-1.0847145397756757,2
-0.5478394251458139,-0.23625463928669,-1.111367090600897,-0.0816449143757149,0.0126060705184196,0
0.5049378790404241,1.6030595277914257,-1.601788310434175,-0.1690244849862002,0.7003267489471187,1
1.2795252314802972,0.6971087528784665,0.6768550710549595,-0.6723228492212066,-0.2580960446854135,0
-0.1264415376705409,0.936620688236218,-1.0014749607734967,0.3801470312840143,1.0369792757321787,1
0.0196431061684001,1.2815642360983222,-0.4451449842780907,-0.4968031201283577,-0.598637062964584,0
-1.292240957400649,-0.229569314865102,-0.434534860322033,0.2089714696194345,-0.577351538435354,0
0.8964989438238655,1.0901009547365887,0.0158056083311378,0.3701515613162441,-0.1484648084248544,0
-0.7040939764687464,1.274511798282748,-1.0690828486402535,-0.2762416498165082,-0.0848133235612065,0
-0.8272414015282196,-1.1736101603652642,0.7960629109241522,-0.159824589454665,1.1061888957614852,1
2.3312916027330592,1.4305177905214024,-0.1975453007220293,0.8240507332969229,-1.686886999636572,2
-0.4039706788994015,0.3344139602455396,1.3026125633053924,-0.847639953666768,1.067553607291824,1
-0.0798257287615717,-0.816352775643714,-1.973628074940941,1.991149961523372,-1.465219958640694,2
1.2526066804968936,-0.93255009223277,0.0087914914853538,-0.0092316596254144,-0.9852971510204056,0
0.5952773637278613,0.4980752474964042,-1.6521279588945266,-0.1163515875372924,1.1261612173403526,2
-1.0367522300759786,-0.0924801725964513,-1.206099852323058,-0.5213718333198121,0.7322867239596726,1
-1.1221113851222604,-0.3338874968487731,1.366387351701622,-0.914346303889485,0.3820051266691245,1
0.8271509352204673,0.4280383051722599,-0.3184295266459045,0.6618009630093219,0.7124702141757153,0
-0.9189898100608422,0.8907739750213731,0.7910830355262752,1.063338693803202,-0.6741719575248244,1
0.3106000090434092,-0.950120512540328,-0.2206465651174901,-0.543859521654865,-0.9633327402537336,1
0.534007723406797,-1.6361677290559906,0.1320387467058515,1.3940145420266998,-0.8528294924812329,1
0.7566014927833028,-0.6492786953164532,0.8457243210655495,-0.216345760364117,0.9808464227464356,0
-0.4155109308193225,-0.419790054541007,-0.5110246236432311,0.7082325219310575,-0.5899836696345122,0
-1.4433411773719582,0.4198415605104953,2.417286738960454,-0.4705137954100538,1.7855374443594283,2
0.3785537396782815,-1.540109607635446,2.0714613289577164,-0.5642508690096315,-0.4013454586237541,2
1.9169848137581256,-1.1829714840043972,0.5619576559162589,-0.0788803481388635,0.2754086290063285,2
-0.562380744035447,1.662023194516845,-0.1163465302780948,-0.0356642593195067,-1.216865847985079,1
1.5562546417321652,1.1622462194173666,1.1257486704066877,1.4071905710490469,1.1527694563572717,1
-0.105275691661418,-1.200789498941545,1.01988167527121,-0.8827975516077732,-0.5678595123259966,0
-1.2846135992567485,-1.1286903844148333,-0.8228208235033301,0.7344714351868229,0.514907286881401,0
-0.727561330397127,-0.3645070732799531,0.2377311085913276,0.4249766797165625,0.9084098692027908,0
-0.0316318338042422,0.2598767876872342,0.0066180330214571,1.116757978376878,1.3646563346056075,1
1.1400856284064664,0.3207976868456297,0.1488124253807377,0.0746035043044456,-0.3453945606968844,0
1.0118205113837038,-0.5738157414747957,0.306645479290667,-0.5147017746390266,0.9505672016790746,0
-1.24728911566754,-0.7846939473075787,-1.6700954410461988,1.0408821070825764,0.3936105361934165,1
0.8447518075496148,0.4460330695394822,-1.937081412392375,0.947479979830082,-2.0990830222594425,2
-0.9472200007042242,-0.5876623631296862,-1.4855027300589485,1.6297205607431489,-0.1207803890622178,1
0.7960987957062924,1.220466197799578,0.0618442508949209,-0.2353051028868723,-0.8517174942454758,1
2.3922256175143777,1.4018680546038291,2.334510837024688,-1.2295495248312187,0.931227967225014,2
0.8197453507743584,0.0880060291890418,-1.5271156178279366,-0.3477516536800935,-0.9079544000106208,2
0.4584645035952442,-1.4628465564555662,-1.913239298639664,0.4374080722586444,1.237041544228494,2
1.0355707513108965,-0.4272230556164972,-0.5879476939186361,-0.6709676721726671,-2.5729566911643764,2
0.5319498163152047,-1.192605196698331,-0.2225767348256181,0.8348241499181244,0.5351990898135308,0
0.4546328655858916,0.2274536243285079,0.7544686394242723,0.8596490787529317,-0.8519422823860159,0
0.8190893918958825,0.9040298626471086,-0.8813608764055668,-0.1540446036348903,-0.4489647754745245,0
0.7085625998567233,1.6998361601887235,1.2934487861826212,-0.0735955379653188,-0.0622553093934757,1
-0.3294431699498784,-0.5009016846487747,-0.6783219599175918,0.10414067748397,-0.1307353263832804,1
-0.5708019431897812,-0.4411154553049491,-0.0952564941281054,-0.4407739999559341,-0.3624236319665929,0
0.0840953975175985,-0.2982078599963043,-1.0456370828850643,-0.0538454591578925,0.8798526440637421,0
-1.5276430804451857,-0.228282530674352,0.2655668452495604,1.667346727776301,1.1288477006253033,1
1.0655714545011965,-0.6127344984721125,-0.992168792516131,0.1078107765404806,0.6144385603522698,1
0.8186481471597286,0.9942443494793536,-1.2945187431791307,1.1958809618667994,0.6725693507167299,1
-1.7528818361624865,-1.2552716487593203,1.2288090942783605,-1.2976508167469405,-1.0823702870998102,1
-1.3923825777768857,1.1365335117224633,1.0763014898923462,-0.8847268170277327,1.1363523965458928,0
0.6668337307801055,1.1083723234619451,-0.4887353178941725,0.7253610079911499,0.2737707343982586,0
0.7578350614106801,1.0435501164328134,1.4190441419598565,-0.1580418116580953,1.370267522622557,2
1.34874942919153,0.9326080197791304,0.1637504793162392,0.3871127623361231,0.3899426694480158,0
-0.6730916894832858,-0.8347844928467544,-0.95429785206489,-1.1744762668002575,-1.156243386283938,2
-0.270478014283549,-0.1022881541478474,0.7715647637865352,-1.0424368211854085,-0.3874229545207376,1
0.5396939198203813,1.2053903379506845,-0.0542094748451111,0.6890312614573342,0.2119611497012141,0
-0.8340826997529704,0.6944935369400557,0.9935029999802044,-0.5948234814052827,1.0517536501652576,0
-0.3703805208675577,0.9686812067641268,0.5888398747446043,-0.5703241162185487,0.7775813484435857,1
-0.9161166177566076,0.6453745276407004,-1.516032483798223,-2.1415883257539767,-2.132857160425248,2
-1.1362517370496772,0.6430878557801586,-0.2604720651687764,0.2524544358681874,0.8473391893720529,0
0.9728336107309496,0.7526722883533137,-0.2691243556023624,0.5324860651340121,-1.0180695928339527,1
-0.1284973690059748,-1.1148606562334955,-2.347853274210543,-1.3544875280601485,-0.5317327211725835,2
-0.0546874243980248,-0.2230332158817786,-0.7510877892037826,0.8594569655495814,0.5948752923243186,0
-0.7385946886760836,1.5862113638634223,1.6911060982480115,0.1485347727576514,1.501225853399925,1
-0.5839310405934648,1.1788160715533265,-0.6925180097275943,0.0732853344935703,-0.16203178012546,0
0.2282419435451533,1.966331948839652,2.222524324061348,0.6112991887333474,0.2239621478459531,2
-1.4800614963244212,-0.2563235831555517,-1.0342060683073078,0.3670378392163271,0.9216374413410988,1
-0.0660934592496908,0.9069605604986192,-0.0975312597946378,0.5397477384673103,-0.4081061096353771,1
-1.5899233602383316,0.0066095759069406,0.9989541916941284,-0.3418118398079713,1.3039234893676572,1
-1.313819113855434,-1.6959849142530563,0.5479854411715166,0.1056080660068057,1.1818717323701282,1
2.086298999445732,1.3704454395617192,0.7550892859430739,-2.018079979205203,0.7384355030723891,2
-1.8139236881714929,-0.3009700490006013,1.7146592825824407,-0.5501206996297486,0.4026551396573022,2
-0.3802236007644381,0.5039285328090489,0.6920376705033322,0.2624041003505594,0.6414322343363341,0
-0.9941075304326862,-0.3855962581577568,-0.3297604711898814,0.1918472441000717,-0.5666939531646882,0
-0.2506591881601501,0.7180641618789861,0.8922660257201148,0.0136875730250356,2.3406092700459986,2
0.0867056982797251,1.0196410143421546,-0.5393432387336289,-1.0213864918801192,1.4643338312800631,1
1.3023698829526733,-0.2901078310378874,-0.3555672525417059,0.5917826323183545,0.2247756613910798,0
0.8440196524556708,-0.5371420838941637,-0.3146588358100477,-0.7592762829923021,-0.5496843666100584,1
0.6784962351281665,0.5196218105409564,-0.7689715076833918,-0.019217956323161,1.2397944849617264,1
-1.3800740985960471,-0.438870207003451,-0.0785895759280662,0.6966026198268148,0.1736401492578077,0
1.3388004637305864,0.4438849844867014,0.3449302404737178,0.4085418185194778,0.557150413122155,1
-0.0920476857734338,1.1992825197639967,0.0530908795406661,0.9564142946873329,1.037663104165497,2
0.094707391471774,-1.2868568811479644,1.5481237913240984,-0.1693831181230448,-1.3964580538174032,1
-0.8395120411292135,1.136980487460604,1.0635270929127496,-0.2880942571083855,1.1137749067977571,1
-0.3114178990332623,-0.6102352818144393,-1.9606316655113687,-0.2549273211057303,1.43509729077126,2
-0.9234693528488644,1.6506654613802776,-0.9568137176595124,0.5855689472042899,-1.1594863464266387,1
2.04195804140636,1.3704403893408583,0.8157216925750512,-2.2222096928427515,0.6779534357202585,2
1.283041030975235,-0.7741376198482305,0.6119329675773679,-0.2485572188425415,-0.9233448537497214,1
0.4687073916410342,1.1907098635441755,-0.2266585601082697,0.3821524794479091,-0.924113193964168,0
1.096805948229454,-1.7129629743793278,-0.5401770750438994,-0.207983850882484,-1.8158306249645413,2
-1.517580074057902,1.4684381698804871,0.5618922708743006,0.7216473795026185,1.1153726394175607,1
-0.0975815201437735,0.9230354277941496,0.0268957814285432,-0.3038120958737482,0.009980334263614,0
-0.0099918707172479,-0.0866985670609922,0.1366573190272343,0.5449439981165852,0.9050118400015302,0
-0.8416612623964133,-0.1571124406414089,-0.3581654673631917,0.2529212052918441,-0.1439112765913147,0
1.0015718560750226,-0.0554692739538947,0.8909732849881714,-0.1239061773354039,-0.917512720620781,0
-1.752737257942727,1.7908325046592846,0.77166979778043,0.6774335281144314,0.2908984346960435,1
-1.628325449566611,0.8307828264563695,-0.9769891492141592,1.370555209638062,-1.1924982981986278,1
0.8091881844275722,-1.349497779499646,0.09115535827755,-1.1225838255813203,-1.2251607756569691,1
-0.7176897389854988,0.437352328079912,-2.060337082022697,-1.5441871161380587,-1.28309438290521,2
1.2665177416200954,1.1708429368850928,-0.883511869204346,-0.3981152786798562,-0.1542481085767472,1
-0.8393285461470754,0.9230295243415912,0.1333654961605185,-2.5845302564673545,-1.0869780724134095,2
0.296376719403562,-0.5642983450078255,-0.4265594782963586,-0.0496304138019425,-0.640332053707469,0
-0.8171704202114366,-0.9288243892841958,0.9966634074940028,-0.5365329833406677,0.4196908878140759,0
-0.3554298839799657,-0.938293194198796,-0.9126732891921444,-0.4494989089061129,0.9161479309202758,0
-0.35746412205429,-0.8761174303376119,-1.3848749626922725,0.3457264351959831,0.5070703389797004,1
0.871517399508386,-0.1507961794162329,-1.1690377610672815,0.5673979950429523,1.0473993929688803,1
-1.564776048009551,-0.7667085313977282,-0.9416870775308276,0.4229799830691171,-1.0550335938528708,1
-1.3748458921464155,-0.7789952256231415,0.3101755561007072,0.8374859570188705,-1.5086763027125862,1
-1.0236504473111154,0.2595414487128887,0.559256101206755,1.3980393314745465,-0.8897445295664735,2
1.159304817581524,0.1440475390305385,-1.7271368161028604,-1.3798503868658136,2.20397906555677,2
-0.0178956379079904,-0.2891459264976824,-1.0205760405069308,0.7105385625566982,0.2121826388554546,2
1.7398550719836243,0.8107668627034196,0.2905679177014842,0.6795737926865951,-0.8916070597181299,1
0.9834566449201968,1.1427719693293144,-0.8959567936389154,0.3728274924178303,-0.2699159945509174,0
0.0942581221769645,0.2310152409567104,0.9660660688313788,1.2493997708014002,-1.7908305701979992,2
-1.2031659972193771,0.4891573110785198,-0.9070306415676476,0.6946906554649828,0.6990345395068387,0
-1.3036669067617208,-0.0114524785343336,-0.0512006581476681,-1.0261839295724735,-1.0684311785044516,0
1.0439136285515596,0.4553056778175495,1.897830955398614,1.8360637059459144,1.8299516482786256,2
0.8701173419799955,-1.244264031668095,0.4580721489523486,-0.8975253760421956,-0.08958669562317,0
1.3622152777238994,-0.3195368103560663,0.2975350567062821,-0.1217289718247274,1.141885577852616,1
0.0619703594382999,-0.4184042615828354,-0.0714180579338778,-0.7682455509200766,0.9304540434998178,0
0.76850469229743,-0.2124089983221146,0.5705024068017222,0.6366969351108843,-0.4258330343540664,0
-2.2832430167799247,-2.3137328575985925,0.5084074130077503,-1.9138541546624608,2.478613438765956,2
2.229440268359321,-1.427610890598438,0.5376390108563106,-0.1898021535114039,-0.1499714613484022,2
-1.4332540090766617,-0.9295190112939078,-1.709548728947054,0.0665037245017247,0.98856752687037,1
0.8592403178027319,1.7810791428677528,0.102401880179676,-0.8204235972101963,0.4135050695525035,1
0.0494492676258877,1.3465015214745302,1.5516001150197498,-1.2443729680243325,-0.1236029044553265,1
-0.8228644798488824,1.0764511349709551,0.0278901819189283,-0.94542407526776,0.7785237318382195,0
1.699169871105343,2.0106296306895697,-1.6782724397309623,-1.9639447859188977,-0.3037381948042456,2
0.7766717524983664,1.3709307079189896,0.5624979697058312,-2.23316600547067,0.1870287420543755,2
-2.2450705301128133,0.3862520056965067,-0.0941792790196022,1.122926702575331,0.5005467024314726,2
-0.6336135904433977,-0.6125289692443006,0.922419683018674,-0.0283653852512783,0.4841873889366416,0
-0.9358389427130556,1.8043230961102856,-0.8155710725942343,0.2883497186732299,1.295011291707034,2
-0.685909462583856,-0.937573519381809,1.317103378438524,-0.0331658639917909,2.229566806154612,2
-0.9325714976745858,0.5707474263996138,0.326371790664029,1.2898703547265258,-1.2551152703020907,1
0.4923655740694703,-0.2396977873570504,0.653596147591769,0.0061134915415869,-0.366186445607319,0
-0.6125898612724374,0.3619081392609629,0.7422217008519097,-0.2511368297064714,0.1814889437402152,1
0.1339291584031692,0.3139039792662655,0.6717543872725269,-1.0973685696088733,0.2993522616327506,0
-0.1794098264237708,1.6901202134383433,1.341929877077084,-2.561357926695824,-1.8374197545434965,2
-0.2198559571604003,-0.6764154390987999,1.3038492595444968,0.2842769370955414,-0.6103462229935058,1
-1.7801074160506412,-0.3917164039737633,-0.0175222598649941,0.3084259325263637,-0.5420984784514943,1
-1.300745074084258,1.1654916767082768,0.5211104417136172,-0.1529363052108405,1.0416550374125884,1
0.3326971410486986,0.6733769482969798,0.4918694536779812,0.2816337248455142,0.2610812454987968,1
-1.8576214332794727,1.4691773445755407,0.597956258251308,0.7290654233753575,1.1998132233088434,1
1.788860876860688,1.5143850725539745,0.6725851314825636,1.578995127515203,-0.1813054442100233,1
-0.159782589016715,0.7159283131613333,-0.3667032405021062,-0.4439460927831231,-0.2352596434344998,1
-0.1088195495610352,-1.0451399063053588,-0.2873991096083571,0.4413966044044281,0.8774275405652403,0
-1.494060706750718,-2.333446555683196,-0.8714138582768169,0.1231163264443918,-1.615029942998705,2
-0.3594028555388063,0.0211971589156448,-0.5382496155343026,0.8228759540291519,-0.6423340896402263,1
-0.399934169400272,0.1357274898272574,-0.9278324672727186,0.8432012476504566,-0.4670890051486914,0
0.0443371293903037,0.385923281280561,-0.1650114707299919,-0.3664604050767295,-0.2847156851662288,0
0.1784176310417148,1.1308661476199326,0.5061362377771391,-0.1729840275539724,-0.5242180388633684,0
-0.8907913608403261,0.1330742278976255,1.1400155233499811,0.9786940213804222,0.8941224615987948,0
0.0703393140816978,0.937427126969644,-0.0613151069107854,-1.0481796095646094,-0.3003419686887649,1
1.0650678575229078,1.1412286047021687,-0.0744162822649105,-1.214634538482989,0.8581401492361437,1
2.400736419768024,-1.508423925973281,-0.3818403089180821,2.0003516567904955,1.335538497016657,2
-0.7057529443721198,1.2821136255573533,-0.010207505373474,0.6052361053182396,0.2119199528358116,0
-0.0661849424421871,0.8305420915466496,-1.031092975595452,0.7048524244083277,-0.7792439651777544,2
1.1695541250423065,1.1482730179182268,0.7827485895050822,-0.078246834011368,-0.9686776049391788,1
-0.7556644259552825,0.1905212927480176,-0.912329402303617,0.0920200173169213,-1.0624602275608277,0
-0.4743803693713738,-0.5296984021357023,-0.824299375390799,0.9074486823480746,0.0242486847854948,1
-1.3915697874802329,-1.4491903161186537,-0.4770481603060212,-0.3796898064454865,-1.483136785700644,1
-1.0272246321690466,-0.6930607333834888,1.547151677092531,0.1438389188717092,2.226043107105399,2
-1.039572117076938,1.8082318941881756,0.2715440182715273,2.2624289533351982,-2.2096894663985536,2
0.364096000548633,-0.9013316981877862,0.3600388985213041,-0.4249793947121853,0.772468640108656,1
0.1568664884471179,-1.1916298382755082,0.2672539514041933,1.6663223643886376,2.1429499516020583,2
0.6876943223558141,-0.926643322153056,-0.7120755019046358,-0.324192618668489,0.1419995224270119,0
0.6910661609878136,0.3327704739641841,0.6106125094540534,-0.7019285457383506,0.1316315822571626,0
-1.0123402057071424,-0.5027106568775451,1.057350264061182,1.6858861793849604,-0.400448033527683,1
1.0964837294847949,0.1865660837861799,-0.6928200697833408,0.2118780591498311,-1.8186784188424343,2
-0.286333941314959,-0.4072862027446174,0.2370587790391091,0.5394524098214197,0.3504574825070251,0
-2.1225273600395327,-2.390099705019922,1.0679346325357892,-2.4618954430563464,-1.849960915140952,2
-0.7499268847522161,-0.0815503555234468,0.2657389555251631,-0.330085579580345,-1.0296300322347507,0
1.2751920238786056,0.6660091987633903,2.00583283309729,1.9757344178687903,1.2411886000899943,2
-1.5071890798103134,0.4835821767167388,-1.552839943561038,1.1040726621386132,0.9078343802710116,1
-2.1097110821417138,1.5430092032863825,0.970996989037922,-1.7300176305686708,-2.498873468914557,2
-0.739800766687462,0.6662138815385608,0.8713425517751344,-0.9598577861161036,-0.0969792092120246,0
0.8981278437144489,-1.2691860543246394,-0.9208254231363608,0.0033611178486033,-0.1485941460873388,0
1.2889754815804328,-0.4997309737350851,0.1099612583153805,-0.0891959082951188,-0.1311708133247613,0
1.213957347806462,-0.8542722586903511,0.9096375306509054,-0.8003932304289098,-0.8677560190053927,0
0.9072828442071446,0.7988907775203252,-0.9746177209373036,0.6932024493580901,-0.9992838443891868,0
0.693362965333442,-0.2131729612756506,-2.5000661121110124,-2.867125719021068,-2.059528900581578,2
1.0718997065835472,0.0272337420807316,1.3156350412144353,0.5229306044763553,0.369439719387672,1
-0.3551476135638932,-1.1139816605950996,1.405765648261086,-1.5561157996185897,0.47025883457264,2
0.3159290496859434,-0.5904973830795774,0.826262713774274,-0.2485632151233486,-0.6727448842054997,2
1.5403336158692975,0.2614175025538517,0.8887807019949286,-0.4621720437506131,-1.2261831404343009,1
-1.1648349856855809,-0.6918287282827853,0.4596890068560938,-0.3044767187833379,-0.589413748106943,1
1.4038365589205806,1.3501559396673837,0.1494440390275652,0.2389529321788099,-0.8119679812578254,2
-1.1014813095172196,1.2343075223519715,-0.2329973347827462,0.5514711476554717,-0.3371709807064916,0
-0.3297003096347154,-2.5347576947176083,-1.2074775793862456,-2.1644077413353404,-2.339450043566279,2
-1.8184391415531007,1.6625145926582583,-0.8173031292698398,-1.2575390267629112,1.5820629149869303,1
0.6803422082525683,0.1221390798519422,0.869748083235508,0.6191387552048058,0.4344796645695963,0
-0.7926995769959695,-1.492596030017482,1.0170651087216906,2.6127219327810387,-1.1408694167602962,2
-1.416576651849791,-0.6405077780069681,1.0239892452257662,-0.0931927262610717,-0.8247917041602859,0
-1.2974246112539367,1.0128432958748954,0.4671960569432947,-1.1761679899986286,-1.02158288242219,1
1.809868976493451,-2.635050841954127,0.332131112851404,1.380628180505591,-1.96912337428693,2
0.2950340780576495,1.2365380562649555,-0.784382204186784,0.7610145020673754,0.416361889487557,0
-0.2644112067518303,0.4332245643928828,-0.943419720763641,0.9324839027597208,-0.9426684837174611,0
0.1044734484709732,-1.0161342025622606,1.2842027351718976,-0.1985397813487036,1.1005233193848205,1
0.4971952895775418,-0.7584253308198018,-0.9290448679644449,0.8346634035290548,-1.0854673298784376,1
-0.7261341939153856,-0.4096205293062468,-0.4582736021273014,0.6029182214149419,0.117194686447401,0
1.715084793219354,1.108606356070936,2.3212300662478733,-2.11653021582596,0.1269557592087448,2
0.6742217643908297,-0.3138769236958813,1.0923682850488885,0.9705327599206156,-0.7339841545861528,1
1.5252979795345978,1.2758015127883755,-1.143006641820438,1.2736561929974892,1.2166992077366583,1
-1.1498931992241548,1.0854448051409498,0.3391603321723199,0.3312167156643282,-0.3772622732365467,0
2.0814196027312515,-1.7328567702075397,1.0512102216358012,-1.0886094925053276,-0.195112817329869,2
-1.4016468351683566,-0.3437287029651937,-0.3942171305335585,-0.6264385596474275,-0.1725532581127709,0
1.7186710818575786,-0.7582809865335424,1.5580252952793177,2.413855077459214,-2.0405310474119456,2
-0.1921780546564232,-0.2863570719938855,1.1583609718186287,-0.8358043813308456,-0.8998570690127975,0
2.181054810743902,-1.5083516805233033,2.161951306492319,-0.6169137431855809,0.9154283973722503,2
0.3964234634569616,0.6858962262085364,-0.9593299382071224,-0.1479059382013719,0.9360888803751486,0
1.1301352270875895,0.7754242133324373,-0.3898963038293614,-0.0224844746779497,1.4902404729242953,1
0.5854045038314625,-0.1706049795152556,1.0988975835348556,1.4867964354183794,1.0101203345166516,1
0.5043599927168366,0.2130623037307523,-1.1337855083280153,-0.3953256757983512,0.9982905687434412,0
-1.7379772898609178,0.0799998338373216,0.6830416937045916,1.160495043640831,-0.2895509048726711,1
-0.0042765546229454,-0.7402133507656635,1.098840873587652,-0.4734253428525679,-0.4052523102742901,0
-1.4454179312319584,0.9099733191598948,-0.6005663895138496,-2.2806708784476544,-0.5597486939964275,2
1.317052912479653,0.4712955252695824,-0.4818258189639819,-1.0615372911132146,1.5097649344943074,1
1.641718761975192,-0.8291269385996523,-1.7307607814995478,-2.434282868588535,1.7687553490177996,2
0.5726346586926336,0.0211673492869926,-0.7430639130906537,-0.608273172769555,-0.117034931241363,0
0.6181492021065228,1.6118284701919017,-0.105328855803302,0.5628643805299134,0.4220182767457726,1
-0.6653052654006588,0.2999751348484273,0.1865285615743381,-0.9149650719767328,0.0106533381121292,0
0.2515128756896069,1.013612833065654,-0.910891023930666,-0.9567539441668502,-0.8703009933730681,0
1.8599095361260083,-1.1125799897312596,-0.2696590798565964,0.7438618449837648,0.904326582133096,2
-1.1515445487938096,0.8022273735840462,-0.7946184951312216,0.1111850454514378,-0.241180474905782,0
1.3941528519846471,-0.896492290185869,1.5762419209980012,-0.5448235469030697,-0.3908335714930626,1
-1.2619390901728946,-1.4103588849100608,1.064112456125934,0.2512879066890966,-0.4645599966255654,1
-1.099544140397528,-1.04993723926757,1.039591465086294,0.0832644147493397,1.0235946534061928,0
0.1158605939615484,-1.183549834968699,1.5003331390661376,-0.3527290203934675,-0.0677463059172053,2
1.0756689865627798,0.4200822917635367,-0.6493907202242375,-0.6360662412478714,-0.7166791367058276,0
-0.6343823176344747,-0.2823755993620315,0.7518363553685453,-1.0595713045786597,1.0447505806315005,0
-0.3747756361859741,-0.2856903074173585,-0.047322082585855,-0.4725806521453155,0.0708736007240369,0
1.3508414806986735,-1.3806764790098816,-2.0805974516268337,-0.5467041681704492,-1.6947301630987874,2
-0.358599158344245,0.0692201248183616,1.2124509202726694,1.3780086112806156,-1.5135122046084857,1
1.714401034817595,2.3218627949947934,-1.4249576711726513,-0.9931631262358522,1.83776900514205,2
0.5220765204901502,0.7983254222703899,-0.503648931316456,0.0759489486539662,-0.7385480748515201,0
-0.6219542143507848,1.0440843095484518,-0.6725133304872503,-0.4267799862783138,-0.0042102604727818,0
0.9330783761917272,0.1734603720476646,0.7609646600424482,-1.0732494229422438,-0.9922350142634296,0
-0.9225602278185596,-0.9867143153969232,0.4025306057575344,-0.2650275895342647,-0.5457090324091117,1
0.1206721407788735,-1.2407942793789792,0.3517246506651506,-0.3216608060356904,-0.5822066807784732,1
2.401006423324336,0.1424050341122763,-0.9296985061482992,1.7115842276976516,1.6654456025350932,2
-0.6949917021254154,1.2375145512121886,0.1831799083374375,-0.5114060905885467,0.9476292429143868,0
-0.6421739637292747,0.802919687629816,0.107477813209683,-0.9202186368060576,0.2764187338656132,0
-0.4569045359530199,1.2038970177043515,-0.5035241613648643,0.15185563666524,-0.6596796619675087,0
-0.1533063514242006,1.6267600131711,1.1945871969089084,1.0636798883158325,-0.1939429265838677,2
-1.1033833422262385,-0.233875216688639,-0.3976484101471135,-0.0192885985377055,-0.6247724896269093,1
0.5274552631750485,-0.0523635179526915,0.0746109458602009,-0.7591298582233387,1.1504875855624468,1
-0.7685896511236096,1.4681759251347424,-0.287967313578143,0.2113428622047662,2.194162180438471,2
-1.147573522763998,0.1013168060985302,1.6487493520784724,-1.0939261248790892,-0.6635220381556276,1
-1.5599383660370996,-0.4633020302908175,0.0804629941458705,-1.0642031430094945,-0.6431452433286933,1
-1.004312116555881,-0.3143707427678474,0.7413098575202964,0.6047517726622273,0.244799641219247,0
-1.1168287176125549,-0.9659312441487624,-1.0912781814889376,1.3761102661181803,-0.5658493912287293,2
0.1918723298400535,0.2239603022024524,-1.4904238234020886,0.0314390002577743,-1.4451481538260067,1
1.2074867732720471,-0.8278976106557763,-0.7580473272964249,1.546762458419897,0.7450127083392306,1
0.3293873871486529,0.7315341321520537,-1.5890034208694273,-0.3179733904336091,-0.2132372737458583,1
1.2072632608852485,0.7860560770788348,0.1486018232391578,-0.1837306729373035,-0.1955288450213939,2
-0.3806744152334492,-0.5149226201938427,-0.6890520387021126,-0.2161511111524234,0.1365523031490725,2
-1.8393947875097945,1.7727290120606956,0.8542717069194807,-1.0668848983076755,0.0303886927831278,1
1.8215987517545351,1.0596473195331677,-0.0668673877014162,-0.8953701358496772,1.544423456909721,2
0.1856160686007091,0.1818565569976296,0.2760568931154996,0.4372193065430619,0.8730687453499449,0
1.016393368614856,0.6718678139230357,-0.6949538036714749,-0.7431071889217288,-0.93268310119618,1
2.3818498537743364,2.1491002664709757,0.4280926160072984,-2.022248059890306,-0.146798836256521,2
-1.1912488642916568,1.4187495520298323,-1.3589806451007078,2.189210934329373,0.3332621634487767,2
-1.2361951888132214,0.630219081862979,-0.4121749719155868,0.1845721709724664,-1.4672733504626811,1
0.2595652522453631,-0.0962451562751532,1.4166548816153948,0.6305924979930735,-1.110796959477831,2
-0.4482377584481997,-1.3735654706324067,0.4071298044616071,0.1304896226467969,0.5284446298024453,1
0.0161649640621071,1.5524579658675377,-1.5069802793964364,0.7477319356887497,1.127934574290884,2
1.167254940479152,-0.2375588351449688,0.113555430464771,-1.0634846721776607,1.0588137684124117,0
1.3014538232605082,1.1074916338486411,1.8261328731430837,-1.8680176675227784,0.3727357601989658,2
0.5252307998892143,-1.060300613519448,0.2569312205151283,0.4898516169099046,0.6040942974393274,1
-0.6341000792423882,-0.1589919276138065,-0.3703604039970514,0.5732106688283648,0.5983237464704823,0
-0.9062837641783148,0.998363593614822,-0.7325715821315482,-0.5082523647536489,0.4625697776778308,0
-0.4434113014434105,-0.0809409939419625,-0.0769054469662071,0.8239426391171054,0.7948129190902842,0
-1.225007481775774,0.6213123162937941,-0.946212103130137,-0.6679137307569043,-0.2665603734711171,0
1.0827784210299245,0.6662945711840572,1.0699201014190658,-0.4492694533249435,-0.844949318731329,0
-1.3674368799474828,0.8076497578579274,-1.070775857495241,-0.4498272637674326,0.5964285450045596,0
-1.6335664589832766,0.270476244781183,0.1203371618946073,-0.431050376583731,-1.0037609732219852,1
-0.9624631856267118,1.8449498150074413,-0.6632291559633173,1.2779351313099143,0.7944417021278107,2
0.7129510289114225,0.2494333746815575,-0.3675741596227271,-0.8774581078051015,-0.7785642485137546,0
0.907987714707628,0.554340045131419,0.7947006736803368,0.0546137860847555,-0.0002768126239301,0
1.629374449654293,-1.1831564235361676,-1.3313580495824804,-0.3410835582467293,-2.5491127339415383,2
-0.1836588999219067,-0.0065833486442652,0.9289154323886856,-0.4868104263936534,-0.4500024705696845,1
0.7477054128536896,-0.5094004730488182,-0.4025730460543812,-1.056788174978375,0.3853759380411346,2
-0.694136263651018,0.0403746485629392,-0.1512025881265332,-0.5661378010464727,0.5693548492806523,0
-1.985156708503929,-2.6760831499976168,1.0193257210922029,-1.6569297509500591,-1.675759120531689,2
-0.0627267932529839,0.6293184256951272,0.2106575023438907,-0.6634879667824076,0.2639338786398227,0
2.416113083722736,0.6065767995581989,-1.992516759942477,-2.419526019564853,1.658009673189952,2
0.4801287850487167,-1.2234176950606577,0.4913940913025948,0.1380677062188854,-0.138094635962685,1
-0.6619520367621055,0.6487054035161213,1.13601096743237,1.6366524345799345,1.349580559137581,2
0.2968657059480377,1.273177728398725,-0.1216801672147522,-0.8243135104734132,-0.9935384614053924,0
-1.5252365627693196,1.5820471990154237,-0.7421370604083914,-0.4065442963463616,1.5687605983401331,1
-1.3952517401659108,0.8636099661017449,0.801562722699527,-1.3539885068541817,-1.850399829150407,2
-0.5118963317443225,-0.5192717701358356,1.031024494426488,0.3121262414429171,-0.9732235987770432,0
-1.31049092157491,1.3114014068888744,0.1373339894420971,1.5916858145555877,-0.4481837291049713,1
1.1458213482296975,-0.2396386755916098,-0.6143416693788235,0.4079143088002105,-0.8009431267690986,0
-1.0645323126980082,0.7554427908704198,-0.7449576353324797,-0.582279012499023,-0.0133288381944388,0
0.6363164057090641,1.213573610754891,0.4026197474349441,0.1280269979124035,0.2066908700168373,0
0.0033258682777531,-0.2337108915587026,-0.7147817429396925,-1.0450871995247537,0.70145638532969,0
-1.4616353093460634,-0.0739798983389881,-0.6201462138341439,1.178159263305777,1.444087547406951,1
0.1696776654346909,-0.2338725936031108,-0.9672609902243342,-0.0543905162467722,0.6971994516789541,0
-1.394147679757033,1.18763730870358,-0.5498014636419555,0.3517285564672524,1.1104782200014118,0
-0.1491389018178889,-0.4639650124779224,0.5084767848646242,0.5176507676330538,-0.0058824690575083,0
-1.3679439556834907,1.260834474878075,0.9729476782323886,-0.5400475944641647,0.5019109140852275,0
-0.2575613951307052,1.1215090933543068,0.0204074690583063,-1.0870238064860829,0.2430326895179967,0
-1.246184563604973,-0.6777563998044938,1.2728521797890866,0.9548528536718776,-0.3317704212584221,1
1.0048936780759272,0.3034888789494479,-0.8201117920867445,1.1778558904667584,-1.4562989905278354,1
-0.0555036471484646,0.9703928760106844,0.1821642265597902,-0.1384579156305747,-0.1109878447812849,0
-1.3339218996181923,-0.5700495524339604,0.1765333004047132,0.920581696005469,-0.1979255277757521,0
-1.2230595527699348,0.1921963653358877,1.1316713165351924,-0.6530294834245722,0.0448286072331605,2
-0.2014596783024942,-0.3403298747567458,-0.8444578413338383,1.4809452997800248,0.9148904339006562,1
-1.0928310913440975,0.3161432571182899,-0.1480950654361731,-0.6692927842557855,0.7141472291061459,1
-0.97619984165145,-0.8467197978476435,-1.6658016844235697,0.1389792796581299,0.1147994098863796,1
-1.5119157925023914,2.2865778485422137,2.324697293854786,1.928123257613494,-1.6016407646320403,2
-1.2950990964667517,-0.2841327422317019,0.1700767921667742,-2.819407277397499,0.3874728422936024,2
-0.9603256313290806,1.6426925341196987,-0.9762051062207556,-0.4456925474368904,1.043354889465122,2
-1.3766299286899433,0.7969578655530731,-0.8089124100401589,-0.1585196265786133,0.4918571529230793,0
-1.042896836901066,0.1550545734946068,-0.4967251502224595,-0.2178039553137153,0.2682239703085937,0
-0.1110710714167317,-2.417536057924664,-2.3746339613542213,-2.5086656025046765,-2.459034690916368,2
1.0362009630158115,-1.0608127792285718,1.620730970362656,0.4850005555504278,0.9121334843157772,1
0.5791260616488707,0.0392424787836024,0.356297430671335,-0.2249552477446359,-0.8168921458547164,0
1.3391246578067115,-1.1831498866492174,-1.3668925027741912,-0.2938776973427587,-2.202112518714452,2
-0.8092202906941988,-0.6319842739413363,-1.0972969087843911,-0.4195472071025564,0.7544445282435709,0
-0.2691427419340538,-1.02437183489982,-0.0130579011390276,-0.2683489969700078,1.0291534064335963,0
-0.3017720000345951,-0.5184037372664744,-0.0926177109943665,0.315871591983161,1.1100638255206434,0
0.0123398222463131,1.2932755891452914,0.905782879387279,0.3458379683014115,-0.1890657342937711,0
1.073472944233443,-1.55226202481519,1.410689674279742,0.7711112240108776,1.2064133658347138,1
0.5259953940726407,0.4554350356146258,-0.5514907920357247,-1.0649977893249882,0.8077749914755684,0
1.0185970060345406,1.646110070680492,-0.4746778116028406,0.2318652623487003,-1.5224942674226825,1
0.0217753169918686,0.8030117065770843,-0.714632307559866,0.9184937514973096,1.177790100006267,1
0.5738695418699872,-0.3369314558184588,0.3158140450392264,0.1318316410759512,0.5108539498206766,1
-1.1044533970441406,-0.8760337392531338,1.2351541035535367,0.5886597007585824,0.2385662272666872,1
-1.4393814624951968,-0.2010292221585808,-0.0012200003753841,-1.003044080903027,-1.1841332341295856,1
-1.428695664615281,1.614564271003427,1.5176062922787656,0.9375145354127192,-0.9855104888843348,2
-0.7943035428650915,1.6695850837014865,1.545028019851976,1.3216624538179644,0.580799206982285,1
0.2809864624690125,0.7369002147093603,1.042440518372061,0.6123311037066739,-1.0000263642069993,0
0.5514693086802769,-0.8075875570687988,1.131995845292745,0.5590416454898498,0.0267976128724178,0
0.6659360019709323,-0.0883068308543915,2.1967675037099563,-0.9117470434836344,2.1653119041081825,2
-1.328117570976086,-1.2053234129186206,0.9200346647422428,-0.808685146342593,0.5487698607494084,0
-1.8454652088242445,-0.2835123341585473,-1.656015101103263,-1.0296802957828055,-0.7220124938430262,1
0.6889025028905755,-0.9300679714324652,-0.2628498226490871,-0.3292791792310203,-0.7133728460552181,0
-0.98153663373289,0.8450921871332205,-0.4919074981929195,-0.8400171906842347,0.4110479348264884,0
0.167231189485893,-0.9999550052254532,-0.8655615914841871,0.610777975555232,0.8785744316135371,0
0.1486462852543445,1.1353935667089432,-2.261247577916203,-1.4845237928942008,-1.6044372060572176,2
1.4314071593965798,-1.3065006511074952,1.6479582858800603,-1.0237583171026334,1.3492162290906735,1
0.9151609507560664,-1.3947810634754756,-1.253125405232585,0.4114652242987673,-1.6471907382314142,2
-1.3426703821795976,-0.7241967792155535,0.7926852919026625,0.109476490865872,0.0220733728104946,0
-0.1194810906164108,-1.4946527126275788,-1.3998870409905018,0.7406445413468475,-1.9793210131183796,2
-1.2038732606614382,-1.218221788401695,-0.9003169949811161,0.0562397853127503,0.2664791911362749,0
-0.9954544749591272,-0.6790167903313373,0.0578714565852033,-0.5625310703696167,-0.100916236352128,1
0.3484476593895875,0.7681461952755538,-0.4203882449128449,-0.345856569181608,0.3843157623296566,1
1.269406776494965,-0.18654800192791,0.0314983871549968,0.415605343433353,-0.0235626474422177,0
1.628393810230604,-1.1147324178493991,0.8022973949988053,0.7302780694088877,-0.7840869138992504,1
-0.3374416223664582,1.0008671037508092,-0.9370462348559006,0.7132767933296777,-1.032821373361875,0
0.3053554383206365,-1.3480374180295216,0.1210852581080672,0.9378591614299436,-0.4994977573431692,2
0.6801097734848999,1.5053986783000792,0.510798685354238,-0.2353400661064083,-0.93408585870865,1
-1.620950816035321,-0.202975080444903,0.8522188434230774,-0.2053652745578396,1.0854117000243335,1
-0.6410293945373475,-0.7677064935914423,0.8776309992196625,0.8819914559472553,0.8186289053713408,0
0.61513632030891,1.32694495181384,-1.3346991545741582,-0.929993496392646,0.7042340076795782,2
-0.5155911504458818,-0.979234082400697,-2.224804808560468,-0.678902025798914,0.9139593861496584,2
1.3488156927784798,0.8740687238139659,0.0697210312840888,-0.7787713171062327,-0.7666371545657806,0
0.5340722928499919,-1.1399515045972672,-0.227036611935564,-0.4254403105827999,0.2633043235041007,0
-1.2650378069474095,-0.4215079340664283,0.3058841686109316,0.177150927223515,-0.7855167714489326,1
-0.4055601545252125,-1.652513149583756,-1.6916716067707225,-0.8067835197556106,0.4964856135535459,1
0.1518113493753774,-1.686692589823511,-0.5069868522819497,-1.6813912975028338,0.1055659224966402,2
-0.4189234102129762,-1.185567900734529,1.106004422676954,-0.9026651672237336,0.0447137102075428,0
1.004083732257714,0.6683476135526767,-0.2416371717063402,0.4090160156757912,-0.3532526061314026,0
1.4286464696566443,0.2244730888332627,0.1405728895322353,0.2272142458525899,-0.7665215862167246,1
1.4158336284218034,-0.6999567196315898,-1.268938435397716,1.4195415106069111,0.642268969967686,1
1.5127084573147629,-1.0398527053659896,0.3959470208050855,-0.3446342486213157,0.4174738325252267,1
-0.7359499274463575,0.5575509879816971,-0.9112841000546638,1.432164373958409,-1.021074855893571,1
0.0585696633768697,-1.2129987844009429,0.8167965806037658,0.1837278375663896,1.2660914897074582,1
0.0583766337166877,1.1136503641719484,-2.077718351450441,1.740202557033158,-2.506966964736168,2
0.4211433225010986,-0.8747435950294844,-0.7401727300052573,-0.9742825636296704,-1.0876893049267229,0
-0.2906194553856174,1.761635100606217,0.538108796721346,1.832759613518562,-2.0092032932700863,2
0.2128227679165701,0.0468037969434875,-0.7835184478855745,0.7461085187201695,0.4470461696655434,0
0.3506519503374159,0.9993908941329837,-0.4079858219751569,0.6715610583181455,-0.018042275004283,0
0.8072315200756269,-0.5271421536780014,-0.3903785369056269,-1.9623394093913475,-0.9652852756303966,2
-0.9699331099331256,1.1589883149704785,0.12732776845232,0.2470648766974978,0.6250645395197844,0
0.7247555242768545,0.2690209838484064,-0.2715475269473051,0.6745801534799135,1.2249085220536051,1
0.103255112222068,1.0332270520003264,-0.9143258833850784,0.2532513464789473,0.9123609664642492,1
-0.148255587359413,-0.5568309419639226,0.974189958556571,0.4735994362261101,0.5985004838383786,0
-0.1731648748122569,-0.9194153731229338,-0.2115306758301399,0.6958560582467017,0.4041971434752009,0
-0.3851310158455765,-0.4296221904859122,0.3353534293301809,1.7122322959959235,-2.132198960745924,2
0.1242707906777869,0.8928491772206381,-0.3206601554825472,0.3924744459861291,-0.9171463389313628,1
-1.2927583566415397,0.0905024812637722,1.036081908091175,-0.919105250653389,0.9514613611719758,1
-1.0370893075169358,0.7067340533672405,-0.9830181471318092,-2.7806989245807165,-0.2548269893492563,2
0.7928312303402172,-0.4561899445753609,-0.0383637840659761,0.4248780296307948,-0.5120908066108248,0
1.768595647129318,0.3353150729622318,-0.5520749586045623,-0.6763060477263714,0.3184493107300806,1
-0.142077302122944,0.7158998784051397,-0.506811370895747,-0.431043717075797,-0.2612073831093302,1
-0.1225189253871951,1.6916908605683465,1.6816248650722627,-2.639047974079612,-1.683983141807587,2
0.3479343190212055,-1.6154711439189784,-1.289098431522115,1.6407681862115282,-1.2010390650353695,2
0.3105996056473057,-1.0468200835343784,-1.1019420558356428,1.6869327917012675,-0.1830615842701734,1
1.3632899207704865,0.9102434445510452,0.0506816102757255,0.3939069622978989,0.6583923179156531,0
1.3626555909661244,-1.7195475450346898,-0.9794366126516844,-1.0974073176849144,0.7315593257663137,1
1.451784825287871,0.002235405541654,0.7150778434087085,1.0264403968580476,0.8810494075057081,1
1.3534151188834942,-1.347326547013746,1.0875331584037988,0.4590248300325714,-0.4298141943552417,1
0.7146247961526493,-0.8825886769634883,1.098765075222407,-2.7696122646912564,-1.902496702911493,2
-0.2476496134035471,-1.2219619492815124,1.0492969943875168,-0.5889545813853145,0.3629287537133121,0
-2.022859887573492,1.4392702455712894,1.9110520430715927,-2.7684276720864496,1.1947885950492332,2
2.2771655718798067,1.5769596216138266,1.0168081385352972,0.0007148750392867,-2.212772812476466,2
-1.2929826129105328,-0.947817287385584,-0.4810157891808267,-0.3703984532892635,0.901130733029674,1
-0.3474633796306769,-0.6430108186786155,-1.0446090911025432,-0.4361459021550294,0.3237668496849707,0
0.3245731210876922,0.2120235644060189,1.674496585335515,-0.3242657201323811,0.3587408665965248,2
-1.070052284020626,-1.0580664973019456,-1.0320645726539863,-0.0080626923106001,1.0614772837246855,0
-1.1532094469801124,-0.8201356063912081,-1.512520807749588,-0.5499682577768311,1.2009752109029266,1
-0.8532466543147926,-0.7233355130714239,0.4628937510315031,-1.018450249684872,-0.3922873474775601,2
-0.276620706783247,0.9682291146645388,-0.7625894152844129,0.035077639189582,-0.7606872365581958,1
-0.4188945926651483,-0.0477781767699856,-0.6801530831711156,-0.5742628265327115,-0.9120288103082266,1
-1.2338758453500691,0.490590032952819,0.1670118283229141,-0.9202370567349694,-1.2894268132827489,1
-1.2496962240616476,-0.0722735328520246,1.1203609232974894,0.8268587021753232,0.0072833250451369,0
-0.5150652564419229,-1.3087241924451876,1.0105001269371394,1.7028331808701145,1.7812546026976892,2
-1.2934983173911354,1.172628691084279,1.4333059496155178,-0.3889857969524622,1.0254961180954052,1
-1.150736044331513,-0.6199250956432607,-0.6080230054925034,0.962182492996704,-0.4332433394215917,0
1.2354679210306896,0.6662771492159556,-2.2889209362104195,0.3392301302884218,-0.0454039872881343,2
0.1026589300457407,0.2080769246886917,-1.258034990139494,1.3717343334299883,0.1040747687722468,1
1.7692062951455405,0.5933011814411666,-0.1821972619169812,-0.9000818683800663,-0.2994988229454097,1
0.9031174234234816,1.6151601314135495,2.4010635802018294,-2.1166295743115704,-0.5790561401261689,2
0.8448970083236456,0.993395022812253,0.9641588556583413,-0.5731088889196105,0.5380949381387088,0
1.3651620012915375,-0.243156122719215,-0.6201771151093137,0.4412326552076828,-0.8885039485313134,0
0.7182788058961118,-0.0551316111865157,-0.8804696776649202,0.711456759302605,-1.2293230683966112,1
0.0997735548072054,1.23778887595947,-0.2742981536115369,-0.7298458277580229,-0.095325228831391,0
-0.3995533959731966,-0.5971465190764351,0.0438816255219553,-0.4768174791168941,-0.818344383220155,0
-1.0718598111910649,0.2195042809187793,0.1657647357569121,-0.1062296190608246,0.939579014344626,0
0.3611691068743477,-0.9105671990830516,-0.8290255705708132,0.1559817220915926,-0.3374362078536553,0
-1.208795385518577,-1.0622998823211571,-1.193577410626885,1.1695908198761922,-0.3208752185891144,1
1.7024881914667545,-0.3461839950817654,-1.27694760488052,0.6025375889915284,-0.388134494408563,1
-1.5869164421145148,1.055597367664734,0.3795197675545409,-1.0900753345743006,1.4928026391307796,1
-1.533019401979829,0.94504839818189,-1.2198157726102468,-0.6652866890164085,-0.4283954169758954,1
-1.2383981900986138,0.6056079724689691,0.9526728678818936,-0.5731331475722581,0.4392818930034856,1
1.456156283833891,0.3217272850061243,1.2675723587710643,0.8912471067321318,-1.9135851865864493,2
1.7146792101423711,1.497895345682598,0.6294263795402514,-0.8947752041350578,-0.7848539438428049,1
-1.1736112233889595,-0.1574419328233437,-0.8245059939723824,-0.7093653635319714,-0.8724768133341031,0
-1.6056087592869364,-0.3751550133559711,0.4863833237387093,-1.0577606818243712,0.521582427815905,1
0.1675499140007779,0.3217728246805151,0.5974293874279045,-2.2876168753893107,1.8940341993829684,2
2.002690761368366,-1.3539356784389325,2.3090614852522613,-0.204727835182032,-0.8484239694876173,2
1.0022397247751031,0.0107314741033347,-1.1067634849254642,0.2471705485496644,0.3991467962180923,0
-0.051111329789007,-0.0896932884880746,1.0479211279165337,0.1783707768668532,0.3848926865964777,1
-0.2296628365766676,-0.6895300066429196,-1.3382642891681784,1.379615093651314,1.1688334785613967,1
-0.378224900043361,0.7692767160262021,-0.8551961965795561,0.8788237951699788,0.5454168911706373,1
-0.0784446061141097,0.9070277825938616,-0.0785768496225881,0.5450513152685855,-0.450402581913417,1
-1.4852291997095364,1.0508160590959632,0.9824365723599254,-0.975277351629607,-2.350361402756344,2
1.3013682619411422,-1.4526448559965912,-0.590899984775376,0.6602239972280444,0.8965203404335624,2
-0.6673130242624751,0.0194729106823697,0.6721662706305424,-1.057422006394153,-0.3798444575801485,1
-0.2459505395589151,0.1131025794297757,-0.506740465963544,0.0230070350207956,-0.6045989177802095,1
1.1450407773291058,-0.0081528561332406,0.4920202792848623,-1.5046383356930249,-0.45991411517331,2
-0.7849473121900455,0.0093855292593431,0.4639754663374575,0.0725641810573979,-1.2297792655602124,1
-0.0995030330241503,0.5767340024512625,0.255088040491786,0.4816389480419338,0.0324522541028201,0
0.8084169322081944,0.8442596598471945,0.3014062675244804,0.105726676787761,-0.3704265743365151,0
0.6646014569383011,0.2777103241046837,0.8678415632641915,-0.908011723946396,0.0985159350105702,0
0.0940446095549648,1.2592632408878357,0.7013597242835374,-2.42920066815591,1.0638570934217413,2
0.6638836300508449,-0.2788820458828744,-0.3196062516046006,1.0479933601258185,-0.3826746252510336,1
2.437041177371988,0.9396009259548084,1.4565227384049768,-2.8227852983176542,1.253958948411853,2
1.0880284505740807,1.107133332645747,-0.9912105580078916,-1.010853067523235,-1.474116715407279,2
-0.3750885981558311,-0.1748836382323055,0.1419165302785593,-0.8577012685277545,0.2091942795838142,0
0.1391802458726841,-0.0080890937058094,-0.6074029586564474,0.770060960290549,0.0235544351767774,1
1.329603555968145,1.256442999381671,0.6541178924677439,-0.1479126223982139,-0.9191200152330944,0
-0.860089257242306,-0.1526201990357631,-0.4406645935303576,1.3964174049768652,-1.312759633833944,1
-0.052680668654692,-0.2999358171143845,0.9210219806423406,0.713723767460578,1.1501265873682611,1
0.3662987815195919,-0.9018616072523886,0.5614490450317552,-0.5801405685407001,0.9262209204059008,1
-0.0084837776114473,0.3970409513974303,-0.1463246516336073,-0.490265460088796,0.8022908861435938,0
0.1415974285296571,-1.0937791993362855,0.7752577140597723,0.0049591321860932,-0.7192610847475586,0
0.0386727689581052,0.8587256910040557,-1.1180764460871726,-0.2509957437948009,-0.7582350751745299,0
-0.297588916929087,0.7168952135151121,-0.3696374804304566,-0.7570265791472595,-0.2377523635296551,0
0.3800469981261242,-0.2884207284902071,0.7469856832561557,-0.8862977353073069,0.8934441328875302,0
-0.3747718125842153,0.2684258378323851,0.3072231862459476,0.5215697345089736,0.5398141807081981,1
-0.8479294534531209,-0.1878827871162489,1.6221701616887798,1.4396717020464949,1.5658778148156651,1
1.0229665879405012,-0.1581022825420799,-0.0137357020188639,0.2430935121634754,1.0214450130601471,1
-0.8080488636881251,-1.1119280120066342,1.4491440540890572,0.6826316492287389,-0.5187218884077329,2
1.4786081518537737,0.2617755481437244,0.7923662412253196,-0.3241774022571776,0.9539526054597792,1
0.547064075634206,-0.4751485259017144,1.565532230550008,-1.0189301559680104,-0.6479345519423904,1
-1.0485440223201128,1.1044586692255929,0.3466980814636842,-0.177942172504607,0.1093044196252951,0
-2.10712455000223,-1.8557742509285704,-0.0211394264191985,0.7272531432348264,-1.5894188846423982,2
-0.9996431245527314,0.227873075637614,-0.1698207899687659,-0.8302120939659632,0.5055793504281765,1
-0.7522770444568742,-1.6596097381282608,-0.0758273549449392,-1.9862536916658489,-0.9832915740234316,2
0.8335438176383221,0.9481629427078332,-0.2890775691736235,0.9235311844692188,-0.9528290408708728,0
-1.1615870771127932,-0.0813168632049263,0.3645825979977276,-0.5944581407586502,-0.6355565407951562,1
1.5639156065985016,-1.5710225654162362,-1.047902134535908,-0.862963562626186,0.5222908606132518,1
0.3412839025879433,1.2355272165952802,-0.6747339430618524,-0.8637522175844331,0.4506393950151398,0
-0.1043067057640124,0.9101171551982312,-0.4476918862219901,0.3663871211437201,0.7040004535976929,0
0.8331557532135716,0.9637922705901332,0.2821669287479533,-0.8022160548594786,0.3032079019787523,0
0.9746866151642778,0.3375342623736453,1.2121974556827364,1.6592067303968696,0.1451950962172321,1
1.0478333003917664,-0.940258113101818,1.1099303957593545,1.3716562021994276,0.4025831153799867,2
0.0702954535831077,-0.2685618759897217,0.838900147622335,-0.0845433036815022,-0.0586825262400864,0
-0.6990330268401123,-0.3257092373474853,1.21589142472754,0.5702176793675162,0.7006136552270699,1
1.1444672410434642,-0.5571125118627244,-1.1820997957188752,-0.1327873343318856,0.0333705423218787,1
-1.4487026207708114,-0.8026414819575535,0.2840585353475224,-0.6533023525883634,-0.720912652570581,1
1.1635249582206069,-0.8492705948555977,0.8021834962963136,-1.1098771290364615,0.0598024065283758,0
0.3105201833509152,-2.592772828340394,-1.0347528920426536,0.8753979165573551,-0.1178030230799138,2
-0.940749963084233,0.9183161178541464,1.0802404771600336,-0.1036011175147218,-1.0492430258778749,0
-0.4396941414136692,0.7942970915904299,0.7517258681157959,-0.1118773511079457,-2.6093556073744204,2
0.0315791411373059,0.6812053817289483,-1.095337267672834,-0.7531271411870568,2.407488027737322,2
0.6643110329384941,-1.0373730831834485,-1.2395474068575456,-1.067639004001997,0.4884643760044016,1
-1.014010559506524,0.3539411459372825,-0.9936696545175092,-0.0583820441079595,0.770565799203643,0
0.9935786295335128,0.3986719200590134,0.4427828792551209,-0.7886236773739236,-0.9292156101261496,0
1.0226137381153118,-1.7566073242295406,1.6245358480042418,-0.5264192013194391,-1.3478042936681904,1
0.4526141642169534,0.903495565210196,0.8460520773909956,0.7543028100802219,-1.2878413030432063,1
-0.5390271027403443,1.6400341712225328,0.5847152079606525,0.4687870240947983,1.2875626337896,1
0.6526773055344114,0.4084516875779502,-1.480895673361871,2.331364693004414,1.2177385213378589,2
-0.5742677917448287,0.8492563956771869,0.052213543285295,-0.2610928613162638,-0.5048841853796184,0
0.2553839836191869,-0.9035845932881889,0.3925246442953199,0.5650249601043691,0.4746362898632664,0
0.9237206188913152,-0.0296934214512944,1.1907724257820849,1.160487883813315,-0.8021608148299084,1
-0.5405568996028808,-1.037793055220563,-0.242887617602058,0.5113761075785724,0.2518541130578752,0
-0.2711030420921025,-0.0342031000352716,0.4005527726631968,-0.0369261840572479,-0.7692587584607534,1
-0.3219897192833729,0.9631648269358613,0.1707298294856297,-0.0862853843159139,0.1373552332292867,0
-0.4634990711802229,0.4639679593153955,-0.2537993576719934,0.6450211928191807,0.1519882491705678,0
0.8600663081233165,1.2804073815611905,-0.7218958821823988,-0.7921393356476996,0.8654922619301216,0
1.3728107433747727,1.0115719990034846,0.2056373359684849,-1.910564153071269,-0.9271022296970072,2
-0.0605129756036553,0.4246358733408009,-0.9306927075347992,0.0199375443589463,-0.6811950366768339,0
-0.2049617864131414,0.3234844725697391,0.883649142163134,-0.9363705250487484,0.7244988582080657,0
0.6774493703436205,-1.7146680722926837,0.2621345369080919,-0.3823766779697136,-1.2041181922898403,2
-0.902477031769603,0.6912130024801696,-0.9456691889032364,0.9672190606996972,-0.1958044062245147,0
-0.5039265626273762,-0.5676798428541512,2.1154131443918867,-1.637882111937337,1.9576848029629212,2
-0.0189480854452502,0.3489456519551405,-0.1714532825434808,0.0971465701670309,1.210134924921812,1
1.5954005585527815,-0.0197954666084468,-1.5868656012101787,-2.765721106335016,-0.2341380718011466,2
1.660044942592643,0.0232580559483014,-1.4512399028097267,0.6364651106808231,1.1236693377971143,1
0.5048487517995874,0.2768118585939785,-0.0367679786018701,0.5328966021344292,-0.7963570527348541,0
-0.7629145680635725,0.2130277545396441,1.4297754518178492,-1.8721816872311128,0.8570141283225344,2
-0.1183849357229033,0.0790511634752,0.0061927536688656,-0.8949074695805812,0.000245217866223,0
0.9748393252897898,-0.3093981624851334,2.164842454783958,1.3929015457934857,1.9241627452511172,2
0.6617670225774048,-1.0495998476954451,-0.8809805983843438,-0.2798363499515644,-0.8047431185292294,0
-1.0441649079012931,1.0185182924838,-0.1597064975220728,1.6802295066397188,0.7384612944073036,2
1.0596532396073426,-0.0537266555904733,-1.0334110458996075,-0.9758019089887312,0.971289476826736,0
-0.5475612455815008,0.6155873055021841,-1.280655112389857,-0.3433905708832805,-0.8721277931551197,1
-0.1517872528303001,0.7517314421255403,-0.9084158709718634,0.8749784637482637,-0.7432777101455699,1
0.677437091743736,-0.3653235234545408,-1.3562412036076164,0.3664411255199505,0.5222738521515528,1
1.7866963660333486,0.7429592316080508,0.4080434640326063,-0.6884994347386265,0.6415041562975905,2
-0.4052322691793859,-1.1044845174944615,-1.4971815800468102,-0.6459303710122929,-2.423993568255645,2
0.0394977809690437,-0.3336513129452066,-0.7694057477637847,-1.0317621407366673,0.6122522242345929,1
1.267458471059489,-1.6608501397038602,1.6328383551394678,-0.2583119388557681,1.4697933348122385,2
2.254614686578663,0.3192949568853497,0.4280269996316529,2.078777982312965,0.7137504234041636,2
-1.1583885741863298,0.0767862304869671,-1.3506574246322978,1.3159277548479769,-1.4425076545955928,1
-0.6808369069701803,-1.754076462961282,1.3810666601002295,-0.756130191706457,-2.3668087882234934,2
1.254389282675784,-0.0974814879921754,-0.567733527642873,-0.7462675835749762,0.935343870619424,0
0.0109375727462496,-0.4938487472268709,-0.6820594615531947,1.7048842652217613,-2.4328096376219386,2
-2.222287574897995,0.2318535959384877,-0.3536540650911979,-1.8649577465662013,-1.8582653801633275,2
-0.8052188006918067,-1.515988153844207,1.2781536273596985,1.219865699965795,1.239957562178907,1
-0.6638992953592062,0.5396311904292925,1.1590712112433186,0.9828255915141636,0.5848829256322344,0
1.0538575130862444,-0.3272723556328699,-0.1134646058472427,-0.575308702233268,-0.0561302696327813,0
0.7837795112875471,0.2105071171225895,-0.8691843391880485,-1.1181412672898856,0.3666113803285406,0
-1.0834388357477511,2.224394428077045,2.0139156927889683,0.0846702988155559,-2.324808621255096,2
1.5331643948545128,0.0787836783934251,-1.0548947517862015,0.8900076585782282,-0.0008755965300638,1
-0.4338333179014189,1.533888148312244,0.3769244939305975,0.9671815871067414,-0.991381531444267,1
1.0309261546061594,0.954286753707431,-0.972604304553374,0.0864970886510717,-0.4217770709959391,0
0.2173153072539483,-0.3756676882992389,0.4971518273390133,0.2078282778879203,-0.7233594077761973,0
-0.2978227245571391,-0.9490489516985294,0.9110415915620697,0.3009962607693426,0.0423084698507719,1
1.306150878719749,0.317761249828797,-1.325106598071305,-0.2835985029247334,2.148710474606182,2
-0.3444427133782604,1.3862478656497947,1.016954684797038,-0.8664325313589436,-0.2608017401593573,2
0.330751425364762,-1.2563838076719769,-0.1167774586094843,-0.502043690924712,-0.7891236710156334,0
0.3347615458130491,0.0006207631015576,0.5271999480636422,0.1800954949713228,0.8481325133049689,1
-0.6567814532990588,-0.4131521418808244,-1.4970633208153512,1.1818721415713749,0.800913632047926,1
-0.0762374474681639,-0.3546172929258814,-0.6364619745855263,-0.099785457383993,-0.953417638125672,0
0.3018022922444918,-1.2041600893899602,-1.03047923404231,-1.111354374962137,-0.8591045936589585,0
0.1373140350331798,-1.2949071788074464,-1.3174332176514076,1.4402351835976583,2.6003176321842774,2
2.2670781537360134,1.2480614860647812,-1.636850556498855,-1.312258738555896,-0.1212227700950988,2
-1.1113850408246366,-1.0432601919598572,0.6335939460247,-0.4364334059319639,-0.6733980814881734,0
0.662021968123872,-0.7250113807072346,-0.1732470964872786,-0.4108280291227976,-0.2680828889424371,0
0.1743973757476443,0.0239469498880429,0.3915869232459339,0.9723775821312388,-0.8486154820204616,0
1.3859571879500323,0.9714234469530916,-0.9939429203266792,-1.8651390501265357,0.0527290187605123,2
0.163783682989002,-1.6220801874549131,0.0226014311391762,0.3202764149144346,1.533858148513284,1
0.4274293977955353,-0.0233158649961187,0.9085205919764944,-0.9968638383569238,-0.5058082253360429,0
-1.0569110308441525,0.5004346738685729,1.1345882571571235,-0.8282204491337226,-0.4641977256189004,1
-0.5283142437961185,0.1145079344966565,-1.3722180442741,0.5392487507656627,-0.8464130059465431,1
-0.2696332738719391,-0.4941392991651802,0.7332432393691715,0.3426450718381559,0.4537381672925786,0
-0.2547899437387974,-0.0406672701534222,0.9979847505744897,-0.6887261577093747,0.8011152310373165,0
0.1566858237421955,1.0450770018616882,-0.3528396068811147,0.95649719618702,-0.8754950147258977,0
-1.17959564586524,0.2193127033857123,0.6949794425445223,-0.8646696213026633,-0.9736501931729756,0
-0.8521521435338391,-0.3714323077038554,-0.6802958248550824,-0.0770553013019673,0.6324633606068398,1
1.0759724220124094,-0.270580803031362,1.332594282632947,-0.9571428656468174,-0.6899190657262656,1
-0.7673272350740769,0.4899284562654161,0.4240331221488094,-0.1687967143966246,-1.4275606556205078,1
0.522587255961772,-0.7021312722768052,-1.1852742553630085,0.7310331110562823,0.7212060127952002,2
-0.7553394102657922,-0.9094986671138868,-0.1515710060756468,0.1697581140305314,-0.5569681169659405,0
-1.1202386815874692,-1.3532346770034114,0.6265236388304428,-0.9391018281541949,0.4584373239788613,2
-1.1453584933039485,1.2361202605565378,1.1298855612641852,0.2645494017448199,0.0217554769651703,0
-0.5341221731659188,-0.6469366616957044,-1.4666521483747,0.9336124770742424,0.1262123833729507,1
-1.6423179113023376,-0.7778759854325331,-1.133242240257188,-0.5446266964324827,-0.148863652644641,2
1.241076841616702,-0.2213125076971289,1.0008879140833962,1.0744981177880648,0.7517059088033713,1
-2.1734083168353835,1.969520117508289,0.1937220533967778,-0.9137479781801108,-2.2063904594390853,2
0.6824556601362946,1.568125654686722,0.2113886563935613,1.050260188365178,-0.2437715201525921,2
-0.927596230814548,0.2649474421271158,-0.7260605763044875,0.0423962299093611,0.6922584599734712,0
-0.6013630481110436,1.7910086409103456,-0.0936457447834259,0.9557722717947744,0.8092191341832508,1
0.1946727904277217,0.3027972789167643,1.3430571392212034,-0.0930860189779969,-0.3076910227014677,1
0.5945549260088747,0.6859281003218203,-0.1835073611235404,-1.1021431267094952,0.7586041470348389,0
1.276391537539554,1.3971635585830608,-1.522437683604878,2.491052307963653,-1.7930148872347826,2
0.6703838064685603,0.2479527364261373,-0.4349713170374223,-0.1030712625363302,-0.0180147138023906,0
1.238633410143864,0.8782407428340244,-0.7863484461707628,-0.9615684477959274,0.7596029652864839,0
0.2852082437690487,0.7224550716704355,1.5916118624809417,-1.01739903459325,0.2384388526923925,2
1.7417074163427315,0.5388534605383958,0.3203778828439236,1.8771381674346468,1.7851738140511957,2
-1.768784670914912,-0.2037881510804335,1.0994257382549306,-0.4957247382307205,1.167780985603504,1
2.324045059834108,-1.5674267014577392,0.9135641508689926,0.7882724382041076,1.56814253649612,2
0.7976143568075323,-0.8127644492647983,-0.0249383658423456,0.2328946571619902,-0.1261858978114572,0
-1.6213096389598172,0.4756156100122592,-1.0774271592701463,-0.4358388770024914,1.2951449772621757,1
1.3686966188819203,-1.1100791483083294,0.6669945820798899,-1.043737361602188,0.2684762772525546,0
0.1686175816438667,-0.8485955023533239,-2.419954831064131,-2.5120330361745853,2.080001771553839,2
-0.9651443816338456,-1.4828346825078589,0.994790873697677,0.578627601883081,-0.9063240103485511,2
-1.3289240589920532,1.1010813646934323,0.2374950620725726,0.8714861857851178,0.55559542740674,0
1.2096992612642985,0.7471982679884996,-0.2683236580035677,-0.2656392284181985,0.0282511698385206,1
0.9811288509522832,1.0094746678478137,-0.7678172304810232,-1.3803526438560787,1.587577243581034,2
-0.2196562043616013,-0.0789898816363497,-0.737385919488065,-1.1052646984991463,0.9084282245312604,0
0.7816788490259875,0.947331194716145,1.7346270015431549,0.7346241522514915,-1.1403651661023362,1
0.1570482833826646,0.2309939685872099,1.0141972965251986,1.3356135501172717,-1.782068727382781,2
-1.8272082964341825,-0.7147572591630331,0.976737425456579,0.6107140795170619,1.578190778346225,1
-1.105926898016588,-0.5673311214898688,-1.0983650828335283,0.4799184189944876,0.2543064831898713,0
1.3739092308056342,-0.6815235514440576,0.9619692904830388,0.4404083931992369,-0.4735928358533312,0
-0.8582149975670817,1.7674810852949738,-1.5514194038827702,-0.0655532833785106,1.144640501455152,2
0.1582960708832117,-1.217421835987372,1.0391366198739165,-0.923964774168014,0.9603240174597806,0
0.3150979223536674,2.322221271549917,-1.4340257092520894,-1.9033164818977664,0.9268418579312752,2
0.7073870146652155,1.0497125437778685,-1.1754220152731898,0.7243673776854471,-2.234490594998885,2
-0.8720792318406664,1.5633326646064256,-0.8569705355472392,1.2466941334884376,-0.0230687705141056,2
-1.4719428606839884,-0.773206193538421,-0.0559594875535474,-0.8783985322301177,1.121600086045829,1
2.0819246962165128,1.7594015662220768,-1.7414009273910367,2.35956465425675,-0.300627106860482,2
-0.446301166900573,0.5746085520822649,-0.3588465988049685,0.3825077832420164,0.6614352004768584,0
-0.8619101673143383,-0.3714878055586859,-0.6688588667131035,-0.0821943503990168,0.6345877234214262,1
0.2281837761471925,0.7602171708225154,0.1979923842891498,0.5736974418522256,0.9903470148936196,1
0.960547816805308,-0.1401033773946992,0.8324539803435257,-0.5620261920796781,0.297449633889496,0
2.176493599778716,-0.0321754810446194,1.4010171118070245,-0.9661910870844826,1.2897708081210997,2
1.854352457480775,-0.5525219970321316,1.7006350865911506,0.4384839480112055,0.3986664683935547,2
1.286977110048877,-0.4674682245766894,1.3914327029379845,-2.207316424129212,-1.1179452938950192,2
0.7205174165924144,-2.1658743246119414,-2.087612640656805,-2.0856054557701524,1.8603008554993103,2
0.3648985269749754,-1.2394700441055682,0.984145797141484,-0.6966897510066855,0.4443458193317643,0
1.5228545557076574,0.1529021413448327,-0.899704699307872,0.0067836058503272,-0.7730327391061383,1
-0.323575974702106,1.1129254361660808,0.2167856060799309,0.4626267333522778,-0.5527430682075779,0
0.3633201800917398,-0.2896476235971434,1.2121273231659977,-0.5655679708806077,0.0293985073530374,1
-0.815956002106967,-0.6154481697150239,-0.0431181311208163,0.7689706299000267,-0.8190310544310992,0
0.1796557176213039,-1.7029945889004374,1.066654623139707,0.7110441465964509,0.5453441621598335,1
-1.3912835636938554,-0.8435685728923454,-0.4721445382440973,0.9762847353628068,-0.0503465616543695,1
0.9425594606767282,1.2448232632334786,-0.3005896518698633,0.4790085499212885,-0.8929331610186331,0
0.842357410111501,1.0740347365156484,0.4614944984395315,-0.1977883448173799,-0.2973425045932622,0
0.7522456039299724,0.7871109980705777,0.3868343500955414,1.455958441424495,-0.1928685519159149,1
-0.0681478486751283,-0.6438273672490256,-0.5608108156982607,-0.7224026074137507,0.2265106391604995,1
-0.9677369260248712,1.2400582242287466,0.1042597268297349,-0.2739536470152993,0.5210735093791532,0
-0.2897565249885114,-1.938131677123922,0.6181307391901455,1.3029416574628088,1.3143295611187389,2
-1.2665497534147678,-1.0868328303072297,1.924371637111083,0.4296029522726142,0.0869469154270613,2
0.1677025382051239,-0.5346274165607878,0.198269541003018,0.9081629462838772,-0.2571164707853878,0
1.1246272406374076,0.1269181708221477,0.0440911319888631,-1.2884992873654613,0.6620621960468792,1
0.1051103684382328,0.6665415029040502,-0.1889462784767411,-1.1789503030901658,0.6136032703768017,1
0.1977490755131336,-0.1920727753513345,0.1909490994984163,0.3365477793288251,0.5757362840341389,0
-1.8622414937008815,-1.648923844550842,1.676545951821072,1.086337117386205,0.3828921917549898,1
-1.0327477347026464,0.422502057860702,-0.631337861148843,-0.4964491645093561,-0.9576643361062626,0
0.1685552189685797,0.3258500077259672,-0.9878452021799812,0.5390372628757599,-0.5075299995258994,1
-1.1405122530978142,0.966793640109291,-0.8485862944260287,1.2920769488541228,0.1154010777419297,1
0.5730089074691459,-1.399028257838558,1.5660838165632849,0.609504995904607,-0.0957897808845304,1
0.5587901931045608,-1.0761150773309098,1.1497873578523188,0.5512057967478905,1.2993197904527745,1
0.0194177454710898,0.2902814545691132,-1.0633772118767555,-1.0066157287255026,-0.0834517676794248,0
1.2408916036563906,1.4242991071445208,0.2121219794890611,0.9630236102016888,1.2004382899224015,1
-0.4109674763377374,-1.4829667841830831,-1.97169613171684,-0.9956506961009194,2.6285937869009994,2
0.1458063472726239,-1.190235357879234,-0.4103437066825831,-0.4045730309753197,-0.2616982133665055,0
-0.0505923550893968,0.9575734301615226,-0.910053235995928,1.2555119854925505,0.3084513930905934,1
-2.1616374224614967,1.126694091972499,-2.3065147366291785,2.4472805528649832,2.260061521018857,2
-1.6415977995935362,-0.0238358287217572,-0.7165527347670265,-0.1416862070420337,0.2715761339256957,1
0.3454338121357334,-2.0260012218183947,2.396946203016335,-1.8606293250371304,-0.2563945662235762,2
0.6571696802926068,-0.237878099700399,-1.7510361588135477,-1.1450695875523236,1.280343784348248,2
-1.4192189701973503,-1.5923553239021846,0.9276032896946712,1.598479054512661,-2.5145479407717004,2
0.1694416231662867,0.798452016591622,-1.0958930271831966,0.5548526648904578,-0.6020502807026765,1
-0.1813820896757066,1.2895784603605935,-0.2804376292391478,-0.5759218661576029,-0.9445880907818136,0
-1.419694235002129,0.6908768284159714,0.1060030425716835,0.8029130180469164,0.0451082655972514,0
0.49608680533456,1.4194188308327134,-0.721630361901737,1.876458950704675,-1.1344227678598615,2
-0.9640166926901148,-0.328735041537286,-0.6587415979088781,0.8986490036065583,0.0794448787986152,0
0.0855385536233156,0.9910389404380362,0.1775916586039129,-0.048789117191565,-0.9343543859676148,1
1.9941765463661676,2.277347846712404,-2.248029653200509,-2.347421096339354,-0.5327371679812217,2
2.301765588254246,0.1828887557652748,2.2241271904731006,-1.1566615673169394,-1.2281285021575366,2
0.745717170340164,1.2380966429244025,-0.2333333650648661,-0.5859766309051996,0.698792378162377,1
-0.874313329028381,1.1727639455715415,1.0671028990575089,-0.4187065223046142,1.0380640753394896,1
-0.1555132514214373,-0.0358236358804152,-0.1884458035865648,-1.2662872028079877,-0.007546609748614,1
1.0188426658118774,-0.3487764778214821,-1.0402668227014986,0.3893264965946379,-0.6839738199838374,0
-1.6825178791818869,1.6147874122009471,1.2054341278070544,-0.945977364934836,1.4708570971070247,2
-0.9881586215970282,0.651607314114842,0.0826642481278528,-0.8804549078525721,0.6580024747363151,0
0.9032016677465464,0.0455020800370532,2.254904005232535,0.9239688046937204,-1.7982741012467045,2
0.4684614285147465,0.967503187287672,0.0115912321065964,-0.0483801001307693,-0.6974798209247975,1
-0.9714517078318988,-0.8741647464658774,0.6446687362807677,-0.278718002137321,-0.0894985766336384,1
0.8182945792793193,1.277013364674718,-1.2888120782681105,1.4403496624393088,0.9153565017098512,2
0.1228275542200873,1.6385959709001183,-1.1631741958402857,0.2215613671935872,0.0289826699355869,2
0.8515198297352357,0.916212476797324,0.8401517071541772,0.6956445538795395,-0.3456913631261055,2
1.2019434857115303,-0.3659406453001584,-1.0542775635694015,-1.2309983139013387,0.8295260822515227,1
0.050137198667851,1.8276901997322417,-1.9153052509369903,0.394966017698678,2.235858010146228,2
0.2772136316661006,-0.1780450641399818,0.6138793144576888,-0.3847057136579551,-1.442725844428575,1
0.5716162826250064,0.2607184100399365,-1.703098997638497,1.1961126295230564,-1.2794892019619637,1
0.6925949734274107,-0.5409864318492084,0.5623085240233737,-0.3550037698038738,0.9760984837243742,1
0.9220292255392912,-0.8178178539170098,0.8024890145860836,-0.8757915921965277,1.2346201461583646,1
-1.77270225773446,-1.198215346332989,-1.4184607300665355,0.7685686206811287,-0.9032618274779446,1
1.31225340089885,-1.4596597389831816,-0.8389744161539296,1.114529337064534,-0.0130472716555175,1
1.012786598964083,-1.104748028807651,-1.0388834588766835,-0.3053174107469274,1.1711180906176204,1
-1.2019509071033068,0.2745125176138344,0.7012378869588934,-1.0995704654305605,0.8942383549589973,0
1.7075776564705731,1.7591626578410815,-1.027198965350098,1.934728653403448,0.0757598975044368,2
2.385786057625225,1.635149553379348,0.4981781597666939,-1.2271301812308888,0.5642709677578287,2
1.1094110374449766,1.771397611339819,-1.537965000152654,0.5464579544762286,1.0878138128068655,1
1.5542409731058353,-1.3671320140085883,-1.960378567412027,0.1286603191706721,-1.8079799841638349,2
0.7616847525318159,-0.2367663797115373,-0.6860603751529923,-0.4942650087418539,-1.0111795540397923,0
0.0810134452215432,-1.1384679875943955,-0.9564068601306124,-0.1214558741238986,-1.369127214545053,1
-0.8054892238704091,0.7968131431102451,2.0177170906971997,0.8104018206798039,-1.1385662171706428,2
1.159157517855343,-0.0670703155625417,-0.958884875807954,-0.1464662905740243,0.7320325924787837,0
-0.0933758873880454,-0.5767535171120718,0.4981062521944247,-0.5054258065575454,0.5269361350867627,0
1.1197341498664153,0.0432051872860507,-1.5215779770478524,-0.0155369916390121,-0.1372281917000317,1
-0.2627006556157574,-0.0896429236873358,1.237469757025325,0.2939846476708133,0.3748695332329657,1
-0.6530040239289029,0.686499420218561,-0.4426372662172597,-0.2984200349375796,0.9502630985574289,0
0.0734679181429266,0.4943016800199463,1.3167162648553177,1.0031755703749632,-0.0435060145470166,1
-1.4542549000226643,1.5734006574715802,-1.4745656248870374,-0.6883558387537146,1.9521153673872256,2
1.5374666792478704,0.1014435301364269,1.6889171418908429,-1.1889749056992147,0.2657263546033238,1
0.0247459057248768,1.2306866053582697,-0.7452284130100064,0.0241747067869312,0.5450927878005308,0
0.7650390966552986,-0.3270860829719881,-0.5664209942790431,0.6661387192752243,0.4634867785836322,0
-0.0056593752077461,0.5467219922481028,1.207617356929085,0.0345820139368362,0.4882999222523629,2
0.0958897197216572,-0.5622625281879868,0.1864235486280594,0.4278426378279444,0.7672247255373704,0
1.908470270741536,-1.5930375175869576,0.4890893714066645,-2.885141226990787,-0.5407449657560631,2
0.603379432159742,1.3836983566406733,0.0045069685428902,1.5309809239364232,0.1946160042794902,1
0.0406447803777348,-0.4888586913990807,-0.7914561238865772,1.2867454326383871,0.9791280448477844,1
-1.085740598491525,1.0665385219776569,-0.0881701751221438,1.011609219449903,0.775126884995154,1
-1.0199078498883083,0.2315849627250875,1.7493876543846212,-0.0421012436651841,-1.0277358336329148,2
1.8498183374799524,-0.0235472626991127,2.287732815997356,-0.4634846667160062,2.640600960777002,2
-1.209805251372288,-0.985365621613118,1.1106786321392363,-0.0193680430329563,-1.0058082152297885,0
-0.4081260960725688,0.171250351608962,0.2865570176920589,0.0659846839495437,-1.506198932909865,1
-0.7439767268298579,1.4137922688843167,0.2687739437688684,-0.4049515946540373,-0.4786710616109161,1
-0.3142297960290852,1.5249025618936385,0.147417171901374,-0.8296296861751623,0.9254442237098834,2
0.5851466486140935,-0.9761257556839678,-0.8779780412144583,-0.908153631825721,-0.6504848056657976,0
0.748790779299711,0.6015688185918471,-0.1729646697854515,1.0120976707517289,-0.6027679036894584,1
1.2772056899798017,-0.8380654255232947,-0.8136492386788092,1.2154482915567484,-0.3893894034454135,1
0.1127039985215341,0.9156087036924998,-0.5736327795104876,-1.880956215801392,-2.2821839954719003,2
0.731248680683129,0.3076586822182712,-1.4043178562260088,-0.228839923867375,-0.4570518736927914,1
-1.732099072320779,-0.8727030270156498,2.5487978441477983,2.0284756006926554,1.615702970143848,2
0.7170409724415276,0.2475588027797091,0.7181590813467099,0.2445174941464505,2.1675774412259763,2
-0.2230283186570166,0.5569615569211371,-0.4727716996629716,0.985846576672866,0.685728431577861,1
-0.7643654767817535,1.5726626582055967,0.21484323379681,-0.3577129725986491,-1.98420530593907,2
0.4297852974708259,-1.112414457333078,0.0313404048736065,0.4590796787407201,0.3454739669334648,0
0.6971955956924667,1.0952273539901975,-0.9034563991850167,0.2453891165514423,-0.5301217664727027,0
0.571389653849604,1.354477974942632,-1.1677264767098197,1.4078664112953223,0.6992923190784868,1
-0.0016902887332725,-0.901007666122651,-0.3289191589629853,0.3860417458860798,-0.0857764941538806,0
1.730311285745152,1.3146641998346391,-2.2662967932171747,0.5780605464833911,2.674658472827605,2
-1.5302488515959067,-0.2153829417876478,0.0465571135402565,0.6977244612560368,1.5219569859332598,1
-1.3208136037696665,-0.3604838353188904,0.4931771614964648,-0.1049628541866006,0.0061819352119529,0
-1.0324465718352351,-0.2467735327341858,0.220170696590536,-0.917779886234782,0.9706324695271432,0
0.1913856825286109,1.6859047920277628,1.4719157703272376,1.545149395579068,0.8828883006856435,1
2.121904879068632,1.9645798732474649,-1.6657730009038103,2.2364929523912203,1.520958615840247,2
1.362677236512442,-1.7690232640175854,1.0726833387110453,-0.733268324126029,2.397590438235409,2
-0.5497362692444433,0.5479728143985318,-0.2311162815312155,-0.6630963051794813,-0.7781642893405961,0
-0.4876731676872321,0.2727914402867743,-1.5397126874524314,0.7217629694492755,1.4276819973534187,1
0.3598591586930711,-0.3602211338616345,-0.8154516027123081,-0.2042428338774716,0.08635358554999,0
-0.2493711749120792,-0.3579206369810934,-0.2120340010634499,0.3457035050156135,-0.423888231746081,0
0.1293055177462681,-1.5718000609297529,0.5796665946765621,-1.6483455947534609,0.8149024338570431,2
0.732136427402536,0.6687107530348995,-0.9055675869592792,-0.3405757568821542,-0.8758891523540026,1
-0.7983543375947406,-0.1792313852710232,0.0282573480207773,0.9268423481035468,-0.0461255569840886,0
-1.175549549249377,0.5884680456348564,-0.7017628580070737,-0.5643596728229814,0.4092803891953699,0
-0.0995989107979732,0.7496028656646412,0.0819968935504524,0.3310880469627909,0.4869397986282536,0
-1.1932689080370067,0.2043492721381081,0.3876628229729777,0.9141360227919344,-0.7665706845541014,0
1.3562917281001878,-0.2351011018755942,0.8552953788118411,-1.09462966843475,0.7953943921556019,0
0.1026140300160367,0.109454019097313,0.6008949574532868,-1.0390387808839248,-0.3516274019735048,0
-0.6835710057468619,0.7413155732872174,-2.444177258500391,0.7811925052845093,-1.158447984855499,2
-1.0680123748422703,-0.4535420803834339,0.5268169440779399,-0.6431282284211917,0.5852691418315642,1
1.52944432836778,-0.9529157434719584,-0.3094383689729402,0.2877642847585757,-0.8569895982622635,1
0.4438267222842468,-0.0591240316144533,-0.7533404300529419,0.5270273059003593,1.112961205881721,0
0.9320805398851664,0.6692566560209119,0.4686456072929413,0.2873375455730364,0.9922429476998418,1
0.1897738279194338,1.3702709031869031,-0.2668856032594202,0.2063326608429272,1.064874833781015,1
0.448427613367574,0.9317540040925252,-0.3807093774792401,0.3369181176929198,-0.4506546532099693,0
-1.2407478321554068,0.6159787966819144,-0.0990614432594778,-0.703856309254071,-0.2230003705706191,2
0.7267016793197243,-0.1614339087858514,0.1638493831879078,0.1950849296349853,0.0715069299252284,0
0.9212314018484424,-0.2721021803865218,-0.009163653146114,-1.0868498512849063,-0.929513265332118,0
0.5243101970840836,0.3789291406067506,-0.8892876998859772,0.8810461850362254,0.6742797607151493,0
-1.2470003972239458,1.2391889159482126,-0.4221036384455361,-0.7355958069508515,0.4547324196479738,0
0.4833389674466378,-1.1548617206484646,-0.9112485074450568,0.5281397668073458,-0.0683474710183904,0
-0.4141542216394585,1.2372472649721948,-0.8230058295033726,-0.3186863960992853,0.5569507290623594,0
0.5431710253841986,0.6311849000207846,-1.1231831110084791,-0.3392962901123647,-0.5940638162279406,0
0.9640307099179204,-0.2970264248189607,-0.9133327271254224,-0.0918368715187219,-0.7456929358083705,0
-0.8147720699701225,-1.149420248539926,0.545140032084901,-0.3006371852015354,-0.0995040860446386,0
0.657111706959804,-0.7799036854372463,1.0595643017480951,0.2204676866676441,1.0602341874572796,0
-0.5755157942314362,-1.2289929229747902,1.3564548876807678,1.496403914616396,0.0250146996831408,1
-0.1278035558982549,0.1840941440885768,1.0937085803493054,1.0152726513615735,0.3995109403069112,1
-1.0868981765532078,-0.2338902481768184,-0.3797487227231269,-0.0029872381062279,-0.6240603718416854,1
-0.2940423710909392,0.1770290115690855,1.1411829191283762,-0.6546636467055429,0.4324148479623944,0
1.3104473729318924,0.723059468476996,0.9821424646058282,0.941688168512809,-1.0179057907981377,0
-0.0137682528022967,0.7797607299198204,-0.3529898069126779,1.5977461398337744,0.604844634753504,1
-0.4899543827835081,-0.143405039105623,-0.9174672227718238,-0.1258652438065792,1.3760051385705032,1
1.2483369152568935,-0.0037415699752857,-0.8809020693271572,-0.0744766496596044,0.2313783593746039,0
1.7745462189661207,-0.398375220056,1.2435802398063682,1.2222158702841872,-1.033250638116974,1
0.1151437197318877,0.7690598010833295,1.015155887840154,-0.5343513815974021,0.1472321920684242,1
0.8215298159495737,-0.1742481023012663,-0.3041626043496329,0.6553222881878782,0.1765410515230879,0
-0.1107776007231635,2.132799045628106,-0.1854412831591265,-2.4072865260309517,0.1278522313679511,2
-1.304973579103055,1.178020937768225,-0.5870320067656765,0.2889363836029862,0.8747344186673314,0
0.1327022265881052,-0.3771890103126092,0.7864146432651682,-0.6030948495485686,-0.0984577353831275,1
-0.7329628302062053,1.5578829794295734,1.208284902687406,-2.0595833077803785,-0.5121939081349417,2
2.085817117387128,0.432509552043364,0.7787346039449259,-2.572870620742131,1.460293833304741,2
-1.3412835344217926,-0.0915379488138218,0.6359734073478708,-0.0287854138459992,1.097408307139734,0
1.2188060358987718,0.5792105995174709,1.3423527139011702,0.9794410176349508,-0.4446478946935633,1
-0.2918904261197579,0.7802850361623306,-1.164513046176398,0.463395223714836,-0.3743085637130109,2
-0.2803722782239548,-0.2921007595390057,-0.021727613187428,0.1573639236847271,-1.010074114540526,0
0.8277015366646209,1.1707551361617576,-1.369046129817557,-1.2506210526822477,0.656331958860357,1
-0.9550806593729388,-0.6063286111137858,-0.5747530101843217,-0.0406775176496687,-0.9532278101282996,1
0.8315162629109267,-0.0576364885104702,-0.2660980012371475,-0.1339359522038284,-0.7232153921978813,0
-0.96844154592872,-1.5100382950131486,1.198585970989932,0.9182903706495146,-0.3859475439211628,1
-0.7355726335910945,-0.5439686744316415,-0.1077130084741479,0.2138333923063879,-0.4871465874901354,0
-0.8956234862553277,1.7707635023990782,1.3672991379771111,-0.2811739287732533,-1.1744934537940497,1
1.155200542642748,-0.768102081716516,0.6572586595761168,-1.003080137142753,-0.1062658266635929,0
0.8324354022207658,-0.3042739212303078,0.7089508865022407,0.2768023064414374,1.1181787151838136,1
-1.06358567394433,0.9419513741097032,0.7818048374710515,0.0829710913533005,-0.4706011465288874,0
-0.2791175438373714,0.2169925032473951,0.6483930543646883,0.59197261886973,1.3166179685288275,1
-0.411554658258098,0.17964262733603,-0.1795020463688138,2.1653596891814484,0.3149768800772642,2
-1.155923011364986,0.2402788984812632,-1.314046162952633,0.0872826031089861,0.3934995402215054,1
-0.2186728759290399,-0.494895380720597,0.9998480886143236,-0.8188805085502978,0.269324075542379,0
-0.2461746223934805,-0.3276066891860445,-1.7341497510155388,-1.0390164609499437,-0.0420263730153102,2
1.0201226737890667,-0.758667094730887,-0.022221918253816,-0.9240720548318332,0.1802500027948849,0
-0.9746826282567216,0.3250383311649449,-1.0775414587125782,-1.3379396120067826,0.5500181535296372,1
1.6407420415397704,-0.8595491711698295,-0.3294469914202421,-1.0231737385143462,1.198521498292114,1
-1.827101626738451,0.2574233778839618,-1.235814431007428,1.0840663027639128,0.4383307954451541,1
0.4588396272563634,0.1120332261744123,-0.0607410045374388,0.792727378779097,0.3109841705966605,1
-0.7186254227911928,0.3169938061156971,-0.4671522312447829,-0.0353471460336134,0.2858797212980742,1
-0.5342847822109751,-0.5414118421114686,-0.0477630707711481,0.168354692562205,0.1410748884053748,2
0.948769629821088,0.5328022350479097,-0.7991308225366799,0.3736928023713829,0.542534808633322,1
1.9808385450055523,0.1854260944005579,1.004221276977589,-0.1906365419270992,-0.9240734101090756,2
1.487489410645347,-0.4310668147356144,0.6691280637859333,-0.2526000484865208,1.4130343813950894,1
-0.2151931652736715,0.4016837522963421,-0.6037703349697842,-1.3068568374012386,0.0553578900920526,2
0.8329724003979995,0.2849343647135771,-0.2148060633324389,-1.0380426043763988,0.8293766722009118,0
0.4412426688940515,1.2673335994995991,0.2314509246422149,0.8803102989386914,0.8950821679210504,0
-1.697003007202647,1.276758730683085,0.8358022512439364,1.0739062786930784,-0.3760888049411418,1
-1.7971839058984818,-0.8023593983064642,0.1072045088470549,-0.5801232263558725,-0.6902682856952296,1
-0.2840920375139089,0.3257940300303104,-0.8844582859459741,-0.9151859562323958,0.1290186127289679,1
-0.576275312351906,-2.2489021726099523,-0.4953334617139866,-1.839957956132799,-1.9483143010333237,2
-1.4255217173686945,0.708444299646698,0.3274545967548747,-0.5781504534493678,0.5600021927899684,0
-0.4378876227930826,0.520961172619731,-0.161536654229519,-0.0709801239808518,-0.9170572895936768,0
-0.5704230131899735,0.9273152652956624,-0.9799904040373296,0.4292373243718108,-1.0223831915555115,0
0.6312620980241315,0.1582048200657768,0.0486530673109613,0.2033303304299326,-0.9836822806830288,0
-0.96780029284111,1.1029441318252264,0.4995903712153645,-0.5287822677864408,1.077530930840443,0
1.482528904245242,-1.3861646592473886,-1.244657930463966,0.4865671708189578,-1.504215748630993,2
1.1551746521345043,0.2548427622832188,-0.7885992896809354,0.4068108620243603,-0.5196496706013388,0
-0.8248304196597102,0.0317057687034466,0.1002612437581171,-0.741575718669819,-0.6559530340730682,1
-1.0708326601026692,0.1709241843645022,0.0569007785589625,0.2058930371767622,0.0051019328497753,0
0.6326611833326856,-0.6447952917940112,-0.9756121062419686,0.5130527735369904,-0.3721383803474712,0
0.2462684094173556,0.5029271023013836,0.0284539792407762,-0.5147483619768606,-0.8036595577253536,0
0.0536323839562669,-1.0383313562628989,-0.0973147359223786,0.3092799062186275,1.0186961899372209,0
0.5912297207376914,0.9568480796606758,0.3610808068823656,-1.034332354224203,-0.5620229625122195,0
1.783253413652324,-0.552621778675169,1.6359385588304052,0.4946343098503744,0.4460814663237383,2
-0.9540773323385722,1.4317228768565669,-1.6592862128279668,0.1670956413766007,0.6272811053775438,2
-0.1320470200546578,-0.1101824300886028,-0.2762205363992421,0.1511391044433727,-0.9331638396033102,0
0.2593289371691454,0.785947018246433,0.0150520914085511,-1.3092670907914117,0.9624235423638212,2
0.5541236453790355,-0.3947528072267771,-0.150156915759964,-1.0643603540552755,0.6505406345323828,1
1.208753254752009,0.4598368483649457,-0.1755889610841613,-0.6283722595756822,-1.8933061311913568,2
0.507798422244105,1.6927896644881073,-2.016145663637621,0.4574547092138717,0.7535762536234033,2
0.683056312123693,-1.1963784990738038,0.735132240683299,-0.9161735509703444,0.8428986416819043,0
-0.7961739426942078,0.8265815841947786,0.6888573302040002,-1.0205422294713156,0.1769028737515106,0
-1.0984575382847568,1.0156859779239615,-0.5733301482079263,0.1267506035836538,0.2881603304787021,0
0.3576392093299042,1.6076631536519286,-0.5582441960257298,-1.2528745171414553,-1.337191618398888,1
-0.1732231448924022,0.3634850429886322,-0.1243216495485458,0.8790764770679305,0.3411771930378469,0
-0.9223276595702492,-0.6759653721208856,0.2718017751755028,-0.4138547454407537,0.5573913754880393,1
1.6704312056453894,-1.083907797417911,0.5427219888690471,-0.4352157684505619,-0.962422308179186,2
0.6101270657061305,-1.0505361255637458,0.3253042967058852,0.5128815442984748,-0.325330101062916,0
0.5826418341430974,-0.2933786299921166,1.3699787885198715,1.3518248227730056,1.0505190960506587,1
-1.8132525950490623,1.4560016699094498,-0.8410114185580584,-2.176804269794688,0.0559676897776411,2
-1.0113803791195106,-1.1201474210289746,-0.9021988235086496,0.772395791341274,-0.3274607550533413,0
-2.1707391607713293,1.3110402864404482,2.2360077825169067,-2.0278510313545395,2.0035124847344683,2
-0.257994135173938,0.1882186761023214,0.7645310629982869,-0.8678441098087979,0.1057440285765553,0
1.3589451607144458,0.3281290088161021,-0.6020019968844063,-0.8445054181033993,-0.7937231132868401,0
-1.1305631503974565,-0.4898642812205109,0.6202257209927857,-0.6010157003211869,0.7013612936602793,0
-1.6537313929616058,1.1090189781699151,-1.2606727477100643,-1.3671487665353017,-2.080842174094354,2
0.0447020812426776,1.262615560237505,0.371802384972925,0.3337496752878409,-1.5823470515865703,2
0.5592578786363483,-0.4956229659668228,-1.1909541184497414,0.3314940248725638,-1.661462017677285,2
0.0113735834918338,-0.6095780811012573,-0.2825772423905028,-1.0150922149828587,-0.0105066294907353,0
1.6967996547070765,-0.3615816106171743,0.7170737531415596,0.7749034025062979,-1.0481169669852597,1
0.1169220699396363,-1.653426100947357,-0.1756808031243097,-0.3571355468082468,0.3514364315625186,2
-0.8601828999615734,0.6630464342968172,-0.2704735186009314,0.3318902853843814,-0.4262538462928872,0
0.1660312224078131,-0.7223019100326905,0.2144048313758842,-0.9928272690367302,2.207559468110026,2
-1.228102336987536,0.879426688306883,0.865217273876249,-1.0694082012691866,-0.2788113237271556,0
-0.7565625973885917,-0.3468330403836333,-0.7829920753563043,0.8247927553906708,-1.2706054655740442,1
-0.4472412968294743,-1.0192950865492645,-0.1667254566508005,-1.6166201191509029,1.5789988156872754,2
-0.0343228703691584,0.0552559715478261,-0.5036684554553286,0.3763988083612875,-0.1764776814548946,0
-0.7851955837987764,-0.8760695082173121,0.1153726310012101,0.4848317801647768,0.3533229425542665,1
0.3008414227182962,-1.1971926045003154,-0.4896708085010517,0.8926506567606992,0.0046741208748609,0
-1.7745082992788237,0.5287405747987949,1.7755745578998776,-0.243848151925856,-1.4534516449974673,2
-1.1789478317977298,0.9865347379444984,-0.3209434530600801,0.9829343028941698,-0.8177069081039056,1
0.9931219668915754,1.044534586962745,1.6852849777084629,0.0675724272177312,1.3943790445674842,1
-1.324808367305668,0.4327560053918031,-0.4961644104884916,0.4381225843103375,0.4910828615018574,1
-2.0447716771125557,-1.0558586843268405,-1.2266953069026345,0.7237968113944623,-0.8318045137991663,2
0.8684441400517828,0.981021812734433,-0.6263992411753223,1.3549417588361394,0.8184138083524984,1
1.2891748672881502,-1.3177457698723305,1.5386771185230042,0.2276737936031619,1.5330324588464348,2
1.4317999719865786,-0.0379289872139308,1.5552381688539247,0.7628815953304332,-0.6076619269764256,1
-1.3365552867444102,-0.3673434717824397,-0.0884441318873904,0.1716852098405746,1.0212415663153338,0
-1.1325910887503678,-0.5743938326454033,-0.5048109347725912,0.3636738987058843,-0.0822871676085376,0
-0.0486145983873912,-0.2190711502301883,-0.3227661524519026,1.8039803367875051,0.0128474218054206,2
-0.8314986246430289,1.0652378488095915,0.5925759739337596,-0.1888597641901421,1.0844753286793123,1
0.3862444909230046,0.8999591487818285,0.3251943611069736,0.6078065688932232,-0.3604367111125933,0
0.4505294040867528,-1.4611671560940578,-1.435303425392449,-2.699108641102134,-0.1953999073651155,2
1.4718550998514606,-0.4186064499471055,0.3406033707940633,0.4814266633589813,-0.2111995621235528,1
-1.081514764095066,0.97350451722202,-1.050975250641189,-0.4250361990735316,1.367027634199795,1
2.051447005380917,-0.3564700328752964,1.6483308441819715,-1.78695886334261,-1.872711662537534,2
1.4706307941982284,1.0287572587207263,-0.9192417578165664,-2.442102562682146,0.2050662168408126,2
-0.0571871716760549,-0.9631499419859484,1.7152801614564437,-0.9518608945486102,0.1242396327048701,1
0.3489286042787298,0.6652902821220316,-0.4677389900722631,0.9801404450658932,-0.321507778519702,0
-1.4061908570959794,-0.5502263159954341,0.3674115464399372,0.1178392215910108,0.3736351339404276,0
-0.5020609074720983,1.04416466628829,0.3260305754268144,1.9539418856023216,1.3145637388374214,2
-0.7694818112292938,0.0123604706690361,0.9758104292392936,-0.5280376967395779,-0.9090683835952816,1
-0.4663383828378125,1.4494388445169957,1.3485467582929769,-1.1369506874667088,0.9288057305530764,2
-1.750416602041212,-0.877438815615006,1.1646289437744937,-0.3166246913148154,-0.8914264080455538,1
-0.2696150414706349,-0.656890761552179,0.9336815827802872,-0.2546971582214294,-1.0590117045029237,0
0.4036910781870421,0.7025311294914868,-0.7695918809600131,0.9091956234771646,0.0581907661903817,0
-0.9153283308666132,0.943663005442254,-0.7054998936914066,-0.0936890017381973,0.5337862986644724,0
-0.6754841113764536,1.466699721541178,-0.886885687110038,-0.880741398492185,2.53330815266044,2
-1.4261917207331656,1.180351880471685,0.7442356320260912,-0.1116039144090799,0.1718430629468634,0
-1.3386638837075573,0.4332857993964893,-0.287489788181702,0.233353009148513,-1.3658550621339955,1
-0.3702613011335831,0.4260689838053216,-1.6677535144103068,-1.0418343276906432,-0.527245975713501,1
0.6872450854502598,-0.3038370525440057,-1.3850342417682109,1.665021545466046,-0.9488820114759434,1
-0.3073504967737578,0.4331564672525557,-1.2132166879970614,1.2732239075094127,0.5047998637006793,1
-0.2754713304788727,-0.1566950717755618,-1.0663118904312203,1.5644538033105653,-0.0326954268889414,1
1.3608116951704026,0.4270332607603386,0.3653717215629232,-1.091545184120656,0.4451494760083199,0
0.6776765831765144,-0.2563793646559951,-0.3242831536867481,-0.8256211820121043,0.4913517372996783,1
-0.6629818727822356,0.9654387163973588,0.736281900016455,0.5704017455503099,-0.72852219705585,0
1.3553631388988785,0.6793608814731081,-2.3670126989672737,2.230006289034028,1.23762651834645,2
1.385529270995672,1.257711509940826,-2.440880422659132,0.6155071813396703,0.4972990286959884,2
0.233059576352101,0.3247933189724921,-1.9687273248729589,-1.9714360599774456,-1.125758433618721,2
-1.2006244010526392,1.007784730389411,-1.0205885977566789,0.809626566620565,0.3188947027326697,1
0.7575034390497122,0.6574925200370936,-0.2354904959016609,0.79051131597896,0.2710867941936793,0
0.5646519669094877,-1.708654555900806,-1.4415968281852127,-0.7217421777219816,-1.2261035189182286,1
0.0756609645953705,-0.1871440016662998,0.9597339080703878,-0.1758792618385338,-1.0914254233248837,0
0.6148288843891228,-0.3176585562369123,1.0472373759126798,0.0398578425920381,0.1446829709920089,0
0.2854708351134133,0.746728706832771,-1.493362533131478,0.818808551121867,-0.492541989893379,1
-1.478445638581208,-1.2370568923134362,2.545108458264368,0.2688891234154951,1.318077427519778,2
1.1072819726920724,0.3025855772284128,0.2906264416717202,0.8990839998376734,0.4290901181033508,0
1.4190367200010463,-1.5716133673658423,1.0300268381375994,-0.2338589689347018,1.1003814459787589,2
1.1355772882373352,-0.1918613900473764,1.049596966391476,0.8562699540819827,0.5069329964291271,1
-1.1241676201322313,1.808533764041944,0.0395418936809532,1.771839549591397,-2.165679215692568,2
-1.0876745817155618,-0.7348306112325828,-0.7065392864392084,-0.1801034570387823,-0.3125565165437939,1
-0.6255612766410031,-2.140906119829795,0.9263046518119328,-0.5367086325200171,1.391097386185188,2
-1.6549789105810646,0.4021897854703276,0.1906553435429714,0.0659351797326772,0.2719222211523453,2
0.8788799105433548,0.1435532091412472,-0.133861975380342,0.935879300352381,0.7281244959954255,1
1.1967377317516332,0.0451899019452937,0.6254802604134089,-0.7449791087663462,-0.8828131622573807,0
-0.2946365035703102,-1.183445438590082,0.4636448238984694,-0.2957997082244141,0.1812230202323841,0
0.9942832094920202,-0.9867678589253236,1.0945029377592512,-0.2720143029545817,0.0679867165329168,0
-2.128604301214388,-0.8474182595214476,0.6127192235830718,-2.312780591972305,2.3414854140631367,2
-0.1160640479030373,-1.655140918212566,-0.4681257770173537,0.4377913426104654,-0.5432366444664852,1
1.2231073137098372,-0.0225813502322788,-0.4051270472496558,0.9318478102817744,-0.0439751350097445,0
2.2292599249365592,1.1769965181854,0.3412490393634354,1.175702640699684,-0.4916789484580018,2
-0.8260708355165713,-1.49686484473452,-1.2803815531969758,-0.4885970703398699,0.9583612047219168,1
-1.2749098983383182,0.805101356533591,1.0341874380496678,1.84017403816046,-1.7306485200447548,2
-1.838413131388856,-0.9383628648190429,0.0008415039948536,0.8123433110656963,1.370626869690802,1
-1.66251627947836,1.4294105714040832,-2.096837559352335,0.4676324064270722,0.1358431513783539,2
-0.723960374708943,-0.2325038228763097,-2.56655394270004,2.0323381364993978,-0.381081860618329,2
-0.239030406425646,-0.8823152225112184,0.2612569126353801,0.3775718860849543,0.5025758062522994,1
-1.3748410661194708,-1.205114486922692,0.5794273572589692,-0.1720345860481247,-0.3425994703505889,0
-1.605723882612309,0.490237433271796,0.6777964344428553,0.2294193736373695,1.81130732876258,2
-1.3020311672711964,-1.2591826903437713,-0.1659029899969183,0.9139194518279844,-0.3348033708634331,1
1.6302442954089431,1.0991848355816627,1.736076780171979,-1.3246546578416285,1.4077179927622954,1
-1.1886979052673403,0.8451059738382684,0.17424303008482,-0.0585996431593103,0.3839586071143853,1
-0.7090543670673426,-0.6198109315399808,-0.4866347863332578,0.2449355860871036,0.8561781338839994,1
0.6166633390455563,1.0690582110885891,0.3392508115033913,-0.0816982652334716,0.7634038247455607,0
1.06165394534337,-1.224825039820284,1.089569459814706,0.5750980075084771,1.0477463057958083,0
1.6660880749439682,-0.2485606345743132,0.9047506840204276,-0.6954171405785041,0.8667859131041566,1
1.6909805526895072,0.5291170518445691,0.9938249047783938,1.068724354699368,-2.322737626351363,2
0.3573922864880952,1.2623217113228669,-0.6322093455313014,1.6177084026989137,-0.5378137904670917,1
1.3680728223660648,-1.2038763811166142,-0.8947235578593622,0.516997590898826,-0.8437579314800173,0
-0.7578460888147832,0.6096445679185153,0.8876847004250478,-0.3663479319151787,-0.3083930601639396,0
1.1391994588276873,-1.0415037374260223,0.4615692338025285,-1.027272029871377,-0.9168427358256224,0
-0.29249601249324,0.4117015182618051,-1.0975779427747738,-0.6416632169814913,-0.0880235096011181,0
-1.1809566799731928,1.6155261305114346,0.9099698382570052,-0.1571411310076596,-2.273664921585361,2
1.2311768102997376,0.617373912238639,0.3544305822812911,-0.238875078061631,0.7092115172265314,1
-0.1731555396608404,0.2948449930789102,-0.6837851535402671,1.102411905725627,-0.3594857524928845,1
2.3278542190447387,0.5292961613888636,0.8193813384280261,1.271571642471871,-2.494546546437334,2
0.7416234991945735,-1.4153691244818467,-1.6294018922972835,-1.5777749667994465,-1.8344099029605017,2
-1.2078929284448312,0.991347400816682,0.5547775132119463,-1.0172111497521448,1.0153229888316342,0
-0.8501656758011966,-0.3410400509387271,0.0227034506493985,0.7456589202379943,0.8065392697011103,0
0.9498464511166748,0.965900560450322,0.915824646154292,0.4752883089667842,-0.184023583453081,1
1.5197151482446265,-2.156607065084161,-0.2368544916751002,2.5765354375112404,-2.519689286311073,2
0.5478276528904776,0.87056963976968,1.2540124375389294,-2.149917940027612,0.3982568222501894,2
-0.3554147502469819,0.2295272301842337,-0.7003822831593319,-1.963799033761981,-0.4767664563326617,2
0.4156836452769575,-0.292757851453298,-0.4310024022182272,-0.2609450228601089,0.8615608874720567,0
-0.4498330698320815,1.6157660759018164,1.5656319641338046,-1.3128317683227748,-1.2807554996733148,2
1.4789835620839098,0.3179729697429906,-1.0003613892602872,0.1033981936298679,2.116501554355473,2
-0.2691656737231533,-0.8736463019639539,-0.743384045897572,0.8511700486420704,1.0598931353909091,0
0.765970077635486,0.0716214120102964,-0.6144498945398261,-0.7041080284990219,0.3882472103525487,0
-1.0532916142411903,-1.013225185556088,-1.2639171265261686,0.3067870562072807,0.6922480228066157,1
1.262799488387608,-0.3233414792325301,-0.3744599408213704,0.6620407721732872,-0.4968506455523079,0
-0.1156315668473384,0.8853410938862009,0.9662732535987956,-0.3476451231035029,-0.1701946201602465,0
1.0123141783537624,0.605238024654285,0.1590252482896989,-0.6718961645572554,-0.829938998058686,0
1.0822694171966714,0.2506400690037362,-0.2883715737086739,0.2430859097395143,-0.2472869651534189,0
0.5050377612676396,-2.556294019915509,1.5348444725542956,1.4042387675032466,1.955883894630905,2
0.7070040476605823,0.6822269626564792,-0.9203919263090584,0.2566126064435985,-0.4513386347628812,0
0.1883420387793678,-0.3840075100536577,1.1039627040601163,0.6737030028072137,0.3198848118886468,0
0.1911032347600757,-1.90823881848626,-0.3788418618431209,-2.789856301593121,-1.7466567588162032,2
1.1813147289761174,-0.1788654963114839,0.5653908955278777,-1.2686684919845497,0.4426021108907868,1
0.3501908283421038,0.0607786424667955,-0.3369570132217772,0.9525937552840542,0.6041782799404156,0
-0.2977665983659792,-0.3341327690393138,-0.3310406788299757,-1.0947011153823345,0.4971366823434592,1
1.5887476106332026,0.7820063207692606,-0.5237689288166087,-1.2326413507997815,-0.3758365393081894,2
0.1897135604560414,0.270051215936625,-0.947002579168087,0.5760908494983278,0.3531721010128197,0
-1.459781482863705,1.459532832960333,-1.2338864936616998,0.551212906526289,0.2535717033524185,1
-1.429693688323197,0.3861883947976614,-0.717143549138733,0.0997217074858144,-0.3315794777330347,0
-0.018915982831992,2.1920936247181397,-2.1006060973966583,1.2410146149711672,1.640007292370108,2
-0.1401787593394168,1.0035038913251944,-1.529793179692593,0.0112540277752846,-1.1038099159568333,1
1.0223153731198735,1.3710887485597092,2.1409264812848754,0.0696675417403579,-2.066845210886493,2
0.5060396010982237,-0.6891031504862175,-0.7625977933006342,-0.4605367055595222,-1.0727355610816764,1
-0.913840992240268,0.7268334474671869,0.845903672891111,-0.1848502065608438,0.5211254269385691,1
-1.2214927277782164,0.6900946809304637,0.5384788124142037,-0.4414124430497878,-0.0992003619487251,1
-0.3948274833865433,-0.1023992297775129,0.7598842899776631,-0.949696511459884,-0.4568346999491712,1
0.2553242146726777,1.5417475576671749,-1.2699873372011805,-1.7479480023776082,1.428481108510309,2
-1.1687941937992117,-1.2436778752508948,0.3825756734123857,-0.2234423847600019,-1.268278895941559,1
-0.485860720527285,-1.7672972390392996,0.0599449392565387,-0.5180945374358318,-0.1886179986828633,1
0.5377337857122759,0.7052846981724067,-0.3211388346669056,1.420700723476347,0.1342555421262906,1
-0.0586286911855332,-1.6278723941465798,1.0634123477308248,-0.1861348722297476,-0.7257699587512532,2
-1.2498972255713774,0.6336574051308976,0.3690328815333938,0.573652567370407,-0.6148529213947767,0
-0.1292334610922726,0.8586322792736827,-0.4741624261605844,0.9270308461360977,-1.0924474888693143,0
1.3829639531868458,-0.4071273924618582,1.71346056220523,-0.7306457722268705,1.04713348409187,1
-0.2410168925918075,-0.2501820079342041,0.3206456130894669,-1.57200548118645,0.8940025867644505,2
-1.2489582024951276,-0.890763735329148,-0.3430413256827582,-0.8836826172834633,1.4997139392281311,1
-0.1550444039530493,0.4762684352651772,-0.5547274628875934,0.142923487778666,1.029726140149888,0
0.7359522033204339,0.6981185642256078,0.999664107671109,-0.3392943772550739,-0.561483404112406,0
1.1275141534714526,1.1606980903641386,0.2580340598129586,0.6164831885586219,-1.0812937047033595,1
-1.5162548905580977,-1.01557265534371,-1.4355645876787837,-0.7981784965064993,0.0518867053537848,1
0.6995329642576841,-1.6120041582132585,-0.5386632703020873,-1.3398624941384796,1.2157639907812838,2
-1.0264676300994051,2.0689270870565792,0.2699054025450969,-2.762929943529702,-1.066362721740297,2
-1.1090851844265732,-0.3315641628026,0.8257045213166376,0.8888501728737791,0.1934230991639363,0
1.4586509075112692,-0.7552361788034743,-0.6306536320369636,-0.0192348149139247,-2.294624369886494,2
0.1816446830240944,-0.1303558606741186,-0.23937946731702,0.5036636709874822,0.2194654213321214,0
-1.6912903143996911,-0.5391501748602964,-0.7176443008659742,0.0933532450297958,0.60301004139775,1
-0.0469998704967523,1.075271393413463,-1.236646839838775,-0.4526929888278596,0.4519697542309892,1
1.1921232101552603,0.4679903737301536,0.2017516060361738,-0.1271396847694165,-0.2543733351061256,0
0.791864889817631,0.92943758126677,1.0560479625344394,0.7541944895263711,-0.8519227264443835,0
0.8876953739640937,0.5170339741497766,-1.0477724307216376,0.6384329159868742,-0.3623622478477141,0
0.2872377171409677,1.1227542744559718,0.8887971664763991,0.5515639536995618,0.4964196577715936,1
0.5737389472487946,1.2745452926466272,0.0074701124294947,-0.0925631956349637,0.5711850178424873,1
-1.6031405354147228,-0.0737553296432518,-0.6472328884791827,1.1574613181036817,1.5553357099702447,1
0.8887480893188782,1.0349775580338425,0.4542119004023371,0.7330331165890276,0.7689787568328857,1
0.610431867832907,0.5601784537288034,-0.0096870767435222,0.3592674454232906,1.0095803104345171,0
-1.015283636262228,0.4524320383024863,0.177717703357486,-1.6887949919549026,0.8124910443646106,2
1.7369453346410202,-1.00547240947157,0.9762670512416752,-1.5846470950111078,0.8383776264732247,2
1.1428855023410605,-0.7865740438365445,-0.8897945116678498,-0.8394131894094765,0.9828077742768484,0
1.2318965497343295,-0.4231420855309131,0.28846143702678,0.5709274134256344,-0.3584623912601789,0
1.4878291783670197,1.1147264868424769,0.1778074846305767,0.1627046805757148,-0.548054550140223,1
0.3560848766877062,0.0520609361189378,-0.6948025332754956,2.1764189840034773,0.8740295599758293,2
-0.7238838657052854,1.207511679733244,0.1108956992284292,-0.6997357687347158,0.5856742736718091,0
0.9168304965507827,0.8662547206028786,-1.650587477741507,-0.6624950342114662,-1.4577063080426582,1
0.4916584053874029,-0.2212477536527259,0.4765906521392343,1.6538597274759863,0.5304564274914471,2
0.512816608809665,-0.3274540504291553,-0.8094094169266685,-0.042110332273081,1.5216761758441866,2
-0.9639775705156846,-0.5952242513047953,-0.2750070290151281,1.1267946033852418,0.3492875009919551,1
1.645515911389292,1.6071760183166226,0.412711607633328,-0.8306653174609743,1.4956197001992564,1
-0.2372998182779747,0.8126090872717698,1.1226549144221385,0.3045395170206935,-0.3703016263741475,0
-0.6231005474838188,0.3230924026882464,-1.0428640050773523,-0.3291191409997852,-1.0035652860135358,0
-0.0663501238180354,0.8266221252558626,1.190271787146572,-0.568711981209038,-1.3615950256594689,1
0.3622517815353149,0.666730535921592,-1.3361670079184824,-1.5029538838515693,0.1511152092962484,2
0.1868063493421912,0.5124537933745233,0.0637228569024942,0.9565731757154544,-0.308097420656434,0
-0.2972088331099415,-0.6074560407299492,0.4365814063125892,0.8081539965364256,-0.6773565007762093,0
1.2517439754703128,-1.1002076278889827,-0.8901174243245055,0.592102723283719,0.6271820902617119,0
-2.085054256838687,1.6301148167460655,-1.3073770423457387,-0.7904845185454275,-0.1683486715493816,2
-0.0990970482891477,-0.8477418471898408,-1.6583982296770998,-2.583915956432711,2.191270391135195,2
-0.4913947833132202,0.4259510429589862,1.4985402416015965,1.5210970413672122,-0.9087096950991348,1
0.8309553674557334,0.9784331737870466,-0.3879374582036554,-0.7711479487922399,0.770746733941343,0
-0.320542931634816,-0.6667259779224941,0.654674613887496,-0.5564344477822112,0.2551542356554383,0
-1.2176492126296037,-1.330089640630154,-1.4341125774739432,-1.9691212288593287,0.417541223426084,2
-0.3963441740028121,1.5558145512867163,1.1421315814990436,-1.6988238211172093,-0.825753471004675,2
-0.865612374272617,0.7311784324720022,0.2066918182007578,-0.8039821853196158,-0.7269437602528219,0
-1.0847858598020226,-0.5114618897211112,0.5573075366197177,-0.1729008918265361,1.0992705192159635,0
0.7421028662976557,1.2633641048789417,-0.7801275369312615,-0.4174392096902026,-1.5249287623189731,1
0.4624087135334068,0.1490338265458613,-0.7467272654370576,0.105420646248437,-0.4126031986461396,0
1.2367199139368494,-0.8925589491099293,-0.5385688619617043,-0.997804525854019,0.6377151670132272,1
0.376314958451019,-1.1668999982571966,-0.5684273181105247,-0.9562009753052008,-0.7754435662602885,0
-0.2583284548881411,-1.6744099233497334,0.0235247200274383,0.9405122553621568,-0.959846571318248,1
-1.1652710520755705,0.2839772430875754,0.4470958452935851,-1.0654911740841304,0.8074732652117074,0
-1.1674029807358548,0.0820396224959055,-1.042652174107085,-0.6852710283854272,0.843080503173709,0
1.3502933870691785,-1.2412597150039149,0.5180593786752417,0.5890402716653609,-0.92274070837253,0
-1.6639946209789678,-0.2032118168397541,0.9241964386128506,-0.2899073175699558,1.1093946196654747,1
0.2026435498645885,-0.8535007709093749,-1.5560529804937886,-1.9673167590985243,-0.5480058784803516,2
-1.447045813716814,-1.0041299778761117,0.8075238797576021,0.061003367645204,-1.4007483364202344,1
-1.965707588988403,0.9126741408816446,-0.9625869873622328,-0.8457062198831654,-1.026928421214775,2
-1.3534225883412607,0.3036319232522639,-0.6859942815051958,0.12184162973148,-0.2261793511712067,0
0.69532942187115,1.2196316055522407,0.2842124835696009,-0.588111560202975,-0.9955612897975044,1
0.4934432000115448,0.0795825866094876,-0.5729747557809122,1.0065009383090515,-0.2293757849427893,1
0.9675962597133276,-0.0414038986127651,0.406273452483451,0.4279920727235641,-0.3479263941135278,1
-0.3524869665682189,-0.527224517802637,-0.2470637352341367,-0.9538610032606892,0.9167451132265726,0
-0.344036379870172,1.0512468589876,0.2666298843560649,-0.0392062585805559,0.9724504597534812,1
-1.686860314004551,-0.7845814283004627,-1.6667472136484922,1.555303668614176,0.3349369429709551,1
0.0181580441530184,0.0472974581317649,-1.026926158376448,0.09189366050823,0.9680283073722772,0
1.0049401213192295,0.5793823082069964,1.0908677508469569,0.1392370109075043,-0.3091480718731155,0
0.2305472006050841,0.8633996519017838,1.0065591851533289,-0.6325077746407655,-0.9192763799250157,0
-1.0292286907783998,1.3171366681866103,-0.7241100693543792,-1.8723334661945448,0.7836591991844264,2
-0.2975898208802768,0.2652236282551197,1.023433540857326,-0.1999794429091725,0.2266081997593274,1
0.082130421000379,-0.1891295079658229,0.2242704163302646,-0.8952886068357212,0.2445656628656311,0
-1.852563395943289,0.7456655754344018,-0.5069753796697734,-0.6465801772033483,-0.127733847261808,1
1.4947856308211676,-1.4242713285632305,0.3857233173378145,-0.221331633335764,-0.0927706685666975,1
0.4481111975328181,0.331980598760366,0.8571348947025639,-0.6193814587194307,0.382952965315892,0
1.2295748291401278,1.0518753099409146,0.4794929258917051,0.4893182256423156,-1.0147671648424337,0
1.9012801229623664,-0.7168894270278746,-1.585089026203304,-1.2909776675321831,1.519611504979154,2
-1.158921830661565,0.5522156725612503,1.2516432326180094,1.2411855537383414,-0.1252353093460994,1
1.6463569064739594,0.7466195321398714,-0.0564705799779124,-0.3059493620803781,-0.2115438096822134,1
0.8505814354239031,0.4480366975116793,0.7695432563317964,0.4325140080384603,0.4354775511014507,0
0.275545508043275,-1.751629883905822,-1.4828418776083283,-0.0006012197266351,-1.2751341460763146,2
0.5437676860222183,-0.7691308042224642,-0.7213439914036415,0.8770115782507227,-0.0882498703319,0
0.5278783372645608,1.117935471886092,-0.8024362957581825,0.1742730998092274,0.5728571343757648,0
1.3420493040438106,0.9933561236077504,-0.0064219574439132,-0.4783221295034273,0.0004882202515674,0
-1.1859329885318446,-1.105653435976787,-1.6070809454387742,-1.298714653486278,-2.589073921423643,2
-1.67296011014598,0.9496247352198528,0.7644497320796875,-0.5298352971134563,1.0531058596591287,1
0.5345158229069494,-0.4011861969261405,-0.1004621969989351,0.8570805577383951,0.9521694841574404,0
-0.6898850259246846,-0.4648580089595265,0.6851475873226136,-0.7801266858439174,0.3341811978051627,0
-0.1289054973954719,0.3344468579741286,1.2386278114596831,-1.2756954242972178,0.985571896680985,1
0.1290385141215566,0.9415786276995014,1.5390741334973472,-0.5824623188913002,-1.1374063074060352,2
-0.4807405425160764,1.137629485235487,0.6634721831423016,-0.1709305095124205,-0.3614698390423077,0
-1.0918554541958727,-1.5323342047108013,-0.1507385803027599,0.3920421734532713,0.1661453025066369,1
1.0858259621350554,-0.969554880943813,1.0166273771910816,-0.7524063762255323,-1.0513293315382948,0
0.1392381351690419,0.3182015335671425,-0.0504199323434936,0.2595391590780616,0.5035199165596923,0
1.570492251979668,-1.0119495378967938,0.8430279823923331,-0.047011418445955,-0.2893152438228122,1
-1.127848943206629,0.164642604031263,2.0234648354492992,0.4661354677221812,-2.017138362263395,2
-1.2130924479012777,-0.2463811609670841,0.9844087708639072,-0.4765586410727905,0.7047508129110264,2
-1.2811715346828654,1.2356833717293705,0.8648287880485296,-0.3047924134394963,-0.6064411298102153,0
1.8365725979749945,-2.400428960285314,1.5189518112786329,1.4866751760712211,1.263635353789448,2
0.4323215344172453,-0.2368081830759135,0.1308848618899565,0.2348738981718215,1.009677967185355,0
0.3716382985402441,-0.4225793641458345,0.72511863789764,0.9349488586317124,-0.880849058460102,0
0.339653237695145,0.7423790277804133,0.8019701813630072,0.1962717127076357,-0.513094198738178,0
0.3483229535444428,1.4161226154233555,-1.561606281398915,2.281474295588105,-0.7952848911265662,2
-0.1605298508768192,0.005613709913932,-0.596115973887008,-0.1877379131728059,0.4331147166450462,0
-1.544099517074007,-1.4445406437217687,0.2034025473824806,-2.446720771240728,-0.522849246706019,2
-1.565992726288489,-1.3300397382480391,-1.2207787309559477,0.3688364436600256,-0.5407576509112635,1
0.5156388878001271,1.2046901248047472,-0.6125058796284238,2.205272113872048,0.0619290242260118,2
-1.2461155704269855,-1.0264839994978587,0.5313382620934057,-0.1007429599010431,-0.3555415762275286,0
0.4946196962846341,-1.3717778644836325,-0.495870033767446,1.1005973628010732,1.088722998497284,1
1.280069857863695,1.3894697277343562,-1.664074389465337,-0.3705090203347286,-0.8132421229582824,1
1.6592762270709205,0.6593498056036917,-0.2549957230232255,1.3418754461034044,0.0876290504598545,1
-0.9708997862115036,-0.5953463383113375,-0.1715223493531357,1.2403347129089926,0.3065691554206446,1
0.1596781641345343,1.615751837244449,2.244446353823588,-2.523691439438234,-0.2566559864088466,2
-0.4381879107424046,0.4678647183415467,-0.4917236651141949,1.1010983397159937,-0.8509729003537758,1
-0.9633815519910004,-0.8443496042195261,-0.3078407561382693,-1.1358798166148174,0.3304686789546399,1
-0.2498789934750136,-0.8580218110037763,0.4316742329126399,0.6348460172077656,-0.0564320162505407,0
0.9875516748008184,-1.4422038154530763,1.6970349032153285,1.1524680993389358,-2.605207267849897,2
-0.532813366708753,1.807594854024677,0.9675134563390676,-0.0986008115837692,-0.269929002694346,2
-1.0366327286454349,1.226641795052454,-0.4154398526136083,0.2124184502483213,0.963483474700838,0
1.2938771536087064,0.3109353505220332,-0.3278001472214911,0.9391149599891284,-0.3786725622053677,0
-0.7706135270280333,0.4691624305323648,-0.3522792449341561,0.9362653377854052,0.5515259670384197,0
-0.5259334118243665,-0.0901211746334517,0.6471235060190357,-0.5962859955834683,0.7690128459727674,1
0.6649788776431093,0.6824850296042917,-0.5477218905240745,-0.9182430494276448,0.5868329796244972,0
-1.2022473568012937,0.9555623211126412,0.022376102541066,-0.2907272378884561,1.0062373577971675,0
0.0641664728600084,-1.113640197994441,-1.219323981357351,-0.7998360764986824,-0.3454898703508921,1
-0.978522995695283,-0.2966189308991985,0.5775290336565715,0.8265181992596136,-0.7994552142100942,0
0.5331542968742853,1.231186969845975,-1.916535011543693,-1.1790991748195834,-0.2965297746438889,2
-1.7450433617833172,0.1646335933225689,0.7053304762571967,-0.8042721102497784,0.1124079345989978,1
1.126782228491964,-1.219691503427534,-0.9457404696179718,-0.3337274080991955,-0.1763042203344525,0
0.3108246156308932,-0.6581804389531057,-0.0034207027099985,-1.1441912298131065,-0.1507166244853752,2
-0.2589550943900766,0.5881066849964095,0.4848016802075074,1.2297330256491137,-0.3480537914723184,1
-0.5265038594728138,1.0302942503628063,-1.0204436979165632,-0.0487813784725397,-0.1127275010438807,0
2.35456433391562,-0.915411388558248,-1.2397065696423328,-2.1190092741292954,-0.3981528937147072,2
-0.467929227956633,-0.1989017498488081,-0.3467362081195306,0.4493862635775181,0.5166411253353766,1
0.5214328436805106,1.6418350567988331,-0.1581250516077778,0.5913243583109279,-0.438308204261467,2
-0.7047213472771718,1.5687235973471192,-1.0694049730391595,-0.5544457883347944,-1.321989948219254,1
-0.9877858398601426,0.9844111947202836,0.650856890736802,0.87804788205607,0.9673164298891054,0
0.6856417295473037,-1.106739819820045,-0.2709706262744469,-1.132174393307076,-0.0656905202052243,0
0.2894887900448397,0.5054568922745499,2.0736168923082263,0.4063418755051974,-0.871087934251131,2
-0.6090809736312996,1.598067814384517,-0.925897699103846,1.6491063163544486,-0.0405024985375733,1
-0.6229275224986988,1.0426538416397324,1.1648241290073025,0.1550308189578361,-0.0130954557521668,2
-0.7899117189967878,1.4487507123511525,1.270895692630048,-0.6474810006570739,0.7535485302191955,2
-0.945761170965958,1.2179618096672251,0.4575310145634118,0.8353867369381408,0.6620931690069747,0
0.3688411878409978,-1.9265048081420304,1.6551861582845606,1.1777336062555823,-1.2340072429492992,2
-0.3541446924566628,-0.2452203544891545,1.1511478383667415,-0.2441034419257892,1.3489605369785624,2
-1.0806297996634633,-0.6940929007196146,-0.0865995442373235,-0.8978242941017354,0.134409425965382,0
-1.262660204914506,-1.04078688994706,0.3669554815213872,-0.0988995679440602,0.1128352778767405,2
-1.41690052734566,0.1425875326279802,-1.1133990204511677,-0.0112382824912082,-0.480721511555883,0
1.0738016928028744,-2.802026196366871,1.5044517547484797,1.0055332578139202,-1.5516832470772353,2
-0.4349647552961855,0.5250931566997674,-1.9092357024359845,1.7704324876092898,0.0719181732545334,2
-1.118516434271889,0.2307909208547313,-0.8901452968244269,-2.254198688629053,-1.6752177371012915,2
0.3906063373909641,-0.3316785313151272,2.4596245429326,1.1432605890417225,2.51497498975881,2
-0.4513082045618349,1.0326579906837696,-0.925161121649994,-0.2229362483745146,0.3740799424242845,1
0.2442144114893604,0.6612423251353068,0.6984982295977039,1.6290427895469537,0.1818933570053396,1
-0.1628999304647173,0.01093440352366,-1.6501052156533,1.2375166272074722,0.152418573690224,1
-1.799544929976674,1.7543298558404212,-0.4920490400341786,0.2903999524805977,-2.2037851032583062,2
-0.7950152653610987,-0.8302635518893817,-0.722378361060672,-0.3304180749980678,1.0767532533538962,0
1.7457039198236344,0.6311818335365451,-0.7833297638845901,1.2019500015977604,0.9332286350355868,1
0.1770702197017628,0.492019493614916,1.417854326297554,0.731682655414138,0.6743471351709637,1
-0.4694978363751507,0.9367537356724868,0.118921892109177,0.8856959514534998,-1.0231635206152891,0
-1.805539854418494,1.4549604812322685,-0.6780823066872245,-1.6621306009380226,0.4151441365830812,2
-0.9943821936095084,-1.7188714425792906,-2.26659158353199,-1.7036547535773674,0.5802714864960838,2
1.0384540787121497,-1.2409308731173527,-1.0141866214321236,0.8767359579321838,0.5373345930295225,1
-1.3181008178018871,-1.5831370989120286,1.4169603773444484,-0.6542558632198875,-1.0867025797141767,2
-0.0813862387700743,0.3624658357387304,1.1620688870933649,-0.245180789114995,0.0267751042019401,1
-0.8805580943944032,0.1186752357591012,-0.6452766989479609,-0.100657629033944,0.1764954832487408,0
-0.0776119003726429,-0.3785793910292588,-1.9670365866079569,-0.0835386880476926,-0.2246396127200519,2
0.4567153241198272,1.6922847283853786,-2.4235538350619272,-0.6173084265435023,2.456058658639207,2
1.6333282241074485,-0.1316607259348781,2.0467649835778663,1.8063152144027963,-1.0045948263073272,2
-1.5956941692540343,-0.3899430018919979,1.5980053391826936,-0.0794072672805466,-1.1401348503126345,1
-0.0209806182105425,0.2318658716806375,-1.7094489594588518,1.3484996608907225,-0.486269760272392,1
-0.3800521505435404,-0.9368773800322832,0.6218224386059995,0.3285078100449268,-0.9998942884421416,0
-1.2342222401950604,0.6240003902097783,-1.0031651466783498,-0.6431055718399227,0.2818471829432612,2
-1.3142268715019092,-0.3653279793212464,0.5032078773194061,-0.5851532174205695,0.6698548368995746,0
0.1849575227394571,-0.5447833299717942,0.3425558514421922,0.6812027915203169,1.1104347260829934,0
-0.1137495460391641,-1.1164152781925367,-2.277102044934182,-2.2304164396325845,-0.1916997654525905,2
-0.5662027582947587,-0.1187107653478852,1.7124959106940796,-0.0506118558007123,-0.6191280906466038,1
-0.7075238112263823,0.9076413141586908,-0.7178253490357649,-2.323660787987907,-0.0191506308277593,2
0.5361169408543547,-0.8295552529733385,0.1732237484290222,0.6862396071979583,-0.2662609329530035,1
-1.2897364375303062,-0.015981925703595,-0.7505470527849152,0.1355974209073909,0.6766358511590922,1
1.6421241165495797,-0.4316295966913383,1.5108084040758594,-0.6157405352553303,-0.37535558436338,1
0.0974869084615397,-1.2716988056066698,1.5032771272046015,-1.631042299778729,-0.9806771192072564,2
-1.140255747098556,0.5118477837180875,1.98989346956185,-1.8003528819570682,0.2455224219468521,2
0.0243482452448706,0.505364796092024,1.9814893352508447,-0.6730388542017616,-0.3585246192436327,2
0.56617882973555,-0.3155215043290671,0.8229372234015686,-0.0917236831637521,-0.7868725449401152,0
1.1367955453838356,-1.039408104972455,-0.2560739872066378,-0.2974223906215311,-1.000199905503099,0
0.5546546971788695,-2.4238308765071723,-1.821426676560962,1.912713415183059,0.3907456942222229,2
-1.397580499252708,-0.8285507652333705,-0.0324119551702224,-0.4581695012129556,0.9345010490480602,1
0.828712919068339,-0.9039274317904226,0.1036312281877862,-0.0136883177639317,-0.4136687905838309,1
-2.2524552002562874,-2.8023302546654194,-1.1723002276427894,2.312174863654599,-1.4856787921028298,2
1.2503630040248774,1.959130829011053,1.7123855254583948,-0.5934849173138356,2.5586157213137124,2
0.3629009204718717,0.5082160158594801,0.1926544008877229,-0.1848917315291444,-2.653062333241678,2
0.2067834900187095,0.016787935143026,0.8242978774454797,-0.7996959880704043,1.0498063016274786,0
-0.619284035132645,-0.2563458358370931,-0.7509994780846948,-0.1087446545504434,0.7499853583424266,1
-0.6126139478141235,-0.0075058311006945,0.1269500277113423,0.6831691300088041,0.9921118223594124,0
-0.8983937667636331,0.5383624487417443,-0.996004606278121,0.3314274428645648,0.8251055084044676,0
1.39623785046555,1.2220519793723856,-1.6551711930586792,-1.1966596473740008,1.291297589573042,2
0.9017531247107704,0.8703557616536579,0.2696580380429187,-1.099868395770042,-1.6144431333677012,2
0.1865379650581095,0.1207675780788362,1.486580116769549,-9.178583757748716e-05,1.2089276130806852,1
-0.5326756557853018,0.7778278824596432,0.199873080840397,-0.7658187378260928,0.5228829126396164,0
0.1838272091157853,0.3513878699616508,0.6397733784860467,0.7739762347534599,0.8615725482938427,0
-0.6285196700119139,0.3155163292359038,1.5532998836168137,1.0516926220717562,1.7807487395984205,2
0.7558385881517644,1.0328221431848286,-0.528696096912501,1.3200704680623856,0.8782888575234447,1
-0.5860322610906226,-0.9442413158299452,-0.874680509079088,-0.4794655084817157,-0.2127078380671593,1
-0.3006867399178662,0.6204182406053649,0.6200622900712348,0.8448078259922467,0.6209165480031918,0
0.1783411435110474,-1.6949007563682903,0.364072180283725,-1.2817621572656583,-0.1535270151179745,2
-0.0488155059071852,0.7740775730715835,0.92684694649423,0.7530047536606985,0.9788628140793548,1
0.8738528433751204,0.8901651827671668,-1.2476342915931873,-1.9867478885789984,-0.4240363047682255,2
0.0843337432076465,-1.0621920919055716,0.7965546920889222,-0.7509108488596649,0.3100091121527137,0
-0.0898706748542,-0.7168264903499135,-0.9619768012675198,0.3063260192569731,0.8906872652913294,1
-0.7684721727522211,-0.7995460652106451,-1.140899832111618,-0.0355547719444114,0.6057007481439014,1
0.7369932754678533,-0.1515039604876817,0.3982989179258853,-0.3205116617580276,-1.905004368377688,2
1.9191471257923796,0.8732560214712803,-0.3298296317532774,0.7564756260117209,-1.9853069416732123,2
0.0699685548399417,0.00168936263294,-0.4220899651791168,1.3700105497130657,-0.4443367826729274,1
0.0470286528281573,-0.4110356813643864,-1.641148970596964,-0.0088360790020808,0.656043962374592,1
1.4646929959034696,-0.0698631058998907,0.2608259882163692,-0.3095668655466332,-0.2684919010569766,1
-0.4807948427933092,0.0923704712078229,-0.7301711957362336,-0.2498349324608107,0.4674531375671797,1
1.3324698417008798,-0.482160453558471,-0.3880696560943843,-0.6232427009758994,-0.7618674419481168,0
-1.9998897192467149,-1.7685653803594474,0.6181135306594595,-2.287854806443256,1.869880619487006,2
1.3770610587256962,1.660113771032159,-0.3036147767029779,-0.691999938326662,-1.3640214105260262,1
1.0425175360781285,0.6154230688163347,0.4852219689634773,1.0510245026383742,-0.1503985883541281,1
1.37372124120287,-0.966886667187048,-0.8662292977868075,0.5587286205374501,-1.0420282748298348,0
1.9862263009092884,2.278665056557501,2.032840698792789,2.679341049201547,-0.4036001957975246,2
0.4582010399040891,-0.9741204654486418,0.5036266160864589,-0.7295131215653479,0.8292927623839939,0
2.107858303610831,0.9426510450501632,-2.5247844676683133,1.3040679657521157,0.713367116264267,2
0.1360789413635688,-0.0690361986079676,-0.614724763269651,-1.063732301430762,-0.8485271980001946,1
-0.0191843501748408,0.7157025118700724,-1.4793063007611134,-0.3414879223953604,-0.4413114584712858,1
0.2537102694673455,0.5505044512662101,0.8803202319029491,-0.2962118512067411,-0.2658899625313197,1
0.6372237309992709,-0.5373712775978261,0.8894528522807865,-0.1662041060513766,0.4687236280780788,0
0.8395080746422597,1.6357119316927655,-0.6229046987712936,-0.9395751337216388,0.4337423644725444,2
1.5088542792624688,-1.4231519262890937,-0.2969921962237548,-1.2342496621087524,-1.108516225229074,2
0.3765757972673859,0.5285074619498377,0.6831450773788896,-0.8666863890742813,-0.5745695639413754,0
1.6015421713117677,-1.3577037471933369,0.3030313351165529,0.9410682756855568,-0.6675726774568124,1
0.3981006300489244,-0.2098621961296134,0.6582761032612329,-0.910912115955341,0.3126104772922616,0
0.1283087699385792,-1.505652695959234,-0.8649205070809219,1.6400669941655348,0.0880880245276729,1
-1.783461642540178,-0.0599358615369961,1.4628896206709092,-2.272146707460971,0.2173701076676104,2
0.0452387353143489,-0.0688499063690442,-0.6457592286115733,-1.0494495901520062,-0.8697207203716943,1
0.1426602469207232,-0.6022655558348821,0.2064105765753609,0.7696319435304981,-0.202609809531755,0
0.8487332870267006,-0.6407283739103528,-0.0342033443487318,1.0558536261498914,-0.2502430246880953,1
-1.4296807371767677,-1.6008625909068808,-0.0330319126522866,-0.4937908743048068,-0.8982104857749404,1
1.1429549444922618,-0.2313489952047189,-1.137889131515353,0.3253317719122154,-1.263054474641649,2
0.3720359746013622,0.3934174567083239,-1.007494395005695,0.2597453451982938,1.0760251059074224,0
-0.1667921794631112,-0.4154743222496194,-0.1768500568277017,-0.9379105684078728,0.9895679292569,0
-1.5654675531570112,-0.0202532682655269,-0.5947245085717892,-0.8291860733977472,-1.046991774258064,1
-0.2344766646872384,-0.3751091367344908,-0.8524432511518651,0.2546572081043919,-0.5035861848586568,0
-1.4087679649565763,-0.0128741616039434,0.438765984763478,1.0617143660981558,-0.5904846911547088,2
-0.6650654510082707,-0.7571519657867585,-0.5317251419681368,0.2571726351017513,-0.0419805976971965,0
-0.4339854909195556,0.6174948047818285,0.0606119230766235,0.2740125682110456,-0.7370804166449303,0
-0.3944802375725398,0.3599774999162444,-0.6350880055668869,1.4823134110923617,0.5056585705512897,1
-2.0975843101658684,-1.6237173408004506,-1.0564109579984409,-0.4076702651704679,-2.2041876939531693,2
-0.2628502230818511,-0.0359388924569018,-0.2433781792652978,-1.3370238548047106,-0.0957375495510714,1
1.6794669417422632,0.3200213992145985,0.405828443570664,1.3860792513422366,-0.746446520309536,2
1.9837990563421333,0.4324250601243761,0.1294517244108995,-2.5340536772487856,1.025050285861918,2
0.7750064208438183,1.232941115661036,-0.3434981725049779,-1.095451275428078,0.3911799087218183,0
-0.662349047502656,0.3525402267954236,0.1229232498163751,-0.444128021866543,1.1253219403917436,0
0.5943056501279873,1.3327637679472712,-0.1935157711621284,0.8214907535020448,0.2928945147238938,2
0.4036040428009846,-0.5928307341565131,0.6344261444430047,0.1832394391418266,-0.0515993416470645,0
0.3622887865542585,-1.4279355395341182,-0.2776801008028109,1.5608602921353698,0.6272820295740934,1
0.9913884839794848,-0.9752914711172284,-0.6506952709628461,-0.1300672477122844,0.5717491159364075,0
-0.247555777628988,1.2132279863035789,-0.9145577276831338,-0.5796221974137756,-0.4198564802850872,0
0.2187814054751271,0.4451067305206523,-1.8556034284044685,1.0842121908816134,-2.3998402553128404,2
-0.3864440713144508,0.1809298405069573,1.6292975227407356,-0.1211309628736503,-0.4522073916880779,1
2.19054191438046,1.92891589455038,0.7639679716478701,0.4919037451487442,-0.8362181993889055,2
-1.1785788648934232,-0.1924802129926945,1.1390112388136466,-0.4188387012159378,-0.6649745771165664,0
-0.8311414092347928,-0.6903144400672215,0.2910053917509871,1.005264122640967,-1.1745237116021237,1
-0.0812281682540194,0.877399265708519,-0.1587202423050433,0.2782598573673712,0.4504352923029842,1
1.071028608766878,-2.6075996046713272,1.3497627173176818,1.8156887866144324,2.249352072536791,2
-0.9186442957541728,-0.5218724875764597,1.1551785660281382,-0.5503701588906439,-0.0929501421267769,0
-0.353874760959843,0.7067002266550495,-0.8194003425873657,1.363377835765771,0.8765119037840964,1
1.6560875636234045,-0.2665471170855965,0.7158431208882196,-0.954928833761756,-0.6109325909183234,1
-0.6936568530619341,-0.8463550893800371,-1.0710164957736974,-0.3700526989641447,0.2321229496221836,1
1.2496492376290196,-1.2422259884711977,-1.497018254444132,-0.4850852046114995,0.6945242550333659,1
1.137570864677814,-0.5632229521910163,0.7288677578563457,0.8202828274364939,-0.7937560669966934,0
-0.2317543843987556,-0.985837768762037,-0.3283989607428417,0.3231129038044573,1.2794608915383894,1
1.110930258490483,-0.409233771609193,-0.1098415588807832,1.263758053660122,-0.9541767609553824,1
1.1699521629035878,1.161960368826353,-0.3976005333533819,0.4597152188884736,-0.2939156155995039,0
0.0424486338869261,1.1422911590721512,-1.1169192192684176,0.079957881170795,-0.5843979957122492,0
-1.2101480015459956,0.6801363902418534,-0.0786130373922564,0.3107734623033214,1.1211369425381392,0
-0.3818485909286831,-0.9395269681838868,0.6947992330746195,-0.6616298410065103,-0.7775072797962428,1
0.3226349509693496,1.788967468610008,0.4529345732304006,0.662335391004561,-0.3473264840170398,1
-0.3439491704864986,-1.1886112947585197,0.4909645176985223,0.0791090412979056,-0.669964488056014,0
0.6067705324475693,-1.2904447108675583,-0.3477883531945757,-0.9587092388439248,1.4681534544747958,2
1.310506403935,-1.5261629099040994,-0.1269562500552276,-0.4738764819746801,-0.2266077516334343,1
-0.8421717775859663,1.6278646635462124,0.2182462533249454,-0.1773608066506699,-0.0128585633192591,2
-1.4038529981274923,-0.7818941406775787,0.1547673465795475,0.9183525454808924,-0.5862623213440258,1
-1.0344895255142186,-0.7816018418111573,0.1387374365741696,-0.299417586529877,-0.589542518381293,1
1.3978672979375513,1.0315154784817906,0.6705869197958952,2.403261034424294,0.1804049153858891,2
-0.6645003820196731,1.5956363588052211,-0.3428858928880628,1.3120725906939117,0.8143196411892887,2
-0.7465996736437915,0.2756377271024529,1.139985314723991,0.5554058138593453,1.0766367555417655,0
2.3901503983079304,-1.3108913795274086,1.3034636218649431,0.562015310244676,1.8287326745827448,2
-0.5340175623330417,1.1626229397545211,-0.6778665468404392,-0.4674481594938727,1.058274423436664,0
1.1261963798145165,0.3765082856757266,0.6477386393983681,0.1686957344886919,0.6266332269707434,0
-1.5668480097134774,0.4947514589957139,0.6149407295208112,2.3757352603398223,-0.402779408363254,2
-0.364925895515354,1.643944077964917,1.110228494825289,-0.7438480652640642,-0.4294330802186274,2
-0.0496409352774292,0.4418058061724593,-0.2392526061257953,0.3453520523537899,-0.8541961448805186,0
1.250160937263252,-0.212895385575785,-1.2196227439517415,-0.2888825134958966,-0.7697123202063737,1
-1.636171815759481,0.1690344759069378,0.9139798469688112,2.068814114979004,1.9597944997297263,2
0.06478652235376,0.3985351563224064,0.3814224831724649,0.7959289670223754,-0.3584566205085959,0
0.7052079995569912,0.4638106500424704,-0.0128005272140645,0.0905190279068034,-0.4941599250470533,0
-0.5620480190926022,-0.5173199469421488,1.0162829267577076,1.2406363224355283,1.3263448477016786,1
-0.2544013149947022,0.2812834251961104,-0.0414457783546898,0.8488123602078772,1.1112655525939816,0
1.442082826460204,-0.6459717242503633,-1.2370559101498655,1.665205647428183,-1.285621527989198,1
0.2846897874382761,0.843649613854971,0.7565598401293848,-1.079371151220451,1.0153704804591035,0
-1.836647348113128,-2.601203627726784,-1.9359416452214089,1.6261421758521686,0.8435959660639368,2
-0.6022952517948311,0.1997912742095491,0.6284077851419628,0.362359283441881,1.0082884662114246,1
-0.5756559507215085,0.9941371295338864,0.1942176809565145,-0.1481721103875067,0.3110416524740536,0
-0.0421580947636454,-1.505576096253883,-0.3963813521395839,-0.9364862862583896,-1.452706383085433,1
2.0581609176710542,1.7591114950432734,-1.7705272682376323,2.3094297857114428,-0.3084788230734918,2
-0.9657224201279244,-0.3643981104669369,0.0403640935432777,0.0830573763147685,1.3970862776443338,1
2.195260474622981,-0.0955939823257837,-0.6930855403292817,2.555002756346835,-1.863185585348769,2
-1.3597919694119307,1.3736199873320996,0.6468932004372008,-2.170018692721162,0.2700801520304932,2
0.8875464834910775,0.9755841704384424,0.1021916503969405,0.7247392817403655,0.7983701179391909,0
0.2269446829175787,-0.6485057120841969,-0.0346849111564962,0.0110919094373353,0.6807235372600704,1
2.062888936183667,1.109032728582595,2.3551595189506425,-1.9748163399381584,0.4771700296451208,2
-0.9322589055189968,0.647880010883822,-1.116114860755188,-0.196357597014938,0.079835146154588,0
0.0970311771615746,-0.0233348903638157,-0.7305917380554972,0.7686877929111371,0.6261602353044349,1
0.9936913774249496,-0.3179968889883462,0.3695087906213263,0.6171164979484677,-0.7361498096395018,1
-1.2490077385311504,-1.060928353314983,0.9140094259466072,-0.8248533464723119,0.3372831029279368,0
-1.3764707136255858,0.466950472832228,-0.2675194212146849,0.535609898236495,-0.8460906653340552,0
1.1859234112893078,-1.7130754573324551,-1.1622034641349623,0.1104774718242594,-1.94525646434114,2
-0.9191570055288376,-0.9456889149367774,-0.8342136254075966,-0.2392053165817129,-0.5678617680617195,1
0.973237751573284,-0.912637661191561,-0.6185906437380253,-0.8677107400237962,-0.8031462592636465,0
0.0762115903132345,-0.4261897616245695,-0.9998916870121668,-0.1399476570859578,-0.7446173820590984,0
1.3339334765720958,0.7541225357026028,0.605009188854718,0.6452558337136329,0.7374309661645896,0
-1.497205896087703,-1.3311108345686269,0.9649778032012788,1.0901377304218836,0.4495415246959955,1
0.2262004009789902,0.4364658667925422,-0.9011305585915854,0.5218491568893611,0.4870455451738483,0
-0.2541341810784637,1.0886473178968188,-1.067783207994751,0.6866077438346984,-0.6286624377710849,0
0.1250075529870782,-0.3012186377146095,-0.7496152181286675,-0.979134111420544,-0.0345459966592096,0
-0.3205383850281528,1.3958483962456298,0.3508719657410574,-0.8970173338960606,-1.9684628622100209,2
1.3598354031766098,-1.1076401452321474,0.5773716508082503,0.0982348673252093,0.1681189206379756,0
-1.246731784379105,0.4196895897836089,0.8923885936966403,-0.9487137692724732,-0.2620282368976627,0
1.5200339200466584,1.3370576424113572,-1.5021447144826154,1.5162050727966585,-0.0864499899810701,1
-2.146448268258585,-0.8485424568960405,0.5167016503623131,-1.9618385743281452,2.3205613358662167,2
0.2296940380670995,0.7811570119985111,-0.464882999880969,-0.0524955994746351,-1.0644651067811883,2
-0.4727186411664681,-1.718462366105172,-0.7347902451416193,-1.8309119734712955,1.8522193844862664,2
-0.9314857608324136,0.0328617244718688,-0.8067085396033659,1.126786601310651,0.91001056637527,1
0.5235516458104882,-0.4143305072828501,0.7100599572028707,0.675953811614651,0.6556870877043695,0
-1.0555095619385164,-0.4209059778392125,0.376536318796578,0.3877177841616634,-0.5421706381045881,1
-1.1056375965901888,0.6612745732394255,-0.9507977099677232,-0.738626305335873,0.5033987687330695,1
0.1903247557299152,1.1783233527148045,0.3070815902425867,-0.583810824188802,1.1839600247573416,2
-0.4368160608583605,-1.159329527070002,0.8818934436245914,-0.56641642756738,-0.756384941381195,0
-0.1667665874443707,0.0771940758023289,0.5024286212085217,0.215409092836227,-0.433887902044883,2
0.9966369161614714,-2.538903008122531,1.3032775125411211,-1.2663582078151236,-0.9459433443252212,2
1.254048390212974,-0.9703501700566596,-1.978934373428509,0.4930379698493916,-2.164231811399917,2
-0.9863607710037924,-0.5268239728165571,-1.4418372222031013,1.1350083575097112,-0.220871789985807,2
-1.3400494908722664,0.7505776454574282,-1.505384607830384,-0.0302586868631544,1.4284715862428452,1
1.293735028046651,0.7408069893638037,0.537750884712788,-0.2053238526787586,0.0754073894155756,0
-0.5898481272867713,1.8119868366943783,0.9737619502158116,1.3150060476098189,-0.9361046137427026,1
-2.2454356886159244,-2.8109044544729227,1.002665602113722,-2.138064584230704,2.4882275529732696,2
0.7117731857224143,0.3014821819259623,-0.2416623305092388,-0.9136802837550144,-0.6990510301127136,0
0.2194147288307696,-0.8490565368723821,0.757755929118436,-0.5013214801418008,-0.444831839912473,0
0.9749729332942229,-0.9256835096132588,-0.5856937448389444,0.264439364876915,1.246592466855254,1
-0.4997275841569969,-0.6741983578705502,0.9522072951695076,0.9792950630883814,1.0019365468024273,0
0.6407227069745252,0.1806065967669638,-1.096709773341047,0.9503932988474748,-0.1972670182652743,0
-1.3238468749291512,-1.3928017771699173,-1.3724761844156088,0.2892015704694018,-1.1568686291839247,1
0.1217100803227241,-0.5304679876063834,0.8303947965778843,-0.7332418714203661,-0.938363089598773,0
1.8462254248776409,-0.0969118515992626,0.336118832673155,0.4471162879477073,-0.0484965612916779,2
-0.6267957771639371,-0.637615368805924,0.8321791209174066,-0.8691846516527829,-0.1561528898425111,0
0.3032906519507372,1.1339998547471783,0.8417738367942598,1.1721143440614668,1.3077775976467123,1
-1.5538977949059138,-0.4297486390561458,0.4220015730134732,1.4834683733620335,-2.106503762985862,2
1.4502147534156276,-0.0757357870692732,-1.3317474672960117,-1.2653091766947917,-0.9729161497836348,1
-1.0895776525955208,-0.9475554003079116,-0.665472544625082,-0.7916891425260018,0.1612511594052428,0
0.0935624564637311,0.8885073424809363,1.395891209155716,0.9852358463471694,-1.524864563370565,1
2.2928545680569345,-2.1296377910125965,-1.5838832817969548,-1.4819240678898695,2.298701701950973,2
-1.4231738750273473,1.289806644849003,-0.2920399022375547,-0.877981405109121,1.2891704988996668,1
1.0128708795363617,-0.9402533231722512,-0.173846034186418,0.6593710982176689,-0.968617582383417,0
-0.5668437331663617,-1.1771085418536136,2.419405353832672,2.2288406622462102,-0.5527689326976089,2
1.4051435683502156,1.2016818922952492,-1.5299331115019537,2.6541144342258733,1.6891009523381606,2
0.066243905620793,0.938357800460596,0.4307557916599919,0.4307100156996866,0.1389409428047754,0
-0.9606951652628508,0.0331072197541731,-0.8336888821193902,1.2348787356224722,0.8927642463914445,1
1.344617407615336,-0.4600235151420683,1.3228684470175658,-0.9884592412610632,-0.8626307277239668,1
1.180647095674248,1.629721304386521,1.4487637468367114,1.671044267298571,-0.2570223284535631,1
-0.3152285242937255,-1.0248400771477153,-0.3813743867818512,-0.9909577248537114,0.140700106041689,0
-0.6241752389353795,0.779166141601113,-0.7821593687941389,0.841431777279777,0.2354792095667005,1
-1.1238441794605452,2.215404461919896,0.6028761927711397,-0.9158043008480456,0.2861390956275352,2
0.3636884287324816,0.3635918796710514,0.4347533245237683,-0.1875421141804287,-0.856009990391986,1
1.6145768997071912,-1.0277775513956635,-0.4166714683302883,-1.2486289173694751,0.0649355459220684,2
0.3465830999309156,1.1761702501346,1.5447270808680276,-1.6830647697554226,1.8621166730096324,2
1.5378019507685718,0.0560112312231331,1.857319615786716,2.490215592572759,0.2054015815336126,2
0.9082269705049636,0.6496739902489765,0.0674461555242371,-0.7013315817182882,-0.8473233266056396,0
0.2952262931276349,0.8814422344819484,0.2570334730354888,-0.3428630362426995,0.4757285216648619,0
-0.5353266780478856,0.4369536695210295,-2.050821438483244,-1.6106571896837845,-1.2122507487888654,2
0.3660260476864953,0.896534123364759,-0.3431694252713299,-1.3922551800419627,0.6443150355927008,2
-1.401428404770673,0.7059660441076342,0.3294287019402263,0.6124630957911154,-0.0325435246401427,0
2.3621041733985297,-2.041686113194105,0.946630152971216,-0.0605083491401644,-0.0783793236277357,2
-1.1346973197979529,-1.4328488934652808,0.1353782569622534,1.3582817001294942,0.9306933394550432,1
-1.0466235064538107,1.5718296841670898,0.6857617279486312,-1.1186106476651114,-2.1330473633374667,2
-1.6682344836568868,-0.2835825379192317,0.0983140968111292,-0.6517663994939398,0.1301123110048531,2
1.4254310201418692,-1.040025661765005,0.2872409082580697,-0.1217522949453506,0.4335371214897888,1
-1.2239837483754858,0.4326077171531596,-0.4923060222519586,0.3858278695941994,0.6105164650137735,1
0.4555620151472903,1.0127865186854432,-0.816652852616921,-0.174099037692708,0.3986743187788059,2
0.408926840375615,0.3018253409450718,-1.4541507509356546,0.0655099403439163,-2.075808768332626,2
1.1017855275823258,1.195051239325011,0.1032743735642004,0.5601504129376184,-1.0787891245336978,0
2.1022078279753527,1.7593962226273738,-1.758859870418268,2.364239688774824,-0.29425079983391,2
1.548608790864542,-2.6713547428775013,0.5548230457759415,-1.009137058435822,0.93214394421939,2
1.7154331998852397,-0.9891522798951125,-1.616373873284187,-0.7693787057287883,-0.722163168660101,1
-0.6198791188065731,-0.2794948880927684,-1.026696201002005,0.3450887056700537,1.1093077837335268,0
-0.6835580803497848,-0.6404818196826055,-0.9176157657902246,-0.5182575780809879,-0.2366335392119632,0
0.1467969065959521,-0.4963163902050604,1.1496748366349347,-0.8823203067697377,0.611788573222645,0
0.5404778676213621,0.5675729800049072,0.8913692323463847,0.561611789265204,0.1604509826389752,2
-0.1711727694244132,0.8082129315517074,0.3613847351967847,-0.4518829458895263,-0.0325465680439017,0
-0.5136756024732221,-0.9284626565339708,1.4890342141943131,1.1881377460676488,1.3765811105713437,1
-1.3540023859585122,1.0436469950411422,1.2381040199808733,-0.6796553916206807,0.565816675348273,1
0.0713409203283786,-0.2320118691527983,-1.9579462769835323,1.3051576594684389,-0.7568000064313487,2
0.1085495140251193,-0.0657726476310468,0.0979464614109225,0.2742220934862287,-0.6063898500818292,0
0.8667850053199346,0.8216740505526402,-0.596250842982834,-0.8229871879965699,-0.6535520690668918,0
1.0803446041562252,0.7764278845067021,-0.5225508520893594,0.5031262501043396,0.917529826769612,0
1.7474053384570565,-1.572071973156477,1.0434698909573286,1.208352602875637,1.2078888476388077,1
0.2346581238400985,-1.49876652464095,-1.160180922588277,-0.7226801141659672,-0.8564538212304269,1
0.3493712079188332,-0.3583583414716758,-1.362124821666173,-0.2671712761290727,-0.0462680291142021,1
-0.1402465194925513,2.2679761080155463,0.3183681725911852,-0.2471333775938261,0.7652222483872927,2
-0.6141081118851149,1.6361670621582396,-1.593998421266522,-0.6859770146528213,0.2722747360790832,2
1.658083633275928,-0.2649988514946891,0.1274713909598747,1.442321169944587,-0.7018518916043842,1
-0.1640070109358155,-1.1097486106157315,-2.556932089796555,1.4518960124969913,-1.663883245325849,2
0.9095403971971088,-0.3125448429926452,-0.1176650819518524,0.4434674580006015,0.5570614593529124,0
-0.7422025434357243,0.1572751129254101,0.500339610725151,0.9948104810807205,1.4661112598211548,1
-0.7601358099726877,-0.8456340088833775,0.2220310649743345,-2.7614086717375024,2.466013951174109,2
0.6871157166748267,0.7692299023791881,0.1165453700316194,-0.4699219510360756,0.3609503127029924,0
-0.103494394701482,-0.134397014954521,0.5023069375142458,0.7293070648842185,-1.0329521217144797,2
1.7699222059681845,-1.6133319166128572,-1.185738228859574,0.954994555174454,-0.3315600919686122,1
1.014414315051429,-0.4941566923694812,-1.2723075308727816,-1.1163158852202049,0.5680886055280225,1
0.5884454868777673,-1.5951605078610065,-0.3844765924308835,-2.755837857062416,0.2509046486255902,2
-2.228139187788089,-2.243300785762853,-2.239212645281244,-0.5015068830496788,1.803945143026544,2
1.33439807262297,0.2795618766575362,0.0951638542164927,0.613446464750395,0.347191840437369,0
0.2399200114837508,0.6796982046128325,0.6516704868846458,-0.3518819065237625,-1.1740717016434257,1
-0.1433254463635682,0.696555778701172,0.3520637141518777,-0.7590303188082118,-1.005912220505202,0
-0.5334125392562216,-0.7832462788801167,-0.5031976512402212,-0.4569211667766724,-0.1095448010637548,0
-0.306609351748225,-0.4094887158124138,-0.7762068188223984,0.982885945350738,-0.1053136686683934,0
0.8523962295114946,-1.253529802141605,0.976971318560138,-0.9374966463632768,1.0374606785415992,1
0.2480850703124216,1.2549840235229286,-0.9060893100707836,0.0030984170751207,1.116182858835978,0
1.7527506763233989,-1.1591930130539867,1.581878087087844,0.5402600029441724,0.4490668497904923,2
-0.0577598644799444,1.0803525793707822,0.7486330553247728,-0.5296597430762455,-1.460149941378687,1
0.3148709618043098,0.9639228617351452,1.2046875315083516,0.7914216499570436,0.5748149956111488,1
1.6612167456144398,-1.7563152986738098,-1.407184816024469,-1.2333433351928405,-1.9898814242121607,2
-0.8362487311105202,1.7585085299464105,-0.2890254139609296,1.0615620127158918,-2.540464387510944,2
-0.4562256436327559,0.4059794994544817,1.6801910485255347,0.3834337678294263,0.6562963210137621,1
-1.2363917996762646,-1.2304825872329888,1.1420956716960904,1.6304349009144758,0.3859463636705196,1
-0.6170622907630816,0.2592503067822356,0.8185176068687059,0.9633094825647678,-0.4464482986597143,2
1.1592581053120443,-1.1065869889966036,0.776025334143347,-0.9357796108243568,-0.8782267865891124,0
1.288657532293344,-0.8218403633753604,-1.0190091044133756,0.5820764107756515,-0.1321624330866368,1
-1.2845136661742973,-1.1369664366494172,-0.8187092338776119,1.517723119015442,-0.3817737655395687,1
0.4120773148043272,0.3761691586506647,0.429467497608175,-0.34589530123339,1.096538588068094,0
-0.8904740262484664,1.2486045320049344,0.4424392883272194,-2.1277015433169724,1.9180834081535552,2
0.925556861533834,-0.8836826969178546,-0.309214827268865,-0.22703792097971,-0.436528949386599,0
0.245555743164294,0.9812557349570256,-0.2082633592636951,-0.5751516848321464,0.5034632503215747,0
-0.166052874501291,-0.6905645576441222,-0.359674933131322,-0.1721553401759026,-0.165599991040199,0
-1.123438821068066,-1.1954586224269,-0.7857955500949741,0.7121440762897637,1.1895087107282674,1
0.3039357225288369,-0.0307007514292085,0.1553678672091476,0.0392677648236515,0.2344107490184195,0
-0.5998932208388709,1.1874974945684529,-0.0025724442623466,-0.2918851046686153,0.6569758470899326,1
-1.519460243382377,-1.1902739209000428,1.3728027616614786,1.5981714682730137,1.181453085385319,2
-2.1896507740750173,-0.6208155149843225,1.3215928433182342,0.6614078300985647,-0.7213473477510091,2
1.217044119359287,-0.959844623699338,-0.1264510371819388,1.3731078764295928,0.7300269364822783,1
0.2371208602903485,0.7501814608077019,-0.7318637173212978,-0.168257562063113,0.1979953540751791,0
0.5346597666649904,0.1273309918225491,0.1602554917638055,-0.9433150967909728,0.2301257244382056,1
-0.8090953025867881,-1.6917952733920016,1.0183800229777416,1.1815906182096017,-0.7210732289565494,1
1.0155712573562194,-0.4738819233203536,0.9695164923748728,0.9279763312253076,0.6616789809450723,0
-0.0594073294342795,0.4262633707212942,1.0432399307744438,0.2908200134297429,0.7573882359962586,1
1.2935817289750011,0.9825439754285528,0.6179461533282203,0.7760811125948855,0.0373534557089509,0
1.0900873960628978,0.704594622030761,0.3813023695218099,-0.3091628775080404,0.7027684872159934,1
0.5497920771857472,-0.6320742896744969,-1.1669784030172234,-0.1981347456883826,1.3438546644497122,1
-1.1524610208566284,1.0679530253584364,-0.520832254965115,0.9388256866002958,0.6819561656060049,1
-1.321509564267517,1.17481706603728,-0.1054576014977123,-0.2919521901408746,-0.1343193750451129,0
0.5474953989655288,-1.0613807228068322,1.1900925250088323,0.8179153366036478,0.2565996527652307,1
0.2520211405902093,0.2019432471255581,-1.1934303606251797,-0.3790294556962051,0.1422070124420673,1
0.8091070431567582,-1.0795596705640111,-0.0896547990664878,-1.0372929615313968,0.4041850306201561,0
-0.5329818490338273,0.7411444073495599,-0.2616719111928892,-2.75043809896075,-2.289504193378844,2
-1.8604403638359253,0.4745213088388376,-1.3720283949889922,-1.7952212032571793,-1.9981494822064725,2
1.559833804240004,-1.2810796103120523,-0.5951336456274162,0.4515969012669075,1.3997717052177918,1
0.7782406655982386,1.1891338351041247,-1.129145400700991,0.8715851485119605,-0.6494434399292702,1
-1.311585214622732,-1.1466734980647666,0.352882622975485,0.2016074648840074,0.1104869731480506,1
0.3767865766262315,-1.4457141255626278,1.172314376280836,1.3279741983325188,0.6118282991813875,2
-0.0654092385106353,0.1355160538693712,0.387679338229854,0.2825271908926715,-0.3298317196176816,0
1.2355150284006065,-0.6561716682902505,-0.204846442079698,0.6157685116986256,0.1154509293119072,0
1.10866032473604,-0.2130708747654982,-1.1206206649074262,-0.1629574304570812,-0.7346712706050067,1
-1.1014896048582563,0.9868485294486602,-0.6810325749963606,-0.8050255812063825,1.5436024881798287,1
-1.3229247641851498,1.1800189891983133,0.6646224676816338,0.5501547157631933,-0.8141244474831972,1
1.6589924980867907,1.173581343594459,-1.146011472020926,-0.5983209856344425,1.1140173661425012,1
-0.246722745001591,-0.1159685924762963,0.1872177311006519,-1.0847641801581238,0.6687677157635028,0
1.2559101663050722,1.599768835230413,-1.4280892592432852,2.643058895030932,1.2489834383285692,2
1.2156836906711128,-2.6862521553082632,-2.5725825634992274,2.3163486617072464,2.6025840213097013,2
0.631309617429112,-0.4223650276052285,-1.038541287329366,0.0239387394103079,0.7212518568134811,0
-1.2408309187038815,-1.2653115617892163,-0.3573747940800398,-1.0617700828381105,-0.6383380686055549,0
0.626130540042219,1.0127842370039184,-0.5725390899883008,-1.0135467044202664,0.0528201308626981,2
-0.3074091749000689,1.276651437816976,-0.6440500761675021,0.727222717225165,-0.5811571800421695,0
-0.4700557411347676,-1.1437564023082625,1.8321657139877647,2.5545790784172557,-1.0817782810455816,2
1.1411082817709302,0.1677072658461902,0.7726521052789311,0.1510389195386482,-1.0729061428915303,1
-0.0391447523556504,0.3475949965336196,0.9779017125562204,1.143202804502211,0.2111549676498572,1
0.5428935433429178,0.0645430888148502,0.7711291034950417,0.6362020735918984,-0.5062095568423649,0
-0.9700203738906064,1.0573030228227822,-0.4991254963210179,-0.493084912813274,-0.7709616568563147,0
-1.7458263439159063,-0.5123588715514431,-0.7001156434738555,-0.4032787075581266,0.6117223629137503,1
-0.3712177952321818,-1.1595233822096056,1.6663217939001365,1.6743514194266862,1.2966385759418722,1
-0.260749267438638,0.7077758156350629,0.3146066185843943,0.3744170417694484,0.6915794732232947,0
0.0193380831684073,-0.814778969522127,-0.1199052354222117,0.3375453801078351,-0.232571312170592,0
-0.767951563092118,0.0126548289676743,1.0264544077634576,-0.5874647988434971,-0.8773353520598552,1
-1.2551026918758628,-0.5892253513313296,-0.7838471025313517,-0.9944914572263766,0.4605315218883399,0
1.256062631713735,0.5472846826581096,0.5519618725899063,0.3471169311568562,1.1490276406208662,1
0.9963351537501512,1.2896384782685495,-0.700547744009707,-0.3823888697521559,-0.0984447787950697,0
-0.3925600945690387,0.4517596714851851,0.2650109397967796,-2.273155789890473,-0.6229382434109961,2
-0.6847269803500442,0.4740810590679536,0.510753506223146,0.8938270568634972,0.3837144955742269,0
-0.2037022488388294,0.2166485231298112,-0.0006238922356601,0.7356600008797876,1.2403551265769013,1
-0.5767299911012926,0.1426604066871384,-0.7356639153766291,0.1524157570027954,0.7843527882833319,0
0.4874155019642243,-1.3428237815451165,-0.089095150205262,1.2799956745193737,1.4617170420795786,1
-0.7928339055092878,-0.63060601399473,-0.1620305140258312,0.931752104375244,0.5085117472329421,1
-0.7836841483475855,-0.2353696784099055,-0.715658018459327,0.2241666438694524,-0.1295814865633187,0
-0.4440472418074564,0.7721139623589558,1.011199143204483,-0.27339550780668,0.5950329316612076,0
0.0124303353314752,0.2644451897087859,0.3284353864021135,0.6994850432466347,-0.6640052644858274,1
0.95453434179698,1.615760496491036,1.1676465536509113,0.4031714176009333,0.3526015149937933,1
1.6989211189648037,1.8045872565098904,0.1175842974427187,1.975995231320577,-1.3941092287858845,2
-0.9585164834527136,-1.3529477396205858,0.5989912021264074,-0.8075895071067641,0.411933145877557,2
0.4701053864250489,1.2030289846886864,-1.59556822535512,0.1588061960097961,-1.777958900556109,2
1.0356263909144412,-1.7139714580224137,0.3846140196086091,-0.4285014946732361,-0.5588547135568236,2
-1.9276367931600944,0.9126946032299345,-0.9440369108815292,-0.8179457340957794,-1.0367432226538278,2
-0.3949169029154617,-1.0893078672844112,0.015488218593071,1.2894491044553575,-0.2742732286923481,1
1.457855119277028,-0.5898672129390921,1.738707344573848,1.3843632806324229,1.4336240611969262,1
0.197873562659333,-0.4406250420115435,0.2713764173327188,-0.5829290682774622,0.1301675360254735,0
-0.7354639958866932,0.8432621680317965,0.0912112500822123,-1.130422398710291,-0.3184830734521596,0
-1.022474455874503,1.6155781423444582,1.0520946315545094,-0.4076547514560287,-2.05843661910612,2
-0.5493219631469803,0.2232362261897509,-1.317395378954204,1.262644227322281,1.0475736960752955,1
1.6358600109520725,1.6233921990564215,-1.8054291623873504,1.9771591412480585,0.0821770806023572,2
-1.6914016988847056,-1.7900542453431063,1.720147112354158,-1.221698323275501,-0.1729103751808898,2
-0.34269462267593,-0.6208627409992025,0.1734268428296054,0.9807656252107034,-0.724416487625436,0
0.3513993247031337,-1.4811768370438048,1.269715602301076,0.2483537796743081,-0.3099381511746883,1
-0.6872058259542371,-0.6781754135330004,-0.7392927410846809,-0.450202577373374,-0.6853577678749873,0
-1.2351362126437335,-0.0517391433789992,-0.3002288480083393,0.5782745519468389,0.1334829872212133,0
-0.9225687925647604,-0.1183633366203337,0.5675708961641286,0.960156824017708,0.8599483587686323,0
-0.1992551926164304,-0.1924900085383519,-0.0420224544187836,0.6517597317797943,0.9190660168254092,0
-1.405323679571281,0.5880268886210841,0.4864309448509671,0.6438264252039023,0.6768748618520222,1
0.6392900361407966,0.1869287670566036,-0.6395865600750053,-0.4872949569652158,0.9880811406632648,0
0.456582744431223,-0.4790079386473962,-0.6935181786622652,-0.0716423142155399,0.6307988673797653,1
0.7570373701150829,1.4657992650670544,0.679497099111416,-0.8078779526148712,2.5165342433143008,2
0.5231739699543738,0.9869844551351156,0.6812569291776527,-0.1680389068620029,0.4853163964704667,0
-0.6202460037854902,-1.2382061397143902,1.6932650182001672,-0.2137087836484863,-1.9832195468403329,2
-1.796650779183884,-2.487971982495985,-2.039405404607025,-0.6732875208089253,-2.009464991956204,2
-1.3820426860604966,-0.3896186102459278,0.4606076484024629,0.1451712159092552,1.426638256332378,1
0.5386216570215878,0.9054555460606576,-0.7555995083242181,-0.2900285497697954,-0.4596870000012638,1
1.303313918857533,0.7328574421878086,0.0846840721271267,0.559300401722882,0.7944062937449177,0
0.7532505546448864,-1.6588609874803293,0.1693853928843455,0.199170036226834,-2.2785527174841294,2
1.0117614129917256,-0.5102148588758839,0.3316857429037426,0.1573810065375783,-0.7526795416768025,0
-1.1583749755266124,0.5926353289397146,-1.769545728441817,-0.4146193555864462,-0.5011806575642604,2
-0.3664113826440824,1.1347285078231883,-0.3076850808542625,-0.2217309155806371,-0.0374979483942467,0
2.106586822584007,1.578135478463822,0.5884177250648611,0.7122780907459113,-2.118202661774925,2
-0.620950590470968,1.7785401104657914,1.1695464892211798,1.1495006683465645,0.8934895498664346,1
1.235897970212704,-0.7589264041710687,-0.4734486618825608,0.1190986973070297,0.6252202957881474,1
-2.0814463071714644,0.209816811805588,-0.2891521045957035,-1.5326390479513674,-2.320882317953415,2
1.2301770650998116,-0.8480906786960333,1.0629328697860327,0.0068994898126703,-1.077304462537437,0
-0.7891020353826376,1.5217887238708587,-0.527980211652261,-1.5051851502537004,2.1039220999186146,2
-0.5266190648655875,-0.7694968571355003,0.3486254233990775,0.0034295009444,1.222734823603184,1
-1.312338882417765,-0.7653941760760178,-1.044140390661486,0.8449795424786182,0.0561445060052501,0
-0.2654657769588615,1.3700469983834933,0.8287725744756272,0.2466331059803488,0.4525235272304042,1
1.0596575297267925,1.6298672483736427,1.3322760468034025,1.463465636401078,-0.185179473275391,1
-0.7451627715031016,1.7707111562468836,-0.6674685127205903,1.033732746778104,0.7776207798879892,1
0.6859827591914974,-0.3349604491912691,-0.2205250354260126,-0.4830384628544733,0.7224398759746746,1
0.8178485027988868,-0.905643300656199,0.0649885790161979,0.4522851709307821,-0.4176081878423612,1
-0.3029812997022502,0.1890170792569661,0.1244523480085833,0.9218653228593184,-0.7868528671218825,1
1.6592177397664412,0.4321562400936432,-1.9363108445940425,-2.410553441158656,-0.3597233729685447,2
0.6123212205588021,0.0281418997437767,0.986036021070952,-0.1936928019358546,1.0545045672476918,1
-0.2642654001210126,-0.6333845229283132,-1.1170062592382373,0.2500761059774563,-0.2520336348577571,0
-0.5535009288050984,1.3076548944492288,0.872812212804884,-1.3819957738073545,0.705091805484635,2
0.7156208930105873,-0.8062014319531535,1.4872500330341265,0.9532509255173984,1.5731618596057615,1
-1.3226601029229808,-0.4305502864569233,0.705999768924337,2.5084892303490816,-1.960819482995842,2
-0.0629639884061752,0.1591387766039739,1.356585566601905,1.0525704438651204,1.2420059492765525,1
1.2063237426172737,1.0016040060279092,0.0544078721337179,-0.0610535591346908,0.1755853365881645,0
1.468827365567985,-1.4240389372157372,0.3475770043921916,-0.2352312360698072,-0.0988777018806671,1
-1.4994583613625412,-2.087130160014041,-0.1607376072520636,0.5928029432664753,2.427592503017712,2
0.8217763429391993,1.1614484975037045,0.2434315672926787,0.6108028427293748,-1.0903962698921454,1
-1.731518014109877,-0.5123036870659339,-0.7437906440227893,-0.3827989506974473,0.4851460870925188,1
0.6560386878489385,-1.0479037484752527,1.7041600702406037,0.9126822597303048,-1.1324016443553715,1
0.1361724559273715,-0.308420448041841,1.928006825543351,-0.7272770915206483,1.114812777180454,2
-0.1639957796275277,-2.109868486147733,-1.262924414203373,-0.5662916093106952,-2.1582613197464457,2
0.7427815197292842,-1.4564287249978127,1.4982344105166157,0.18134001932343,-1.2943499807382366,1
-1.2177238236465266,0.5792911424925747,-1.5098327841534405,0.7054725156962318,-0.3900348450432006,1
0.7976032698486731,0.2954757303080741,-0.8452810464441622,-0.4508080496939133,0.126300568687783,1
1.4516234311787075,1.4906895148554782,1.7748753137891378,2.1935528957587103,-0.440370449816145,2
-0.9758108501583694,1.0265263819956785,0.5851963754863568,0.3266950176671964,-0.4576786687431222,0
-0.0209986964239143,0.0087343869169005,0.7139605980097858,-0.6948601722073633,0.2444706700130368,0
-2.050132807942814,-2.3673049302263776,-0.3512816349049417,0.5643050721747311,-2.30632071866834,2
1.6320307439103003,0.2245574152542286,0.4087860354017287,0.2594089732165027,-0.6549232211644513,1
-0.5010031314731695,1.7303546788037394,-0.7326478436591306,-0.5481756651132628,2.3176224686042195,2
-0.4055744452550951,0.2826108798742815,-0.9773865375983244,0.8382817399807654,-0.6279711646048178,0
1.2301354123553625,-0.6224859836861253,-0.2042027671872655,-0.1142520524005659,1.29030113420696,1
-0.7337671811614628,-0.9871758971840552,0.5545795062807023,-0.0756182237684355,-0.2303030694045417,0
-0.2441237502417536,-0.3022207668460376,0.2684687482131782,-0.5977006583911673,0.7273346560609769,1
-0.753972683181323,-0.3101178078005578,0.7408201820569061,-0.300526064919744,-0.8395788904137284,0
-0.1360394168230272,1.8067737280526583,1.2302441573529386,-0.993310653721185,0.1162078904174591,2
-0.8976566576033942,1.0657472344792864,0.360354292052447,-0.1595744439825428,1.3299435109649735,1
0.1468296222676602,-0.1341003484618957,-0.7647586007994266,-0.4302004193028019,-0.7489447817271984,0
0.4703970879083527,0.3242090450060914,-1.6941002945140766,-1.4520643691114834,-1.1413520192997093,2
1.1630578374982334,-0.2117443400376381,0.9924151291958558,1.1854223972693598,0.2366662387047791,1
-0.5352677725365873,0.998690751094472,-0.1311028601628465,-0.6663094014820848,1.1945913989046628,1
-0.3501755387560176,0.1548922544112971,0.7636944197509243,0.8165672413649363,-0.0607052620998111,1
-2.087142557478316,0.1906252383409626,-1.2309867267249943,-1.5780870289171898,-1.5264074962230447,2
0.5382114360272962,1.342012279385687,0.7967563908934853,1.2740761554334004,0.4928759362052105,1
-0.3554503493336653,-0.2892968585910839,0.58480807589349,0.3655736010685445,0.0065249360653899,1
0.1572939520745211,0.8421025985369314,-0.8147854654776616,0.4293813350030258,-0.2999446411369589,0
0.5912264396497902,-0.8827324973397557,0.4930995942161479,-0.2589303230912482,1.4288100519226872,1
0.0160758767238683,1.145261816925613,-0.2116370100484757,0.6422310682565913,0.40028793241882,0
-1.3864695160162992,-0.5181818555607268,1.278505119108019,0.5282606168927684,1.1775856557934834,1
-1.5374865915869838,1.573287117775512,-1.470953751822656,-0.839915659040144,2.112982961142762,2
-2.1516494861505064,1.6620364353917287,2.370775746732538,1.1703876047432908,-2.3730656673129693,2
0.1544221890959214,-0.339926855500361,-0.4117507838524637,-0.2255511611467686,-1.0828789851698628,0
0.4367236310059642,0.8656625014830143,-1.5035076733818324,-0.6830903747749429,-0.8122016358291617,1
0.8172325413412104,0.3139920556653403,0.7766107079861757,0.8161504350556971,-0.8970439835696687,0
0.7048998373634269,1.1235614960210434,-0.0501938660458366,-0.4190224155249744,-0.1355623295539343,0
1.8582458941604367,-1.3645457857945684,-2.17774748730195,-1.118318032547854,0.3666108202393028,2
-0.1629045783888758,-1.7055279883532908,1.2856293616786656,1.329603821789773,-1.4205338205246465,2
2.1831580292834603,-0.3540413630830253,-1.2343698302344024,0.2373035155892807,-0.7513251960085788,2
-0.5858712886454874,-1.2376482210505173,-0.1649137721035842,0.2979560948919016,-0.3259302722385584,1
-0.0414816177559514,-1.0367428216506422,-0.7148094705468553,-0.6878697863565737,0.8471489587415232,1
-1.0828045721042268,-0.2019133434867396,0.1715704995417385,-0.8026795839867232,-0.697360391724679,1
-1.0587926335945708,-0.4648452022285494,1.335056247573233,0.7533716526425784,-0.5304984657473808,1
-1.3676915881727512,1.0018910138059849,-1.302295863769674,1.1839170563551404,-1.2004441922568063,1
0.6832985103333343,1.7661243406925264,-1.5619423552264726,1.62488084475719,-1.417753972268717,1
0.2976848490541616,-0.4450173642062607,1.132276224839576,0.856845207403902,0.5635838727297965,0
0.3323650266823129,-1.3668719561131577,-0.7520658405127734,0.2605468798598683,1.538316155789538,2
0.7243711095182698,-1.0792997655918777,-1.1926839782491063,0.1306639132945179,0.0307693511295483,1
-0.7201911258234738,0.6763851935837989,-1.1981005873887909,-1.2809351341069977,0.5874808948713034,1
-0.2589217876505294,-1.221314679983737,-0.1931719989278553,0.1046291274117768,-0.1427105334946443,1
-0.1466171914753747,-0.958419260513834,-1.1670652904425214,1.2057530839655464,-0.0829983252202855,2
0.4453026796440875,-0.895144028570885,-0.9331220133558638,-0.0487812005287441,0.5205870665126021,0
0.8861084150082092,-0.6925957968132781,-0.1494065247382477,-0.7191006462908541,-0.7047365013019964,1
-0.0737352169163774,-0.4832040155589143,1.1626651533801655,-0.8607318603741082,1.247527881778004,1
-1.6613803076443423,-0.8627694224285182,1.705671488912371,-0.6774868996341681,-0.493855662791991,2
1.12383833516165,0.7459757806150363,0.0627727815019933,0.7951475108791698,0.5188598135138595,0
0.1619830823032954,-1.702576383918892,0.5707767223823033,0.1236583298660804,-0.034093734028595,1
0.449671679917959,0.6222239076020932,-0.9508470153167062,-0.96761772827758,0.3108752739828571,2
-0.5040868281209974,1.127620971663709,-0.3603435915877505,-0.7316494445683092,-0.217895947432417,1
-1.8319862183813735,1.4383836457633854,1.6333915037718425,-2.570803472145718,1.3399581524144235,2
-0.508423096934528,-1.2259837642899625,-0.5208515831383954,-0.4126724236005301,0.7644321578075954,0
-1.9639326292814587,0.8629121542773183,1.6138104311067003,-0.1990898386643949,-1.237131862399978,2
0.3981171748423971,-0.5053794492488547,0.7785970578288592,0.5084018769376583,0.2975629147366446,0
1.18713185038022,-0.6610724377497924,-0.951400990912148,1.4939561017301577,-1.2035467627422651,2
0.7612836157987066,0.5683661775040251,-0.892373168795845,-0.2548801108719988,0.973613519731202,0
0.1474082982309943,-0.1889020291614346,0.6025473630511133,0.5855905608726926,0.2758593933404817,0
1.4120552476516164,0.0070534155948656,-1.1052304989409971,-0.8764856466787488,1.5511720883357316,1
0.9316419024777104,-1.3537294568025504,1.7364121724420174,-0.4527021582466615,-0.3930737028657798,2
-0.2905512643198923,0.7944290128419131,0.3243520585065762,-0.4571435830244076,-2.44579619965564,2
0.2590442155607919,-0.7190561680129586,0.4829172000136361,0.0376256475468277,-1.0589235146044806,0
-0.0110550604749441,-0.4445242417368563,-1.1265795003834715,0.320304968140438,-0.3320926656795275,0
-0.2003170221721961,-0.017009706502422,-0.4383265448868652,0.0121375185896133,0.1073287845732097,1
-0.6506686175976036,0.6024756296320822,0.5557409221810453,-0.6105825711172171,-0.3634726253968409,0
0.0110761767603679,-0.2552891410346137,-0.928327547574316,-0.014290558760593,0.6757471867701537,1
0.3761130085661154,1.4698781079407262,-0.6912153319452614,-2.017325233780173,1.5490783446571073,2
0.557581741487332,-0.9347969020100808,0.7306620334313715,1.804035166381159,1.5542420156647452,2
-1.921946993148145,2.1105698025093216,-0.7671430098818667,-0.2964633681557298,1.9987919854607272,2
0.5891776284190648,-1.217519758180091,1.0961124727383649,-0.8494984402935839,1.0213384949237008,0
-1.1406611228322248,-0.8761019559217404,1.2329802977065665,0.5453367538822982,0.1829427821811096,1
-0.1300509518899407,-0.6602175715446411,-0.8466078003132225,0.0121445832827125,0.8059804729453947,0
-1.139666071766253,-0.6964175596630521,-0.7152547926927413,0.2642068329822825,-0.3605058612064056,0
-0.1650649606068143,1.1715122017616937,-0.6426360059983636,-0.4925971277840152,-0.8432746001176142,0
-1.071400022255005,-0.3114789920590152,0.352494839834249,0.2443020742925158,-0.0467618039140076,1
0.0090264156349087,-0.8049352665107564,1.542541242861896,0.3640023866457081,1.0606726813329803,1
0.3679755050498144,0.6340426931961526,-0.0132003780291887,-1.0683073564896042,0.841949279226456,0
0.4066436607690571,0.540394248515347,1.1126156009268195,1.540376880524749,1.530368063421732,2
0.857648389853881,-0.4056153215058458,-0.8205711563193142,0.4269720275828746,-0.7119207821832538,1
-0.6156559863356154,1.2526788305656409,-0.2422676079261033,-0.3816197846003973,0.5802193375422247,0
0.1203940855115702,1.3139098132672284,-0.0830060482980443,-1.0061258897486858,0.2690039782462159,2
-1.7830502356850308,0.8638033296063157,1.897479468196829,-0.1790218771848079,-0.8689739660952609,2
0.6141296485596893,0.4564111391765002,1.1272002445556926,-0.9247836360188793,-0.1954243656833525,0
-1.3041714639972963,1.180226969407297,0.0587291857839346,1.61468790024582,-0.4694630588296854,1
-0.6256357498225745,-1.2581918859955823,-0.7521487846843516,0.749243701436672,-0.3189007739129127,1
-0.587684437516558,1.2043450202550745,-1.229128310376849,2.6822918812181284,-0.6944717243297458,2
1.5431215063368169,-1.3441834806675366,-1.1223263454839076,-0.0287315100866429,-0.3433775699068712,1
0.0184089705317695,-0.7478230872560435,-0.4709517033339003,0.1678886644453068,0.2745682581119375,1
-0.2226660930123598,-1.0328782249241857,-0.0423255570836504,-0.4583460733489593,-0.4161044063546587,1
-0.0333480958141037,-0.4841859370713494,-1.0873009493299897,0.8701218161394068,0.0339706534601871,0
-1.368056518803053,0.3329045420883484,-0.8689605361655524,0.6641754877408472,0.6901421197263609,0
-1.153303531457004,-0.2518937454420483,0.6185712290819021,-0.9426670550467328,-0.7325225665727376,0
-0.8710111923316295,0.3167293290283404,-0.8308387458981535,-0.5020074327809599,-0.0592036455096257,0
-0.1288654194387215,-1.5879744031924965,-0.1451116954208726,-0.3911302419494686,-1.51575122989289,1
1.4826914879127082,-0.9924544510139668,-0.8642809578821778,-2.096450877898957,-2.16798815025752,2
0.1409357665029318,-0.4325005920354753,0.1153344529030007,-0.7089256718235911,0.4347404408438498,0
0.1233660904564759,-0.8193522245361065,-1.0911821785774043,0.6531782445546969,0.9379680814661544,0
-0.8945883172342576,0.1103807618158167,0.4877667387451194,0.7684279858780297,-0.0507756316547355,0
-0.8410887333981851,-0.3220470351909489,0.1272593045296999,-0.9605302787787348,0.2193567831561272,0
-0.9431657085923058,2.023021395699667,2.2430583690647983,-1.4494818850199012,-1.201231535188783,2
1.3022546544049314,0.5319330682204553,-0.9163064450175166,-0.2701068296520431,0.5604939720681089,0
-0.5791373886738399,-0.305236796892162,0.150678029592862,0.7201862823567042,1.2021113907797103,2
0.1208273881035516,0.8880894384839161,0.7452231945333685,-0.2460589254759394,0.1010556867609927,0
-0.4181323485646094,-0.4960756567381653,1.0248367305429942,-0.6694742072549574,-0.356756504751068,0
-0.1595545909304698,-1.049728092037996,-0.8349938273876142,0.8407735058330333,-0.2952430175120197,0
0.1334351555676804,-0.6999145699739218,1.1012652011163062,-0.5025671416721694,-0.4489003508612457,0
0.4741530161785283,1.415513761214577,-0.8691692741515277,0.8227301494118372,0.8772117541952724,1
0.9132282728678988,0.0523996508127812,-0.2734969770434159,0.7895975678374573,0.0583491307812975,0
-0.6159443978963778,-0.3026995364987931,-1.0407031278279817,-0.0046348863262221,0.4319460531247449,1
-1.0072058322220403,0.9553219441920114,-0.8761900486577574,-0.6735269208530043,-0.362928758737281,0
2.0925114649393137,-1.676227325796786,0.5516824442014607,-2.251626151632286,-0.1551650674458339,2
-1.5961026636846865,-0.2537240985585581,-0.0699744771916464,-1.1570535088170664,0.4118759482754574,1
-0.2604213226657331,0.4514090892576622,-1.0283713953603466,0.0884602531449229,0.3408232747649113,0
0.0432386100398876,0.7408592865996146,-2.136553994196151,0.7544555209950781,-1.4191228924589327,2
-0.9092578925259996,-1.0973129965347457,-0.6940210878085988,1.297237752802502,1.1409654189864424,1
-0.5012224780570166,0.7070484334723303,-0.2317909250877861,-0.0140792605392873,1.0955104735814465,0
1.1024486998897396,0.561966477722882,0.0163333911741901,0.7752110969259735,0.6921187231627097,0
-0.0446027597096979,0.6673426719714507,1.497717391792877,1.2280323499504742,0.0005900820414123,1
0.3959849601103593,1.1069892738125786,2.192547483526902,-2.6540015306860805,-1.201284846977514,2
0.6722856216713643,-1.3520639270906,1.5043371978188569,0.2249386223327921,-0.6557608957089253,2
0.6215367514090505,-0.0309668771381971,1.585089896396027,-0.7057835996062733,1.5712528162146628,1
0.7728819895477007,-0.0461680191099174,-0.9855909472627332,0.0914036416667349,1.0471434455440385,0
1.1950541023948262,0.9440486915904578,-0.6045381604189792,0.0322833129695645,-0.8851250086548724,0
1.1249731138922865,-1.183145063615844,-1.3931104647741634,-0.2590483597227562,-1.9460894864273492,2
0.5814808708833582,-1.4067309733374915,-1.0224847680647702,0.8131929896563707,0.7703026141399564,1
-0.7016988229287713,1.0555369185211736,-0.2173849052159812,0.8068325763644832,0.1743889271972441,0
-1.837988330939254,0.2032269662870366,0.337598132374013,1.5554525021279844,0.9017615743519058,1
-0.9432875269915572,1.0758136377331309,-0.9832779213155004,0.5504254687648723,-0.0229757407745224,0
-0.4093777997985995,-1.3042830468836553,-0.9414320248236916,0.4677556799861382,0.6757395895467585,2
-1.888472380065952,1.9038217916586064,0.5383599121174913,-1.2396034468719703,-2.2964007791460883,2
-0.6877917885490752,-0.6269792539124651,-0.2753473668851799,0.7186658780531766,-0.4060007814173304,2
1.8346454490950137,-1.41266931316281,2.1769820673097806,-0.5467580072069838,2.247707329252753,2
-0.8199577608323636,1.1855636279261157,-0.0706666134371699,-0.8085441815059167,-0.8736916763524156,0
-0.2554601611531168,-0.9217753631859484,1.0296679012226928,0.2556728026306715,-0.2897453690516609,1
-1.648646507493189,-1.4435837028828755,-1.0787750451786895,-0.8319612851488467,-0.8931342776644812,1
0.3204868892970636,0.10708655621729,-0.7357635313352288,0.6979544949725356,1.2523264884689251,1
0.2567241328493629,0.7068252111826884,-0.8368697498425227,0.2486595043144734,0.4121319278009362,0
0.9308298475954516,1.4059758009974477,-1.6493111056314242,-0.3345663435779882,0.9459575862938444,2
1.1029613616864828,-0.4969409903326029,-0.2072740950487139,0.5336746188243247,-1.689100749365746,2
0.596000242547531,0.4925753163737642,-0.3090358961900826,-1.831832712088345,-0.7993135153790583,2
1.124591783282247,-0.4249857777443282,-0.6438453114362419,0.4209827224603211,1.0034800540455302,0
-0.4705137631763431,0.7579984268240398,-2.1358360976718176,0.6785261800516561,-0.3451914521163923,2
0.6685624438773405,-0.6357006182253402,0.1441234331409063,-0.7480728615378627,-1.0457732631060792,0
-1.7690395728780242,1.788358755786254,2.344662709178749,-0.4614455716932054,-0.480852648483331,2
-0.2954125938748604,0.0001239863729892,0.965987638072184,0.2228096941138248,-0.2714003208502263,0
1.1375538926052813,-1.6600225346836806,1.5192511001085505,-0.6202096208843861,1.6149913956897426,2
0.4441788218437401,1.7068895466105058,0.5174187366104259,1.048926634036201,-0.969145917087788,2
1.2228951199819689,0.0858098157082771,0.8592385335899494,0.7982521519008408,-0.8753129807969673,1
-0.6581645025704562,0.7335346094012698,0.7901320218986061,1.6827283701885207,0.1553825430011658,2
-0.263316704069997,-0.8201077439602201,0.4080558070511451,0.1618735845845195,0.4490846093188765,0
1.2324806423318635,0.6410897109284549,0.1293364135891864,-0.023920616605503,0.0291056212121006,1
2.453404660469888,1.8157452764400823,2.4700448738441425,2.259994493291805,-1.966258522114136,2
-0.8870146514469888,-0.4740263475918308,1.7247835729565353,1.5583239150334924,-0.2693723848702553,2
-0.9914171931538296,1.3141032290715504,-1.291517470612815,0.8620791197876345,-0.5642772624734438,1
-0.6816107264131932,-1.344513417041716,-0.2326960188724774,-0.7042746087405044,0.3477710955135022,1
1.173757499623847,-1.022650352979301,0.9811370859502774,-0.3233701161165956,-0.91554404632429,0
-0.3927393150693122,0.6086238816772443,-0.3199653096808349,-0.4543395755362736,0.7969312685952313,1
-0.1676933081395686,-1.343060793728689,1.3278886077296603,-0.976418725636738,-1.1143030310108253,1
-0.6372955235668365,-1.0403621340747404,0.1308259931569121,-0.0283683938291774,0.5952858477801202,0
0.7738306342039105,-0.0909810089352846,-0.7790047729039468,-0.0284758407116741,-1.466544004930939,1
-1.3078097038003875,-0.260595096566046,0.2403750260642968,-1.1170962356166738,-0.4212024070446343,0
-1.534861267397378,-0.7297754637729603,0.2472457688576176,0.411875553171479,-0.9473745997088832,1
-0.5501919896334656,-1.5507209846735697,-1.417513096327334,1.3980164857103352,0.50974040125113,1
0.5656170013305376,-0.7014969162840904,0.2349412367916638,-0.1083704654061353,0.6506477929623924,1
1.303120569243588,-0.8165382288485451,-1.0197917186573908,0.9444008407682012,0.3566873386405773,0
1.3602959778169186,0.2427473144589615,1.0810586976826728,-0.8144258417987463,-0.4734807168262914,1
-0.0543028068088076,0.6055972711441617,0.2568955576055659,-0.637691487945353,-0.1432215018955261,0
-0.4755718357407051,0.2919898289580352,0.1845869469844522,0.5417197051363912,0.4445783098124491,0
-1.4036233230337982,1.4841605009797294,-0.6765226640961419,1.3114164794377177,0.9018667485257056,1
-1.24780505332128,-1.5993438925645778,0.9674602444599414,-0.3787349479303378,-1.334069373369783,2
0.5772910743017305,-0.196065622121369,-0.4374331068020353,0.455545522074178,0.2944071287968337,1
-0.113006997689776,0.4770443562812302,0.6534614001818891,-0.7914209792250696,0.0530722805915683,1
-0.3296868110356779,-0.5245963875441383,-0.2605954547640951,-0.3084916520866787,0.0140215958581871,1
-1.270774582915235,1.2767154115878383,0.0793144894420692,0.4920057579076612,1.1364276688776216,0
1.2850297082646251,0.3481761728988113,0.1528096873973862,-0.4014950019802107,-0.6306190796221935,0
-1.023618200468659,-0.3480416740412921,-0.9778757193938302,-1.0076449825843978,1.056443878188165,0
1.6685895669223887,1.5604330975073248,0.6453501614139001,-0.1526328048162327,-0.9290259262233288,1
0.2492425427512198,-1.6908714599836745,-1.3112514118854572,0.846146694054677,0.0360496863463008,1
0.1620419382227987,-1.4694241728783626,-0.4056003373975263,0.4082904162690351,-0.4390008116707425,1
-0.6977628617932445,-1.005253508649086,0.516486896504694,-0.3512217859643466,-1.338631521623812,1
0.6953357904203563,-1.1087747503292409,-1.010286102179758,0.3294308682487949,0.4445187790566446,0
-0.0028497440431066,-0.0198963853506001,0.4458454036522785,0.342814278253351,0.3584911413564251,0
0.5046585702258582,0.0491112463921036,0.4020537595276159,0.3639032087503892,0.9736259415622748,0
-0.3332079854715714,0.4017604341930768,-0.1171620367186895,-1.221485800033768,0.4169644231507262,2
0.4131973268275226,-0.3643802925003603,0.3502369627417037,-1.0394986617212307,1.1007376993707965,0
-0.5723607091383897,-0.1221871330353065,-0.7743429709746894,1.877752423945314,-1.860171299544458,2
-1.2826484186984877,0.334598152575173,0.165531941124999,0.7411393716049289,-0.5307133542287177,0
0.1926297457859583,-0.2030629259027882,-0.7894917802245502,-0.4342086465960942,-0.2462491337014825,0
1.5549968977403523,0.0482766778263307,-0.4268307327579386,0.498743876987801,-1.3294130058566067,1
0.0232107286189411,0.8177189097853452,-0.3328341294758074,1.304539193596303,-1.2188596378036307,1
0.0368495647043664,0.4835657832262603,-0.8895860324536287,0.6640862929084154,-0.3324100558054185,1
-1.2784368435085105,-0.9243892534615412,1.0762425647391916,0.3587270258427482,-0.2515565828614624,0
1.2310424529160573,0.3403331441266822,0.4570995524486093,-1.088789732117439,-0.1012892916074711,0
1.198428769741245,0.0797111028621586,-1.1746364390177984,-1.8093769338072525,0.582072302133981,2
-0.848113570362618,0.6927873003476079,-0.3225007410718031,0.6227496570698623,-0.5187006844054656,0
-0.3550505709481223,1.2584532976259508,0.2741128772759817,-0.0290685427602403,0.4939096544944575,0
1.2216919056470457,0.81788156215891,0.1269333059083444,-0.1693426243591107,-0.3919816715777626,0
-1.3256889347789829,0.1059448315028917,-0.3167159929311766,0.4399568465492409,-0.6195553635142143,2
-1.5320063631764909,-1.1490702302776414,-0.0219581534742962,-1.199855379327409,0.964920129954114,1
0.9829544377305774,-0.1907696827121263,1.7116218376368562,0.131973395344342,0.285161196119324,1
0.2337894845435417,-1.2545845895016514,-1.0461718998195193,1.453214956157551,1.1018688251525353,2
0.5121052823003353,1.769937609083159,0.1572531566042585,-0.2013213039864087,0.6088959310193065,2
-0.7016081580278011,-2.639173826418692,-0.9122119062052828,1.81843683088169,-0.5523444705381577,2
0.2454484631559562,-0.8692663373566153,0.0840137593921771,0.9505794682075148,0.4724722454408551,1
1.0032691268538556,-0.2956438877046295,-0.4531778864902417,-1.0188002204754272,0.8121211200810988,0
1.3199050461020403,-1.258343006444596,-0.8118478729875088,-0.2437986917343258,-0.1516987797934971,0
-1.0716562418368552,0.7027317760471523,0.3922791112001679,-1.366239572435986,-1.301262310132484,2
0.1686954256640818,0.7036980130151022,-0.2852440124133535,0.4997548190797997,0.318267230351821,1
-0.5080995037527627,-2.241171335889726,0.7201545600458988,1.946473310789414,-0.8601845389907281,2
1.5368319551912897,-1.08905360610468,-1.0873282242257685,-0.2602136764516979,1.1925086839355896,1
0.6864969825645253,1.7661675697253882,-1.5719708137627997,1.6379229239971729,-1.4250754609294998,1
0.5840222511997996,0.2549964333904992,-0.3390986053858992,-0.3907024654340686,-0.6221187170500349,0
-0.7024412428672747,-0.6627924740731943,0.3450721881071886,0.0486761890259313,-0.976570736767166,0
-1.1679780794645556,-0.5985058838636764,-0.3715344325272782,0.7496770133921482,-0.6862420683902167,0
-0.8495158663582641,1.6267609249544284,-0.3475529154093913,0.7029548763338856,-0.0195184609965829,1
1.44026627269676,0.0599163540303105,-0.9774558709117784,1.2383730081084785,1.060499712850443,2
-0.9494538012535952,0.2557220144120422,1.029501507470068,-0.1921019321515638,0.658973579175551,0
-0.1478042044646265,1.0342785524477331,0.387161579436432,0.9882221889117772,1.210570403428382,1
0.5042733989236011,1.3038971271006028,-0.8298909266775014,0.8819140005497472,-0.7948587292631338,2
0.0276419744874211,-0.2188993616414102,-0.8950288159330001,-0.2253228689428094,-0.6260245417462668,1
-0.5186482282379681,-1.0268404838772278,0.5593565389521193,0.7104176819689664,-0.2558587672795919,0
-0.3705806874164827,0.2682519519186462,0.3461147356389304,0.4823882771447461,0.5228065155720801,1
-0.9154312330612422,0.1701317377142669,-0.4225383171216064,-0.4054830406135528,0.8801177978980723,0
-0.979015401830714,0.0031362769798126,-0.4354131338138232,0.1920200278982926,0.9342466126296372,0
-1.0505737796043797,-0.6137649568712679,-0.2660021986549595,-0.809013662814651,-0.3352615079148944,0
-1.22700867684973,1.3720596355705867,0.8316880220923726,-2.744273246255465,0.683902224357337,2
0.935880604923081,1.7679109013549594,0.4012047258905783,-0.129135751909206,-2.550736453823745,2
-0.8072949649619514,0.0870670320370138,0.4865857971251058,-1.0854152061287392,0.9646839618470656,0
-0.0081548009022654,1.3896384876667855,0.4531309713531057,-0.5837234606019651,0.7270553286196038,1
-1.985613407682419,1.7576833386130026,0.6086450370829328,0.8381126651416884,-2.013898657259165,2
1.060085655889397,0.1647939723473976,-0.467269589432831,1.55979345712076,-1.4396754908384397,1
-0.0623191659517036,1.0804536275371697,-0.2465466028863523,0.4784042072640131,1.0608387346554538,0
-0.6136668575100983,-0.2890502048322594,0.3266456442909948,-1.074031094093482,-0.6214479315837106,0
0.1154256008544374,-0.1770000880654687,-1.1184255318652292,-0.9739031746757232,0.8765215738763947,0
0.5244060003199467,0.749434335888427,0.0027095111593326,-0.3298199004124141,-0.1966832918841809,0
0.9619295513688834,0.3985355367245236,0.6312880179325813,0.3944995740360852,-0.6139496039931922,0
0.8754364803534141,-1.0854162439605357,0.5292410895285595,-0.8967452544415333,-0.0418118823949001,0
1.718443807931572,0.8726838815063934,-0.2115675187303704,0.3902709856594242,-1.9121459079711476,2
-0.545782304451269,0.5490837626940663,0.946442178071796,0.1104897760053465,1.0130446033660638,0
1.5662774807091382,1.8049514036369163,-0.1096281804959169,1.4948367868887034,-1.3650191385501664,2
-1.967131883812052,2.2305491904511645,-2.3654556465324363,1.576917612696482,-0.016964581051195,2
0.6845162607603346,0.5660186742296008,0.757934527668997,0.8375643389228421,1.0713052327493076,2
-1.105248043091998,-0.5177615151170809,-0.8022889261929629,-0.6746198726640557,-0.1768752709704223,0
1.1037777946463312,1.1952778786071674,0.7233144471166435,0.7948108043731404,-0.6170586739866379,0
0.4771141219676325,1.0142772195072545,-0.3492541159794704,0.8130323638287581,1.0987429602809702,0
1.677338018611874,-1.1299567373233266,-1.0016894949018078,0.9794165066427865,1.608024884271375,2
-1.853618275640748,1.5538496777570927,-1.0178435744415135,-1.2722878520518737,0.3958010344049467,1
1.0927061486570535,0.1731814848908822,-1.0648895655292323,0.8352196116120026,-0.3920540975314999,0
-0.5305141527894269,0.6046589340946446,-0.6203049139056294,-0.5742148489581681,-0.4327703532082693,0
-1.362775730670983,0.6791000204720065,2.4682766375798098,-1.2223683995039245,-2.100696563501695,2
-0.092239299074389,-1.5659133733851265,1.582907306914141,0.0201650635968968,-0.830774209203402,2
0.7145640135569248,1.3691679781884811,1.2875359429976188,-2.44011961263335,0.2037545932246247,2
-1.4267486074521285,-1.3283890969652472,-1.4782326190574124,-0.8311713038573023,-0.2120133600429402,2
-1.3793934109643806,0.4944578186006438,0.7441781255260222,0.839831470325968,0.2112136309555512,0
-0.8659350512324989,-0.5270271138904213,0.3708998656728796,2.07544019782935,-1.5080036001759358,2
0.3694246134340462,0.5315697107095048,-0.2575069302821514,-0.5141887343586272,-0.0670472145040686,0
0.9555469817791068,-0.4661055122479314,-0.2539918301727991,0.6489532339980686,-0.7746934596970413,1
0.7201793244257517,0.0431182834852782,-1.247913726410527,0.0230670497769236,0.0039734514969454,1
1.255006791641945,-0.8342472829699358,-1.4280970413664151,0.42071614553589,-1.2200979755897703,1
1.2726909706473533,-1.1830567574612745,0.4015765864206216,0.0257386839441925,-0.7916553015893373,0
1.235018262288541,-0.9375106220830142,-0.4590894183854677,0.2393457521327933,-0.8912443116440473,0
0.5744170795467157,-0.0813088043694457,-0.6343335017413297,-1.6030272345180885,-2.210355882466714,2
-0.8322969336277689,0.8737397142848791,1.3415037422877554,1.2227664800063316,0.7623530262202218,1
0.1408208374651079,0.3376936131564426,0.2731851312774087,1.6005190635383524,0.5275945107125396,1
-1.606938586924108,0.6522413093852908,1.483736860527988,-1.324073783556805,-1.0142682501986766,2
1.5525770510217345,-0.6198499305439752,0.7159561508550575,-0.7891340654265661,1.027832231300427,1
-1.8838408718369404,0.9699655301161334,-2.085954099784602,2.038389951542495,-1.5282089292288936,2
0.8040491002258143,0.9770765158136624,0.7497180941422373,-0.661643166710998,-0.1015268210579421,0
-0.9818819502071302,-0.3796837062546472,0.5871169585198733,-0.6988118965264761,-0.6789702209552653,1
0.6170569979524547,0.1923238898766406,1.5694658773468912,1.36741396414517,-0.0115866123049449,1
1.074890146645865,-2.44005052999985,1.9747046041246987,-2.886407617477708,2.529472707621904,2
-0.606168986779746,-1.1216905915545832,-0.1049573626814979,0.1778902195280268,-1.023403623174309,0
0.4011595896254938,0.5314520743221117,-0.5772341930600771,0.0908997660655729,0.9019886237925728,0
-0.1413423763158988,-0.0767952190239224,0.3806157631127331,-1.0199840330141128,0.2579436883094557,0
-1.7403085465281436,1.1922600035716688,0.6762318652745865,0.0422470523145727,-0.4764120603308515,1
0.4756583976885173,0.2029656795959769,0.7604586857453818,0.4480650944937013,1.1035268686345552,1
-0.4155453209248759,0.8101357780291736,-0.8951292029779355,0.3023028275194311,1.0970100143487196,1
-0.7969804391400848,0.6474860438423078,0.906370050338879,0.5478331026066419,0.1736383795312847,0
1.513011266778488,0.0794439653292452,-1.0151784896244602,1.0777716164163509,-1.3015755656137986,1
0.306962427260921,0.0804097999160812,0.8073079988958424,0.3889788749657907,-0.1886286403502897,1
0.4066636112038652,-0.4840373470710172,1.2289836248698438,-0.6643581848759418,1.0400612386969752,1
-0.929697703620196,0.1321947094677819,0.4096950741285893,0.6294558950246575,-1.06697324990957,0
-0.5276488416608581,1.06289834870257,1.6591207982888594,-0.32336101508092,-0.0429078563862068,1
-1.677748428562492,-1.744315878095977,-1.4035588938206809,-0.4525125925180744,-1.1583338648836268,1
0.7816363739394215,0.6608486951393256,-0.9322389825512352,0.7312268594017799,-0.9653063486085468,0
-0.8970527723457833,1.298472451729806,0.4524074943844338,1.3327374044380562,1.4933857811384814,2
-0.1058095449349147,-0.6890330879248664,0.1839505115927508,1.0182318726601172,-1.3720942352473606,1
-0.8086566929906978,0.5106477966651288,2.527060776348676,-1.8100345036305547,1.703875141355503,2
-1.083458794008677,0.8615071787799286,1.003875357676071,0.5932045512603448,-0.152959835991798,1
0.7310734254796846,-0.0321800396427415,-0.9623574128434402,-2.7387134219721734,-0.5840677577331073,2
-0.8293280163085719,-0.8543328673297957,-0.010286957336472,-0.107775104718886,-0.9153980474913492,0
0.2868332545211868,0.5747757556556068,0.0225015613833242,0.6270812479409064,0.1286249351116691,0
-1.8595014700761885,0.6957194332443546,1.1633334361431034,0.2317317715230175,-0.4653124632501506,1
-2.028274514474218,-1.0346380797384611,0.576849114634421,-1.04677736051297,1.2515490555357422,2
1.511733221501513,0.0793921793372918,-1.1461473259635278,0.936227020175142,-0.2019153737631542,1
0.5650196337182969,-1.512756531916203,1.7077198794379629,-1.6244618872032557,0.5321627254724217,2
-0.5172278812257701,-0.8169828397552653,-0.577808875680747,-0.0111481692893249,-0.5695082134044939,0
-0.0250522527290791,-0.2449624637546635,1.2432227594935925,-0.3872523229332709,1.4449136012904686,2
1.162167783158508,-0.7330561260421131,-1.078392481548597,0.8622366135278796,0.8876672685497554,0
0.1178074477387671,-1.0131306489818317,-1.4646510334161504,-1.5480647658696158,1.565213768177777,2
0.9410719436008146,-0.332017866166982,0.616638731879635,0.0834702588396088,0.7072246706655172,0
-0.8004670996378523,-1.2382319883814727,-1.049147393226494,-0.7049863248087244,-0.2281221496725801,1
1.1423716296984892,-1.1013467704761952,0.8192994215886895,1.123874376542612,0.0522840995886874,1
0.2913337515809092,1.0651941339390314,0.967424574010357,0.1499270358838535,0.7217169210826441,0
-1.3116877065705626,0.945148894912464,-0.5771644305800488,-0.1334394657652154,-0.2392445706310473,0
-1.7943073551807716,0.7039722508100761,2.0597504593605214,1.3457624444887242,-2.59410153124776,2
-0.1758052032162522,1.80759646927837,0.9216995606714328,-0.6769042214366507,0.5094245503903923,2
-0.9662614321119932,-1.0140907161590866,-0.993705275379178,0.7290800317446137,0.1298782766483369,0
0.1214903887386459,-0.2301750278386834,-1.7192885568348075,1.1178020212837847,1.4045758056975326,2
-1.5985687334816738,-1.5093192934448791,1.4652156807956287,-0.5502468622828485,-1.3686480295032708,1
-0.9622729883914396,-1.2423499530942292,-0.0369506001741823,-0.2675504485703012,-0.9335756734269668,1
0.1890978429266124,-0.6685847290164031,-0.0209579753330199,1.4680879263457265,0.6653389997282411,1
-0.351200538712793,-0.7652751073550086,-0.3674869338416826,1.1700540397083807,0.2887813021176718,1
0.4020255332254776,-1.585341259832238,-0.851987654871605,1.5795343259127594,-1.193700954164709,1
-0.4950274442937074,0.695032458703329,-0.2285394409496095,0.3579200713854701,1.4184259171229046,1
1.108194468110451,0.4997098107647288,0.2421477367791767,-0.1952102796451743,-0.872327363404659,0
1.1475444022297074,0.9236612172158888,0.3989468452575715,-1.119283258808291,-0.9477845115375192,1
-1.1149406535692057,0.678023168623364,-0.6297147181867734,-0.4098506139188521,0.757783969617968,0
0.3032227742746725,1.195878182510544,-0.1221816666327163,0.2879750434624832,0.7619137866631917,1
-1.120968156067635,0.1163248860708227,-0.4433626707832409,-0.1193002280334737,0.003143407138,1
-0.5095244553270424,0.0450048381094431,-0.8541432581935617,-1.0988615683278402,0.1580465867077873,0
0.3767369577182093,-1.6114513358098186,1.153349689095651,-0.3887131846139292,0.1918931181654778,1
0.1767281133398713,-0.8642449578645013,0.3100034982761617,-1.0503209543808567,0.1830545900153199,0
-0.2199687953857317,1.3973687933976786,-0.85104561496824,-0.1224416957272755,-0.8119714866999901,2
0.1121137206710026,-0.2749940488128086,0.0611181960585203,1.1349312574017925,1.446116262385309,1
0.4509303723999375,-0.9381897965331938,-1.048057283072087,0.9822742439745508,0.568143521490124,0
-0.3921438640848558,0.3258990777465078,-0.7230337231129542,1.0959856740002345,-0.9115387508485432,1
-1.780592220270056,-0.978825152509896,1.9324185565856948,-0.7706635605263841,0.5303355228704614,2
2.334106945935629,0.5292775252167164,0.8233789105362147,1.280682606237669,-2.4939966842411376,2
1.237764064781894,-0.6545481292367471,0.6712696031807017,0.2360485643177561,-0.2213517996900838,0
1.0065829573255107,0.4135575588540788,0.9356336258183476,-0.7390464394292111,0.6630531694730015,0
-1.3201541865004145,0.4722268021269186,-0.8699773616136391,0.3488256745673473,-0.8869454236460772,0
-1.1022120734882108,-0.573629534673049,-0.1292693820842115,0.7431926969883419,-0.4500723137483425,0
0.1797873578076865,0.4009496071682774,0.5120901935243155,0.6258127503338555,-1.062960834009924,0
-0.2912889093034261,-0.342657682596363,0.3742735771835664,-0.9419769049017984,1.010503906534172,0
-1.463224845264997,0.7994254657049088,-2.061447621622158,-1.242010689754398,-0.842649633898337,2
-1.163242277600846,0.0670224097112068,-1.1239739296708262,0.1446945053724095,1.108074535503626,0
1.2692460405248105,1.2592327731585549,1.8223103353047467,-0.4064531891393731,-2.186725159773059,2
-0.3228670690722208,1.73052260670464,-0.5664953967966668,-0.3621352265626602,2.261893679228215,2
-1.416352754976852,0.4090482781701477,-1.0985847771329136,0.3921671683926753,-0.6636960260268029,1
0.8644985531910131,1.0898325195334797,-0.1968389513119972,-0.5704230062251398,1.082231151397442,0
-1.2917399434620902,-1.4666530733664636,1.659391390853425,-1.9156774565022023,1.5613336939407358,2
0.9637732421105714,-0.6621124676765439,-0.0963543079518529,0.9455891857540266,-0.7886659236282271,0
1.1453884930801543,0.7108102655833036,0.5432999695025938,-0.3525904105542881,0.1469598440605153,0
0.8367986698901508,0.9287801978840328,0.4039288184508931,0.1674780755442035,0.7106860044223922,1
0.1495557640515181,0.2470155630918868,0.7162559177664702,-0.8055446609605119,0.9681809240779076,1
1.2847789070230258,0.8149213780146304,-0.1541787015397177,-0.429059106931852,-0.7899678961117695,0
0.6041524215005895,-0.3428705489014266,-1.1854764950490444,1.33635345775157,0.0883005808672083,1
-0.6461647357716065,-0.0105952805869998,0.0440352128696989,-0.352390273974102,1.069993313368704,0
1.1649259247400976,-2.026921215427279,-0.4431261376175285,-0.0128113920932452,-1.572391083431691,2
-0.5654269755058168,0.1185481493665386,0.1236704136755069,-0.9880071569256031,1.098964972422623,0
-0.705639919618956,-0.7067197043513022,0.6593426843608884,-0.2015711784796778,0.7674946466301249,1
0.5388301129440489,-0.0518724479487388,-0.4992213565149596,-1.0522466631494825,-0.7462056153488761,0
-1.1919681066331596,0.0202160101142118,0.668722637742755,0.0573449126665203,-0.3636224183848885,0
0.3124204741046686,-1.0378438878974188,-1.059585602848267,-0.974236961731116,0.6158393876616981,1
-1.173610838754933,-1.2758745543268148,1.024233220636864,0.5086838024331211,-0.8383522614822398,0
1.2250186071993778,-1.2749616564857966,1.2519785604851748,-1.2890470377286252,-1.2482494789254772,2
-0.4335377390856793,-0.5054826259829731,0.7161242648316788,0.0770607373541567,-0.6487175779126007,0
-0.3817356637355668,0.0321046756867111,-0.5736376232688922,-0.5427709722076769,-0.5873869271453457,1
-0.2448531937623945,1.1300599809987548,0.6996120313276779,-0.5172134509496342,-0.5463747769390742,1
-0.5584556198204972,-0.8040407936882947,1.294836065487605,-0.0050917802810946,0.5673941383456311,1
0.6303048337321058,-1.7486112896327914,-0.273174892413819,-0.1967353421799847,-0.0131469708326406,1
-1.1131276351047374,-0.7738929913475997,-0.0803774057655618,-0.5687494763781658,0.4030696900177036,1
-0.1510689746191413,0.2625925924217984,2.143005368812995,-0.0471347697087344,1.6112835809421804,2
-0.3928350187481202,-0.9509858155370174,-1.646175374709022,-0.7880109202785878,0.3818068339633294,1
0.2421115142656133,0.9670294468433334,-0.3711916228073273,-0.8460356699501896,-1.07401476411655,1
-0.8396371235210845,-0.1564901380193993,-1.529664111123997,-0.4762378441888108,0.208162808655904,1
1.084277689326873,-1.2414363900754573,-0.699052338905266,0.5826022340107688,0.203322965385767,0
0.3330283388547838,-1.627738906628775,-0.4614751420690796,-0.4391648313603832,0.7201663061815831,1
1.731843123597676,-0.0292591824377896,-1.4881948906308262,-1.2090300359930806,0.9670898370787362,1
-0.519818163330328,-0.4150150941788019,-0.2072225031840217,-0.6436791791651553,-0.65115593497233,1
0.902622987673533,-1.0818420149959596,0.8508679164987926,0.6794865643433334,0.2784040442330435,0
1.6648565676835276,-0.8678181995131513,0.5863864631384642,1.1349154399595656,0.9246018335016092,1
0.6557097098181565,1.501478555470792,-0.5915064885383665,1.0108627023769157,0.5296574586910134,1
-0.5901424973091377,0.7214398762658814,1.4332674048871317,0.5180385763291454,1.0512434660545664,1
-0.3717464225566136,-1.6602532578749665,-0.426130723047537,-2.2099803586158853,-2.0050421568644143,2
-0.0034001644326621,-1.0134514292459873,-0.2476678493821855,-0.6609834316909904,-0.0462359242110363,1
0.732530146360712,0.965223705699333,1.0146861233024422,0.5834829253425413,0.0756840724866594,1
0.7234531903564365,-0.8232409591379165,-0.0924933670810667,-0.6080857234381913,0.1381690644177903,0
1.1588891295689718,-0.4095898395144766,-1.1217016951747587,-0.6824739375177898,-1.3879704933250017,1
-0.5262465157678937,1.0769182250571467,0.2684874380084497,-0.6476943775143325,0.6348187929419566,1
0.65025183185414,-0.054552241633847,-0.9003238904095067,0.5563920407590554,-1.2063244748308155,1
0.3291314544865789,-0.050405473062049,-1.2293435154534815,-0.2054658740588386,0.0657533292343895,1
0.1120014565566076,-0.1305568047681942,-1.5967124875671803,2.4165092420857563,-1.8598495353268027,2
-0.5920165195236955,0.1696456816966255,0.1678085156549838,-0.2889387171895456,0.446919585958335,0
-1.3927069107900407,-0.9380959543083168,1.2976374251763714,-0.7763834208540061,2.4509314250023397,2
-1.0626293084691851,0.4906450114158529,0.1559090276334054,-0.8054404460487763,-1.199773407015691,1
-0.4487757987381518,-0.2335746257913799,-2.4040653235126226,1.3992525019763633,-0.0500495223085146,2
0.6641529868439994,0.7269810670628636,-0.5027269264136537,0.2897909518207788,0.2552336325577302,0
1.3584442870582003,0.4432698138104418,-0.0603758403590102,0.2164485931226857,0.3789456065426832,1
-0.7538771328931159,-0.8841759432968245,0.5885337438425021,0.7741794371533424,0.1742735349148875,1
1.800196387981761,1.647856268801635,-0.3545778298535242,-0.0332491484877145,-1.4232174698134723,1
0.9174389452376308,0.4461912218542024,-2.1721464397818138,0.8690706529514489,-2.439609012451054,2
-1.767567992084155,2.023028027241391,0.0436995038278429,-1.7592180030078266,2.1911659897249045,2
-0.4220414313010207,0.993499815218912,-0.8178333770106214,0.5813716378471728,0.7213572802968796,0
-1.076446308145477,-0.9361486484829128,-0.5311780343860557,-0.7797166360028263,-1.0054926987781698,0
0.2589751445554415,-0.1712287283592587,0.3286514905933256,0.3280089810285367,-0.2921036687966432,0
0.8478330194423254,0.0452977215413239,0.5697186217767642,-0.4466250334799563,0.2183469311997864,1
-0.6151326834766578,-1.06842213338349,0.8036716285734457,-0.4798051514705859,-0.2069226162227537,0
0.351002808379688,1.4921373184467857,-0.6456517125646651,0.15090538900482,-0.5723747986418445,1
-0.066349201934296,-0.8771277346962085,1.422480428935908,-1.037799174498771,1.258332217088298,1
-1.1760921614040545,-1.1452262002878346,0.367801234866452,0.5289307838705407,1.034323354327188,0
0.718210050089159,1.46574425535142,2.45684085374639,-1.1698961613942616,-0.9636678449089257,2
-0.1417932503045669,1.175767410506985,1.434892746312347,-1.8979747531340472,1.8341581037779209,2
0.2855048178305126,-0.5547237452797893,0.2730632177498339,1.6774789877959382,1.44490989982805,2
-1.6335895351358916,1.5645955603937192,-1.070756602194572,1.0847380876351211,0.0351583097113541,2
-0.6035843155600289,0.9385310389575496,0.5000014595809512,-0.7880927313102462,-1.4408281757827666,1
1.1806756200667516,-0.0463197421101781,-1.9852825443019644,2.107471319577064,0.6334423044077673,2
-1.3616606109223566,-0.3672022381839161,-0.9262512496833256,0.1342214250757717,-0.3698657189102683,0
0.6619665078847339,-0.0465890850964822,-0.0483134362195421,0.4161123519033279,0.1156606427853306,0
-1.3072111273587388,-1.21439804575527,-0.7904788614748498,0.6816941049616905,-0.6961421075892993,0
0.2481144198008324,1.8466484968487105,-1.6346576756665605,-1.2392213452396257,1.8008747193091534,2
-0.8209381204228732,-0.4181173214296751,-1.2970124578785929,0.823357760114975,0.4009383586689072,2
0.8298651881562141,-1.475531268505504,1.1082698619679414,-0.2722326518645015,-0.226594453854999,1
0.9138137205199932,0.6692208589504453,0.4878922437502805,0.3049312753690178,0.973696153895286,1
0.0307122151404591,1.3977909745339063,-0.6538578795789997,-0.0586268395722391,-0.8161020717924792,2
-0.718710884254256,-0.2953523082928556,0.94168402117625,-0.2854255427006093,-0.9079217390532948,0
-0.6162024299024366,-0.3797330783981654,-0.7249563009331066,-0.0344029196796222,0.914725101397958,0
-0.4719823076216094,-1.147784557817892,0.4362687372411532,-0.3300743471319486,1.0131032629225625,1
0.0882030084545287,0.0965523687173371,0.2037770896678496,1.0360258529939244,-0.4130685010245691,1
1.743648620863553,0.7373106695794286,-0.6189087364423167,1.7440333343797034,-0.4352687018400904,2
1.0954181507360954,0.1197534426087643,0.3362552110433103,0.4335364603334236,0.0983288214149591,0
-1.2251395530781932,1.021813651254035,-0.1688280739616265,0.4694512121750044,-0.38469502980517,0
0.8893909477110625,0.0488359342046775,-0.9408300037361652,0.2851622055408132,-0.6814181767673999,0
-1.5724305745639942,-0.7735465987471605,-0.1356505583386106,0.0698592443911276,-0.0731500773723039,1
-1.2983771173759302,-0.7221701604883191,-0.385907547182647,-0.8224853302639588,1.0153949335381185,0
-0.3465475696940486,0.5461736632876311,-0.7342050942589816,0.041744965118937,1.191012991382938,1
-0.8826663090522873,-0.4308146721669845,-0.4431311042472305,0.5952780045113444,0.4312942434246103,0
0.0937950068914615,-0.0792102958783617,0.2128530308995493,0.4253159388036474,-0.0346873700679038,0
-0.2951716787659198,-0.5834902887438583,1.261110370670094,1.507727664380398,1.0433992407756587,1
-0.5002667188226381,-1.5925022069918846,-2.148806113958477,-2.2962609106156173,1.5515075050256502,2
-0.6628778704447631,0.4452489058951608,-1.2628353726589314,1.2115374837081054,-2.1847351721854724,2
1.7450405283148354,-1.158292919896929,1.7125550483495506,0.535785161569274,0.5242775167025547,2
-0.0555528147113749,1.3596910210055195,0.6373215082726154,1.277028118616962,0.9620162557302088,1
2.2285746183635857,-0.8169303529830799,0.0489157386361823,1.5215175827817222,1.7818578618652636,2
-0.6956758760597035,-1.413807591823418,1.1706348835386364,-1.307974173088275,-0.5675468202129428,2
-1.0513873741446451,-1.1833536585533195,1.143443002128187,-0.6414163181640816,1.0866978664760207,0
0.0979788762731355,-0.4515174372459852,-0.956197710390616,0.2674919147118534,-0.4098769214443596,0
-1.0840951846231186,0.0994726534028978,-0.3416303778830276,-0.2429247011445975,1.8006709554876927,2
-0.8898998761757343,1.2560428646395774,-0.2079748559199222,0.0038429840684156,-0.4760829515501462,1
-0.6972522166957638,1.311952087192768,-0.7839609510545961,-0.1294459831655871,0.6845873757198782,1
1.434308015944407,-0.7486951588791635,-1.1235095186514306,-0.4687870210509174,-1.8639415025959387,2
-0.0657188478229417,-1.7020747855401015,1.699414740189748,-0.0171606967833077,-1.5219175519461023,1
0.5506736323530296,1.034757991235724,0.58143842944297,1.3327070249427175,0.820482657915597,2
1.711947137621886,0.7729398554933163,0.6881978141463787,-1.135099380622561,-0.0273588008651749,1
-0.2922875645141572,0.5691928357698599,-0.1461713846006955,2.3026700207888084,-0.2944092530284798,2
0.0864868322889604,0.0935365066660891,1.1039138476516042,-2.494840942603728,1.51394907403819,2
0.0409126838037673,0.5091294235380182,0.3221973921202964,-0.9080171251252784,-0.0369438572848567,0
-1.2179353992779132,0.2640179686596229,0.4863482176884603,-0.2277938322239749,0.2209988840186615,0
-0.0512956592126542,-0.2599939731741098,-0.1374396141970532,0.5426423610864339,-0.9902347308945142,0
1.3012440403553611,-1.7406151511062478,-2.4338101387081963,-1.886063356628151,1.029806191522283,2
-0.788380627929683,-1.494869171753639,-1.531159033379362,1.6151014786718212,-1.253781722433207,1
1.140693164548506,-0.4229636125497157,2.118871293831551,0.338506297773792,-1.4328710195407652,2
0.8582030039522938,-0.3543465125559902,0.0577249382997356,-0.391418836613542,0.4187843991550131,1
0.0531403644042875,-1.1664038741664424,-0.6679976658097494,2.3136210043614565,-0.510126837626056,2
-0.0147893849583794,0.0410599178496313,2.094331778341947,-0.3210363064621385,1.940301019683597,2
0.5222028722655916,-0.7766807435606329,0.8324377676211421,-0.298751276292754,-0.8016237788492571,0
-0.9931610732531536,-0.5590314170500517,0.7224203105574144,0.4646535188777103,-1.0773216817446298,0
-0.379024057278823,-0.7981172666107513,-1.5788695938067856,0.6676682804542328,-2.2242236077203104,2
-0.8780849884917378,-0.0310925590702936,-0.6568603188035046,-1.0479387090602288,-0.4282285598073843,0
-1.2821413378914004,1.0099068064802486,-1.3387591884110577,-0.9935116880721324,0.2147128662477363,1
-1.1660861434034304,0.6590562449105292,-0.603525517077453,0.1374687635338009,0.3781631231192865,0
0.3453505688249337,1.305669507280823,1.275716590675716,1.0933268725334828,1.0099501201340817,1
0.3334202501327349,1.262787334035938,-0.372907631485072,1.273419834573238,-1.075611070955503,1
-1.0792031763272136,0.077225028841441,-0.8363194506914905,-2.316489681298045,-2.072050443383004,2
0.8151364563523176,0.2264408794851604,1.569512024617772,0.3849563383737632,-0.5777353854229665,1
0.0759475575032187,1.0220524760796037,-0.827806155098483,-0.0927529940162222,-0.081887226175676,0
-1.807640506012809,-0.7620635192564088,-0.4383903478836162,1.052338187641732,0.7562567293070672,1
0.9682970732898952,0.9452142987771988,-0.0236944935148058,0.3367321886314595,0.6865132233126902,0
-0.5731313593398092,-0.9405538927625314,-0.3310871224329738,0.9870873373181958,1.2421666955191597,1
-0.6942437420071499,0.8915692424811806,0.5688649117353478,0.6071756815796037,-0.9444498847499124,0
-1.7657319518977637,-0.0154928339173358,-0.8315671420695158,0.2321430276778719,0.8649630405822026,1
-1.1109899609224303,-1.0037090872604426,0.1341392328550289,-0.5561215995884708,0.2556960200023159,0
0.2976804462519206,-0.96269842672823,-1.4246598927567624,-1.04539724414976,0.601587778645503,1
0.8267326830774581,0.3029254427005957,0.2091334678864052,-1.5687729280964409,1.639458582280005,2
1.34698565530439,0.3502618868788551,-0.2202896389581904,-1.1038210391624672,0.671872193683344,0
0.0413135618755365,1.665253850090964,-1.2960183701274643,1.6512776152375996,-0.9712090783701408,1
0.4497860154025202,-0.3339941454086778,-0.7383759310033167,-0.7670454124398164,0.6727803166650433,1
-0.471202314984401,-1.8441066930602328,1.4364140388646989,-1.878592464449348,-2.5407662910589237,2
-0.9075652712740836,-1.2296658746495726,-1.026336309341482,0.000532058630402,-0.6788382941846894,0
-0.8007032387857036,0.6282854135850645,-0.32808790789379,0.7464878944807052,0.9972641783006844,1
0.0103140434553803,1.2271609760746256,-1.0148946272557904,0.3783127839634007,-1.0686827131850831,1
0.8045779685965012,-0.5027289592116608,0.410294910943668,0.0297314149179898,0.8579585617863192,0
-0.7032975116595553,-1.0067130502850163,0.672068973928993,0.1398943403240717,0.8300262970270236,0
-0.688898150295362,0.6545136395040247,1.844290647164798,0.1318962934595667,0.2989732101754659,2
-1.168545030929735,-0.4546524279835225,0.8674221115105856,-0.9243940057013642,-1.0971213922891858,1
0.1074220471134943,0.1448831605872014,-0.5086836491897628,-0.1175873931841765,0.2341995158545454,1
-1.703412279800338,-0.4917174701919453,1.1535070089221997,0.9675015288779006,-0.5548681950315346,1
0.0827708834139254,1.5571514385624494,0.1207796842744937,2.2069080404728223,-1.1401776404504738,2
0.3940964446033318,-0.6477829057133897,0.4484909798798296,-0.1667140237179683,-1.003900759826244,0
-0.5713830539798714,0.386679956352576,-0.4144792913197379,-0.8763620808415503,0.5204606347058689,0
-0.8517473461451999,1.6949643588132313,-1.4943067242604926,0.587219132231092,1.4920876430516117,1
-0.3993323794361266,0.8892274522875359,0.7982920818840072,0.7899552485189602,-0.0662887053822092,0
-1.1559100529611832,-0.902671396661335,0.7988721979726217,-0.3352073221812564,0.5080445927015164,0
0.3145507468786646,0.9131877788044482,-0.5003563849828779,0.0062725823131986,-0.1539718583481707,1
1.2779083976707748,-0.1928794808226881,0.4322140903409935,1.531725381769637,0.7137501687879144,1
1.0102286321399847,-1.3944459152400106,-1.0880108804107924,0.6513131430333581,-1.5642421637280304,2
0.3584784919287469,0.5181526168328683,-0.2622934314288215,0.6721272199739061,0.3344160193840509,0
-0.787214890961451,0.6565624705249261,-0.9891645602478528,-1.112781457182512,-0.217624406166231,0
1.1171191301915344,-0.20737250244094,-0.2110097118622249,0.2047288173362463,-0.2732108229495623,1
0.7026657701354014,-1.1014034638584695,-0.5229002709433019,0.1746575328218859,1.294761118220337,1
-0.6605674748883394,1.1371796085822448,0.5300355594202104,-0.8942047186642779,0.7122595423359442,0
-0.3013489948440443,0.9403135336684928,1.3439035265483068,0.5954717415670219,-0.1174050146879773,1
0.2990311018986084,-0.5828689760453291,0.358702778199982,0.580816880525993,-0.9948379375277108,0
0.4224438776470567,-0.3394083185952419,1.7037115626329336,-1.9815156083929188,-2.254526838879287,2
-1.1188169533579604,1.7036507657813729,1.4586756387313695,-1.1133765836992473,0.5662745516457537,1
1.125000495952162,-2.0340915887784674,1.2040448166537263,1.4704158498350632,0.1519894733776086,2
-1.0778189001289995,-0.2339225831132131,-0.3717901559183155,0.0008581455617664,-0.6158160107515007,1
0.3987864819544358,1.139426993871932,-1.71472620431642,-2.326463161544538,-0.8047939156024185,2
-1.192251535015455,-0.0917724752566244,0.3901840218705473,-0.425336387080895,0.7559835815072933,2
-1.0937772694187746,-0.0173192765909688,-0.2947542679078743,0.7512827106654985,0.4376487232749398,0
0.7870003270877673,-1.039200154626669,-0.7987612275796743,0.0567245964531235,0.5082519906717132,1
-1.0677714325906231,0.6962120042861982,-0.5237247817265948,-1.2663642289310575,-1.0309817071188685,1
-0.5082512757189019,-0.7045884605651139,-0.9922730267985518,0.7908702003324132,-0.9823791134066004,0
-1.4417802629668544,0.0630475326638097,0.885304106433242,-1.306259209553525,-0.7813932581560945,1
0.5828957286703403,1.4995249947835427,-0.0310046963126454,-0.2602584846184219,1.7502290412445178,2
0.8937145998092584,1.1450255409477523,0.7573291886446923,-0.0740103087837559,1.4628330980276243,1
1.2868559605544148,-0.3552095036379604,-0.3727410130328561,-0.744819672263017,-0.5107973118463858,1
0.8772098062031807,-1.65854443881359,1.480035682084772,-0.1048496196841768,1.5976978425278592,2
2.380825337064573,-1.29098872056016,2.5919283604872896,-1.047784343532873,-1.2791055810369742,2
1.8885316700416512,1.0596139269849687,0.2420927942692769,-1.0478920841976287,1.8003852734586312,2
-1.20231217932911,-1.0909886230331876,0.7656749916201729,0.3849361055199259,-0.4719820903380505,0
0.7832453808870963,-0.5559480787794131,0.355441671291978,1.3897246432263397,0.0016591008574045,1
0.4335524670595308,-0.4363628193476103,0.0123551582473773,-0.8847685796500029,0.1560059924032817,0
0.9284311220880124,-0.1298553257359631,-0.9275950115064676,-1.0167406822503624,0.3370879633229832,0
-0.6830062282502756,-0.7684124687952634,-0.4570543759928078,0.4380984506542965,-0.583568687996722,0
0.8196106632092375,0.7696178048307261,1.1392716146092974,0.5239556951269967,-0.2924918490575617,0
0.7513411311142872,2.309410988475872,1.9725780067939735,2.2769712465623293,-1.2550356692762192,2
1.2569230108071492,0.2610403570925197,-0.8633454222747049,0.4211640931360672,0.5472053109075391,0
-0.5898151240226577,-1.7297386657122853,1.214973247100032,-0.6013676413570258,0.5312012747806151,1
0.4124876284429522,1.2377592695899995,1.110045096560393,-0.9012188404549122,-1.0210876582262558,0
0.9645042306271512,1.5437191774977104,-1.3651172230210606,0.8682389300476463,1.2958968584618409,2
1.5366693726936265,-2.6559981507150767,-0.765874792994654,0.9836045054390278,0.4530334105117252,2
0.9557478622389948,1.1842529372062975,-0.545981515102295,0.0505499284092359,0.8900499506138109,0
-1.7979206728025752,1.7898640228393286,1.8130702204705,-0.1390724833271814,-0.8061275374089957,2
-0.9991289187553204,-1.0748237754423209,0.2135475408576839,-0.8838748678048878,-0.8534406166029613,0
0.9697800446236268,0.5693741208037341,-1.042272547103782,-0.4387128115055437,0.8680733874041844,0
-0.2781572403228598,-1.4216270975489576,0.0569413552867478,-0.0471889147466973,-0.5223218172345315,1
-0.3581430362322328,-0.1481394178813931,0.3257773732185061,-0.3733773148751085,-0.5324895746379914,1
-0.2392892073934863,0.6435149322466038,-0.3784334762758407,0.3563786960477788,-0.4892534175778595,0
1.3002590143965516,1.2752864463019136,-1.7178570854236987,1.0961840465713433,0.847202414678552,2
-0.6103186808562852,0.8428180156418729,-0.2507662065775945,1.56313358153187,1.3705728421155143,1
1.4466633507395237,1.5619944841103948,0.9673202680765705,-0.0361591318350978,-0.7168255045988574,1
-0.8037447619213968,-0.204985789458889,-1.1210377049184976,0.2384619501027288,-0.2527433858647514,0
1.3021311816349326,-0.1573355089983748,-0.013459224201151,0.1522583012221293,1.136924444490497,1
-0.0098792795873684,0.8735940697669687,0.8380835103103103,-0.2387906923701975,-0.6577120914937721,0
0.012323776943442,-0.4432545922901525,-1.0043743774909295,-0.4603741205964174,-0.3249132354594,1
1.0866758999225878,-0.8568620729614096,0.0099293335515662,-1.1041879433558883,-0.8772470418312408,1
0.0160173323371996,-0.4604130020716015,-0.4912546515157001,-0.9002557058800891,0.7821261483878634,0
-0.3363714886304783,0.2687335019575219,-0.4842365572331699,0.924286168083657,-0.7353042750631286,1
0.6805263304595055,-0.1124642194903278,-0.5739916552262305,0.950219528550012,-0.3314942770538793,0
0.9613383500599104,0.5473702105822702,-0.7108074122476781,-0.1433418292336585,-1.564361003778224,2
1.916614522527614,-1.8417474723898613,1.369794880298381,2.715034763055011,-0.2223047918116848,2
0.7540858832960986,-0.5598601735147082,-0.2535419879741204,0.5534386471749001,-1.3709252181258786,1
0.0866229764259783,-0.9392757572551136,-0.3417729202903116,-0.1925858088210659,0.3446103093509054,0
-1.0759319077493552,1.1623999154979272,-0.588919128292457,-0.1666360380289439,-0.6273594545821711,1
1.4659299371293817,-0.0398537907554949,-1.5545216703242228,0.863073372186792,-1.0294008611264045,1
1.2045545649669651,1.9317168990110265,-1.964828891110976,-2.1346044106132904,2.2209177133588183,2
-0.7879269382701592,0.8117108341200874,0.519047527003784,-0.1127690398604916,-0.0254395698338908,0
0.7824935678437976,0.4873576237035139,0.1449271437650428,-0.2104893552542449,-0.3168799231365566,0
0.9116788060290676,0.6093595385285413,0.0657795037944346,-0.1617255162500134,-0.922909217639401,0
2.3953324968163296,-0.7449312785234782,-0.3178315288803001,1.5860735643106911,-2.224714216891302,2
0.5823396447552518,-0.2620282885506128,-0.2184857772309113,0.4135842915771361,-1.0674433034810655,0
0.7069382440813883,1.3475098153578282,0.5690971591700196,-2.192023110374248,0.0724233043455952,2
1.355000989823137,-0.6610256480887163,-1.198030631261951,1.3630748172048828,-1.650405226476216,2
0.5260029120566098,-0.3974118090439527,-0.913262727827756,0.4959404947204986,0.1346880888224642,1
0.6179696543946391,0.496850629520663,-0.7415760886484181,0.1246647801240927,-0.9817308630605278,2
-1.5346351226620614,-1.4807251891082485,0.7848321152849587,-1.0776298152273345,-0.7607048929517916,1
0.1042350831290106,1.5989102679906522,-0.7272309190068801,-1.1145849441614368,-2.523757859223666,2
1.1222530720569313,-0.1815586177203039,0.2523211902684952,-0.0594253385077686,1.0970936319094755,0
-0.2866608291684976,0.977886462563495,-0.4694900353321721,-0.1556838561585095,-0.9327628007830088,1
1.1047462455920487,-0.5512879175276661,-1.1374974593066036,1.1531110367036057,0.9675896267636058,2
-0.7043437126270028,-1.7077292287160584,0.5165897609393458,-1.0936814629395633,1.0358005853300802,2
-0.0212606747267065,-0.4710236372786783,-1.479487104000344,-0.6941684894823767,0.8561875865056228,1
-0.6904243323189861,1.676528716604893,-0.8347870299016474,-1.3618201316790206,0.46579259681161,2
-0.7576430094819927,-2.804654916510293,-1.8379006877726856,1.3238886094012954,-0.41428434157658,2
0.5931903214502077,1.4705342105163572,-0.6508238225879844,-2.251946040696501,1.3459074173789327,2
1.7753027538616253,1.6660554572354438,-0.7714991389599845,-0.7354283667605583,-1.1514069641283309,1
-1.220767944847467,1.6772889526624504,-0.191074953565219,-0.1469369535110344,-0.6087394717561065,1
-1.2176842976921656,-0.8866943980291061,0.543018844421346,-0.5399335650013379,-0.507053871168921,0
0.0232555913793354,-0.678032889655015,1.9395037524915728,0.5838948446370907,0.8428203469077277,2
-1.039346201373175,1.1516557253086028,-0.3704230901954465,0.1121587191728683,-0.0913323607773123,0
-0.5332011467635461,1.183638434830299,-1.4265843378478291,-0.1956642257752709,0.8622498797261099,1
-0.5129302024269491,0.2172423390630621,-0.4511201777833791,0.9130509427925207,0.9709676093797271,0
-1.425152874469913,-0.1180308917239809,0.7777281448994842,-0.8669200800333344,-0.0912218147987512,0
-1.287241647701436,-1.5901922210823944,-0.8725145339084782,-0.0600037662528523,-0.5075467336666516,2
-0.6909673550619391,1.477197675415972,-1.2510290660081662,1.0314010488404184,0.6039594575725679,1
-1.8027641174043263,0.0663430348728408,0.7966628903418402,0.8175284045485034,-1.4499671317037837,1
1.1831391209122917,-1.039571342211386,-0.4510146838153764,-0.3521715115572499,-0.2482579471231216,0
-1.1763122285749124,-0.6877267524299977,0.6760782117240657,-0.785336217937094,0.3913269274204405,1
-1.8051591918462568,-0.0404818824203883,1.2049173486127538,1.0766094065584335,-1.2678936401086949,1
2.1585524888799767,1.7328831173145594,1.60147618684116,2.2089636729004987,1.3531449494726588,2
-1.202848070892882,-0.1854231214385774,1.5418631842007602,-0.045480840585091,1.332017102717522,1
1.3455765646122442,-1.7121094652228874,-0.6990416825493415,-0.3411300359990095,-1.735092993905163,2
-0.328805322054479,1.941202208060085,-2.410465916331104,-2.8397469485320626,-0.9345280420599424,2
1.0041841860501115,0.2353096477753333,0.25178647780461,-1.0413737766480426,0.0370425709826116,1
-0.1313754830790625,1.2076756458050255,0.8730934073757037,1.215092285597882,-1.473715029972778,1
0.951350489394168,-0.9496438953752716,0.4263962299317241,0.9413731674758372,-0.4942765617983712,0
0.3191521002756098,-0.0443202177123672,-0.235408669844078,-1.2817986687006622,-0.9484429407357532,1
0.4679047355894495,0.0067513261768071,-0.9801657079041148,0.040141679670095,1.3502831498718475,1
-0.2905465891506272,0.116626249873504,0.6316011931484173,0.7852102348036639,-0.2923345849879633,0
2.077752291893201,-2.202128367847441,2.026556616351832,2.179952365318295,1.7450009481644349,2
-0.2330398393972802,1.0112212333426045,-0.8575548711402229,-0.6439195366055727,0.9564517230499796,0
0.7120535096283138,0.9157811500147128,0.6964842301952783,0.6842520925241995,-0.5575447614482003,2
0.6104626730659364,1.1453635557109958,0.6221584319450592,-2.442578016214592,-0.7921348728521337,2
1.672879434152747,1.5064480292642093,-0.6831929378308589,1.117636307489998,1.0423042020503035,1
-1.7516722487943048,1.3719104814663754,0.0564965324706699,-2.2550593331324995,-0.7939559688349043,2
0.9713407644345136,0.1041298592091622,-0.8309848086842545,0.145301183866116,0.3271436207393075,0
0.5002279769279556,0.6988361973809594,-0.0805283782463841,-0.3469615212406447,-0.0507024507227861,0
-0.8800375875193768,-2.372620575023975,1.062441217501811,0.7014022135246707,-2.645450304570433,2
1.1229147783137992,-0.979419353834682,-2.029740844933353,0.3543932606203161,0.9446247835824012,2
1.046152432524848,0.7800920532788047,1.0232711947841735,-1.691113705585472,-0.9709861358118184,2
0.3851777550636638,1.0624139937833297,0.764179047506554,-0.9820297545340844,-0.7234906520907004,0
0.7927264566979473,0.357644117102617,1.150191485510886,0.3445751858184257,-0.3649548572722395,0
0.603850073652345,1.232804500342736,0.489658975218951,-0.6053737690153025,0.2643369160676793,0
-0.8891887263649559,-0.8120905258595751,0.7020268772590642,0.673038237121851,0.805758298053825,0
0.0417425488450169,-0.0523555286564711,-0.2569725904250172,0.3698842763138503,0.8519261621055636,1
-1.044461205375952,-1.1976583075599652,-0.5504213849492929,0.635036423563532,-0.9587329899361302,1
-0.0773558397450308,0.800966966655934,-0.1203611511760793,-0.9337085289916452,1.1606270617517214,1
-1.6566056479718392,0.9393202463869392,2.48712599014304,0.6090468634424054,-0.269796834051048,2
0.0560417892774651,-0.1098928656804729,0.2544360831706385,-0.9231714914630216,0.4719872609697904,0
0.7200067442576795,0.0325661373356996,0.278131966023356,0.2928945960226861,0.1705189098798799,0
-0.9699282751010836,0.3160222463064516,-0.1978287447649657,-0.5823994644198318,0.6679426596519634,1
1.7527732977719956,1.556142081400971,0.5875941300538937,1.5260180332241575,0.5047112465916154,1
0.1566671676501963,-1.1061851141904766,1.0902474802820643,0.8440821103266968,-0.2505209563546822,0
-1.4858126708154105,-0.126499791014366,-0.7589034403166158,-0.5935010647848407,-1.4863367829658904,2
-0.5521596529440398,-0.2352282667899783,-0.5674532127123709,-0.5172681330691447,-0.5785387948288117,0
0.9525324309300452,-0.5410947282751118,0.2662943612461277,-0.7838802016504419,-0.7385068131952897,0
-0.7216628288206616,-1.6561604772752432,-0.4684284778559597,-1.3412067112249777,0.7865463211478899,1
0.2632610414962458,0.2023528758944175,0.0999604647496922,0.389606408063737,1.0440264561119987,1
-0.6014505544811125,1.0909791693769573,0.4525532957251446,-0.0989535222703497,-0.8483849350904339,1
1.287845499707868,-0.5282537429051932,0.4607511101514122,-0.0926526684984983,0.1911083379452294,0
0.5456897943021894,0.1567382583777595,-1.0471300681039026,-0.4379176821863066,-0.8354855511676121,0
-0.5951680707252996,0.5289358859289581,0.8427046137318164,0.375496209344234,0.993436872682798,0
1.4545667903217656,1.6424704774156969,-0.885824745841229,-1.2416778730322966,1.304830721138587,1
-0.5755329978447071,1.2786646372043071,0.6353853344784458,0.5004853446498945,0.4655670654852961,0
0.4350791343089651,0.945681548778053,1.323051054573832,-1.316974520461721,-0.7276133590191212,2
1.746112656784174,0.5388704154579078,0.322715653639661,1.8891795953728008,1.8022449242627376,2
-1.2770566977151714,0.6308478326065808,-0.2318849183411859,0.2621776887959558,1.0179613839964687,0
-1.3894256631730104,-0.1085948161809266,-0.7649894454224689,-0.787033823881736,0.6845743760543993,0
2.0503876949165227,0.2802699712708688,-1.2178517978592331,2.061408281383733,-1.858492585177764,2
0.2460064723068761,-1.445316006503023,-0.5579560818970397,-0.4440217111822307,1.0489232211485024,1
0.0008605637839261,0.71978541253482,0.4027412557828387,-0.1719976867011509,0.9134330499992532,0
-0.2778963811118639,0.7104056748227559,-0.3332086065181955,-1.1710488620872468,0.3673149145929419,1
0.9292081500390847,-0.6820998619855084,1.1323000894831197,0.5964473491321127,2.141487119364856,2
1.0953139036932942,-0.1024696819261456,-1.6188672183599708,1.1231513676489795,1.4819988080207265,1
-1.625295779314661,-1.1476687459850028,1.5643582200861377,0.6980192447711293,-2.3854706394925,2
-1.46254419136809,-0.4620265454300252,-0.7265347222970572,-0.2716817551060609,-0.23289556589193,1
-0.997590451639506,0.9803877565365272,-0.9295811401738624,0.9754270326847182,0.0103463189701563,0
-0.9347625390298704,-0.2015642708027611,-0.5344815277146148,-0.327328142766803,0.2089999583377047,0
1.5667649401343662,-0.0815085657526381,-0.4330503286148023,1.4923282153290671,0.2220993356430953,1
-0.708953296285122,-1.2132994856139236,-0.6755035971281431,-0.9482445327212056,-0.9031026515439492,2
-0.7634220634533522,1.4875262452160003,-1.3431698551780626,-0.7241160427395108,0.50293267915577,1
-0.4938577131324525,-1.4935089919711593,-0.0558205887184458,1.7817062844116842,-1.5130583017721722,2
0.7850414816270089,-0.3974277022734566,-1.0645842465599384,0.9948846350561524,1.004625993601464,1
-0.8268692752616197,-0.1016753437009336,0.2072091422416047,0.993133132801138,0.5865312539440252,1
1.3056302749396829,0.1771427722327472,0.2798579951522221,0.90753957173724,-0.1089562594161429,0
0.3215932773528023,-1.1429311022628736,-0.6615859127105135,-0.2639665664828881,0.8161052862626552,0
-0.2266562978313165,0.164585063198217,0.3510415346358315,-0.5927947345453055,-0.9383112997403156,0
-0.7677312404095157,-0.1344290417638431,-0.4841209346270198,0.4532051766354257,-0.0921157356306954,0
-1.122729186564835,-1.175328915227714,-0.1911461908661779,0.8307388228248538,1.5259991121100107,1
-0.5517581986757548,1.188554658306763,-0.0793701722281637,-0.1649079131010162,0.4815512388791438,0
0.6655252461831311,-0.7237246710890541,-0.4400685490797101,-0.5372345161575552,0.3093244231492472,0
1.1166410460082672,1.4963863149546308,-0.4779531421119797,0.510580087045913,1.0313105699829117,1
-0.987728223071388,0.1274576869967595,-0.7997873644973907,0.282804608402601,0.1110926736002098,0
-0.2770674051097919,0.948108439236874,1.6532082692772507,-1.31666636884034,0.1185376213090697,2
-0.45445649106491,1.0405422828224498,-0.4777204748666686,0.8068738858300559,-0.654989717008506,0
-0.5854365954594084,-0.2906471007782241,1.1965885732978412,-0.1940475719846922,0.3033405995758213,1
1.712529582025918,-0.3616059006449948,1.521118685942233,-0.3853277789882995,-0.8983782809697631,1
1.2237179093235775,1.5598569750863425,-0.2685973705862288,1.69242286023694,-0.1833189309476537,2
1.3640541824982666,-1.184167279361376,-1.0115365859547525,0.5363823878809794,-0.9981409832257694,0
0.1684302816529786,1.2038647985071436,-0.620868695493693,2.276805880910268,-0.2857066365714031,2
1.056169297676589,0.8996168651259491,0.6154483472033583,-0.289500385160041,-0.1875643338780021,0
-1.103240716693499,1.261399518078175,-0.8905259355383386,1.330166459237291,-0.9738705841577076,2
0.9221769332639952,-1.611748926860342,0.0101177576340815,-0.9466251845377728,1.541914349350361,2
-0.5321314186529573,1.1226397415017713,0.6825705476512555,0.1186571562135495,0.5482290767226757,0
0.7032184796504974,-0.1319200607677424,0.475602714208746,-0.3425344859543012,-0.5722765009655538,1
1.2821144969998235,-0.7249816216097709,-0.3274975368996175,-1.0262645173296585,0.010433383381982,0
-1.3881750067338634,-0.9330448382967982,-0.3889791054247607,0.6676820559451369,1.67264818386021,2
0.7198231959378734,0.3502171795791248,1.4502195703400949,0.2507016154418217,0.2096634292925367,1
1.115016708753523,-0.8292685253494377,0.2565785197620384,0.5442584385158441,-0.584802563769649,1
1.0657683091956909,-0.2365695984276578,1.0771585664937178,1.2744777395701905,-0.5709206857979802,1
-1.1503458669546855,-1.019672594601209,0.5152346196120876,0.1081080720551735,0.9913136347400088,0
-0.2289941362827394,0.4445289911886729,-1.0804847575633112,0.5300526825962103,-0.2162279021565754,0
0.2936552340429759,1.4514827540467738,0.5839084402819973,-0.702166793351579,1.5068833411074916,1
-0.8697323442801328,-0.0043340659230646,-1.135352175489594,-0.7354090505318888,-0.0094023084617975,1
-0.1243668077921313,-0.6766468589375857,1.8748231541331075,0.678813396619427,-0.3756469447228123,2
-0.4663798318340907,-0.7069726214598512,0.376467221795254,0.1956770209378773,0.4726894395313311,1
-0.3618652742052857,-0.2904115773651681,1.200250227083284,-0.2815950958543025,0.2387870732310024,1
0.5173438897301311,0.8860253084730346,-1.779606158761137,-1.235163666168259,-0.6611930867458122,2
1.207183271950078,0.1363858896427349,0.6564940796672273,2.172813564743292,-0.3504239904065546,2
-0.645307086296995,-1.6632398232427128,1.4499582560047684,-2.0144270961895017,-1.8007517693321111,2
-0.2122969404970214,0.0950516711673457,0.7349476827915234,-1.9200533404534008,1.5871330493958191,2
1.2081923936831709,-0.2368507021636056,1.045955930947615,1.235644651299131,-0.5731797852241893,1
1.1669194354075778,0.121086697882298,0.3066907880520866,-0.1400944454540451,1.419800061799538,1
-1.3246147166638549,1.8710058549705568,-2.002195220866624,-2.170771328970694,-1.7274081876594078,2
0.657234516679365,1.254625872272672,0.8538639074089166,0.0839710171980472,-0.6370110261209109,0
-0.2634866595754044,-0.1843582351581411,-1.0762528329226049,-0.1645600289813533,0.165072524300383,0
0.9776234206234672,-2.5427610272385066,0.0821817450513276,-2.1521232346073265,0.7163844252772199,2
1.1508571321110197,0.4479428747355623,1.1038560622816866,-0.226397295652762,-0.1550463562549346,0
-1.1540059224504895,-0.7229176538144618,1.4489698361658094,-1.3389013164009826,0.4977028069609818,2
1.2711087224793305,-1.244472453708369,-0.5511937162338137,1.3511731768439414,0.1909261271896164,1
0.1105614479356487,-1.2794512467083043,-0.5163694287713221,-0.2193099675078756,-0.103262767253827,0
-0.2268920703885925,-0.5493994906063271,0.422794184208191,-0.1019249668981989,0.394691295234389,0
0.4166114969363972,0.8696959223956491,0.3212960658006947,0.868498671016092,-0.8268865114042536,1
0.8540076341082319,-1.1084939801048903,-0.6385127353168666,-0.8478535646194755,-0.381315767778936,0
-0.7594556113135027,1.1057316201886729,-1.1612030847557704,-0.3111013891225295,-0.2095382187913951,1
0.9198536054233614,-0.0880752014652938,2.537004019611807,-1.053906127768638,2.225895609622732,2
-0.3293410334956576,1.6069707749727022,-2.137663563062448,-0.458990584131826,2.106735590346896,2
-1.0296954208969604,-0.9519177828368726,0.4980657705213049,-0.859145438510234,0.4781118565933525,0
-1.3131492599844703,1.744477705439457,0.0464078184876535,0.0007567635436688,-0.1158746994111343,1
0.5105972532425448,0.9151039657406684,-0.8856668844157766,-1.77826476897838,-2.290451733112288,2
-0.6419939702050915,1.744257968100368,-0.936489064303041,-0.6323882624763424,-0.5661848172824343,1
-0.5194370399174892,0.8349476949196281,0.8882324009055396,-0.5480902982218395,0.0188546466770782,0
-0.7033798736885138,1.3833314647847863,-0.551093384241541,0.0840977115900382,0.1169803798832717,1
0.2503735465717209,1.6415853411285304,1.1500662084191893,0.7280525620966575,-0.9849626569790112,1
-1.2143925477705992,1.3561172715415677,-0.4738610668869323,1.100530469301365,1.565291363814216,1
-0.8339475607827612,1.1688028135622774,0.3334236286010393,1.9461803201921533,-0.5527500294648764,2
-0.3779480806983318,0.919433195934266,-0.2092648008048989,-2.243559435482333,-1.666206868924534,2
0.4450989338076337,-0.7109988218262187,0.8924300983358292,0.5557674345126077,0.7590484382905912,0
1.1806239985479938,-1.0072723631417155,0.5492221578603471,-0.1125021076054043,0.0659567597635502,1
-1.2693915807353853,1.7491570914586445,-1.94968304801166,-1.6815227282208731,0.9695521847278064,2
-0.5081578437438109,1.483925087687291,0.740673460340085,0.4262729479226192,-1.7311786000205074,2
0.3051126915883179,0.4453565981657522,-0.5671981160833585,0.2791205131005671,0.9629025868316688,0
-1.0329272992361385,0.8189673681962747,0.5521619365503759,0.963325893212948,-0.6236372997826376,0
1.017002853284317,-1.1871156816026769,-0.983039719175155,0.2044165465139302,0.9609027432773302,0
0.077303070126517,1.0559942004285643,-0.9293424563903084,-0.4056511841631873,-1.2587808494031196,1
-1.170666974643899,-0.4451715225320621,-0.6702884673462287,0.1738554553293993,0.2296981003005753,0
1.5220253230645853,-0.4185754107001739,0.4024211406689005,0.3933354876036425,-0.0975192609753052,1
-0.5282290547996853,-0.5242993601064978,0.9204506604416892,-0.694617990551184,-0.0647827777650565,0
-0.7945149247832142,-1.4925904841296298,1.0235824709534551,2.6177700287838195,-1.1386085144218212,2
0.3781475958610628,-0.3089126643817187,-0.0536031550036781,0.2633641897999101,0.1914645626319867,0
-0.0475571734899914,0.6867960536591594,-1.7894062674123548,2.189483510346215,-1.8274077733768277,2
0.7754439468087715,1.4215079293746848,-1.2532865045290789,-0.3966653007916804,-1.313123468449871,1
-1.0852932189695663,-1.0286521615808049,-0.4081777781968397,-1.066483012679868,-0.6625276700299729,0
1.036229576717873,-1.0962306274758185,-1.615264647145637,0.8303343528254992,0.2516615385833854,1
1.7142532473744907,-0.314705451861534,1.7168303525232855,1.6034881252603013,-0.3993175913259231,1
0.9737522302949282,0.1614106999904272,0.4791613330166855,0.5452534070704231,0.5027520702257041,0
-1.976980088623126,0.2408560162218929,0.4021778311081792,-2.2699472553995887,1.4409466463619007,2
0.7894145210238612,0.39777476982743,2.01972968544159,0.8069221836561874,1.3293664870141375,2
1.142552995088192,-0.5644403762016665,0.7030557915677798,0.5455534610131265,0.1836118840321267,1
-1.2296504475934054,0.7429055414911006,-0.0738956603673726,0.0245877194239683,0.2608815806818506,1
-1.0658400495661762,1.1692802176209331,0.5973045897543899,1.94414822499729,-0.4262835147945277,2
-0.3572977445694,1.2253294323162214,-1.0553548330696776,0.5918405957560418,0.1519885966154763,0
0.994428251857742,1.213182323418372,-0.4974932191884529,0.2262923059326116,-0.2019898704446439,0
-0.7016430529684493,-1.11205125512264,1.662800347791001,-0.9583965961522468,1.6612281125184707,2
-0.8359125511606408,1.2618499552373097,0.2527630852814856,1.6175173257806612,-0.4747883509505995,1
0.6841774601783268,-0.8606755756276369,-1.0163299968113355,0.0349311648585588,0.2784788215956689,0
0.3454299011319582,0.2939162114636532,-1.4721620009903404,-1.1003471686397752,-0.2081121710095772,1
0.2351846465410798,-1.6744376216301895,1.0895379389016795,-0.4471210659565569,-1.0297505470365182,2
0.8242790734360812,1.7880339297962893,1.6033137984769423,-1.1477805227493203,-0.7333994433186533,1
-0.1973795590032077,-0.6772295595147435,1.829516254531777,1.355513691572335,1.3394093021915665,2
0.6720604823974619,-0.462685896750132,-0.7006117526309348,0.9547345995686688,0.690648240955419,0
1.5259704986599767,-1.6996946139851237,0.4429516406445437,0.7639093326116265,-0.8004052574871324,2
-0.1326997185500676,0.6502376475292719,0.740771972630166,-1.1509191399559895,-1.0231631381911914,1
-1.1227937993124857,-1.2672206209915493,0.04872517336186,0.0784622543784522,0.6423561030034229,0
-0.1674708731800945,-0.7292849380490245,-0.3629504349169379,0.6351266003011404,-0.9862986392457422,1
1.606641795565492,1.4341682964066138,0.8042051648469083,1.603961018329625,0.7727303783583138,1
0.7955067035133676,0.0210695964010515,-0.8922922381319013,-0.827414321158859,-0.9325681180239866,0
0.6905689766602816,-0.4032910093570226,0.9158832320653776,0.0773449340059812,0.6521096947736595,0
0.7251136609739265,1.3474752123892126,0.604667472590673,-2.202450419676907,0.0525507264595698,2
0.6465847031753239,0.1418367121854307,-1.2419123364845952,0.2502866921830834,-0.4095495126647989,1
0.6044623905763369,-0.2700765771121466,-0.0654150950016823,0.7074535336256077,-0.2426601827681563,1
-0.7372435498051891,-0.1262188684181745,0.8476008928700588,-0.9460008939052232,-2.008407566675421,2
-0.1624241324210857,-0.9358094364944431,-0.1895784153561654,0.3503576505313345,0.5760561292715412,0
0.2815955389688248,-0.5124253976816696,0.4839875212114424,1.0977175151746583,-0.1285772512625569,1
0.4034090518999194,0.1968875944467224,0.9964976252108866,-0.8135228578480739,-0.4559649398910674,0
-0.7889594669760867,-1.6441481373826072,-0.0953544845801111,0.915655437339282,1.481826909267565,1
-0.7899417018106939,-0.5358140340806014,-0.6115730269323244,0.3952150620430413,0.3947091078224953,2
0.0610542383438211,0.5476163761413841,-0.4498715106811628,0.5956681236413534,-0.2718650067836919,0
-1.029858948449755,-0.1444400148163716,-0.5235656558473439,-0.8329547571622784,-0.1585026009094057,1
-0.3378695022078658,-1.1113753706396905,1.8108508724941672,0.6268307288907545,0.4642577332552379,2
-0.1312557396910315,-0.9422650769069064,-0.9299252451584747,-0.8074648424469737,0.2721425716996126,1
0.7901541729954964,-0.0036651791878187,-1.6947628485147854,-1.2906674307083237,-0.2821112844892413,1
-0.0834620678945344,-1.230892665397273,0.6955704563671576,0.23989634138488,-0.6276648553327249,1
-0.7651466067806699,0.8654958720609893,0.8028138298638804,-1.989475898412276,-1.593429492216481,2
1.6900626722279088,1.5071462583906587,0.798271946036297,-0.6294713163533981,1.3461389841132327,1
0.2914637276855783,-1.33509358022447,0.6517609149623079,-1.0785966869945935,1.2250722553020528,1
-0.8873322423477247,1.7088443798871682,-2.07909620193253,0.093149557423188,1.781803103114152,2
1.6341057323366777,-2.0540159700302225,2.4767224534705825,-0.1993044758463503,-2.155437445460745,2
-0.2483127707792979,-0.1219037580645092,-0.2038049209494649,1.4216479790729522,-1.5082735652569184,2
0.5177196522109568,1.2519436896598573,0.2413828463107398,-0.4314952491144364,0.1967559552950203,0
0.820298844882194,-1.046980059084919,0.4832714252464739,0.80016616570552,0.6171397799945194,0
0.7873202502663774,-1.2437861264114938,0.0957679306965818,-0.1694271556827409,0.4073984829126274,0
-0.9042480403849488,-0.7371329445540089,-0.4080910502915346,0.0722392550056144,1.022611969014482,0
0.474507916075451,1.176830160370809,-0.8116876103444302,0.1544192779938017,0.6494216774209826,0
1.137201536147063,0.8380520009311704,1.2880684307448549,-2.249723731289956,2.200384128382666,2
-0.0841625812447848,1.2854210440259457,0.5936704516839867,-0.1135367788048534,0.5185713397909452,0
-0.4141054814116461,1.345784386304137,-1.1457509881890422,-0.14983498265627,-2.4930180473995707,2
-0.1889816091693849,-0.5693059734187589,-0.6828626841407432,-0.0620064530738922,-0.7077725501194215,0
-1.2643981788701526,0.1493877555490294,0.1146256379997675,1.457155036647289,-0.7932567469096404,1
1.011347522217807,1.2689916112516393,-0.9855817221594012,0.7085179419059718,0.7897795329304532,1
-1.0921951324494996,0.2094969697792208,-0.4810327720459778,-0.6045429566935246,-0.7551057417156893,0
0.5446616598662851,-0.4979718635037107,-1.9669750028782047,-0.6824916790871469,0.1516515970074099,2
0.6764424692370596,-1.8632838152159517,-2.332310131558409,1.111693376689318,1.422691522983103,2
1.5534273730563564,1.0488194020413055,1.3020374412114333,0.3798617525979578,0.7850377422248977,1
-0.2057031082810863,-0.629672934652622,-0.1422278286972599,-0.7972110348024507,0.6496026485392064,0
-0.8119697405288006,-0.9860178426215748,0.8941402708040777,-0.0148706532646939,0.833220870544915,0
-0.0390694807625579,1.3982887887105877,-0.9046790658556914,0.6083030190127763,0.1729533743708614,2
-0.3448520438207052,1.1111459984944425,0.6119239017714903,0.8588327312598881,0.431748420567316,0
1.1404843402685882,0.0421683541892679,-0.1931116032840596,-0.765939849498271,0.6851208001232234,0
0.7837024577310427,1.656045692128929,0.6275090912159677,-0.8208434330917506,-1.3655159911880868,1
0.00229934470015,-0.284236205115339,0.8667890484674678,0.3258496206359619,0.4574193723873579,0
-1.173454587552737,1.278586725569815,0.9630456663342202,-0.1553066909404343,-0.8315957679887062,0
0.5219704903149693,-0.3006584286182154,0.7336441230589842,0.5055153659286283,1.123086061993268,1
0.9240846893677014,-0.7790624536053516,0.3799030601910632,0.1076077276453427,1.3172682479339048,1
0.3634716925051117,1.37592159324694,-0.129607647710715,-0.9717856742178982,1.351684775704445,1
1.6456321069619515,-1.0141935418659476,2.480002914327433,-0.8040334899672616,-0.3471942334689578,2
0.4148799250741933,0.988782599565326,-0.9099227830344448,-0.4354712644299607,0.3165919976118674,0
-0.651693489498098,1.1751548376237098,0.7813990881587825,-0.0773843477064263,0.5896618044969765,1
2.436215862722376,-0.3601105444747273,1.940131585270297,1.3740324514196502,2.506605878174874,2
0.4594780614610456,-0.0353026512911297,-0.3363811142565944,-0.1818537340487946,-1.409904399222555,1
0.5344298437827261,0.6162307330839124,-0.4077767112936351,-0.556953202862716,-0.9270336222301232,0
1.4446545244523992,-1.1524950072451656,1.7109416136336952,-0.6764071528227533,1.4500656293595786,1
0.3714445552016736,-0.929808224298072,-0.0767712728590135,-1.026806648785452,-0.2478909251135336,0
0.1852110357182149,1.1636709136083403,0.9112581195221152,0.6920694273057998,1.0965443646106272,1
-0.4764933641862921,-1.0761770289349954,-0.0701138719691048,-2.3382641352793323,2.541744791534741,2
-1.6208737465570584,0.7561352317373745,0.3017646783210103,-0.3927044351243775,1.0103642803264343,1
-0.616909689415113,-0.2534366778289469,-0.4388943180370305,0.620832335634858,-0.0644089207889862,0
-1.1797731038358508,1.3187964378440722,-1.1793774650257671,-1.9235615935236572,0.6471068948704864,2
0.3983483111073504,-1.1974811985775744,-2.3016782957789594,-1.4625472731400957,-0.776564164228018,2
1.23413690527345,-1.3655985673278572,-1.723069305054971,-0.49723887669251,1.36506636278308,2
1.2589203650596688,0.2244430297019634,-1.1177187789249314,-0.1481033614814962,0.255886476486719,0
0.0613849298489941,0.6166881753542964,-1.0002209678200256,-0.6531235774735409,-0.6017336608703718,1
0.90996280692046,1.768390937518698,0.4879568383712349,-0.3574669362313584,-2.545609148588996,2
1.340582041583358,-1.531670755905813,1.494081460872647,0.161623163556574,0.091007424901921,1
0.8869974747422856,-0.1208747777106485,0.9883495236112556,-0.7568930811507272,-0.4502307368869696,0
-1.2195742831748977,-0.6346035453230174,0.1120689844018741,-0.0843397427799224,0.5465889995065741,0
-0.7910410480584086,0.855538805390226,-0.0495145206141292,-0.3589423707974441,-0.9525333140911584,0
-1.823945919087404,-0.2977084890627135,1.4985826148765289,1.3554910391788162,1.233474444938142,1
-0.7810546706629917,-1.0192674865766909,-0.5001464794238456,0.2140043846644093,-0.2797305693889398,0
1.02760720110285,1.5596057644514985,0.8720870287818601,0.3108338330368984,-1.1145012495295548,1
-0.5085320814801345,-1.5928727379728786,-1.065134134025184,-0.8683663079355488,-0.0777637480290721,1
0.4256190925094787,0.2678167995468596,-0.6805781045023416,-1.0788404827396414,-0.7125379421682903,0
1.7391115495048168,-0.3168984960531598,1.0599370125495673,-0.931856088839147,-1.1265921166231443,1
-0.2674581236174831,-0.1480270480099052,0.9784796133392836,-0.1082272521767348,-0.5940971412683286,1
0.1774792641555075,1.032941967263273,0.3273348238681423,1.921350200281568,1.2552244932382322,2
0.6923130268687271,1.5860498884317868,1.727736030023313,-1.1989971717437056,-1.4020824558161555,2
-0.7007018261730649,1.1048076543023644,-1.64252994420674,-0.1982282599674671,-0.2083450573684607,1
0.8169826746803827,-0.2256792327202924,1.267983843773178,0.6467790244922966,-0.6242327928574144,1
-0.6249575317247028,1.125256017418468,-0.6153552641998563,-1.0988750174015005,0.4675784930242267,0
0.7784179481161096,0.495126458047171,-0.5884687105006269,0.2322865432783422,0.9553589485114607,0
0.055574027032302,-0.1351822817193164,-1.2001514716040618,1.1891065026329533,0.1888471638150919,1
-0.075681570614748,-1.2537651810593404,-0.8739887276324817,0.920357804975636,0.7819171417869973,1
-0.6100806322602359,0.4491565134994384,-0.3752457304963816,-1.3199022327613683,-0.6684660727810512,1
0.2483936188238759,-0.5381037673386249,0.6408200221879657,-0.2161525883081467,-1.0246906424065254,0
-0.5066291068678249,-0.6048860207616744,0.9358461439317812,0.8237301310438155,0.5691449827853126,0
1.1082434782192,0.2262143316248995,0.4620535994387938,0.6825359439648121,0.6143567068640321,0
-0.6899967841235408,-0.4518750187386433,0.6642551286695524,-0.4305698064420206,0.889269441201806,0
-1.2569916211528636,0.3992147765654367,-0.6473781183921391,-1.148225532844801,0.9565165574871848,1
0.6944814239938806,0.9537729397699226,-1.0431880912942535,-0.2786008506063733,-0.582591164282517,0
-0.9096365634637636,-1.7077302333118245,0.4405306974836057,-0.9756115877163036,1.1312007837017672,2
-1.1714974886393743,1.6034430044325103,0.2603242710243897,-0.1988664211385666,0.555793667839338,2
0.6925566809330309,-1.5096474630560464,2.065280298263199,-1.379737981226238,0.9966694577055965,2
0.8319014038947639,0.3034489705951917,-0.7585387757186192,-0.0436277559231216,-0.0981561188580045,0
-0.8484788130107422,-0.4986522711400786,-0.1629898861684293,-0.5588140633263048,0.9951997573645148,0
1.181422895086088,0.3371214534257558,-1.5550120404711818,-0.3752170287458376,-1.4762799622273204,1
2.1552242485526936,-0.500178587333576,-2.0008597258422234,-0.5213495136007018,0.6643329395533442,2
0.9102867985829932,0.4545462431664166,-0.4170919040675448,0.4592129888209711,0.2752509500300629,0
0.8655244483934236,-0.3148360996772931,-0.4473530010102767,-1.051532304718239,-0.777389472119309,0
0.6941942326316857,-0.7167666022320048,0.4352104895354501,0.2060714831118543,0.0643000724208725,1
-1.8317720939342168,-0.3858630319367909,-0.9762670435911616,0.8372756405110383,-0.0056295062139781,1
-1.0939833154137946,-0.7812934704948994,-0.3389263851373824,0.9819580211586812,-1.2822081288592373,1
-1.494464863517318,-1.5667824330032554,-0.6300716771030734,0.0891805629978135,-0.9364453951276956,1
-0.6598865007680836,-0.811950585139677,-0.1702366358797143,2.0171514749406776,-0.3606787986370248,2
0.9243042507255496,0.0447206423977874,1.054193199149455,-0.2373893673313501,-0.247911223173093,0
-0.8028772948415885,-1.272506401855163,-0.0097638221685518,-0.3343509567837891,0.7983481990372839,0
-0.0021201405476468,0.940655002800692,-0.984023075497713,-0.045221888157408,1.1091116499024396,0
-1.246182979183587,0.7633351966963107,0.5672914338347373,0.2683731510866182,0.8091479092038512,0
0.1697574292508663,-0.946852140563117,0.4522575116416284,-0.8893320003063228,-0.0256123507410998,0
-1.0623397382478954,-1.484332652850825,-0.6035304003625981,-0.0094368301444104,0.445206717808871,1
-0.3834428320536843,1.6844872589784972,0.123650888078225,-2.2827310533922387,-2.387703415019425,2
-1.5374269961415683,-0.2122901447961796,-1.517685520985875,2.063023326692152,-0.8101093158976754,2
-0.5496400575568438,-1.5783527416994465,-0.0288725521071129,-1.9310546384369425,0.5972194568748547,2
-0.7516608014473578,-1.150582943931668,-0.8779662709376513,-0.0887643582918529,0.3353636542600901,0
-0.3348773871256505,1.3972518097683386,-0.2670898372095316,-1.199008056036915,-1.4309139831646374,2
0.2957495724477062,-1.2663433844094916,0.7711097328825542,-0.9361107136299166,0.1132009686883212,1
-1.5680959174911138,-1.085163326420448,2.238025255507881,-0.3370176070024972,-0.0327305119039467,2
1.5144775649227606,1.5317161084854611,-0.6120529370422837,0.1202354986762017,-1.3637629236902586,1
-1.1265044762392151,0.3574723917890752,0.3573207079268329,-0.8422565024853428,0.458971846814769,0
0.5971600816827063,-0.0843023814767859,0.8807573223910495,-0.3415504663227963,0.8339381055743226,0
0.3021041812875341,0.7207979891208178,-1.2630849829932838,-2.804394490880952,0.4740340807693002,2
-0.8230784187772483,-1.1286268396794177,1.022739673847075,-0.5474366426805845,0.2679634213608717,0
0.3066752314552844,-0.6587590623101451,0.9628132390539572,-0.830038019804645,-0.064848980188182,0
-0.1575436924585708,0.908393306458183,1.0879962458856969,-0.8760433685783566,-0.2594869982755821,0
-1.4848296888010355,-0.9876318924950344,0.6139674364448398,0.6013579798621544,0.780268062733178,1
-0.8627700376481823,-0.6693292589068375,0.5203778631641,-0.8532827152938538,-0.9698540343627616,0
1.2862171066396364,-0.8947642039765556,0.9117798049964972,-0.8350811894411733,0.0907130123372014,0
1.3397603823652866,-1.2909318053985643,-2.1988363288648864,-0.4893895947882001,1.8574435368935336,2
-0.0359554713839159,-0.6496372825410041,0.5668793932330358,0.9295929800705236,-0.2918051160069843,0
1.2937814774695675,1.6767583094960197,0.4915143274827979,-1.0025920467154308,-1.0005987063146833,1
-0.7209260918286535,-0.1830422907136955,0.4597316517922982,0.0025108424592508,-0.9362461503644646,0
0.527455008990513,-0.0935078263840112,0.4475072294940342,-1.1083361732098564,-0.6234773472042915,0
1.7038080534320317,0.9100373429395844,-1.5855509595239756,2.4558462287243965,-1.7307671840997387,2
0.0257407337414445,-0.5172285652071404,-0.214333770492668,0.3097808963942174,0.1414272834780262,0
1.418945686144598,-1.767394572437107,0.8593083145205714,0.1727632444467636,2.032807459242144,2
0.042827948714936,1.0672896513971672,0.8854093661660711,-0.1579420568895824,0.1916738223827764,0
1.0594030896747209,1.0538234070047647,-0.829871668787228,-1.0263549961702134,-0.5212546933697908,0
-0.9743914135027736,0.0924675609125113,-0.307788994102478,0.198777349945762,0.6706118167294813,1
0.1665786366281463,-0.2353139486839232,0.7405157247370598,0.3592635020180458,-0.5360832650120203,0
-2.1418577154396505,-0.6206445729708139,0.4736338345291727,0.2396495610278964,-0.7596126805332615,2
-0.8247839817077118,-0.3635141503791207,-0.8242864536740084,0.7718718229632137,-0.1128347677822574,0
-0.5629375534997798,0.109283332218769,-0.5326476398888151,0.7508706441567032,0.9178732412817276,0
-1.6905074772257185,-1.2513859712874895,-1.2096099941624814,0.0648498057056266,2.303745806537902,2
0.8661857755080137,0.0527962730713099,-0.4851441979278485,-0.0468239555357895,-0.1698490460409019,0
1.0892467405310704,-0.9587904526868254,-0.1975276196347721,1.5322922076119363,1.023392039849286,1
0.8685841328561014,-0.3794536711275291,-0.3813313822720693,-0.7109769614798525,-1.0893099948449436,1
1.7803062579601114,-0.3663711801851697,0.6150791728091967,-0.2547506600118833,1.0119669202887258,1
-1.425026791342625,-0.3633164106213677,1.1352591480887484,0.8461433511192512,0.3536064192050646,0
-1.1281570782893355,-1.4832811316380987,-0.2863912843540066,-0.2643891875857022,0.0536591464315715,1
0.0256581289869041,-0.2870593824203396,-0.4289687840692494,1.2929176370318272,-0.485326067060788,1
0.5304198166159664,-0.6890633807903844,-0.7804325343685877,-0.4628138220716738,-1.079787849780035,1
1.019025794039364,0.6659974034642787,-1.0790292605856824,-1.7504432925475923,-0.953568473210728,2
-0.6099549015492005,0.5396693248233029,-0.2164279801162852,0.5770517795571866,-0.5691026826057073,0
-1.796361656378058,1.65896699223895,1.3422871522700697,-1.247033529662352,-1.1812178514403504,1
0.338205533011273,-0.8960417851582189,-1.1356372975891147,-0.233324857687952,-0.6972726061098959,0
0.644898244418489,0.9297988295932962,-0.1345432056062274,0.3077574535501497,0.3322284928298952,1
1.193944244346328,0.9711716132376692,0.3184305900858552,-0.5413248838285983,0.4022351942131263,1
-1.2851211815697416,-0.2346533254511393,1.9573779611006688,-2.575541342587035,-2.099390106368153,2
0.3943740676301627,-1.0217290525496197,-1.6591646042235466,-0.3449953265946784,0.833670935140833,1
1.2146635920208806,-1.909070265390749,-1.0084743324652805,-2.494414349007378,-0.3914180641985353,2
-0.852540202317618,-1.4833214506056718,0.0727592835880844,-1.8336564932496444,1.826185606843944,2
0.5741888946624116,-1.013385766320345,1.0711234440561468,0.6564868711488762,0.2338147772926855,0
0.0574332305972449,0.6358703466968866,-0.0774034372653021,1.5158118381069026,0.0248053781026165,1
-0.1655363729540188,0.4788009070731002,0.776551962382369,-0.2890284269258705,0.0980827175382096,0
0.9201170147962604,-0.4173609183331629,-0.4521120105739061,0.7762848224243847,-0.5308761047871768,1
1.080650312130336,-1.392096378625712,-0.6560753901116048,1.582803993357777,-1.064471371951908,2
1.460678496761216,0.5469610414829428,-0.6787199930485969,1.5202380051122748,-0.2575955286447391,1
0.73613557735439,0.5098868209834384,-0.6593739294511026,1.6440998758439689,-0.1908467618088634,1
-1.414822065949802,0.4235828666183933,0.2434822998884447,-1.005054499057345,0.9894933837094706,1
-0.0539255917285367,1.1101552030925552,-1.4198477762341175,-1.6913511505309593,-0.217498138038254,2
-0.6857290026498271,-0.782624509244612,1.1028923077499386,-1.24763887137402,-0.332840554281054,1
0.7043900354256037,-0.5808614950102766,0.5279255695453964,-0.6991476983534186,1.3353148513074875,1
2.384614980845824,-2.566083854665148,0.1141700496447093,-1.0244640896394992,2.284683615800306,2
-1.9370932317832297,-0.495848162885003,-2.527555067134509,-0.6291668833826846,-0.5054587902491555,2
1.690460456067874,-0.9358170067529684,1.3825511327951097,2.465654483511757,1.4853023459211785,2
-0.3071203323463963,-0.481592756267353,0.5026964977762532,0.3931850406943559,-0.4795788794752351,1
0.7841545835247179,1.2256959390986664,-1.0462133175212562,1.0808934538349315,-0.5036264567319165,1
0.5689850978130483,1.0817541700372135,0.8086063243455212,1.0317588870997036,0.3648040684778295,1
0.7834674798439659,-0.1704344955125232,0.2913600818003836,1.1421628773809689,-0.2571850901143272,1
-0.6721388437348155,-1.8522980019101825,-2.441111113486477,-2.685240962054013,1.40862515968835,2
-1.3342419289132823,0.4893625197722558,0.3154874732441982,-0.013985069119833,1.6462820413010173,2
0.7196249928964081,1.111530604215749,-1.512058147811894,0.9883144538907624,0.8467940774833067,1
0.9759962445546824,-0.3595542907532966,0.6081606099817073,-0.0047346418295117,0.0065433490944368,0
-0.1900903232106509,1.1277901485113562,0.9197234733999332,0.8447231783420809,-0.4828288208220319,0
-2.2546810158663027,0.7074144978279391,-2.453472918292116,-0.2768572452071155,-0.0367226143048872,2
0.0581274422360245,-1.5064347506719138,-0.4932229548415285,-0.7199951550055808,-0.2837169326262839,2
-0.5784043368678129,1.974933006349793,1.0672035821498522,0.8167547586714538,-1.86273659484126,2
-0.1856198803321465,-0.2232414136925485,-0.079200413876723,-0.0668769745169631,-0.8467599828491649,0
0.7944936201822337,-0.25577822997238,0.6811160603329057,0.6957752122289935,0.1288648194188081,0
-1.3148880895511086,0.1964579945804702,2.3009192553684183,-1.52644333621533,0.9677570863891862,2
0.8829250220051609,-0.0373612887456423,0.717762323050694,0.44901438078458,-0.337996541081674,0
1.262744758586931,-0.6397048386787535,-1.2362442520285903,1.149233690854402,-1.3193242740274802,1
-1.4593484248266708,-1.2173702875911458,0.1878198166688585,-0.5880102238835763,0.529906088396762,1
0.1025224726897738,0.6792195188323678,0.422923786166799,-0.0723615299785902,-1.0659228487423775,1
-0.3184227554236464,-0.4388445085077042,-0.5042316779786652,-0.1622816728123965,0.855014749604178,0
0.970672677118864,-0.9135784129979844,-0.0383116116854331,0.1594814057289631,0.5815819991312329,0
1.6112399445180208,-1.7506185263161336,2.103337443866917,0.7787121096180917,-2.314251675026876,2
-0.5789245818754939,0.6496024988745698,0.941422339336324,-0.4045632072070397,-0.1730406066950025,0
-1.971772353861378,-0.6186222354520275,-1.9439337594213115,-0.7514343236033815,-0.8176106869829284,2
-1.522718445225955,1.5297855756082024,0.4844257806954364,-0.7580712946789356,0.5140300216948618,1
1.3451880491103674,0.1203816674737198,-0.5569725673629352,0.4632825848724638,-0.6673134973849563,0
0.0330413287840686,-0.6284384756986546,0.3241086542399736,-0.5168954616221144,-1.128031362584238,1
0.9475168506088416,-0.029593139967507,1.1597209008308091,1.3074521444711795,-0.9890612645343868,1
-0.1903601703482413,-0.1962387392197959,-1.16664380390755,0.9511027690131604,1.7727474412594892,2
1.365569258381411,-1.504374573380654,-0.2312312477588604,0.0461287471461758,0.0188148710769061,1
-0.4100949071847604,-0.6624055820264934,-0.5704501853604763,0.2573483238189592,0.6252196138129852,0
0.907640327151109,-0.7789096356277361,1.174880142723353,0.0548332108694453,0.4350835937849535,2
-0.1673535384664071,-0.5186831832379768,1.1843060278781283,0.9510945311310968,1.119402119128529,1
-1.2185485066709858,-0.2841270784633851,-1.4929943088498667,0.2916251416951277,-0.2018398739435501,2
-0.0095393744342594,-1.1419383809388182,0.6305026393534965,-0.2177189256340862,-0.9986831909374432,0
0.1543389816887591,0.9391738288258104,-0.4745164598715848,-1.048779455330095,0.8441073910225174,0
-0.4222972708971529,1.3267421788396827,-1.2708653462583277,-2.191349065710871,-0.3339352234183651,2
0.6632473739135439,-0.1567271979006973,0.092666281436958,0.9468505525119012,0.40302501414388,1
0.8616134892698531,1.2680102701032063,-0.1675288704071007,-0.853231844169055,-0.9356432108900252,0
-0.8747907656809281,1.702562179196779,0.2696602896496513,1.608289788707114,0.8428507709566999,1
-0.3024280521272371,1.2286662287799648,-0.9891619368071564,-0.5029794981226037,-1.3727417812385134,1
-0.9725962757191028,-0.4477807623668919,0.4938753717343551,-0.3999606478170461,1.0054661910100229,0
0.7680066318027896,-1.0210251649094415,-0.9148663279620428,-0.0019416909900223,0.958876570286757,1
0.0752754098500557,0.5569619947297606,-0.1000259739699551,0.5867787726719585,0.9768500698287376,1
-1.7492166450518212,1.337921605411431,-0.6578047444345371,-1.7004146765882582,0.7549436167484659,2
-0.4192994969661064,0.6772542491998907,0.8959244511706006,-0.6574382963816361,-0.4735996133092461,0
-0.1333546673075848,-1.2172130910202656,-0.7603463732722252,-0.1336595770953659,0.0635015875731984,0
-0.1551262215650059,-0.7479339092760967,-1.0032825838707131,-0.7602058186910451,1.011688103838239,0
0.518873539292244,0.3454104552621892,-0.4468161320074889,0.2690717653283395,0.3843182117458964,0
-0.5900585215590944,0.7582397188906198,-2.0130508002537653,0.7948830079183478,-0.1428567807166639,2
0.7802428931382749,-0.4160041009429598,-0.2001969008645665,0.2485405886657849,-0.0435764491095262,0
-1.2391812510773157,-0.2840896597168847,-1.8193994012676504,0.993887692764351,-0.6417016548441831,2
1.2421331646180125,1.2637787195344563,1.6970654115194417,-0.7897587830936011,-2.134396783880735,2
0.9934806663404876,1.0196476239060752,-1.1161159644595229,-0.7416273609777548,0.7365116495967714,0
0.7609139967704216,-1.0733726344163104,1.1004461554369167,-0.2892724023965604,-0.7193784265156906,0
1.1999922629248672,1.1957798414901653,-1.4283189164884929,1.1764160573489162,0.6815394374057521,1
1.154198372032052,0.2259647786496344,-1.056357052070492,-0.6680827446342745,-0.6407715478534137,0
-0.1230710759523782,-0.5816737250460127,-0.0770934817527821,-1.867033093179122,2.050903586155162,2
1.0771604354868374,0.6167718191547826,0.604710670170745,0.2660564816492631,0.5989754996854164,1
-0.446222305985302,-0.4672716046876017,-0.8431299988371262,1.4698087156038824,2.4023016974837903,2
1.0690298274045058,0.6877763916447638,-1.647190846275009,2.5214435709067327,-2.175465395226776,2
-1.559454125843714,-1.720004176575042,-2.2914389242661546,-2.5844486863154925,1.4280442206735815,2
-1.8660506803608816,0.9712489623406872,-1.541757020024643,1.1471502153699638,-1.3784907984546129,2
-0.1756880299196715,-1.5336100662164958,-1.7970655572167524,0.1410130402239853,1.816201093838241,2
-1.0486555477163546,-0.073110447253065,0.6116777323197324,0.3822460961761676,-0.0496821028390037,0
0.626508702640927,1.0009834672325746,1.055520600071107,1.1432633855722183,-2.3916400720966062,2
-0.1210714347041162,0.3811404901821509,1.0898462848344457,-0.7367829388138459,-0.3829934820283177,1
0.546148196204768,-1.0882018619342215,-0.7655775229804204,0.57788648097429,0.4824068653172251,1
-0.2056009513962463,-1.3138997729863855,-1.2307011486251875,1.593582010091129,1.2902601282699335,1
0.1359916860288072,-1.131305793129485,-0.339692384336277,0.7055232072152263,-0.7637432277391842,0
-1.3462420045621566,-1.602312311902773,0.5987345022198192,-1.2811400222641829,-1.3421056478774671,1
-0.4497940307077016,1.4074835339404344,1.4927971178628827,-0.0434001879951077,-0.5302890704383864,1
0.9994200044101867,-1.2651961492931278,1.0846140049858748,-1.0770073994230522,0.8975701228587729,1
-1.1494384523000816,0.968483948300264,-0.7098784482136692,-0.4424334721850367,-0.0728793225058262,0
1.617213178760286,1.7996664104879443,1.079572231579505,-0.9478648214332044,-0.3955929564027446,1
1.65841480686702,-2.058640430780119,-1.5315716387519778,2.382616500221139,1.6446431113942008,2
-0.3605468129587957,-0.8167113522209571,-0.6019621773291965,0.2345017425327926,-0.2925346270536551,0
0.9436524791776368,0.4562423492519248,0.283178937135938,1.3579051986423156,-1.0651639223780855,1
-1.1725343884767998,-0.6063943601978805,0.1241929639242507,0.6218690300108458,-0.9954548357242704,0
0.906289691532241,-2.4819546816714184,-0.8031987955328983,2.658846748514323,-0.2967296087901733,2
0.559293514950213,1.693298672993376,-1.6054516703782382,1.5408860073369142,-0.9626369851178904,2
-1.1921985105811808,-1.0468677441045222,0.7966533238051531,0.9716181070262544,-0.5921477413920078,0
0.3443278432371235,-0.3275692248773172,-1.0924298737526517,-0.4115003720414677,1.0393432389387316,2
1.4670544797212266,-0.99277112591921,-0.8223126371034047,-2.123569753482641,-2.180010336801408,2
-0.7665747421041165,0.1778934805480457,1.5696512004491094,1.3083652776761496,-0.400889615680097,1
-0.260579624577881,0.4175754122000385,1.5798723808838426,1.5006572819088886,-0.8050833038874627,2
1.2407482499537446,-0.959807733462786,-0.1541596670307556,1.658221279798182,0.9805521808348836,1
-0.0726179002054087,0.8979809605395835,0.7518227473877636,0.0871931112827614,-0.0072259115936357,0
-0.5944347326665075,-0.8457641595164566,-0.6004012331034777,-0.7949763427653633,0.3146894895428379,1
-0.3702735165466416,-0.0052693529754237,0.3805741610293196,-0.9414963662701512,0.729115396980014,0
-1.2165517776631336,-1.4870091714526157,0.652989849582453,-2.5719172768905207,1.688750157415626,2
-0.6289015125961633,-0.1713248279918171,0.19580755842803,0.2543215984425555,-0.0562859149996565,0
-0.4664160989621177,-0.0658432455874615,0.4419211132564117,0.3477409322001433,0.9428407248233884,0
-1.0769537406523764,1.0900121548279202,-0.1223523646063994,-0.4943929016178437,0.3033391569757444,0
-1.0025790677318975,-0.1049598634123637,-0.4024293679776937,0.4460510708596695,-0.8706831913082042,0
-0.7099237238182897,1.2011771871162902,-1.5154878882101963,-1.4249269518688674,-1.2559625865276187,2
-2.208134068147209,-1.7548074545591543,-0.5379190140974095,-1.899298338144266,-1.8704343913993744,2
0.0758133835994404,1.1903451264634584,1.0270483301417983,0.5775582992812788,-0.3983439603321376,0
-0.3199488809407236,1.0907154624872533,0.0711539157406781,0.8969240749685735,1.4077498646219124,1
-0.5109267238272657,0.4856590382537455,0.8202169521399184,-1.2016597135658291,-0.790765021072441,2
0.567613453665298,-0.4670119708710997,-1.4593383882712558,-1.1685089349497924,-0.007534319868201,1
1.6619481266095215,-2.219068081984359,1.3728022971757383,-2.2090995223632195,1.8380818842175213,2
-0.2690292350937501,0.0892465260693438,-0.8347017579555683,0.314916026626109,-0.2962818029711322,0
-0.134288569547645,0.3261512258523553,-0.6767020722676159,0.97457064622149,-0.9199903158659188,1
-1.2058511126875495,0.4660698717139747,1.6704733836790486,-0.6938547585568662,-0.334497708190313,1
-0.5023823649560494,-0.3020295110157109,-0.5782492283274562,1.573280298825463,0.408108843231651,1
-1.1056661589155643,-0.1171595133332209,0.935742020682537,0.8299431520042821,0.1391883670941509,1
-0.2954483378662558,0.0524580155065617,-0.8261759190685823,-0.1866353297339253,0.0188307934626453,1
-1.9703573875571103,2.2086663759446,2.3958297961308888,-2.270274754914925,1.7044492420608182,2
0.6496701363195271,0.07669327114587,0.577601402652529,-0.1239407599375208,0.6420707997091308,0
-0.9242854230669522,-0.2453933416856061,-0.6849769310907023,0.4435443933420639,-1.2796312549882691,1
0.2397885760077383,0.4605573538033293,-2.120064189701858,2.250779547039559,1.9279242506982963,2
0.0593635766148888,0.9137625791609496,0.0241332579990968,0.6309363899719673,-1.5489997611463862,2
0.5169552630215547,0.5654320542549945,-0.0005104812179864,-0.5646270160937579,-0.199161705702077,0
1.2928730964330415,-1.2918708590892265,0.2255312828739552,-0.5332827165759516,0.1447083243838072,2
-0.9821469465107688,0.5076724674118956,1.308539451090433,1.6263285666946876,-0.2399514800661117,1
-0.7268299326509627,-2.3386093628850264,1.1578377696305504,2.050823790072688,-1.2151095948716109,2
0.1679669955660539,-0.058283448725169,-0.3293157913493977,0.1775355067668319,0.1527759481016332,0
1.1023120533638815,1.464063727700447,-1.2818293584999372,-0.4268191666077589,-1.0484865755306998,2
0.3476012851532822,1.3745445373373208,-1.203433890723711,1.1641060112728134,-1.0395204698042029,1
1.146919265176796,1.022795132043776,-2.3314956644247142,0.7923620670044957,-1.0774985790848743,2
-0.4810981275740161,-1.4822796628302166,-1.8858380323834163,-1.2172613921400248,2.6852077477010634,2
-0.8131695827809798,-1.116683990863641,0.7577824797409993,0.7941445503376329,-0.419482750551911,0
0.7450886973948587,0.6943862586695629,-1.0597899116863403,-0.4867712550806864,-0.629027543137079,0
1.6415385232043744,1.2757751061813591,-0.6588730652538765,1.6777253558078422,-0.9952742363518629,1
0.0578168965614445,0.0363321905869581,-0.2886946578190332,-0.8645211883452173,-0.5369780114977877,2
0.1652243741345676,0.2095322574341861,0.3436129057848908,-0.2902495587469873,-0.1377496904969604,0
1.124955550638001,0.6668292188073468,-0.2460089905005863,0.824648311249186,-0.7573751060508177,0
-0.9670829366643487,-0.9021045562214624,1.097109735387433,1.4567601926981613,0.613199007649641,1
1.0029644460341016,0.3196040738267559,-0.5658365400833717,-1.002227079753632,2.190965104879246,2
1.7778273005838696,1.0740978243929786,1.0031609732012998,0.5272064138340735,-1.467362403647665,1
-0.5948198964145235,-0.7480764447137419,0.1121889058963487,1.4052032881435903,-0.8680028206228754,1
0.2840072170962842,-0.1884717445586363,0.622810468813955,-0.2730849680745407,-0.9216099300528486,1
-0.3245971289817866,1.0835008586108037,-0.7468584917660688,0.3680607029830922,-0.9954848111564976,1
-0.3384029601722397,0.1673859007392787,1.1799313852298448,-1.7828992274986977,1.041487141453378,2
-0.4431046424033194,-1.2180006389449218,0.1823251860606852,0.9852333273678788,-1.6057844168388846,2
0.1516044912635018,-0.9505317851805616,-0.7578243241052218,-0.6840686621148202,-0.5792188148588888,1
-0.8906179386452874,-0.7562237109628007,1.291652632170041,-1.3498674991163713,0.914968574227106,2
1.1035115765144796,-0.4933216023287826,1.008244074945631,1.1533078612179823,1.308860564998249,1
-0.6737455354768666,-1.2260198516456178,-0.7576940857412593,0.6898472126916717,0.275818976913375,0
-0.2194857077576849,1.2859329466560612,-0.5092212156067915,0.308303152316249,-0.0527196325030989,0
-0.7254371007281879,-0.3174413065393755,-0.3621022899588707,0.304874422617105,-0.4239823338792695,0
-0.9414915739610464,-1.0126571160974989,-0.1617280090647084,0.0929763032709781,-0.6311118080452233,0
-0.6297397413142416,-0.6336698376246431,0.7935616344693365,0.3303922558004076,-0.4352101874765065,0
0.2990814124427417,1.0152869246441591,-0.5108404544168449,1.311813555641698,0.5936933519184697,1
-0.6062103181810419,0.0642004621554979,-0.2703118190173662,-0.5931314256272715,-0.9404181508576616,0
1.7524843349783314,-1.7073234992409858,1.5286135754837502,-2.016968244506258,-0.5007004029340764,2
0.908741519200536,-0.016194681410609,-0.4013165095711271,-0.6910475206522514,1.0522034620083085,2
0.9402763237737624,1.0127800347008764,-0.1229408459519925,-2.5596053651737125,-0.5841592590140126,2
0.8164017897409312,-0.8285327654171183,0.4817372088383517,-1.0808446605829012,0.1671297625068463,0
0.796477209204957,0.8724087404795816,1.0421310099716417,-0.7871123822791158,0.7247274141928212,0
0.5917265474233081,0.5794747955210443,1.6687534107934667,1.3342023184389509,-0.2570691437874349,1
-1.42573542435088,0.905290016117575,-1.309564430169008,0.5294422583204059,2.252450129257563e-05,1
-0.4934228423336097,0.2892619113053776,0.2074496855043757,-0.3229169038442434,0.3354801105127959,0
1.176901529571167,-0.2612736477489271,0.2560084143439667,0.9643698341561558,0.3316643574437279,0
-0.8705064878360751,-1.6949192574646923,-0.8294375438497282,0.284835568819056,-2.0561804874326564,2
-0.6185686482340191,1.3462787956741888,-1.0307518353361091,-0.239083253934943,0.8700901937425961,1
-2.151227275401672,0.8629818532628153,2.123917234579641,0.3546687191993449,-0.7830710115218658,2
0.3281359132389348,0.2530119156613056,-1.4697269620743507,1.3140444059190253,0.1705017380756914,1
2.4007351307632168,-1.309832958319852,1.059795567015584,1.063261476131289,1.6754756829076816,2
-0.5278499889491701,0.4931104771953145,-0.1367224562131327,-0.7726526477855036,-0.6671879774438649,0
0.1663009407323667,-1.1082397873588432,-2.0000306367747056,0.3401632000590091,-2.3660833195598574,2
0.6098535351602862,-0.4255047637674161,1.8063328352913388,1.5253796432182227,-1.8257942617328071,2
-0.2563716390921219,-1.213007674678173,0.0984692656751921,-0.2171660893069365,1.2170530869473044,1
-1.0339334185945954,0.8367617583795708,0.966386251618354,0.3585912850868314,-0.159390418602596,0
-0.4338092020864292,0.4503646027696845,-0.7575187614609036,0.6867406118504003,-1.6781332432652984,2
-0.2989612429846642,-0.809457028226024,-0.2879467045713319,0.5953110183125555,1.0111648715577597,0
1.3095086290833533,-1.074026278249003,-2.173766556381193,0.8966486618806742,1.6437243184885966,2
1.6893896573283091,-1.3500655674680946,0.9850280582489702,0.4771654038502547,-0.7023052378436453,2
-0.4909262083394525,1.3681930436675194,1.6414717004996515,-2.617151364150189,-0.231021994141643,2
-1.6877662598477747,-1.6502123668560316,-0.7012659926121069,-1.2769966869484914,0.6877555900144935,1
0.1188696358729479,1.1662875760318387,-0.6711582407280988,-0.9357047779090644,-0.1177872921183467,0
-1.1070165710842454,-1.1658116823057865,-0.8460415190589725,0.7142186604501704,0.7687606617798105,0
-0.0421724075524236,1.227107633694949,1.0290817277433089,0.2895851055297511,0.6594445737408308,0
0.9255197443697488,-0.9520434449744272,1.538492080248768,0.9257061333190522,-0.698619956917297,1
2.201646351166842,-1.675947454194529,0.6690286118768412,-2.358923161434194,-0.0080296605921237,2
1.558899027679035,-1.5297411033301782,-0.8053168053133188,-0.54815705804525,-1.149842268897129,1
-1.1913502130737588,0.2463420512610062,-0.2596873699953078,-1.121119359090562,-0.9893010586417976,0
-0.975776773299837,1.0213953272362426,-1.6821463496297493,-0.9217258444421008,-0.768705533120071,1
0.9747091358308546,-1.6613082721528996,0.5068729797421373,1.437562946591217,-1.465650503947275,1
-0.9958352343943888,-0.4211958161938435,0.235472010274186,0.3201093927519014,-0.8535000208729522,1
0.8132594348530787,1.576458709355031,-0.937438610543121,1.983759950279957,-1.6245697326349455,2
-0.2550666605339199,-0.0541919993179133,-1.0830472833721017,0.7151507832385703,-1.043400912625574,0
-0.8747241409368335,-2.7405144417893643,0.0577631321732745,-1.235649774178632,-2.1744924619104222,2
2.408211266436992,-2.3900721374987897,1.3523641539387778,1.5213101420099575,2.6942780509529487,2
0.6116891073387489,1.1445983027438875,0.1511166822637557,1.2888174475539522,-0.1022616516461316,1
1.506699913302591,-0.3714087911280667,1.5480440237383302,0.0730922938388142,-1.2924047742194922,1
0.1070390276307131,-1.0753522896481589,-0.7818510376660799,-1.342040154305666,2.302386194840526,2
2.0409818965940767,-0.0536183470702553,1.4315983278163396,1.4138124827477638,2.095707473307206,2
0.723889198678551,1.704216952590959,-0.161466037583186,-1.3339539240772271,-0.7007555135779597,1
0.6181264721970202,0.7590675015520927,-1.036934567979592,-0.4584670912198876,0.1750402289085472,0
0.2177048234372984,-0.1917085911406225,-0.1273915372799492,-0.8155538644239131,-0.2690546449077368,0
1.1658806770470902,1.0367993141726974,-0.1958849251469088,0.8815810719987246,-0.0688463276557968,0
-0.988169404654474,0.7249589829628379,0.5517816253608616,-0.2831848462866247,-0.1822730353365381,0
1.0175980220458094,-0.660106280412882,-0.8120183203231076,0.5529061271446254,-1.165813353340824,2
-0.5447313318993814,-0.0901553273855269,0.6049658285216101,-0.6598618082523278,0.7971593221093193,1
-1.124658865580247,1.06902631898867,-0.7417071617510741,0.2531461770750547,0.8727722350873123,1
-1.2276701991488566,0.3932397777541979,0.9581639809196948,0.8531186988820377,0.3448461482316617,0
-0.685270308297943,0.1822909299117434,-0.6085966572343439,-0.6412566057286023,0.439857929889252,0
-0.0220186052763785,1.2012864813388993,-0.9941897962100352,-0.6911959692102246,-0.4681913788395088,0
0.4745717425485614,-0.8923710408802856,0.3969552664322766,-0.4941964303871987,0.7302954777552789,0
1.187457601911793,-0.8077632199164593,-0.7180586330475689,-0.2636928196284684,0.8196660470561359,0
2.121804749703986,-1.618217147803928,1.8613077902370996,2.422022379144407,0.3559766968930832,2
0.6821266053931705,1.193521302975874,-0.788157007812243,0.5722865201740456,-0.8936067350008629,0
-0.4904073949344373,-0.0442002578791725,0.0342206431027485,0.2313611433551196,-0.4147981336758687,0
-0.691448776888381,-0.1437721977166121,-0.0075855345251388,0.8348379507696987,0.2679039951000944,0
-0.2494593787883796,1.0922876383298736,1.002834137072761,0.0198460745616842,2.4649085926358603,2
1.2597239311010089,-1.459935746174872,1.387463057343431,-0.7752394746936436,-0.1075264151740239,1
-0.909811183210542,1.1597921913900446,-1.0212478856711804,-0.604090241637619,-0.3140295943780116,1
-0.711272705287804,-1.2993907964129152,-1.363056256082372,-0.1220872517145764,1.2018963711185704,1
-1.214039845184192,-0.2937472727337062,0.5699377780862528,-0.8566807149046614,-0.0814555136759385,0
-0.4765584327152002,-0.4811330906543905,1.2562995737867348,0.2884806379526708,-0.5846279910978217,1
1.0517641216243108,-0.6826156683023762,1.0137799997341002,0.6027525317095614,2.269329777629623,2
0.9782362840665366,-0.7061882079168218,0.7410323944720207,-0.15773290651277,-0.4127883069617025,0
1.7417308549460957,-0.9204621659488894,0.7895165700369502,0.3210352478021243,0.2239296453040208,1
0.8094169224527472,-1.040907997952592,-0.1989173665586141,-0.8576724116227284,0.0787269423744819,1
-0.7748217341881084,0.4407639169424733,-0.2563967309515916,1.4272405894678917,-0.2515081821871557,2
-0.3772031939600198,0.7115709951376451,1.6326539403508395,1.1862566570898825,-1.146650776293367,1
-1.148696877330068,0.4778820671760805,1.091385857324486,-1.9587325569742795,-1.2280007599177565,2
0.3063430394670495,-0.839154100226533,-1.0941553360822358,1.2489701202617252,0.1662421179302895,2
0.3303565870002449,0.5547162457369107,-0.716192957876592,0.0729232385262575,1.193460573656089,1
-1.200436454477587,-0.5178801279567129,-0.2819251634844194,0.5556305516168633,-0.4494363376805975,0
-0.6410306582113815,-1.3163138987695284,-1.6513207226897426,-0.7979153692545617,0.3854491080507241,1
1.516999373079896,-1.3798935340379166,-2.092831626351073,-0.6871303492228349,-1.8013750948089051,2
-0.5158661167067005,-0.2072534415671037,0.7489315432007143,-0.4624932428697845,-0.9813089302288244,1
1.039497480605463,-0.926295901463698,0.9810240737521816,0.6907041318113933,0.6938476204550207,0
0.5048443149693045,1.571278309309568,-0.3420485382157561,-0.6760363362117248,-0.0688511653876079,1
-1.7902792485570471,-0.9366830465102892,-0.3990505639472498,1.5536149692686576,0.7135787838327304,1
-1.518277489850195,1.4854221846784728,-0.0514298259829988,0.0154274956296394,-1.787843866404095,2
-1.7432776262835503,-0.2535570485036643,1.071741501568042,-1.1970638204428508,-1.512650318679112,1
-0.809450245778583,-1.270716573602937,-1.0883171218983927,-0.5009807864536151,0.4088965228118008,0
-0.864959157851208,-0.2156163469688554,-0.2365825816104136,1.0022774663072502,-0.1889973217534723,1
-0.4686801089181068,-0.6963297106449208,0.5623989135796861,0.355460795462818,1.6837072766417782,2
-1.7945695493445784,-0.4249605999539135,0.8051528511727277,-0.7086127868430487,-1.3449446249713284,2
-1.1990524703368457,0.8931013967842615,0.4494268098469365,-0.8645450207519715,-0.2258040090893884,0
-1.6576633879131049,2.1748390140432843,0.4785130639986731,-1.03811252927065,0.7238943892345453,2
0.6344142536982292,0.9033878848808716,-1.164755923678006,-1.970519065968512,1.0397761312722975,2
0.3881654427509837,0.2476483226085757,-0.7657043401079139,-0.6342973532637988,0.1735593211253623,0
0.7693990644852531,0.7798675436342842,-0.4778743516552142,0.2750680862086171,0.9732973486405404,0
-0.9001984528913062,-1.0297624322299697,-0.1473947697316684,-0.2355742424798721,-0.0517426023209594,0
-0.5799594879707781,0.635166820959542,0.95452163885231,-1.1166402096395065,-0.4694774261124658,0
-1.1493950544071658,0.9775844597911616,-0.0269027998971132,-1.3237393922797285,-1.1786939700547323,1
-1.0981376969406071,-1.0666150689664615,-0.013354239450417,0.2841794685296412,0.0435728086259615,0
-0.1983119330882248,1.120744085140692,-0.0126107813119019,0.9295546047579764,0.7442374207131937,0
-0.3600623455073625,-0.6828547807009285,-1.4743472169155205,-1.2479799488443433,0.1406011593292441,1
-0.1325113722280313,-1.22230791059053,0.1464533375679677,1.005878047162438,0.5910824872126931,1
1.2500839818343352,-0.2610738006826163,-0.9687085296467102,2.0276047129418013,0.9911767845228884,2
-0.6528362309808362,-1.738597611690332,-0.2208632601372666,-1.903198853371867,1.3983891037129326,2
-0.5045894965949128,-0.130551665291197,-0.4478617212680345,-1.0628230555961404,-0.8035147796391433,0
1.350356917742426,-0.5824085629132353,-0.5649391149702527,0.2384587374968078,0.1876454921948152,1
-0.4888766780706727,-0.0410052849021027,-0.3145894539656066,-0.2174379308650622,-0.3668270503080045,0
-0.7957487339026056,0.7927773732463813,1.0430381589761126,0.8850341468358924,-0.6133026785569677,0
-0.8023266526595687,-1.2639272252709284,0.7729485274384583,0.9214506963002216,-0.4523232739651899,0
-0.0157411407188809,-1.0599197611950688,-0.2824666713672427,0.4665770593972125,-0.2890755784425813,0
0.4533050490207884,0.0282983325010371,0.807474277239289,0.6484245714891694,0.8617712991824489,0
-1.651327728329952,-1.5434869090557417,1.5123239860413953,-1.0180796047709693,-1.3451534953920192,2
0.7483125191795947,0.4555732191779232,-1.4729342464532695,0.7502736794173585,-0.6546205475164609,1
1.0923879036925606,-1.5007092264757125,1.470090069776265,-0.265394322113837,0.3056777793472479,1
-0.5332533078311732,1.0818047556779118,1.036919586803062,-0.3154887055402561,0.1115923181631321,0
-1.276344366714932,2.148605390301031,-1.6505930109241,-2.247626820386757,-0.1765753762450104,2
-0.6408162855017281,-1.1078955209590835,-2.131329731883839,0.2092292838818605,-2.0751852933442105,2
-0.0430245586853889,0.5566790909804481,-0.3525449063728039,0.808948725592696,1.2220499908387876,1
0.3312680360002344,1.8037791819897733,1.8016075144642307,-0.0495289645022962,-1.590900854476365,2
-0.3038282759827627,1.0907619857142326,0.064336290761896,0.8351452674539159,1.2974421573819397,1
0.2089079139827558,0.4943832935639218,-0.2528758272940921,0.4737926687290287,-0.4650898383872879,0
-0.3048378171592897,1.6755632688316178,2.5505277597689755,-0.2410670035965076,2.125303047586579,2
0.9601402704368116,1.4321826723279265,1.5836043411435825,1.0295934911647306,1.4706076972408342,1
-0.4950638164929699,0.5186487771405446,0.356717462546369,0.6420429654559348,-0.234605786580653,0
-0.4990765976989365,1.0192568594945697,-0.2598226189353702,0.1869798924797932,1.021324038318112,2
0.6614205925012828,0.8418802436707876,0.1780870972841875,0.4122082648899723,0.1926695833050097,0
-1.3900699480121803,-0.5871760248617389,-1.1882160744033112,1.5644751951628135,0.0094318626837713,1
-1.339439427275361,0.362191890484175,-1.218798286294514,-2.273460210505136,-0.2418202611711716,2
-0.7669178165547634,-0.8998838186642598,-0.9799311064078718,-0.0086132598709119,0.5689958141272665,1
1.5577233197369422,-1.4128230259961343,2.277103047051123,0.0619508687680326,1.1159801724477152,2
0.2934241262426108,1.7583256806129777,1.594701047734444,0.3955798736073728,1.4016897722220756,2
1.046363578929132,-0.8133084508835003,0.3197108853613213,1.4601962693461543,0.7542670143485731,2
0.2105568197184183,-0.0963169858953098,-0.1645164089521127,1.2083686063789043,0.143875022215323,1
0.439686865452891,1.13824909038847,-0.9617162506991211,-0.9060385263156197,-1.0930547435477334,0
-1.6501164344768426,-0.0816218840622052,-0.7268486038124926,1.2779844376837204,0.9965416168032044,1
0.2408964438534132,-0.3913441952518032,0.1393030411103794,-0.938239575770238,0.852743827803212,0
-0.5504781165311691,1.104486785405217,-0.1420337210301192,0.8428536316426001,0.6781686325307051,0
0.3120623253252084,1.12264289633086,1.076584070842684,0.7450789486624875,0.4217697886211664,1
-0.7121596531772849,-0.0122015485393352,-1.1665928528276257,0.0141297156588452,1.95589671626188,2
-1.4908582985258216,-0.2433187732704572,0.8455304359136316,-0.3555548649510486,-0.2579193335913707,1
1.7579402609084709,-0.0669043170053809,1.152006581012417,1.4510050330898616,0.3065540061009397,1
0.2269705898340468,0.4914715873603642,0.3914134492607609,0.9278666922863528,-0.8993459925158221,0
1.0811832383929625,0.8166760762157148,-0.920302708813748,-0.7091694470237939,0.08402401362421,0
-1.0250918247887888,-0.6028907972936334,0.7609469709887223,0.4638907771352163,-0.8442730441452706,0
-1.1273366068597377,0.9960589006399716,1.736982686301566,-0.5456355896945053,-2.196883680036215,2
1.1393143926144174,0.3480953179395005,0.885934437253762,0.4917911110076674,-0.1872422224072606,0
-1.8112526695173403,-0.5938575400933308,-1.5163883703042562,-2.593770546263888,1.0708446770718234,2
-0.4133694337674527,-0.4949726646934134,-0.9174416261101576,-1.1044327152947908,0.1373173945395619,0
0.6299264047229297,-1.3689885195460647,-0.9519769343538618,0.8203832369731608,1.5260059597130209,2
0.1785465516076332,0.1000693574072196,0.5256427594975945,0.8519708171417054,0.9437257037592472,0
0.4951905661314545,-1.13124620472962,-0.7761055136089006,0.5870307726197757,0.9070695364915184,1
0.0542456552622551,0.3666936774847503,-0.683301639450969,0.7002683347073636,1.3033090374854428,1
0.7536394676195664,0.3078324805081828,-0.9724055204263222,0.1153850841074656,-0.4024022346360103,1
-0.5692289329819239,-0.0234154747467941,1.085899662547832,0.2764534744584067,-1.0102920324383264,1
0.8528088678433097,-1.5630330757680972,1.4785492871759065,0.4055938674050757,0.3951247896935916,2
0.2124475015892001,0.3416351741215676,0.4028612008679612,0.9028084932537924,0.1673181915498377,0
-0.1651588814346437,-1.958568285820016,0.3166283022661258,2.086377423224937,-1.43247436002888,2
0.2906214173625111,0.5624024571791125,0.0561495078877182,-0.6008638300774186,-0.0609888454935695,0
-1.053661792287422,1.1394536451415302,1.1077520240514012,-0.9769504972261768,-0.6424171923454092,1
1.4726144630759812,1.569854121264454,0.6210053330516411,0.9205362094896504,-0.2107795888397266,2
0.8974923305015395,1.1111983845576925,-1.5600413410475025,-1.6989179085514865,0.4532844818321457,2
1.1888375284025203,-0.0364887413989349,0.2370170443531389,0.6459849739020465,-0.2455491911069274,0
0.9477023098104328,-0.7197481348289065,-2.175404907651538,1.646129429640707,2.218285677529007,2
1.5079311790809875,0.2995670529469403,0.9330965403841194,-0.246018921355393,0.329780457545518,1
-0.3612133347694282,0.3599628833599027,-0.6443454422461038,1.5223962598712193,0.5048633794523453,1
0.3708024301730143,-0.3976695230717192,0.0321715373568882,0.8315889105881455,-0.4864186964642816,1
-0.1646816299510494,1.0373216782632788,-0.1149949061648333,-0.9473088571989686,0.4277022330084546,0
-0.0983527218998466,-0.8416816870158589,-0.3537746111492706,1.350617742014545,1.5189948388151089,1
-1.7926694395478242,-0.7346873544472781,1.8493823568600756,-2.581240404703773,-2.084653002535016,2
-0.645287477849169,0.1093928985803651,-0.3948815368470758,0.3589197090810424,-0.4481661264326412,0
-1.23673768392877,1.0237999647295766,-0.3735600398938816,-1.0640489195352882,-0.1434853114185472,0
2.328574634850253,-1.1817625191788206,0.586009090322435,-0.6791601670394556,-0.0782801955852534,2
0.2977717345231246,0.9243977053663786,-0.819421728335312,1.1120960409149612,0.7435591188467253,1
0.0895931050859474,1.650300021504715,-1.399838449151679,1.3631925179608386,0.8508536973135489,1
-0.6352643735269183,-0.3738005604471893,1.1118953918025962,0.7197766152282281,-0.8982291851306391,0
-1.1652543513314362,0.942463912483112,-0.2077552142585912,-1.0384285225343357,-0.0720842093471477,0
-0.3164486564336035,1.6128788776795016,-1.9555251746938171,0.3032580829761792,-2.2777963561206027,2
0.6792993013149614,-1.0604550425037225,0.6681461971746531,0.4883889175041199,0.6969747419883017,1
-0.8254523116823111,-0.7858196513848744,-0.4911980668772641,0.7777656975586684,0.1046521757962359,0
-0.543529646284546,0.8321531421150842,-0.128363078698918,1.6866941957055506,-1.5657446312451269,2
1.6761833421223096,-0.6114912558599122,-1.588317067187161,-0.4439031243047489,0.5551885263238505,1
1.7451300836587569,-0.2940180484785308,-0.9953604397837748,-0.1870237803722791,-0.6967848591452078,1
-0.1145595306365214,1.2241244689488833,-1.0347061654568313,0.2643104313503954,0.4408018085954128,0
-1.311747060430347,0.6048380035889117,0.9035220191582451,-0.9474375505824582,0.3191838546040495,0
0.8012563867699891,1.8004367343989,0.5314030942422916,-0.1522821590088928,0.5211838174334075,1
-1.8518716996749107,0.1757232600984426,1.2220785884496974,1.3434526511066267,-0.7325324577122234,1
1.5288842120732888,-0.9566065320297512,0.3877866232800294,-1.0561047060561195,1.9071621589299743,2
-0.179042035597651,-2.475194764247128,-2.481460666305758,0.3461940123438495,-2.022977758017882,2
0.0239319920947326,0.2031609329663699,0.2775969120550568,-0.9225608923154148,-0.4582998136616021,0
1.4845242969178696,-1.3781453406754076,-0.5848624583333804,-0.1367126981351645,0.2476373120637691,1
-1.240052027033017,1.8068271299758625,1.667913393549754,-0.3418931237877812,0.9827269405543044,1
-1.0500817670355795,0.2584851323889024,-0.6981308104368239,1.098214177207807,0.839213808520728,1
0.6635985527372806,1.526633231466239,-0.2877917922509492,0.6765004241193463,0.3501072713108658,2
-0.1135698389282599,1.086430729334446,-1.3374190206701857,-0.5919581199406665,-0.7672820672070927,1
2.0749693649353373,-0.3749093705613346,-0.8044127119263805,-0.710252722548053,1.906251078057534,2
0.4178529106079925,-0.5707514022554125,1.013848465025801,0.1965252742737289,0.3305599717103201,0
-0.0649547284047873,0.6891603010705674,-1.0573907273280292,0.5184280207034621,0.5319668316390873,0
1.8273610249142649,-1.2828014189283,-1.2543982139316716,-1.9891031871344116,-2.120832268534386,2
-0.8840196811685216,1.0309252346187372,-1.319154582244187,0.8010007385738213,-0.3666948236322987,1
0.6396275352972838,1.274766113222178,0.637600097405613,-0.2371154468903291,-0.0616674672685891,0
-0.1725983102339596,0.2520964499554011,-1.3978486350975448,1.5441417045179828,-0.417129888792181,1
2.010428551416496,0.5989010904504384,2.0896444454018424,2.485467669267406,-0.7267599057127938,2
-0.2944225012920128,-0.924135472020196,-1.0314042109011712,-0.4254606280725841,-0.0997275344266203,0
2.151324295877774,-2.476162100162601,2.465377385453245,-1.360383880801115,-2.5726027556082465,2
1.7983198644268612,-0.2646755520734976,-0.3324183015739693,1.422944650359179,2.1851384522754382,2
0.2935819538534862,-0.2995281985804228,0.1065808895651094,-0.5574461574603795,0.8736211191084202,0
-0.0913633433859394,1.2275730981174764,-0.996747940513664,0.0745863153023072,-1.1077592964634515,1
1.3030328911700688,-0.7684974029413961,0.4752766232015029,-0.775695319627949,-0.1989635054049918,0
0.3594853711638923,-1.3389105710168816,-1.4685492533960574,1.6663522118677971,0.1684667018199916,1
1.69290082071347,-0.5177242506261643,0.7561591131793048,1.302960484592958,0.8308115532427076,1
-0.4309487739290918,-0.0896914765887136,-0.1544083007597208,0.2977657286850324,0.892329743809694,0
-0.873556328611889,-1.6952353758104288,-0.8914438885834863,0.2915986915919814,-2.039128768405802,2
1.556714298000526,-1.024564360252503,0.3404177640768235,0.5149636146070614,-0.0443130594469833,1
0.2233858905058354,-0.1472269057687182,1.603100651904794,-0.9352609939925006,1.401592962916694,2
-0.1695527252796482,0.016108639171141,0.1941639157081635,0.9452895106179984,0.8782998191726286,0
-0.5668158147893637,0.5383259664070784,0.0663480817241263,-0.8467091211184149,1.127682401394648,0
1.0719187208340784,-0.0480770784892044,-1.9852108526351688,1.889689612398667,1.922670672911735,2
0.1435605560428741,1.2513894333150293,-0.0991411206354483,0.847259416868725,0.6918446543356394,2
2.030045316885235,0.2137552428294435,2.258359077083456,1.248927645178861,0.8224157728631344,2
-1.005750164409753,0.9058317227004312,-0.9258338858781372,0.5343080035263271,-0.1403865860196007,1
-0.8938717510724747,0.381822717152624,0.7686005884112795,0.5651095132957223,0.1955130103308642,0
-0.0462627562602273,-1.2325111440535166,0.6310216346046329,-0.5384873718850275,-0.9765827944228492,1
-1.3156471126323657,1.5248857410089238,1.5933697165831466,-0.1362711661329078,0.022529747705797,1
-1.1998043030426064,0.8660737829197698,-0.5865030334870763,0.5413021401267435,-0.5696687091562207,0
-1.7275908344488542,0.6362611928869844,1.5553653447291276,-0.2334843191032918,-0.8575254263757242,1
1.261009660842593,1.0377693872631784,-1.4242870471251992,0.6932820111160859,-0.0901607940139956,1
-0.7655895635787818,-0.6170486437252679,-0.2743837891664046,1.018562464689324,1.1154105460361652,1
1.842651261631112,0.4317972432570058,-0.4607164053342665,-0.9816962258034356,0.5968508413656708,2
-0.3678823446476513,-1.183938520197718,1.7004098084660948,-0.2806348672680765,-0.0655870392754484,2
1.307884269954846,0.2052987616905726,-0.8242467339117037,0.6394976765445893,0.6757240975517859,0
0.1640244905580716,-0.6797383675155734,-0.1180585873017865,-1.2608602140197955,-0.6362819855474059,1
0.2919584730990138,-0.4410001827894711,-1.0780951220239812,-1.0093896140284324,-0.2237165189325206,0
1.6329341975041072,-1.507344384936072,-0.6057865836915801,2.1821464888536437,1.1013586318131532,2
-1.4130861679821534,-0.7622969082676485,0.1585269101008951,-0.4892248324134433,0.2956028632578024,0
0.2447816339230946,-0.5532924805979257,1.9188218348391757,0.8206710462612644,-0.7436202216122956,2
-0.0623799175750857,-0.9075978001098428,2.543247501810911,1.5798960159733255,0.1894005031001548,2
0.628188095218091,0.2406869706378025,-0.7513002232279983,-0.3563640172793909,0.3576747091208422,0
-0.1114205245759941,1.2827386280060076,-0.9630333172659974,0.4032555831992744,0.8239575377918803,1
-0.8328873223505572,-1.5314895696860278,0.8012296091941484,-1.948236337382052,-2.116097561464562,2
-1.2501944312415234,-1.0360142745795984,0.422547821172829,-0.5311129930612795,0.5209664157388051,0
-0.9407917438580012,-0.8833938493606481,0.3614670935288714,-1.3998503299807032,0.9226239639778904,2
0.2027750584867552,-0.3029963093865502,-0.524931769534087,0.4880215803564941,-0.0769645680337772,1
0.8192879144667784,1.368696602992674,-1.054099837917042,-0.2773555389884105,-0.1358421709812359,2
1.655409145287955,1.160932819458656,0.5895110801901708,0.9327481411136485,-1.2801008730768402,1
-1.1047428758339068,-0.8946896683364723,-0.5101400032204464,-1.1010516756018605,0.2961102714518887,0
-1.4003758779547752,-1.4848059538682423,0.1062709485691699,-1.9579408507452376,1.7908143430056258,2
-0.8200889207023444,1.1728315651643726,-1.4919287956075882,-0.4439903806874547,-0.25672084465801,1
-0.5782174349206761,0.6560425859242673,1.9239180169583776,-0.4208245383570009,-0.1586197823279097,2
0.6729461206722904,0.6791707672095562,-0.0850922714328815,-0.9633045043453026,0.1362150449967196,0
-2.2875584999077683,0.0669948336884507,-2.121745628176743,1.528585331615662,1.0311913685608645,2
-0.5494132820838883,1.037233950320703,-1.010128413113047,-0.5441547865091275,-0.2677660588344414,0
1.609204974784738,1.5745929481294272,0.472753090347136,0.073167884845325,-1.989478524663254,2
-0.2119603352524927,-0.988350448245376,-1.2854103575784597,0.8725636201501714,0.3288461026027572,1
-0.5255487275593599,1.1299112115005858,-0.8998386521183771,0.3246182140950217,0.9321601313017724,1
0.3563119797245691,1.5866062024974896,-0.5238185273128817,-0.2023070233280001,-0.4697333503899469,2
0.0340065573776239,-0.7186780814887098,0.2121453026834029,0.4988573228986717,0.422039760600584,0
-0.4062926030714761,-1.2039511277759656,-1.7389637142408594,1.8820948553476629,1.6831839999315192,2
-1.036716936142206,0.3447186299659202,0.7294842096016684,1.4745027425586532,1.1307015539839973,2
1.2442826606551018,-0.3810238430379751,0.1301606274906499,-0.509548428970646,0.5688447328911053,0
-1.896362487416508,1.5205029280554163,-1.5857497651226653,-1.5606723465620829,0.570707107832998,2
-0.39429245122704,-1.0139282366690745,-0.7282444993267408,0.4238899887419488,0.3466162227463294,1
0.6209103892863851,-0.0551341137807332,-0.983975750858852,0.706111354943802,-1.272909167234944,1
-1.0145736185314125,-0.606256529106298,-0.5710052764620106,-0.0586412634463902,-1.003683109882262,1
-1.3090358779732472,-0.7219200649733634,0.8371912304453363,0.5470530203632841,0.7231358084127049,0
-0.4446925232095163,-0.3406264724168062,-0.2257104097069242,-0.6967742288937943,-0.6859000517458045,0
0.7632558240575732,-0.537241882209516,-0.0019481206365886,-0.8574197837282572,0.816801591349455,0
-0.053239424029832,0.1093981602113349,-0.5067632380463722,0.8090833688215409,0.1923542431596081,0
0.7170478189842485,0.5008916222204881,-0.2224380677052629,1.2140171545150895,-0.2699617294833534,1
1.512450321035647,0.089310808509442,-0.9793681455778304,-2.515461978054454,1.5829960964073042,2
-0.6583835330610331,-0.7802211144982925,0.6950051868398204,0.3190500948152762,1.0671965354408952,0
-1.1859567895828913,-0.2841246670915706,-2.201053423303846,1.6161595277197405,-0.4527420991943355,2
-0.3736474162730165,-2.625232705988054,1.4413923135181892,-0.7723640115278521,2.154775271636004,2
-1.3689331261500255,0.6430407220468786,0.9639632298348496,1.559379730642369,-0.7478287607759223,1
0.4739241149222468,0.9197822243261246,0.228116084115989,0.9216464935604596,0.2073488255112842,0
-1.3389449675381375,-0.4809036141443056,0.6501864837395014,0.6781063300132112,-0.6105311220899495,0
-0.7128143052505412,-1.6296768925750384,0.8344877290859783,-0.9165161652660913,-0.4124337016546655,1
0.938572571324344,-0.6523478439979999,0.2162856100779048,-0.0228008981770267,-0.2107167122041695,0
-0.881305548824625,0.3449691461423598,0.4053178473964689,0.6655162891575879,0.6550244279794758,0
-0.6648209416697515,-0.0793549744275776,0.4929996444875478,-0.8211214224976242,-0.6628712614721891,1
-1.4058370641915003,-0.6125867885311223,0.0360930768545009,-0.0337481364846663,0.2014578201596597,0
0.769580598520817,1.1809130013835585,0.81808460181402,0.825002224005683,-1.3736688468355716,1
0.2724661632284689,0.0045602042780624,1.2488921051806223,1.2716742713701716,-0.1999884154681774,1
-1.7290907947938092,1.390865525165678,1.1043635898130049,-1.5706016880828757,-1.933020906773888,2
0.8039772335843012,-0.8714775817464855,0.5482713266068717,-0.594666949306955,0.7634058800954748,0
0.7123964310404141,-0.2739416986620616,-0.7772908102591223,0.5358645219052075,0.8524964119055576,0
-0.0892283188551514,-0.8327286525780098,1.0254964073163375,0.8982052095719425,2.1933902398945904,2
-1.686823527831404,0.1766708633975302,1.5138316336214566,0.1134888296207545,-0.2807621057144508,1
0.8537412643300187,-0.6408507312775683,-0.0567495541320375,1.1118182221831934,-0.2615287029517028,1
-0.945401626226522,-1.0994990264817768,-1.012958239475854,-0.610931935785487,0.91660356094806,0
-0.3364924808160757,-0.8034070061965239,-1.5662548139967984,0.0129743840564688,0.2030304498361279,1
0.4706342553792676,-1.0770372845429872,-0.764209297721167,-0.3283045997095233,-0.6053648385218895,0
-1.6646105872670818,-0.3259284786158975,-1.5846980247697575,0.6747787150155432,0.3014021468930016,2
0.4306762563782396,-0.2677824673486199,0.5286873942262345,0.2213144059634806,0.9006420718796299,1
-0.7236946685575313,1.0854711949871054,0.9117098073068324,0.724877097301744,0.2435687962773705,0
1.229312769468419,-1.0861987861815066,0.3283744217113502,-0.3633169716594988,0.6935591214568956,0
1.4424561007449253,-1.431902318546891,-1.4635514934456617,-2.441867347994388,1.7249549476106794,2
-0.9313736214858984,-1.3496793134439884,-0.7263731773723139,1.2720991133713215,0.7096011388189425,2
0.1857246250974749,-2.805031512301132,-1.9550626630702757,0.762681072170676,-0.8409114919018453,2
0.4757772890799341,-0.1832000250755889,-0.3449279301309568,0.7167086284962332,-1.4085361158703011,1
0.0731841008745569,0.3324180704902489,0.7919505013990465,-0.648768603080509,0.3843235544730475,0
1.655275636678171,-2.575652376633307,0.573620476196463,0.1999703453623751,-2.424825582163648,2
-1.4041218111197498,0.2868869190200047,0.525290673801333,-0.7055439561277365,-0.1395767022796244,1
0.2928210462651398,-0.2447133648126749,1.332158740391397,-0.5255210935280795,1.5375955150004224,2
0.1497049537777749,-0.5238197701723631,-0.0087544579209487,0.8124338471688339,-0.91418204842673,1
1.4441620850083563,0.5927191557253096,0.0162946005545456,-0.9177537416254116,-0.0228192981033354,1
0.1979528528952523,0.796350303076511,2.0329706034499004,0.6052369700202426,2.472640865345107,2
0.4623807788267425,1.233709033623459,-1.0325395291533102,0.6025934422523389,-0.821942545690157,1
0.2341885516416586,-2.477974975006697,0.5756269047242967,-0.8712221528471875,0.4299663391777943,2
-1.15294692423577,0.0769684880669992,0.1771100549228381,0.9399369481340402,-0.7524655271520907,0
-0.3618281062647526,0.3850213948783232,-0.1184506679207105,-1.9944796712594135,-1.6786852089909374,2
-0.0752040996862928,0.4525748237751936,1.6448363931861334,-1.3197647167601656,1.4208209852255318,1
0.2439062973487567,-0.5532617158540286,1.9541970823479424,0.8022541334257285,-0.7906622324651799,2
-0.1797161006182313,-1.1585065979834397,-0.4153588915886713,-0.0011563060898566,-0.681964035197948,1
-1.2252718875307955,0.20372311763859,0.8253932146125441,0.8416688820224293,0.0219291149823711,0
-0.539631938590152,-1.1827372172613384,-0.6890408031413748,1.2937832114594403,0.1451581620190648,1
-1.4431170699560536,-0.2729636213523074,-0.2008840059311615,-1.5682033278314462,-0.2138239438820409,2
-0.0463998695588034,0.6654565949134711,0.6103512219067174,-0.1818920131760099,0.9680979646542872,0
-1.1980748117576725,0.3796250340227878,-0.2427161384470029,-0.1342939409114193,1.028679591310638,0
-0.0274285674332882,1.0793678326337803,0.6166075786821077,-1.035964418740016,-1.146746663690285,1
0.2159357253412839,0.9077985988265268,-0.1126584012401212,-0.1590204235086836,-0.5275513250975096,0
1.9094600878171728,-0.8536502586154515,0.223444900247969,0.0929400658942815,1.9365040719797404,2
-0.1049078576223967,0.859915062181605,0.3857053729650828,0.092120523692965,0.3321782593010353,0
-0.7402412639477388,-0.5772139168362578,-0.8557860452868779,0.5284870620637937,0.3682396240342352,0
-0.1667342071978227,-0.4283257280939264,-1.6163583549842395,-0.6064836514580748,-1.5201992899244317,1
-0.6612297668841577,-0.9087875154271484,0.2618757697469021,0.336891790581643,-1.0071362402466113,0
-0.7236224400365704,0.370945797677337,-0.1457092106139221,-1.18702835061393,-0.054535597682337,1
-1.722122497381555,0.6044825424775842,1.266089252927844,-0.3282755987415671,0.6599102255275576,1
-0.5209152106179854,0.4795133579461504,-0.958005431580623,-2.123391269445071,2.6868615576583905,2
-1.6701456852371055,0.6549012566569667,-0.3727418228836401,-1.1737386912334702,0.0543621671989064,1
1.2224960838392231,-0.3031147742587659,-0.4260031800601737,0.5398485391900117,0.1070495263476313,1
-0.1267232451818553,-0.1426663398499358,2.3310006697712806,-2.4608673503711174,-1.6440820262486255,2
-0.4941398409747647,1.0040009487119637,-2.5755591589195204,1.9763033638753076,2.594899828248617,2
-2.012390810242385,-2.514832445984446,-1.8628801252837848,1.9038978591250653,-1.479497069439276,2
0.4248089869834009,1.1314035289406856,-0.8027758229135615,0.3511358418955294,-1.0324022248693134,1
-0.4915623591702234,0.8123135605649222,-0.4959601581432377,-0.0885650511491449,-1.2744499191480705,1
-0.9740776775373998,0.2422054448895305,-1.0908513499701966,0.1095664555032894,-0.0485397472137944,1
-0.656542393059782,-0.8490113069409766,0.604473277767712,0.411084723645756,0.9727248948939216,0
0.6517138516382123,0.9104383649970758,-1.6226824270507971,1.472322392790854,-0.6228870983627751,2
1.04668418693795,0.1197724070791305,0.2978874717859552,-0.3172955323722947,1.8120165103604684,2
-1.2629483668059087,1.6285728323166242,-1.459752275726817,-0.5390640161841534,-0.0063326593916254,2
0.2148648213916556,1.5992822550299823,-0.9096878458951294,-1.014335946671481,-2.5953309232337505,2
1.1804359758721856,-1.104379638720386,0.5118474166845466,-0.1323015909442063,0.9658256202937632,0
0.4249003483727233,-1.6137666212951036,1.6602529697197994,0.1912541123366161,-0.5694143045525973,1
-0.143277978105372,-1.1949516783731302,0.1420730677942793,0.6902272588652777,-0.4175766197189003,0
-0.5707138567757924,0.6513070519018462,0.1709713716817515,-0.5216519342617365,-0.8162299694958002,0
-0.863938366810658,-0.4581355367209954,0.0290044127028456,0.379429427087379,-0.2946234863359691,0
0.6558286145133873,1.1808333022888051,-1.521514232677347,1.00530779997908,-0.9205065836048302,1
0.985016020114636,0.1987467047609132,0.5737250522016702,-0.0621263446393227,1.2675536569536463,1
0.592438276658921,-0.2288778013746648,-1.2473298559471675,0.6083709928803128,2.399254316685989,2
-0.4592494118725759,0.9779055633407386,0.8131586164782796,1.5424758906781508,-1.1250295977440907,1
-1.170910983009252,-0.4708353462077405,1.0117285982289632,-0.7911333356529289,-0.4687265330096383,0
-0.2126454417713848,0.0473987850983384,0.4519300855026822,-1.1096649796248084,0.4663151819902272,0
1.6939007104442136,-0.3615771340906549,0.5688924298727923,0.9887280095126526,-1.075713032494951,1
0.8054183156891724,1.543682437424066,-1.2442269050002674,0.7337831486089142,1.0995233295802749,2
0.4851346877555834,-0.0379482536955563,0.8942475407103103,1.0946872989729444,-0.6511658750523268,1
-1.4045797444979085,-0.0154627175295515,-0.2148400681991021,0.5859057979916253,0.1164958481900616,1
-0.7267238675514368,-2.0064758034816093,2.130112016590964,-1.6962153928115375,-0.3822648601323579,2
-0.393179022109889,1.0360206381229156,-0.4251561361641991,1.3193182261991965,-0.4902714271071819,1
0.323506799738846,0.3193361782653603,-0.2684801328468408,-1.562418677048247,1.6607607493870369,2
-0.217692828216138,0.4164715043920156,1.3041132921273106,2.225370869029677,-1.1068354951681834,2
1.4560237545041343,1.7194258339105235,1.4674702038512777,1.4595368083681437,0.5402422682734611,1
-0.9274758951902956,-0.967818154806995,0.5223083163801537,-0.1870092537986214,0.5193282268743764,0
0.5294988390236575,-1.44208303119031,0.6568661937117232,0.0703109310295104,1.4501381338162418,1
0.4560206025338736,0.5443007453234701,-0.5460002037401203,0.5928025691211691,-1.4099820546153987,2
1.601439076394383,-1.4975816584490331,1.1669522034632476,0.993970174976112,-0.1412231652076508,1
0.717187220458041,0.5194539794995142,2.550615481517689,2.2355335225590887,-1.329300544849443,2
0.172669299894064,-2.272726367720653,-2.155119134669805,2.152529556882883,1.7576082564436224,2
0.1279847000599378,0.5527073530524377,-0.6104876848163112,-1.3133357248358508,-1.535140670793269,1
-1.0654315056554686,-0.0472462110520617,-0.514644777270417,-0.8583173060685322,0.7908430982274883,0
1.4933655226572844,-1.7828469425012357,0.5238862826396852,-0.978692066648722,-2.45755427613313,2
1.7203396799870485,1.059673521757201,0.8897441633019595,0.7391370167155557,-0.6267823841353163,1
1.2255997609023512,0.9373904836568416,-0.5667474439467252,0.9980891866083754,0.9523484686048465,1
0.4206518522783145,-1.278017021766579,-0.5613055326752797,-0.3910686183307165,-0.4617029733575742,0
-2.1617378356585464,0.4022546958118978,-0.8850278692335445,0.6364226591018157,-0.757512469600432,2
-1.8533539885561137,0.8055133351962769,1.1998062666039273,-2.124843687627448,0.0306458042031728,2
-0.1373895995247513,-0.0171659775620225,-0.5544039361294848,-0.0981317242782206,0.2207108798269847,1
2.2012584085972686,1.797156359898461,-1.7313872726108244,-0.0354071321370425,-0.1129904106743187,2
-1.0035526396700014,-0.2359811474456287,-2.0811472806340965,-0.2499396115839863,0.2619239982998671,2
-0.1509107249333059,1.2727349161217998,1.40988808644925,-1.0249819880804316,-1.1332576637648333,1
0.3739588910208422,-0.4464656233395898,-1.012733557481303,-0.9834832627655477,1.0299981912885128,0
0.0350876330875042,0.5265790667710297,-0.9212325513955206,0.269174961574689,-0.5390919307823331,0
2.3072827104817235,-0.5483586882892917,0.3911581144133095,-0.7839121097578127,2.008105484346664,2
0.9097816827528732,-0.0613559168405112,0.3659371144398961,0.7587449403002527,-0.1629961817798067,0
-1.4157540971760607,-0.2838663515490899,-1.10544300676956,0.5355305077624442,-0.1750216575725251,2
-1.3847062077900942,-0.7930734918645632,-0.8663765551410928,1.206326790925051,-0.1949886460924433,1
1.2240633179793377,1.1980790715020502,-0.2938913340720899,-0.2685803255268697,0.6397411202730167,0
0.8167431946159599,0.5949048632815132,-0.9588291143479812,0.143567785352469,0.7409566719800524,0
-1.0687374323998222,-0.1190611382681165,1.641579636873831,-1.1878264917840586,-1.3579490483315255,1
0.8646015547196345,-0.7648388791133088,-0.2792763865394951,0.4726996606720493,0.8088290503988793,0
1.1735456354561131,1.2690766070597712,-0.9633204874164348,-0.8441986947257888,-0.575396571095408,2
-0.4704570556551902,0.2991470881381249,-0.1418447630980451,-0.1689149634828251,1.066257739984003,0
1.3690315489567295,1.2464377638705444,-1.4205498913296843,-0.0826522160820203,0.5238124819243741,2
1.885756206273568,-1.1633552116440076,0.302330705880613,0.8490454958037634,-0.4973311656671607,2
-0.4136614314999119,-0.7035823140349118,-0.6972526113220819,0.3819355808636016,-0.3126034973399897,0
1.2096598163017285,2.3228097936255647,-1.2776859098629494,-2.042776943337373,-1.2772102300291526,2
1.2314427293721684,-0.357589857398337,-0.2158911865155527,0.8151005979800553,0.9289712426366036,0
0.1089012470569618,1.3403195470057092,1.2949394265918448,-0.670646162168161,0.1108582053516643,1
0.9517075825150944,-0.7400588369073814,0.1596160428146446,1.5069627653759394,-0.9506649196171842,1
-0.4731368147626785,-0.726194909550404,0.2136168078048347,0.4676020955596515,-0.7770488182425771,0
-1.9370391348189109,-2.1900419217975053,1.659277633470371,-0.565729643496261,1.169540437306997,2
-0.5452669942993589,-0.0536107348393421,0.93157348154178,0.4500350424352302,0.8355779215834521,1
-0.9299810183741314,-0.4575346464549347,-0.6359986273484112,0.7652695990133488,0.6432336729131172,0
-1.0622451253923153,1.1031570527287402,-1.3477247491382134,0.3380424932940095,0.2977664743108038,1
-0.3001705723745773,-1.005264847585395,0.9209423376565588,0.3626680900085877,-0.3900976744655077,1
0.7352966254939827,1.6360783387172957,0.6993286339046492,-1.683783423920863,1.4450154021946622,2
1.0219603739987595,0.7125479205052243,-0.2887190408304733,-0.6556445002507666,0.7849634051411771,0
-0.0073801269967539,0.9254500823374122,-0.2479432185414736,-0.5173211606419865,-0.7329802566926564,2
1.7162459637202188,-0.3616116394518512,1.7110838274897917,-0.6594461418175966,-0.8630007423227645,1
-0.78662591902058,0.8555513628545288,-0.0877871891035615,-0.3791126362007703,0.9211118272641572,0
-1.0806500250718247,0.4463413744177548,0.1589021608642954,-0.6713930060372049,0.4668238077687451,0
0.8036870977901296,-1.861139657549125,0.0179722610422281,-0.1856496772719382,-0.8122593607761185,2
0.8358377362721892,1.1903117856125864,-1.0882042795030975,0.4558135742083941,-0.461860824526277,1
1.5015932592724128,-1.1154347200008687,0.8765048009526266,-0.6596153326395396,-1.4835784466587445,1
-0.5623224328758165,0.8823553601790783,0.4296855843644277,1.1517163594249618,0.3392130099724508,1
0.427660215859408,0.9980212063946232,0.4982460446613976,0.0076446870969093,0.8466797419167783,0
0.8447939590731315,-1.0144381606361177,0.2738117970719492,0.4806637025516695,-0.2246358458705916,1
-0.4315115147628581,-0.0396527531086761,-0.9182573551878276,-0.8952162272430263,0.871588452680167,0
0.4394353613503644,-0.909470148565247,-0.1672216419311442,1.5506877115319313,-0.8835194017473745,1
0.7046310497725099,-1.163245766069929,0.3752655925689708,-0.2173080513332921,-0.7175496043832084,0
1.6107286897977722,-1.6649477979195368,-0.3394310307113427,0.1515527252277041,0.9520942459049848,1
-0.1866517325112499,-1.4822897391078085,-1.6182994477470714,-0.7494632514026569,2.6106916402855944,2
-0.8822080599873836,0.9893034554898774,-0.8839899689497916,0.8684929718287124,-0.749724491261203,0
-0.7522777779771317,-0.8948988786941027,0.7312022020154147,0.4621338955081827,-0.873782757598563,0
-0.4071755899073471,-2.2675088310910576,-2.5634959282028915,-1.576258707531942,1.2038889529970949,2
0.1772624926753707,-0.5906012120022451,0.2304376584592596,0.2352097316073398,-0.6276863060710022,0
-1.077731486580244,-0.635103602508731,1.263508453918928,-0.217596757561711,0.664655481771925,1
0.698826886781423,-1.7085596019671998,-1.4331207185713275,-0.76847146434536,-1.397920885465057,1
-1.3837947336878509,0.2234441082145569,0.3883251958433016,-1.0412254668793754,-0.7136814118427568,0
0.0047777704129149,-1.041302715695268,-0.5868094539796054,-1.1155914505243778,0.0845103441501044,1
-0.5554211264813359,1.0557090084429768,0.9498823731713056,0.0663331570216185,-0.3161376216417193,0
-2.2412566507048424,0.7615725376131223,-0.3170931010114408,2.402048216046256,2.651867433011442,2
0.6528635423161409,-0.9537896393951564,-1.0621844587725822,-0.2189539793117278,0.4458116637711001,0
-0.3327602049406926,-1.243278343030041,0.291328257841743,-1.0078868559681589,0.180267299511478,0
-1.0966988391502737,-1.449819985423013,-1.5497030810424617,-0.2473405750843684,1.4871063394651851,2
-0.9989735022021038,0.4086318777563646,0.899770204834561,-0.4776489852755511,-0.5417255315486307,0
0.8790901763355615,0.9458110510947462,0.996793488605918,0.980338202407956,0.3168473681176472,0
-0.71448578694332,0.4602650367198875,-0.7561718157930043,-0.69344565981744,-0.0600054188564149,1
0.8199928243346545,2.237076018163365,-0.8211931467380282,1.682883855155043,-1.6087450439004398,2
-1.3430885946482407,-0.4822693675034057,-0.1012763234779537,0.0076458374062556,0.5087910497888851,1
1.220033102518305,1.1969334499255753,-0.9169069384180528,0.4036816976702769,0.0924589703855465,0
-0.4861987887695801,1.1900919261223082,-1.0343800748866736,0.1111167382974775,0.4585659923171366,0
1.5377141721745065,1.6425499296335602,-0.9470908816706092,-1.3146370065945852,1.304024373487172,1
0.243690128429863,1.1092778225229132,-1.5557777170688976,0.5907179020817522,0.4932293243597793,1
0.4900319020953154,0.3221153603580894,0.6771524508546837,-1.0240999837667075,-0.4360003119298565,2
-1.2424805619004815,0.4780527506565212,0.94743478428235,-2.4503717219549115,-1.7482081445033926,2
-1.0141443018887593,0.9789252497332512,1.1533590481665603,1.6730343753046604,-1.1990155816467063,1
0.0610873369456151,-0.3147432451388214,0.006325436799,-0.2232708393272733,0.5827562350021761,0
-1.6965182752029029,-0.9074942672397508,0.0812695235498241,-1.160722521064867,0.4325877181556758,1
0.7866556688555676,-0.4568908639745889,-1.0034275657171188,0.9746037016780158,-1.0225331215140097,0
-1.3584075914759426,1.076561415835008,-1.6677044094847542,-0.0085410905769924,0.7005329446173545,1
1.3944828519773738,-0.8212017541093346,-0.7658498851916182,0.602696916551684,-0.3157274176586275,1
0.9576404146988172,0.3444642121912012,-0.3961505534234043,-2.745831988767608,-1.3014170780208223,2
-1.417222432608858,1.945679029607725,1.9248420214457909,0.1610017809062177,-0.4632456666679411,2
-0.6438390161072729,1.6724725324537897,-0.6272126937021096,-0.8340257726190022,0.5578269412446123,2
-0.5318162478128576,0.0912764786722327,1.7547437584979917,-2.722540733635387,-0.8006293992176735,2
-0.3487543113711441,-0.8596601970536855,0.1780021177834326,0.9118456482123806,0.8185271538159066,0
1.33123745650234,-0.8928721445671861,-0.5603572103717147,-0.9894596486670288,0.5527211356263924,1
0.9834395792273528,0.4575617208641295,0.0117052273253983,-0.9182378187308744,0.9073776604162996,0
1.4740347452917533,0.4717083058548917,-1.3104579794139148,-0.757732416245285,-1.0162398136864683,1
-0.7384428324903666,0.4434164329267003,-1.3380273289318478,1.3816813270142496,-2.192646393327868,2
0.1964066007751552,-0.3529103240939867,0.658793624718541,0.1801449677003205,1.3349632214864129,1
1.0811594369599329,1.6420268941082437,-1.145088245761162,1.4811015853459335,-0.6085611356284617,1
-1.880116078621419,1.6147342748264235,1.7485292963290904,-0.088070493735267,0.4022761068758028,2
1.276200128502054,-1.1608930262940655,-0.7915629209750776,0.1421409847674168,-0.0226977188942826,1
-0.9580988221909512,0.3124154412849798,-0.3272538273067489,-1.1694114209009716,-0.4085065282335089,1
-0.481932062665042,0.5894491067849785,1.1162785064954517,-0.913585464953111,1.4582254318324392,1
0.1965516588424556,1.1523565956351003,-1.0016478458162474,-0.0016984721223132,-1.0663377726154304,1
0.0345247974384752,-1.6275596525078029,-0.9894438185728696,-0.9766606735211,-1.482038121630631,2
0.7999744529956438,-1.5927245758139703,-0.7406297840516022,-2.6088094084665845,0.431887144477226,2
-1.453556698235753,-0.8028258227891613,0.4366573195458819,-0.4206076551416563,-0.3413886873098477,1
-1.0952566123233816,0.7284962419680874,-0.9666469301012192,0.9393182165594912,1.0210457874527887,1
-0.393018386126754,-0.6675300516023512,2.1214880781147287,-1.7932869384777137,-2.20841297921083,2
2.444813382220669,-2.476161150411711,-1.643716601041226,-1.468545111109531,-1.1516237689153273,2
0.970635626942438,-1.4419184133558818,1.6600343588027016,1.2203175899610517,-2.6476454037443795,2
0.9134310861357108,-1.5509077520100156,-1.0472303054804777,0.5626668490257279,-0.7547004041996108,1
-0.9050981991891816,-0.0556364346054552,-0.0375137529946702,-0.9234501076104646,-0.2283617763429275,0
-0.3653254187941847,1.0524191977760755,-0.2649980053564774,-1.0571199977449564,0.4053360348243647,0
1.2491473131361983,0.0965853192032319,-0.0046577390636473,0.957228467525912,1.026586645220538,0
1.0150784612652015,-0.2994726305540259,-2.258888277775771,2.2250760528596656,2.6721214926634285,2
-0.8555555416504903,-1.2627569699481984,-0.7540932224790606,-0.3755899498641197,-1.0027758802455742,0
-0.6207110130000377,1.154193713509439,1.1191914639291654,0.0826808758898731,-0.7655205219908235,0
2.365613619845291,-1.775256268547857,1.143319040791894,0.7822074310881976,2.3525050011858992,2
-2.087533928678284,1.2111348466226275,-2.095299827854961,-0.405914808474592,2.178954009623232,2
2.365233409346956,1.6865545556872894,1.8691421562199884,2.3850881736017047,-1.0615894342191603,2
-1.300461865438452,0.0826537447236061,0.9631662428333264,-0.0476020223316284,-1.0575142701531306,0
-0.8110373175040928,-1.3720523082527476,-1.5234906846876657,-1.1907299458956608,-1.5259036134023092,1
0.9878592285718536,-1.0206109838653734,-0.4769068873303498,0.199917675272029,1.0325499774157816,1
0.9711252140104254,-2.086228129756888,0.2882287662684522,-1.0474525639134666,0.7842626606793683,2
2.255270305858505,-0.5009452423709625,-2.299191639767804,-0.387173193612526,0.783302707884652,2
0.8207342633567422,0.0688249361584675,-1.1302689363434149,0.4817892023833077,0.68703071511152,0
2.0351250386403783,-1.6360414082324115,1.8913315976281275,1.507606313721513,-1.198612009020945,2
1.72657241170677,-0.2610872468895719,1.5096097392601704,0.2219711353359506,-1.1537355432867225,1
-0.9116414600957448,1.2520418913055462,0.5484597132534373,1.2059010334017657,1.245410601389188,2
-0.2030674352650754,0.7147207906504044,0.620214334123491,-0.6185479550153488,-0.4389375454709647,0
1.4624007816925717,-0.6294664853998171,-0.6633008903860568,0.187135645438223,0.8934203044955675,1
-0.5547401046227677,1.0453779129055587,-0.6728992283245702,-0.8141723860865042,-0.6184365465184188,0
1.206954865618572,0.2046530974342236,-0.2256896841482463,0.6560568217550529,-0.6882390089565086,0
0.8180026805000905,-0.473443457119992,0.5611823823374813,-0.9320313839491892,0.5978685937329603,0
-1.1542926714400648,0.8426859900217589,0.391371941692685,-0.8509940813915635,0.76934761461863,1
-0.4356500171630312,-0.922824580898373,-0.294803185442989,0.1005450917572795,-0.5738567308250321,0
-0.2929480394769532,1.813678232716041,-0.4447302334308056,0.7017344341320112,-0.427795326658352,1
0.8481502329208701,1.2462981168344802,0.8487528965509304,1.2791662766145897,1.6524476923818994,2
0.4170158323369024,-1.4968710194970396,-0.3056395063990959,0.0176415675339527,1.2255314702297282,1
-0.0154497632388431,0.358555435020257,-0.8552559686000082,-1.0686081343175615,-0.2626980753734195,0
0.0569196378407834,1.0138787907126254,1.1490133512314844,0.1647859742032808,0.2721932968480348,0
-2.154257439928385,-0.8857381918981716,2.577134244191288,-1.4455243389094925,-0.6128553001010499,2
0.3175304985897435,0.4834635964785037,1.000425004000532,-0.090423953683399,0.4917854287714092,1
-1.004198708327129,-0.5955667417802382,-1.1211397827597571,-1.2587287764426316,1.3734701555865283,2
-0.4621760236290103,-1.1371210982103834,0.22913043422692,-0.0672353046483265,-0.0839478795196856,0
0.1622878852368776,-0.740859929129267,-0.5830566828314749,0.1779659736362795,0.4776429584124156,0
-0.2581870660795334,1.660810297921632,-0.6165947123330809,0.915347967983919,1.3936149711799684,2
-0.1486272204929924,-0.043025427709723,0.3276509729988459,1.2383832785904798,-1.7915759574747263,2
-0.7625515162497442,-0.3467157834163125,-0.8368322072783675,0.8194823671658029,-1.2845932022525344,1
2.398570900357928,-1.6011995107127288,-0.7806721351609781,1.7624915223679285,1.6179338567762087,2
0.6666413390448647,1.5929404806653702,-1.2701510849237958,1.2973223708728066,-0.0571493536820911,1
-1.4045105131893776,-0.4990852499718642,0.3458796677197417,0.7598777536618477,0.2892645520468871,0
0.4532990150212031,-0.0029439557688334,1.0471943482029396,0.8068816836319629,0.789404689080288,1
0.6627006614001832,0.5463864755820557,-0.7373399926410789,1.5350122845361678,-0.0410661887777208,1
-0.6483470767542912,1.398619908532506,0.3070987606953745,-1.6168586511053116,1.789868669039071,2
-1.7477176461962771,1.471597703119082,0.9911757131571542,1.1516623170966256,1.0975157513534306,1
0.8728398654297972,-0.3349268598409049,-0.6443824969111335,-0.2632938829465847,0.6537327990012043,1
-0.5142953354776972,-1.142358086249049,0.6926983652975518,0.7167026843232673,0.8060146716212692,0
-1.8010291725727174,-0.3662252042575495,0.9591345004057396,-0.3470059406902223,1.5031474324253222,1
-1.047426088655802,-0.1476773787070087,0.4811077551641595,-0.8570165710527685,-0.6723876791632001,1
0.4149017277136372,-1.5316712280269398,-1.53936429482333,-1.1085815991467705,-0.3712083847302899,2
-1.7290182890668806,-0.9486070464886944,-1.4562280329484922,-0.3493047283095172,0.3987547000778204,1
-2.1838538971203887,1.520169081352147,-1.860391254855695,-1.575079157767081,0.1726199742736262,2
-0.8743358598549579,-1.1950335426848244,-0.9773722220573008,-0.2215651033490692,-0.3933359911167543,0
1.3185593934636433,-0.2814167156339486,-0.6750847123568579,-0.9612486678467084,-0.662339640108046,0
-1.539570944177023,-1.690902959869842,-1.3564026995635496,0.6301708960323963,-1.4250033663414832,1
1.1468253039498708,-1.7426697219022915,-2.4202467158950123,-0.0590571170060367,1.499595123365102,2
0.8676489310956429,0.3230730094972032,0.3509024726836002,-0.4803908278950822,-1.2265915943548806,2
2.2586832205619296,0.7872931401786483,0.4410072628825312,0.6931896470628395,-1.4480100284531314,2
-0.6552387929862388,1.0420021476170729,0.5378785855337871,-0.0924143543234662,-1.0086208513763806,1
1.3498777590143902,-1.1828155237785931,0.6512592446030473,-1.8721849408376643,-1.245019766486341,2
-0.400030163905478,0.7204396617464732,1.2363790235413712,-1.3439755648226863,0.9506036898081875,2
1.336561403855162,1.1157713538305245,-0.049114301443804,0.3789879800962964,-0.3754885497165797,1
1.6928870152794626,0.0404441676449102,1.0190329982381463,-0.6618810968190066,1.2332356255734032,2
-0.9415467664592744,1.137114135298402,1.044677257672392,-0.27405959158892,1.3351465175671764,1
1.0237548165339034,-1.1361115593324878,-1.0533868367295818,-0.7614987693189144,0.041229453623464,1
-1.3937925746300663,-0.4158359131820424,1.1380497248515145,0.8527961512118828,0.4384515471257636,0
-1.0954223664759786,-0.7574284417411083,0.5925073197946858,0.1087550719280653,0.0061616131003561,0
0.1305953375490225,0.4734041515287207,-1.2093180905561378,-0.6180243863676623,-0.0130540517350029,1
-1.142238462638827,0.1458443785474003,-1.066831311526467,0.3270638530666837,-0.003579048371192,0
0.0420556922441837,0.7873122409299503,0.9987661036566966,1.4868823497766672,-0.3990821065274724,1
-1.5607178263930674,-0.9875496431896024,-1.397878293400882,0.4533898974095635,-0.5862444310365484,1
0.1717659413787212,-0.3691339571924709,1.029959148663257,0.2271453471906394,-0.933315566990195,1
1.60118571544302,2.221882338960884,1.975783546209564,-2.139971751828483,-0.0177475464808147,2
-0.4079167624563222,-1.183970687668522,1.7169680924992516,-0.2746683771812499,-0.0654083390278645,2
-1.3318728984718815,-0.4970045543844726,-0.0475920402475337,-0.3737564981906082,0.5180925360143003,1
-0.0977373301978746,0.901182277626878,0.0680056246910216,-0.6286104554376576,-0.1427093188065243,0
1.2231383251512928,1.107063207037141,-0.1762323240382576,-0.056163905633565,-0.9452045687712683,0
0.6444631359009281,-0.5197397144669013,1.2411773071748733,0.7617644665921213,0.8562763747409027,1
-1.7428898925477323,0.8867793572577863,-1.6782995445377908,-0.7452855134850657,-0.8114188108561038,1
0.2293648968782061,0.4309068676487326,-0.4438078872173371,-0.4432393858257386,0.5525643598539443,1
0.160212382495476,0.7372573893104938,-0.3187198544825912,0.783988004204531,-0.2427857534679086,0
-0.7308363236110088,-0.8297793493601668,0.3826317204022035,-1.078746251749575,-1.060505866456853,0
0.2870571571639639,0.5691456701611071,1.015421486480147,2.36532401541143,-1.2968138325445355,2
1.112624505324605,0.6718747840692778,-0.4640520091189633,-0.6554555511556325,-0.7807557304121726,1
0.2827872391896393,0.5873760735747519,-0.3201133382794798,-0.154506764668458,-1.0773218218543203,0
-1.028600346855296,-0.4807132902802184,0.45701272676797,1.2172193988691342,0.2114736947734892,1
0.4225132276534055,0.92405499837632,-0.5900438299240142,0.7869515752798033,0.8524439307872934,1
0.5706965066909795,0.5463897310897269,-0.12010921978325,0.8160581314271649,-0.059071228002938,1
0.4989650894410978,-0.2793788387950255,-0.2304574348030388,1.2353412292188028,-0.588850164283764,1
-1.580602598877049,-1.278884513485594,0.4216601715782992,-1.2965084333388592,0.3975573819828841,1
-1.0832254659349985,-1.0397111635918337,-0.345832548602864,-0.6037917258067074,1.1210260527178648,1
0.7453843749653277,-0.7827242755894406,-0.766932192553463,0.6678468320814424,-0.2144032697318887,0
0.9366253700461494,-0.8198072106686614,1.037262147228328,-0.02277707746945,-1.1526368416953003,1
0.6510475227706586,-0.0748808927496178,1.01888825827592,-0.0042400377814999,0.2770964961635823,0
0.8559066892807256,-0.8215871676846432,-0.4067427000256652,0.896110553005057,0.1271787295662752,1
1.1726802402442418,-1.2111697360335103,1.2038462337884486,0.6425968308611513,0.9458532794820168,1
0.2514970642270386,1.286193278339136,-0.4886391395907511,0.3019765311069474,-0.1603765392204716,0
0.939096518461108,1.2741271547009911,-0.1452239751392811,0.0736824276253552,0.027744359548746,0
-0.1609379004099014,0.7798566264594344,-0.7667495665717721,1.1622517733105346,1.049294035134167,1
-0.4410276915654808,1.6678192553253743,0.1118817341528748,-0.1926890008054878,-0.385766072119451,2
-0.8269136910497892,-0.939892714526457,-0.6281370667511885,0.1181841488544218,0.8990139494796751,0
2.317646243178595,-1.4333746758552142,1.138091901365184,-2.280548115939262,-1.1675058012763029,2
-0.3575088514055601,-1.5306074304038526,0.9063522889695796,-1.457094866405962,2.002011354884182,2
-1.39970779718827,-1.4872111672743786,-0.7143941967163158,-0.2855562206601111,2.234274722285727,2
0.4125817185742149,0.1676315408909334,-0.8040262341330596,-1.032191269406922,-0.3614824732073898,0
0.7355592419988952,0.6502385406910892,-0.1404870919633306,0.7768872916369878,0.0322421053823494,1
-1.8436215619734988,-1.4877948972072208,-1.2090891584740182,1.32264042318732,-0.6938374492413224,1
0.5908208637084322,1.076428858992147,1.1211511903800366,-0.7157718842820812,-0.5913828843958713,1
1.1900605336421075,-0.8822379546667493,0.0021539798199344,0.9726101501312436,0.6250055827637565,0
-0.2338695052587223,-0.8836204070511529,-0.5421935508379747,1.4803506521257948,0.512372191482832,1
-0.7086909764980153,-0.0433536663683654,1.1420174971409938,0.4624439845148779,-0.1004899887574162,0
0.0873780106193192,-1.0314964048192228,-0.966687182678582,-0.6170839030588458,0.1321690466191432,0
0.4910900916976282,-0.3112166616194009,0.8890025125575849,0.5874949087486071,-0.4274241239477865,0
-0.8880922856699138,0.3796235085574505,-0.943393633576968,-0.2957815826053523,0.7290914644025269,0
-0.3606580565071756,1.0888873006894204,0.2810176554531013,1.173119655796417,1.265689431546113,1
-0.3873776133808617,1.72030696356585,-1.530711035914499,-0.0329418716737356,0.8552852767722701,1
-1.4505784517845328,1.2221160568904736,1.3975155090889329,0.5992627168688124,-1.4531228037703798,1
-1.1462714527491389,-0.5198133990102711,-0.6790281258941707,0.9271069623192184,0.264894430858102,1
-1.361683304958175,1.1157131594725531,0.7706996427112726,-0.5665086520376764,-0.6911566312811036,0
-0.1244392728056919,-0.5122775864368786,0.1211107358625433,0.8210018020867318,-0.2735628982973658,1
-0.8830338907593432,-1.4610392548237294,0.0336801394058939,-0.2185812517979919,-0.0366301572165734,2
-2.2111486722842155,-1.557628118229934,-0.5831071183730692,-2.7534208167581866,0.7338658278353184,2
-0.9139045775443936,1.5575693649953026,-0.0217394800753982,-0.4988338063996588,0.402163023401282,1
1.280916274978953,-0.1031864876501014,-0.2234918698146169,0.4865615574678828,-1.4323202147016048,1
0.3364376883926216,0.7426051786041379,-0.2868273558498205,-0.1316313602273415,0.212806342904128,0
-1.2519021244645248,-0.4794132520767969,-0.6570148346711432,-0.2939157926569976,0.2173924414316495,0
-1.3107262798809425,-1.551353975532521,-1.3703961913957363,-1.5220989920440755,1.3103949345533428,2
-1.7982701097078275,-2.207998931316979,-1.3309053234615222,1.4216465378576908,0.6645949357190217,2
-0.1523036935400852,0.2052940966991437,-0.1383677628888311,-0.286964146836092,0.7671819708568695,0
0.3570872590368697,-0.5555797350701983,1.4689704573760576,-0.8550427566855102,0.7020080137484352,2
-0.5513510866093385,-1.1981269645159032,-0.1869880526514491,-0.0798352146056445,-0.5634869829177009,0
-1.9278959194776988,-1.4398816696787784,2.276086452268787,0.8486449523157591,1.181076360289768,2
-0.6954368544887795,1.0884826405877115,0.0652190771561909,-0.2995739484009806,0.4221118792570738,0
-0.2045752151557971,-1.157494939170972,-0.4601836450408978,0.1289638762713412,-0.8463179122909206,1
-0.7359449220461264,-1.463059341159225,-0.0570540037632152,0.8481842865092921,0.9315829358124816,2
-0.5212577884442745,-0.1863725612289457,-0.1827884063736262,-1.098798425428112,-0.599679005924441,1
0.9117304120424838,-0.0143943186469661,0.5160035159955316,1.633258828134358,0.8942971726713635,1
1.3533789661026063,0.5730261752403907,1.3984578711416271,1.2051110918174084,-0.2787515393545227,1
0.5612476409466876,-0.5876463519689192,-1.620950357972037,-0.388494336068558,0.200148181525674,1
1.242223460021595,0.237163724029755,-0.1324537598599096,-0.9754101727539544,-1.0500541649927635,0
0.8222704107952237,-0.4119320293619615,-0.6002141719369388,0.7010960841432415,-1.2545534767426567,1
-0.875703507585209,-0.0260180905481589,-1.1275905842862328,0.5108658087061183,0.7062905350796287,0
-0.0744581450093936,0.4475028787012265,-0.4059311279389279,1.1391083315459185,-0.5091675112655035,2
1.6183734590649774,-0.0387814992778158,1.5670616240071509,-0.8455071372032934,0.3177597157546086,1
1.6785140565682095,0.6675373057006224,-1.4776223815766798,-1.2071756023000315,-1.04319230156156,2
0.6641960000031755,-1.0150574816294426,0.132156122333181,0.6119814289893099,-0.2085396701206661,1
1.1602687697712042,-0.8392010659127221,-0.0302505517467552,1.0254694227802506,-0.4628647263171042,1
-1.1518430201468772,-1.19310443549713,0.2368261139660923,0.3572929300653664,-0.9850635340522444,0
-0.4790355663362797,-0.9280685644415592,0.0314439613854713,-0.1682757000131941,0.991316084726062,0
1.2116091889490352,-0.8821245945125576,0.377274526236384,0.3940605035194761,0.2563855688244159,0
-0.685504655484157,0.5421603316897629,-2.0042953709225677,1.5112852935395942,-0.61972902690189,2
0.0104367916697477,-0.8035869862606305,0.3281776144708861,-0.2975360834869107,-0.9578352892706906,0
1.3024546731227646,-0.3496329619624187,0.4120024293814406,0.3297532060997781,-0.2124333495110048,0
-0.2013346611684595,1.5546162719963743,1.1038077194682878,-1.4898290715747249,-1.0074044177746386,2
0.8361745813371166,0.1032609268932857,-0.2403073694826496,0.2110577290040175,0.7681414156030458,0
-0.2960347583920606,0.0068579967363141,0.1445481392051485,-0.6469398433036411,1.404918216939982,1
-0.5648476326693351,1.8039078896876424,-0.0578736143715119,0.4883525954876993,0.8207062992682223,2
0.8777414553874244,0.819939284120149,-0.1071900170793718,-0.8891081313375714,0.9396980280283388,0
0.7890002214940685,-1.6110553920969284,-0.3003193745216294,-2.135109694814823,1.872187251017992,2
-1.298721726349613,-1.3379239134520735,-1.534624122598784,-2.1772368456657354,-0.3267510171904025,2
-1.19323333091459,-0.8003034313419827,-0.9543497752377916,0.7320919013704236,0.5658858446978758,0
1.315995949656105,0.7820215997285093,0.093597180404229,-0.8850445930925864,-1.5297672137938465,2
1.153579664364573,1.2226687386728123,-1.7190741239981853,-0.2378787113437348,0.707850755219593,2
1.1566557245090157,-0.590802249904258,-0.947372201176395,0.4331789000060675,-0.4501204532271741,1
-1.1664381565416089,0.9099960737027772,-0.460002288456943,-2.1546718962971982,-0.6060096791009963,2
0.07008940017106,-0.3243711974646593,-0.0263597945624471,0.0353233883811516,-1.1249476436946777,1
0.3114104341791984,-1.5054863033978994,-0.9912378304314462,2.495047628827852,0.6982935614280378,2
-1.1373489328325486,1.0807838564910324,2.0110513849602265,-1.6466652074690502,1.549211135180565,2
0.4817881933764614,-1.6335232211825772,-1.2391620910420582,-1.253324165431327,-0.8579185153020727,2
-2.204927623085693,-2.391621342460936,-1.5545222507191203,-2.1328281205573707,2.3837542009141703,2
0.9810550099290912,0.088002937503491,-1.5607743758275994,-0.6463438655964394,-0.793968405976849,2
-1.2918601862403856,-1.816840546668102,-2.3716330796647216,0.5106123964393436,-0.8623703303087837,2
0.0839521135776145,-0.8889375518988807,-0.3993927848185091,0.1554951706707002,-0.3397124079227142,0
0.4202880901420851,-0.9659124472560278,-0.1903647813404209,-0.5886588649917798,0.1301983462824088,1
0.6467120511516823,-0.1984447369699006,-0.3991483638794236,-0.2510939755625259,0.513279101339969,0
-1.264493737734666,-0.0447502610525515,-0.2152222624006231,0.3208596821024705,0.0001143862426226,0
-1.0381285051121498,-0.3564026956029947,-0.1232175665123037,-1.0754898749957496,-0.6394916277325393,0
-0.565995862045382,0.6325783051676631,0.5660630620323935,-0.8802188446651458,0.4856434244640369,0
-0.7886953707439416,0.8819431200047199,-0.1299793211477427,1.0866539868714618,0.700104890951034,1
0.9942295846624756,-1.230483359731821,0.8581507573840583,0.2430994426139287,-0.5779294226273878,0
0.3138343559487594,-1.2101460223314486,-0.2327287718863539,0.0628931767692502,-1.033195007520859,0
-1.1562573082383123,-0.7933510014175622,-0.8648292859049824,1.2377528090329737,-0.0570886389936545,1
0.2929492857875365,-0.3429153496698192,-0.1360111577809873,-0.0800529457585047,0.7967147912598234,0
0.5687016124734556,-1.1911091324698997,-0.3978726759012024,0.3356159797904696,0.2333552130153458,1
1.5425872012801458,-1.1634938340450294,2.0762908019364867,-1.2466935325284882,-1.0772466658300384,2
0.4043917512719087,0.853135033743667,-1.360851725900346,-0.0713242984836843,-1.213019518059923,1
0.643986963150195,-0.0035811424141626,1.169287453902419,1.2676628637977807,-0.5476208872433713,1
1.0056535319754074,0.3394411189859992,-0.0437209723475741,0.3381293071051152,-0.826871619616507,0
1.4398833297724023,-1.1642475176972158,1.484699683282934,-0.8273022573356434,-0.3414298821839093,2
0.8790595563977401,-1.2464184675521273,0.0533634029832274,-0.3427503961126504,-0.0118655204726063,0
-0.5533438775874429,-1.687159632125622,0.2964520060790758,-0.2211611282652127,1.2794095187240944,1
-1.7271833055094394,-0.5042801737280186,1.13074572211748,-1.228428985837267,-1.321643604957779,1
1.0462459236388215,-0.0091606018001623,-0.5882098343066919,-2.175932907585809,1.3286402607905574,2
0.8920865579208936,1.0264375631562437,-1.0670367402062362,-0.9984444363045568,-0.1329591464828833,0
0.9236785805108868,0.8011524635839761,-0.6267632409921179,0.5210144324909143,0.6381704926484982,0
0.9305356617949948,0.5478169384427675,-0.5063235047739842,-0.2477552001962048,-1.3418103575915568,2
-0.3652408344234532,1.238249943229467,-0.9111817491967884,-0.4647505749984523,0.8400817612799772,0
0.9595078775661848,0.0910076878755928,-0.2067023811365592,-2.515007485475581,0.7920037593057322,2
-0.2593662483562003,-0.1933680628506179,-0.0721061224506086,-0.6610447461343569,-0.5388467272795175,1
-1.2642253776379244,1.2810374052085345,-0.415970322820172,0.0933797265103098,-0.7972862947661402,0
-0.6685324786999527,-1.4904528180860512,-0.6400833810255073,1.4444542792516346,-0.3611556565402172,1
-0.9630498911027064,-0.1290457406855647,-0.8741387083016257,0.2711437431227927,-0.5562154453700004,0
0.1288346765132922,-0.4722379989467756,0.2703222717994906,-0.299694416080471,0.4601129898380444,0
-1.1776864255651411,1.1732271605542948,-1.1318568657461845,0.5444669458922397,-0.573674687534953,0
0.4033984120178962,0.143654396726939,0.8489972946961556,0.6689217400690671,-0.7336270807468283,0
-0.5606792456122731,-1.113244606186507,1.4700465691755726,-1.480082736512929,1.0475740261953987,2
-0.7358931898664233,1.6951426405739252,-0.6528061271160165,-0.7880769693070386,-0.9188993573862688,1
0.1853757795960488,-0.7220508876033849,-0.5390057639350708,-0.3976554452807123,0.4103303103507477,2
-0.2926129686630353,-1.3898472490584128,-1.9963930504470675,0.6618170408744726,-0.7836171159475449,2
1.9090551981665231,-1.7448665289840073,0.8002821637250047,1.4147595552171948,-1.6688969805081677,2
-0.5915278699177727,-0.2967264714548354,1.3565674887004364,-0.0812772398794824,1.4156281397195014,1
-0.1635608298632893,-0.6595797083679688,0.1462680311839735,-1.10705802958175,0.5389315569019816,0
1.4147321461065223,0.9109466043461844,-1.4042603536280391,1.62028144510441,-1.86936876840983,2
1.9540915301480115,1.8425347909027383,0.0638767017268958,2.410190976133019,2.476262607743561,2
1.8574362362735648,2.040624709178264,-2.364033926360535,-2.3582425122744297,1.334697764276574,2
0.1313369666633654,1.166033003553694,-0.8678969024372059,-0.4602112062957836,0.8687839777216377,0
0.2831855096832686,-1.007055761530156,0.3718684961258222,-0.3061965242492018,-0.7885081120545964,1
1.0193590867850488,0.9196291252597616,-1.133038829508438,-0.6256375500077055,0.6435160886901249,0
1.026950376732906,-0.1532652516983334,-0.8212960136557307,-0.1967375051908594,-0.3947853153916208,0
2.127765180725996,1.430517183278515,-0.2498853360143278,0.6888292044933726,-1.3310038044978072,2
-1.777189766390898,0.6648906440313036,-0.884489203072757,0.4386949425090053,-0.0637976191671841,2
-0.3966708920150358,-0.2657413624779131,-0.0702990272757418,0.576724344554569,0.9523841728005032,0
0.7460452222421682,-0.6891349402734769,-1.0667366242798864,-0.4647567668673079,-0.4963379638447722,0
-1.0978960495871688,-1.3983011081292374,0.901089250043824,0.7002848698763374,0.2738366532145763,1
-0.4092583106692262,0.2848455100457123,0.5363598365479885,0.2940566781094699,-0.3759967031295627,1
1.4444065977996472,-1.0894675218973051,-1.0605800128588323,-0.167953986042985,1.1465304868884307,1
-0.7487408110336654,0.2583058571257878,0.4442491730368155,1.2488367623470225,-1.027913911217747,2
-0.261441306855029,0.0934988571004282,0.6710990851661062,-2.013297311911069,-2.4296601973697074,2
-1.2410759231611896,-1.2920277349363578,0.8040359668321201,-0.7943621846552698,1.1340565218791472,1
0.9398024377251856,-0.9147605623245684,0.8055036537093232,-0.3551401236101384,0.7591686208760986,0
0.3912167637125415,1.1970234332603773,-1.2368873992956166,-0.0529778892136567,-0.4823928374955593,1
-0.30220013229608,-2.73922733013823,1.5869428941498596,1.4456815895994382,-2.020819130644586,2
0.7379597258588378,0.3353379347915826,0.3546116683228798,-0.5652877638385793,-0.0709006611453141,1
-1.0767921426671303,1.397531743295188,0.2360721916544691,1.1803538125111015,0.3435956230035028,1
-1.330678908637835,-0.1590277619838849,0.7221048544377383,0.5875851485778298,-0.7016158532705831,0
-1.2643830801218972,0.6294314070585074,0.4134077815424137,0.4337619206313223,-0.9753723400431632,0
0.7109713966777181,1.1780784183927115,0.023388806117153,0.3086167934968442,-1.7174304097387263,2
1.333506114402945,-1.14667214269027,1.3017515741121015,-2.7135539314976214,1.0634267980751029,2
-0.6009065032207688,-1.1119786320631015,1.3156948449975672,0.687385609141104,-0.4082353008852946,2
0.9421657062935876,-0.5193319082088693,-0.4062576780121268,0.8837493920032192,-0.9281201785977564,0
-0.7946499342840107,-0.3971545942934811,0.9684542949596966,0.085609445333356,-0.0289163723655697,2
-1.6372375462831668,0.8238133310120626,0.582810383691867,-0.9917222375252994,-1.0717625741428332,1
1.5712409486160408,1.6647000394130431,-0.8494187897998126,-0.07553011867226,0.9757983811409096,1
-2.19342829218102,-0.4709803445969185,-2.473821430302133,0.3211905707172626,0.0097121266810431,2
1.1118088884792363,-0.5109091374642399,0.4886277099288437,-0.8273578073881496,0.9031216418111346,1
-0.3974661774323715,0.368394276977432,1.3139849765843232,-0.195217464798577,0.4452809123283895,1
1.014703061924011,1.3084659518510098,-0.8278964653336031,-0.0324177569752454,-0.5675208466044739,2
0.70611582467705,-0.4311317987024769,1.5019289152722963,-0.0121769289736451,-0.3332501833437326,1
-1.210674698343918,-0.094704917704918,0.931879675479288,0.1739735056592521,1.091479029269681,0
0.0605443866765172,-1.5456985092015167,-0.4771876933592913,-1.2459655494482826,1.7966771670197756,2
-0.2754164368403292,2.181156847547194,2.5132803990877592,0.3294244077410127,-1.0400964374957071,2
0.1011857871831836,0.275993496754212,0.6478428497476663,0.9105149954248556,-0.4373582600402423,0
-1.4197056513644148,-0.4794156704443454,-0.9238449427064716,-0.35153986984455,-0.5275280937924912,0
0.4549293559256041,-1.0723844858637503,0.375443456139108,0.1755378483913352,-0.1884219091994149,1
-0.8943752075878778,-1.0149148711442562,0.2308121205486311,-0.9902227656504696,0.6675024386257548,0
-0.7036521632188943,-1.204030120133176,2.519647159431248,1.8509857767077875,2.426771821083193,2
1.1368455683220997,-1.0763377873514768,0.4498037233236914,-0.0531228664221123,0.2439924288149081,0
1.7784164625366237,1.2641030279953482,-0.4925768260215937,-0.0989088697161877,-0.2155775482837478,1
1.0732427082417777,-2.4960174799500976,0.9058235457800072,-2.8205873021133607,1.3741028077653803,2
0.711118183854663,-0.9967496976382846,-0.3878231583669373,0.045682134342041,-0.9631748117694467,0
-1.4461087377400454,-1.1467127665365329,0.2849585328678991,0.1366194790215011,0.1883778205582294,1
-1.7732567956391196,0.3618081955917513,0.2372624830718198,-2.052436722020783,-1.7925941467709356,2
-0.5870361862713847,-0.4514449065266845,0.2037887102387788,0.3941635650242576,-0.0930097881225834,1
-0.877487600645712,-1.4872859162884546,-1.4942355469781223,0.706612895202521,1.5448926895674728,1
0.5232906875324648,-0.4574523834445517,-0.4487803355943519,0.5838770314491527,-0.8369074356176871,0
1.0109478410821553,-0.3486213978312597,0.0822222764874884,-0.5493397853031994,-0.4238411772752259,0
-0.9636243354911034,1.6475466578883342,1.4417896307488205,1.2823507925565156,-1.1333986072711897,1
0.4652444363039976,0.0039251126724312,0.9483008014634716,1.4324243669375352,-0.2996509288965396,1
-0.643418135329286,-2.0737327591992223,-2.3207553248390496,-2.3552118148029897,0.6563075808719717,2
-1.3558980527359346,1.2539950953563497,1.203845322153012,0.2904754742989753,-1.1170851740592782,1
-1.6575219977841928,1.4328246686033912,-0.2038991877581527,1.1455931720097758,-1.075870357542556,1
1.079527563943879,1.0413825074977676,-1.1238982332772818,0.2598056634978013,-0.578821140161166,1
-0.4339867116314239,-0.4229539405436726,1.7889196292464935,-0.2950415989942417,-0.7586787954086198,2
-1.5483051616220214,-1.762281021836155,0.2101255519246565,0.8393052634955211,1.0018762318322665,2
-0.7279631332928059,-0.6900302934661363,0.3081946482214255,0.6591535814856476,2.6437753494836933,2
0.0678407321650287,0.631455176803863,0.8701455439530132,0.923544991992428,-0.9687808767775736,0
-1.2408302863883218,0.5478725941393408,0.9552120395960302,-0.2451539990008908,-1.0251011543005468,0
-1.2724845520989077,-0.4942025506698161,-1.7960288923797112,0.8187171425603047,-2.303896824570357,2
-2.0722445489317325,-1.674732049539704,0.4780309304969229,1.3103982093880004,1.1253055800829184,2
0.6572095960912947,-0.0430356254392723,-0.9004106682885442,0.7366286980267289,0.5273526024921481,1
-0.5893085913947067,-0.4630589504217035,-0.4287731230433371,0.389315903270164,-0.96908933097835,0
0.1209995694874664,0.1546523813376896,0.9929857262127852,-0.8054569261733447,-1.009470349139399,0
0.7338419794093367,-1.157049638074985,-0.4227718779620977,0.7720389674774176,-0.7332470947674691,0
-0.2376065835846074,-0.0742217051863441,-0.1983183008228977,0.5718346075380727,-0.3863969645361798,0
-1.231381194189946,0.4759958338625757,1.1082167411172288,-0.1980519860325656,-0.7908692686978469,0
-0.4315068344372491,1.2968809082424495,-0.7292888962194864,-0.9231039577407892,1.5223140495477852,1
-0.515898431812489,0.6505807819060929,-0.0236300206063412,-0.9887545236381032,0.1298666679023489,0
0.0446003283974687,0.1432389593126266,-0.1929908709228165,0.6484575776256986,0.520284036884759,1
1.6188836277700749,1.9259451317893888,-1.3221492527591654,-0.424740024260859,-2.1205980805270084,2
-0.7625449640430959,-0.8457917798919361,0.2265482757865758,-0.0635472689208161,-0.120547020939175,1
-0.4822484035854812,1.1253445891606022,-0.8560771438213753,-0.9761585717044235,0.5322279036141541,1
0.8988754226576754,0.2694235118206164,0.6904035307388524,0.6056394379716813,-0.6878813949397705,0
0.3485691697865687,1.7622278182810096,0.100213409674234,1.98956795641828,-2.2638147749819604,2
-1.180394701226783,1.089741649987954,-0.6834107500706157,0.4267221557397006,-0.424621840910464,1
-0.2322448413306741,0.3260554376761601,-0.6943029355367147,1.02069482405148,-0.916779663157314,1
-0.2181451234819629,-1.23612284601131,0.4108400664626992,0.0002429817866335,0.3373335786038517,0
0.4578803137229449,0.4388703842405502,1.614765132723586,-0.0525370981341011,-1.4927569483302263,1
-0.5038507402072266,-0.8461111299626662,-0.672298094889942,-0.7080227613202105,0.3105960924066223,1
0.6047625278827906,0.5871201017945507,-0.2958182274419018,0.4702740096570814,0.604312963411401,0
0.1900779645925967,0.9639261275005246,1.6944913853572854,1.9766439957059556,-0.4695979332643447,2
0.9234564428464148,0.091710121545775,-0.3768637461872012,0.7726074442102405,1.834741638058019,2
0.0015385003722081,-1.545975048000256,-0.381027547836463,-1.3926220678235686,1.8496145968960345,2
-1.669686051470631,0.3448608546090552,0.327471215206608,1.6357700886212512,1.1932167222238774,2
0.2393345381504927,-0.9004575629896848,-0.0887659396792822,-0.0686335934051668,0.3811669935003491,0
0.2309002176327166,0.8761709346730132,0.4709082808263747,0.1729497059482994,-0.3966142858748735,0
1.034386053936608,0.6043261244798526,-0.0798177285725839,-0.173506474652021,0.4058752815640279,1
-0.2346623447682239,-0.6122913766131839,-0.627081070487197,0.2963588843599495,-0.3649822496907712,0
-1.2973443041299495,-1.1904535820935809,1.2263157984000246,1.607201569633442,1.3088529385720058,2
0.8356919362902725,1.0503533424272191,-1.5400171892770191,0.8209380455391864,-2.215934687857252,2
-1.028698534602687,1.151307093276034,0.788572243720189,-0.0739464883797083,-0.0768189667336398,0
-0.0171832646468836,-1.133099446681411,-0.8297318879174193,-1.0309190185400792,-0.7458301594916087,0
0.981368293777154,-0.2203804221055686,-0.7788361392572284,-0.8986573335677672,0.1031496875888529,0
0.6307844697954884,1.1592248514668395,0.7957675775617253,-0.2510512123321932,1.2926273252304423,1
0.5741169653163828,-0.8719569204699625,0.786587144726042,-0.4133039657978891,-1.1347241075990733,1
-1.262212518447291,1.4494683413579743,1.1063755462782447,0.690525861606739,-1.5322601161645002,1
-0.1031346592839804,1.0028394123012887,-1.506821715750008,0.2147122270366965,-1.148325751857704,1
0.2257843503107968,1.4345771894327,-0.8477600278152695,-0.4969116011001391,1.81442039724806,2
-0.9550565435622176,-1.7795386900564314,-0.829603439155555,-0.2221172951061,0.9940567293963982,1
-0.136439011097406,-1.6250765571395736,-2.0105337637209906,-1.9459608112786035,1.907560484509493,2
-1.6980635103049633,0.1684258784629193,1.1030616765590997,1.2454348294652111,1.5492688193995332,2
-0.8345910785042886,-0.2457009806358916,-1.0055890564060284,-0.3301198855606355,1.1045317645179271,0
1.7385887399595097,-1.124717038751102,0.5326254795651715,2.3050104084517646,1.783312071114214,2
-1.4658981822624857,-1.443187336270077,0.953293956622328,0.2718959315138849,1.1150028793914506,1
-0.125098737911756,-1.6039145417215568,-0.0962899874607516,-0.2501813813966195,-0.4273571857911007,1
-1.167244270417545,-0.1027590466146304,0.3074342376687671,1.098794949688502,0.4759639869444258,1
-0.775635474494393,1.095324562094227,-0.8372251341686897,0.1534630001782629,0.8019220814940604,0
-0.1877674599189494,-0.7563175634028547,-0.5495575725601783,-0.974851416307136,-1.0272253826147146,2
-1.8695603026099368,-2.0101433756558427,0.3679020058454004,-2.635471809324012,1.8375930138285048,2
-0.7792715976086901,-0.6281783993724179,-0.308366153731895,-0.3322449383416674,0.5548848176136045,0
0.8117248529854603,1.7554771851468849,-1.831897628486897,0.8157201622562946,0.1894710299613897,2
-1.0749560499318984,-1.1119599673988627,-0.542430165441656,0.0745749218395442,-0.5850761992774948,0
0.473752467400604,-0.2372537576230253,-0.7603795770582992,-0.1427115115463411,-0.8089254765179311,0
1.20262600466105,-0.0450023988354745,-0.5749025264529511,-0.3271471644116974,-1.0654808434606626,0
-0.6971372266291976,-0.245295448180686,1.1031068757683002,-0.3926191783383677,1.206166147171395,2
0.5812914392880614,-1.0611141148454533,1.0504602498535724,0.6237208841141683,0.6622856829343564,1
-0.502108664111744,0.1356482261408486,0.4415344310946834,0.8553594806363709,0.308150404907177,0
0.7672163675310252,0.2138393035251374,0.3266794626896157,0.0721541544271538,-0.7658587873250532,0
0.9055180782966076,-0.1354160745494574,-1.0124613210222384,-0.8751987776449277,-0.1911050952905568,0
-0.8918732445599359,0.8714131442838055,-0.9781753856393804,0.9085385162681314,-0.4774260752597787,0
-0.365893906940633,1.3937359040857633,0.739688182622175,0.1847609052621773,-2.1531053797715347,2
0.7208547659134608,-1.6748105150153136,0.985681955043494,-0.9192915383043496,-0.7774093477558845,2
0.493487158589108,-0.1708612772433596,1.1974293004485743,1.079969536682006,0.3239471375196484,1
1.0626045922716851,1.2447448512099848,0.5801996238911852,0.3646260146553161,1.0969628735863348,0
0.3411396585496067,0.7552974578295624,1.028325947999124,0.2763469608115527,0.0619930977849978,1
-1.565301970892914,0.6967611796265791,1.3312267011957164,1.3140035675735688,0.8843814622688678,1
1.1215625380734442,-0.2963652703227225,0.5017938065562595,0.6313984933056,-0.6457422986803975,0
0.6330326221427738,0.882758700886684,0.9209195189524498,0.6119945175316327,-0.227162291526764,0
0.4960985957824185,-0.0283928570722408,-0.4911019740925966,-0.5637858648032844,-0.2972670213494089,1
1.5008037207865998,0.6285515793918783,1.6228737363596766,1.4655388720522868,-0.1320174478195677,1
0.9750981449241592,1.3063608201588963,-1.0115067922677006,-0.1325975912127633,0.8475981302587806,1
1.4212947576362165,-1.6531154046764325,-1.518223751465279,-2.0589124918083117,-0.4208995566835777,2
1.5424419183528475,1.432103489002273,0.1844731827504974,0.1731947714548889,-1.1648084985980125,2
0.2762048617367295,-0.6627097465216284,-0.7757420034719594,0.0341663444834271,0.1383953579321359,0
-0.8014054835619813,-1.0677701280594754,-0.9222763250862892,-0.2774152576850578,0.8850249681105868,0
1.396524677435335,-0.3252812730068918,0.4052365462399458,-0.4245683181884963,0.8590510018314003,1
0.7494713018985788,-0.2518108524599102,-0.7974635494709615,0.1121085586892544,0.6312011132164642,0
0.3449236244088555,1.1118410100416785,-1.3406442854127107,-1.5205743366578763,0.3052694670845863,2
-0.7434281049583326,-0.7085292670008327,0.5641228409619764,-0.2089829728997607,0.780598214067777,0
1.1860981994083712,0.2627859307517385,-0.3283577939666956,0.112417473074048,0.2882603871450515,0
0.4791567114627722,1.5710671394284108,-0.3866055728052983,-0.6851338271895548,-0.1537557574024387,1
0.7739352556998047,-0.1117759864236692,-0.5480644470561993,-1.1359145952292051,2.0912453229302224,2
0.6045243694806225,-1.3688078340711236,-0.9349110480331376,0.772591473919236,1.5270568488997642,2
0.882112718423326,0.5211699674325188,0.026088009555423,-0.38759648489917,0.2496414348351451,0
-0.151602494061435,0.441925787720585,-0.4185336807147213,-2.6535263825751545,-1.9223093295878635,2
-1.181677561307493,1.6776941904281253,-1.1677694986692937,1.6532776152257942,-0.1612643335196829,1
0.1615450522154717,-0.2166102086015561,0.8132019310158425,0.0978742033273355,0.3057260607753668,0
1.2538340983829055,-0.9977045577491456,-0.5048264056086215,0.3441426264731843,0.0136337742687612,0
1.607551371182073,0.2381396196308887,1.820418296216402,2.3691181350797907,0.8903167841032299,2
-0.2231902826860955,1.601837652956252,0.182028371704442,-0.9037748040849692,0.9017907356234748,2
0.0841408875762518,-0.4862732710598893,0.0897021518259253,0.6348837401681721,-0.0912694978471391,0
-0.9768868339336224,-1.1106446791234643,-0.1451739405186209,-0.4876739834249033,0.9706436722444012,0
-0.5208970197667823,-0.5189057722087445,-0.5946950840630729,1.1717522758870254,-1.2016689635503213,1
0.7011594231822468,1.573961854940243,-0.866736005719667,2.0623890253723087,-1.1112043654789725,2
-0.971506138813968,0.7559539840496486,0.4648485225441501,0.045630687861215,1.097294553913772,1
0.7138236758412697,1.0663920811275307,0.7202659287996699,0.3177709949230856,-0.4585543714411205,0
2.122929846121721,-2.49248717863688,-1.1951210183440697,-2.7374805700872336,0.0390681256291775,2
0.6023175959274267,-1.7073984534138311,0.7817599107187109,1.2230329636856505,-2.1391433419207697,2
-1.085385229022811,0.5498749418196115,0.0931021939982725,-0.7172364523379843,0.6943211351195188,1
1.0954415417792307,-1.3659389261851365,-1.7662652413442914,-1.7719538258065886,-0.8675811794335971,2
-0.8423626722639701,1.15135815663876,0.8787916758638765,-0.4663998082076389,0.368602616729915,0
-0.7214941171974082,-0.6213828078677912,-1.1190529461284568,0.5721072123300959,0.9169088187050276,0
-1.4043418641998977,-0.204674809970577,-0.9732443887839048,-0.1717187081927419,0.9842991489905536,0
-1.9728889671319796,1.0195181546928584,2.158814711251087,-1.7816647867839448,-1.6539758614193003,2
-1.230961428097425,0.1915085147547755,-0.3862655547363163,-0.2899380193417537,-0.0747192001325254,0
-0.5553477326756062,-1.1938516426421817,-0.3246854820823581,0.6944021091273981,0.8209376438176004,1
-0.4682775405820409,1.2304318052253287,-0.5676020248713096,-0.1880351693508865,-0.9870205561845,0
-0.4812454046353408,0.8773910627002706,-0.4268868858358017,0.1226024110973783,0.5034629533817988,1
-1.8605311887416591,0.8314013629222303,-1.2991776111040203,1.6588497582685016,-1.1673601094290271,1
-0.898190066657374,0.8163198695029785,0.5892129649561427,1.021486863994141,-1.4541672598615163,1
-1.836144307563559,-0.5127072106255145,-0.4244274838238367,-0.5325523517032444,1.410705307342387,1
1.8155089921885896,-2.5526075375810664,-2.101200381649756,-1.1250771364595762,-1.472718700844468,2
-1.0127125114427318,-0.4105127357938293,1.0120076719357989,0.1174961607984437,-0.6527907595419561,0
-0.2110739462682518,-0.5235461018202952,-0.272968652655545,1.3344274158508598,-0.7384557591140912,1
0.4985534375121414,-1.1968622542218808,-0.5691081312803231,0.0429285948821299,-1.0916695496390267,1
1.0856232801060124,-1.219409107866385,0.2297209642317484,-0.8652519732901455,1.0107401091472046,0
-0.5463305964033305,0.5051969908713266,-1.3615048799894105,0.1979082207386671,0.5219181386526784,1
0.5146406313147605,-0.9792761395587238,-0.8439331026963882,0.5205452567715597,-1.053570895840616,0
0.6780700758630585,1.5554541749575073,-1.2082154880946476,0.6020492616289707,1.242676014909836,2
0.5213529838035809,-0.7688035266991791,-0.6003920102244751,0.7712800486262388,0.7915426371028919,0
-1.297966265387393,-0.8974343254424911,0.3647017403815609,-1.055555960750954,0.8112053460931443,0
-0.7170602431007542,-1.0485892486561512,-0.4337323033476294,-0.2701282947202134,-0.7161992779490958,0
0.0550885145012086,-1.063745903561727,-1.3670094680984997,0.2792216225398995,0.3343688669139958,1
-1.2508945047072912,1.32252719354046,0.9172296559375636,-0.1642247886039408,1.7411399148763993,2
0.668656483152916,0.2798190527500925,0.516673418117625,0.9616249861920072,-0.3957143704578652,0
-1.5050066975525964,-1.0099940176107736,1.2780125511010143,-0.2392591597757767,1.083083529337073,1
0.0776814972415164,-0.2536136961166035,0.462314227422248,-0.7123964373124975,-0.891662143711494,0
-0.9106501679212344,-1.100508246536553,1.0784146229019185,-0.5318110888752516,-0.5737557184008882,0
1.405855022877354,-0.0118302411747518,-1.6249581353389395,0.9310894717109908,-1.2792356050488751,1
-0.1928584758801076,-0.2942600847483185,1.4843826950748868,0.9908054541713648,1.236152611616631,1
0.1689384534986801,0.5705061542828065,1.1330269733997125,1.969841169164909,-2.0544977814816794,2
0.3048881618834046,-0.5187066913986855,-0.7469532221780993,0.0777906409041589,0.3999622179304228,0
-1.17374840855639,0.2518705438436314,0.2733734766667184,-0.1101828422791422,-1.0245139670219787,0
1.0485436183961994,1.110978685548584,-0.5175187564790691,0.5424079462327448,0.3395430778142546,0
0.9111966565835674,-0.1663375826417198,0.4445266737945026,0.6335470722851113,-0.738781510298466,0
-0.3539487186952858,-0.8909796326550934,0.1552493643972478,1.1099656615600733,0.0183958533591607,1
-0.0867041908279552,1.2552491492785465,-1.3818656184439375,-0.4042066300656817,-1.3134378196503669,1
1.1113810220962663,-0.7534737869472011,-0.7630006723718702,-0.9265080563584418,0.98502477738511,0
-0.3367113625576131,-1.079639444197473,0.618904911806576,0.302388772543093,-0.751213331285374,0
-0.4841127540839876,-0.6260570195663238,2.2738849484089947,0.3536002800518973,0.9523078432111152,2
-0.1716749842629666,1.8071282739826624,1.2194770896680611,-1.0037781287687328,0.5099077782926342,2
-1.5287624625173009,0.1658583508811828,0.0143042666486139,-1.605539061386784,-0.4305890965834774,2
0.3826191728604696,-0.4713648000970232,-0.7484706332343027,-0.7529714629678261,0.5269077327536916,1
1.5259209726320917,0.3277746894780344,-0.3783942598318745,0.1928361154488463,-0.9744059869243028,1
1.7328931250400963,1.823183765361248,-1.0372273382707935,-1.5217636678614888,-1.603518052217662,2
0.9475379058739444,-1.0077205953998625,-0.1225819235402016,-1.256399676298494,-1.2022333254454216,1
-1.589651276823958,-1.2330175520092963,1.1746182155420084,-0.1860125551994168,-0.6279597115757252,1
1.519575984313715,-0.5282437577333997,0.724817424380995,-2.312391592639288,-0.7608828807800697,2
0.941628966619896,1.111748991322523,0.5567258401216598,1.191197712274441,-0.5634952256098377,1
-0.7796589091653472,-0.5758308392789091,1.5437082058503766,0.7214622642814909,0.8283105900117103,1
0.1822890037346079,-0.6229543493603091,0.1277443508751015,0.8638839645842358,0.5566119178849231,0
-0.1770447943698685,-0.5156603219942033,0.8495836959909369,-0.8064137505141572,-0.153084891561621,0
-0.4450249881095927,0.3616701037380807,0.2900721544001799,0.3031970101883773,0.5147079352011656,0
-1.1719171951707068,-0.3339144739326824,0.2748406602929805,-0.0869518015873484,1.4211655568133907,1
-0.0477681473319337,0.2159372850371585,-1.342578126225339,1.0327583920224526,1.082668575879646,1
0.8899223461243021,-1.0618291063400094,-0.4975681365195964,0.1590290223717351,0.01146697908459,0
-2.120985826811513,1.0526455342143468,1.091619800668219,-1.4225069722420456,-2.3148250812033457,2
1.673781318567256,-1.000243340360925,-1.355101652971527,-0.9695855728594855,0.7442038947050303,1
1.5807379592621875,-2.0549246675992685,2.503599294431726,-1.6541597618419,-1.1627649388815753,2
-0.9300468641924892,1.6747788169085296,2.4648137659473077,0.3312756135820428,1.5986300248703924,2
-0.4155071409533191,-1.5584027405850165,0.4574131666647718,-1.009564413043451,-1.1589319147867116,1
1.026638441148098,-0.651360951106148,0.5135093073326774,-1.045577366171135,0.639458460824151,0
-1.0073522785528368,-0.4476381329690507,0.2494466623562435,-0.0820583722253094,-0.4324320738395306,0
0.0554683367918145,0.2166348990056809,-0.7283880538120182,-0.5116754759236568,-0.2540670145034334,0
-1.3237637828560156,-0.20134058305501,0.3552644501524376,0.3783377455302238,0.9198266002763046,1
-1.135150164312961,-0.6528084677368402,-0.3906658220154185,-0.1166562748207928,0.515456653302499,0
0.2977731195334357,0.6064848912511243,-0.1709604824488181,1.334872938653736,0.8141104842443714,1
-0.5818638990012935,-0.5364736216106949,0.7023149529934272,-1.1003401650951743,-1.0022937915618042,0
1.034277089887139,0.1245464440737181,0.2979625674863219,-1.0490477547735078,-0.0842960605878679,0
0.8030364564633625,-2.4390377141402477,0.8540593575215637,2.4981272177699108,-1.7096177754407902,2
-1.5818866409443155,1.6675661521183869,0.8780452001232276,1.5931825889551126,-0.493941741964393,2
0.6326007156349905,-1.363076488354061,-1.1640268846221984,-0.7914044921561763,1.218212525984126,1
-0.5915508126366255,-0.9187315952398816,0.5284775942011313,1.2544565219118051,-1.4895085202349454,1
0.4547254000617168,1.250428315521608,0.3573495797872818,0.8978750601969421,0.0305103717171478,0
-0.7609265872585359,1.67493428623356,-0.9962213383577456,-1.1567627897157813,1.0563954799006303,2
-1.3304513805235063,0.9802530312131258,-0.5512682397721476,2.9038537353788157e-05,-0.985262892418657,0
0.4367492281294641,-0.2024926166187236,2.3297559393579057,1.103520922815334,1.9770407947676172,2
-1.58598134909695,1.3874463664353798,-1.1515895917222736,-0.5549987278887677,0.9376175101565954,1
0.3006382071764522,-0.9685110717073224,-0.6243027675865142,-0.586911000649533,-0.3344070056341288,0
1.1443810198298754,1.269687827670151,0.5955838433052499,0.8262102508657865,0.393131969058672,0
0.2005969403827829,-0.5857851188950348,-1.053854348042443,0.644024554306677,-0.6247412333500617,0
-0.2763001440398628,0.1567353928765443,-1.1403172789082172,-0.9407279235688524,0.254298206103655,0
0.2355645286348593,-2.5868951608740605,-2.0379302197201667,-2.362581135780158,-2.3289716352364453,2
0.3862504705964832,-0.2172919241684663,2.3217301831545223,-0.3963770295422067,2.221042466103897,2
-1.297938125313904,0.090482161237236,1.033141444274133,-0.9311642839428592,0.948363326976058,1
0.3396606983292166,-1.775246344795025,0.7891389218874053,0.7181988523929423,0.7965317059997977,1
1.1553395332918748,0.7989507035145398,-0.9554691553471916,0.8248008262189406,-0.0994327256019201,0
-1.6108253546171891,0.8056820244732837,1.360455687816004,-0.564843128998146,-0.899858274238976,2
-1.4307708887902442,-1.1201184508092925,0.0935343514476698,0.6621593452432739,1.0923521501167086,0
-0.3021468579146821,0.1810624906891784,1.4087267748354335,1.1693789058253792,0.0164219674208376,1
0.6036622849913951,-1.610407015401067,0.0443499543968139,0.3003018259474428,0.7895157412211162,2
0.1792195413541172,0.905625425059625,-0.4739953473018411,0.434410448470246,0.4319676619244482,1
-0.5825935591379244,-0.7296384246850124,-1.0729602437977024,0.8336228904498981,-1.4002508749822171,1
1.096134151986119,-1.2723608172141156,0.8374012260319021,-0.8267097027540524,-0.8036507274238421,0
-0.6307278207253578,1.1281846262595834,-0.510190006732727,-0.5872395879509302,-0.2643775102240132,1
0.098387743732029,-0.9729245524841734,-0.681600082852586,0.6766758183150857,-1.1533881683377656,2
-0.6614075095886403,1.1828198194459207,0.8713568366837882,0.6324042911316261,0.7632718842873882,1
-0.3831011181948464,0.0865195918540634,1.1394981634500605,0.2966060118694981,0.5961193023008869,1
1.8251948343340292,-1.1658112486885026,0.5117652724770457,0.6197794878236315,-0.200806581204804,2
-0.8910287312421469,-0.3771581092612694,-0.0192944406139571,-1.0769752428965529,-1.4193182594580738,1
-0.1364456668710531,-1.7253412549942784,-1.4451854340096428,-1.2197929394518716,0.1063766622157939,1
1.1405656347257305,-0.4074405526217968,1.7182284514999706,1.3421848657884596,-0.4839022034375025,2
-0.362659866110625,1.2885495925704578,0.0785818132317945,0.9249039876218492,0.8267114855430504,0
1.5290357488582762,1.246480660614171,-2.1176337868944657,-0.5009752997229205,0.1771185839663649,2
-0.4261383588902033,-1.254963270268272,-0.8260780099994759,0.594538606697382,1.056611163155961,0
1.0182248826199314,0.6174796297597809,-0.997187482898922,-0.8407106818283856,-0.6310864599003354,0
0.953549358835643,1.0152278476110104,-0.210318087128758,1.3485853308618905,0.3696949187158638,1
-0.7105048577714593,1.06858378116846,0.9659124723985736,-0.991351490980454,-0.2278227417127747,0
0.5525970776150614,0.9061375333795596,-2.5129755233409075,-1.2648824236346758,-1.2979892260781114,2
0.850616700120899,-1.7000623566398845,0.3791480482512999,1.5082985546576224,-0.8518401346680385,1
0.4466910563970713,1.762926466625694,-0.8200856593806826,0.6600911139241982,-0.8761457712789571,1
0.1844006753306005,0.561877830918322,1.0100349641172055,0.6386161143827634,1.456933772853057,2
1.4498468953576218,0.8774306629090245,0.8676936805464758,0.8740422706588571,0.2474707143415795,1
0.5446293347941231,-0.5493447654717789,-0.5765338930449453,-0.9823836542091622,0.274509882174745,0
-0.9071041405786696,-0.5633426017822497,-0.7623346428706007,-0.4823626988712335,0.8469054709235823,0
1.512065815656464,0.0794056559476612,-1.112064441552565,0.973062104364147,-0.4880872010301504,1
-1.2811722507167302,0.5333813731650494,0.0571786597263808,1.024537716576122,0.2095705195807444,1
-1.486527971654508,-1.4837036596738409,0.7890085056997086,-1.4264425615835932,0.6777105007524077,2
-1.1433246428988948,0.1067777264288186,0.4786910779264788,0.9358104609586376,0.6358011185635064,0
1.0435772783310635,0.0089529032890495,-0.3595152172421747,-0.5935476469200112,-0.1202120112384244,0
0.5149695613099307,0.6300560000293818,-0.2247242792263233,0.3178854294648632,0.8478521587895584,0
-1.894785503726352,1.3229664498568587,-1.3219395172070962,-0.2805901367980144,1.0835361406408148,2
-0.4733514539513322,1.2230330697846088,0.5242639242045705,0.938331569231951,-0.9812735061778838,1
0.0512773454207169,-0.3216244528487567,0.3577227897882337,-0.6882040276613285,-0.2368576996866743,0
0.652787087824235,0.4879342664645325,0.1935599420837757,-0.9596761279295652,-0.0860148174101732,0
-1.079792580443883,0.1297250143127391,0.9794195786086012,0.1949552636102752,-0.9332418729260477,1
0.7072841818763256,-0.0058197910555217,-1.550622275093126,-0.3344015969267722,-0.8957850186718734,1
-1.40900383390634,-1.9821622262428813,-0.2425604517059527,0.1563201165138485,-1.6975901901784152,2
-0.0878264717114105,-1.1927966769857374,-0.5483816149689221,0.4817038959801934,0.6043301106048489,1
-1.179066691811152,-0.6397085933147396,-0.3209353787879719,-0.0450627332310035,0.4171143288813599,0
-1.2480047065276014,-1.639753105830618,-1.2816683568354763,-0.9810158594725804,-0.7757883283659728,2
0.2690248681552746,0.759033138948348,-0.620635321590973,-0.0257471531474646,-0.0885763039555387,0
-0.0509007261682593,0.34935827736553,0.4371392850248439,0.896269160199588,0.4826656640344819,0
0.3482446820118132,-1.259121557434645,-0.8252946113562446,-0.3359785801498648,1.0105044115169188,0
-1.350016901421404,1.524557215949398,1.5493515547899248,-0.2338534112075774,-0.0533138766505011,1
-1.011879048222782,-0.0071143129909014,-0.352804980262466,-0.4729730896485519,0.6899145627141684,0
-0.4720968574848603,0.8838258251949429,1.07813463248119,-0.3675659645159032,-0.6603933150490915,0
-0.2392410073095265,-1.077198808404651,-0.3526071970118337,-0.3246365922012741,-0.2475229185857192,1
-0.9803495886668916,0.2626588796355417,-0.1827456424026058,0.7391892688326449,0.4363103306110439,0
-0.9404833363552656,1.0442628826644371,0.1270535856540881,-0.2085083339523349,2.275797619483477,2
1.0720841336460722,-1.0067889879660958,0.7229091567950651,-0.985569457882579,0.2453645459811584,0
1.6121779434595207,-1.114822231639917,0.8117873964166358,0.5525317894179058,-0.8735412689238513,1
1.259324618232459,-1.1334730766545988,0.0848226700827796,0.7566803821789111,0.6299310904264529,0
1.5844879462527062,0.0806659160857417,0.8849403000846927,-0.0930067726035011,-0.1255799512949244,1
-1.3805825699406191,0.91042449092663,-0.1345933808430405,-0.7655328823662125,1.3677388492430618,2
-1.4694203437990747,0.7937102721129115,1.1490865848528444,-0.7714184311906968,1.5617124514875642,1
-1.1990272678384502,0.0407514834806811,-0.2334290006139681,-0.3667944414478972,-0.4172372369331866,0
-0.1606163976831194,-1.4115292007199527,-1.5948264019332177,0.5283135401694187,-2.315920002102139,2
1.2087929755473243,0.1285066489972283,0.9367478993539842,0.0802791361274191,-0.863640330554083,0
0.9222400083542608,-0.4015481149707934,0.6313869302205098,0.890524183181986,-0.2086277417387337,0
2.414451349965406,-1.573031354518672,0.7318456399944695,-0.040192273536136,2.1606409292082245,2
-0.8391542956747813,-1.709884165039979,-0.979594306184812,1.5863771939634748,-0.308819180765976,1
-0.6794526025416704,0.1510816792643757,-0.0375809111417457,-1.08192357292108,-0.99562158306743,1
1.0508407804471669,2.085422809726332,0.4697608043729018,-0.7678772723621279,-2.386660552756916,2
-1.3384056562662767,-0.5502697721898109,0.1626982123745965,0.0716633131390527,0.8768634021589584,0
0.3675775332916434,1.2337696660879662,0.7840584051179442,-0.770367886854925,1.320034574800328,1
0.1562012211272593,0.3192594196064992,-0.7736592515748455,1.097285207966857,0.545628051236488,1
-0.5567399817617058,0.572426799933363,0.5511802776122641,0.6911104161235531,1.0823677513491288,0
0.9563581128866314,1.7675316274534962,0.3326623646144455,0.0512674461098133,-2.554787509155124,2
0.0424675120475617,1.312643611330399,0.1681299187597607,0.8636143686211364,-0.6558425877855605,1
2.148597847473795,-2.82311960340152,-1.6854609997728829,1.7281299898169895,0.972148610394856,2
-1.4906445391478171,-0.7733180785932189,0.2549352138498997,1.4207941753000866,-0.6955013900436356,1
-0.2537443335055478,1.2801322638472628,-0.2593229970084254,0.7098538320787598,0.929308277617746,0
-1.228548468589962,1.3720587993234672,0.8308162316875712,-2.7464004534006423,0.6852783522889568,2
-0.2527397851074596,-0.4702127142270767,-0.6740100033260026,-0.020959446381617,1.1123938574408747,0
0.1580005541350907,-0.7752059117780823,1.2300408072258358,1.849820579353432,2.592169382676087,2
-0.7742267807641893,0.7184909922887613,-0.3804457374976602,-2.414264489335024,1.4652959854599137,2
-1.797292002322732,-2.1422468696535817,-2.529846244444166,1.8468702874608776,0.8593619738341948,2
1.019110674979335,0.5630727260086176,-0.8919244632398786,-0.6811871196421635,0.511999708082439,0
-0.9775328053439032,-0.9482780953151916,1.0625396327864074,-0.8707401482836025,0.8422345374393275,0
1.617379213063474,-0.8620139087718681,0.9812951530262524,-0.0696275519847953,1.3450673445001828,1
-2.140834342019751,1.6306614176445489,-0.966902439888664,2.000354242679156,-1.0111362825039627,2
-0.9873571652327524,-1.3332610607651063,-1.7601093198429787,-0.1197014881705018,-1.9806281966338848,2
-1.067077091674729,-0.3084044033239895,-0.7668261752816967,0.628725814769463,0.6266342427878695,0
-1.1336767713164857,0.3350499650579104,1.528711584227048,1.426483568957704,1.1598699468531877,1
0.9403295120166024,-0.6214435970709373,-0.0898240579580826,0.6343919212745317,0.1843339590986971,1
1.291836997667528,-1.1498562247340638,-0.6275038431123007,0.2301829857366699,-0.1939614959441889,0
0.2404351858941166,0.4927891370882153,1.3854298527769546,0.8758591741692936,-0.3425624020753212,1
-0.8462464000129212,1.1085092199620556,-1.3038627358120205,-1.20045971386789,-1.90908181826616,2
-0.5141447850376157,-0.5946439241565185,0.048751649763465,1.2637689219129338,0.0461539385844897,1
-0.2621390168062201,1.436606942392194,1.3860742783358364,0.7883834352226506,0.3616584705539494,1
1.0731522465382692,0.557080439225955,-0.9725714500450175,-0.7018225763379455,-0.6324356668109612,0
0.608254870777551,-0.1566390560455391,1.306857079041992,0.3226291491506963,-1.2608091078090895,1
0.4092167722779988,-0.3358421819198536,0.5014083925970886,-0.4644110872345242,0.7004527966022636,1
-1.3017963373555874,-1.1742502833695876,-1.0205786209260883,0.4451892595468216,-0.6207440450453552,0
-0.1402862315344844,0.2332969702036799,-1.0776814707471136,-0.88694793732772,-0.942947493337894,0
-1.089043919487945,-1.2667034587994468,0.2342221225344684,0.0051555235977803,1.019020055177141,0
0.6392865295166797,-0.7164063696456396,-0.91751314628937,-0.5898055247873808,0.9548219249753732,0
-1.8591267635766544,-0.8215726105638507,0.6716599256630255,-0.8354860640334656,0.7106522548888696,1
-0.660425013532282,0.7029574009870238,-0.6970542233925348,0.8749985878489023,0.3224696102081531,1
0.2643655820241761,0.3155611827750403,-0.4719353129349891,-0.837688831431917,0.1505499763451153,0
1.4029313567113968,-0.0427284472662768,-1.9854290534827836,2.552530291450744,-2.0012264179139927,2
-0.51661022383843,1.136845165206506,1.1723326317515972,0.1290290291044535,1.034171163984304,1
1.215238874323133,1.770695914018738,2.4265055435725618,-2.766681453214016,0.8816943014065087,2
-1.8197958806997243,0.4027525089183146,-1.0305996091217875,0.8499500076423235,-0.4734293999076961,2
0.0815401798744248,-0.689705998948534,0.1209872913044014,0.690091056108671,-1.2460462223540183,1
-1.1163498135394343,1.0013740764495718,-0.6193564943008554,-0.417719594022362,-0.3606507869282283,0
-1.724179569748323,0.8039163137718918,0.1485659509854965,-0.7878261515859161,0.483822506082826,2
-1.752604511442129,-1.6116576544599444,-0.7566392229722744,0.4509293086933304,0.738858066289428,1
1.7220734241701072,1.7096784104677487,1.581153617087809,0.9626618529530856,0.2508631533601857,1
-0.9772414039455076,-0.7381125171037523,0.5367962860858964,0.7711513816356963,0.841910570945122,0
1.9729689659352,-1.2255532088266994,1.9680956426824183,-1.709951642565726,-0.0139653461142452,2
0.6113932447086431,0.3443937539272639,-0.7410757210003233,-1.2959925452945995,-0.1192783392108001,2
1.0586397613396086,-0.9432512801031094,0.5705088374181387,-0.8782871714488951,0.2149399058191961,0
0.1586964956397365,0.7548326905715479,0.0644798209884843,-0.3131770310448614,0.3691036914109455,0
-0.7143216302510103,-1.4420645936186107,1.4074908452400383,-0.8711166847383043,0.8003545444478593,1
0.8928459254959452,0.570406115174841,0.119149209177127,0.9263802754413608,0.3069354268194682,1
-0.1019750223667605,-1.2191823590844368,1.4620320627455634,-1.2173737758306376,-1.3660270714502114,1
0.2353115696985274,0.4927941097780131,1.390800689043546,0.8755219986500985,-0.344573693128764,1
-0.2879086356367135,-1.1621513628013715,0.2931134561536765,0.5832504155174277,-0.4962480872770068,0
0.7926216596120331,2.2347501337239835,0.8532325900456124,-1.2820208931573591,1.532025078726647,2
-0.6729138661629052,-1.078861414123714,-0.2816098745768483,-0.0692658323936719,0.9185409614265084,0
-1.3549254141222662,-1.6142113799050808,1.6387307239438087,1.016563717027503,1.458208997919756,1
0.8493509703863803,-1.223465806129047,-0.9921391223028284,0.7795372355097991,-0.1043785507138446,0
-1.1116384719829486,0.9992023873780644,-2.3236412430112483,-0.5693350467478074,-1.5815935623993744,2
0.6475352126365415,-0.8176776012749192,0.7074679974083292,-0.8810928767832308,1.0412107971927598,1
0.4941441106189295,0.1784243681640316,-0.1412105310155083,0.5046393685471334,0.02881361364644,0
-1.208310209506224,-0.16928267361402,-0.9726984190814928,-0.0499740771271811,-1.2589439322965346,1
1.0450028712758166,0.9783526155426924,-1.1526405798070074,1.6472551162989075,-0.5531585132211221,1
1.7042950850546188,-1.67376793227521,0.4481741603379889,-0.2159628996673121,-1.5239888368836847,1
0.9525503436435228,0.1514119533323295,-0.592413569376658,0.6648768116018585,0.7098758877985234,1
1.4562728470514827,-1.4104727558781442,0.993550224868249,1.454102796555605,0.6929137776605239,1
-0.3578887884267269,-1.1824072863117483,-0.6811785143963806,-0.3425655454727518,-1.0622531779933633,0
-1.074530385718948,-0.4629883993812047,0.0587330435253115,0.0351831197187588,-0.2347406742832309,1
-0.0719893274000136,0.9069926492280862,-0.0884832981382612,0.5422794215481349,-0.4282964957195636,1
1.6644847490505097,-0.323531259697143,0.7900074652015942,0.402101086642798,-0.6328967173257583,1
-0.5437292429516404,0.4981982619276064,-0.2659806762779481,0.5289690851140985,0.6927778786424461,1
-1.382467716958184,2.232528033965931,2.280801540731056,0.075869489037949,-1.2626711378988371,2
0.2944942697262325,-0.6395758383422594,0.853304743462704,-0.7948910036749192,-0.3631605724404895,0
-0.6889123558525934,-1.654575711560525,-1.5132625467804253,-0.4117091128514434,-1.507797799277702,1
-0.8890712467409494,1.280023020186818,0.3361793255719187,-1.6502040780111416,0.4482501776316218,2
-0.45781920947981,-0.8195270325546847,0.0973491583933509,-0.0124572775561113,0.5301680034970276,0
0.9822820831688944,-1.2652840337447675,0.320320891920961,0.8883828852004464,-0.4888900382842293,0
-0.3495911570082821,-0.8033723469615164,-1.613158140196285,0.061589041019009,0.2054936927150991,1
0.661158127554616,0.2113427682104231,-1.0363426276765528,-0.4031277814438873,-0.9514125558877355,0
-1.9025543340889837,-0.1800854076529947,-1.384428728319358,-2.6015101992939296,-1.705745284976623,2
-0.6226086473525442,-1.2068239588312302,0.1663908861478711,-0.2811749657853184,-0.9527072273956216,0
0.4462529693973179,0.4285195247126643,-0.6025820019586036,-0.0544222712433917,1.0519324380911104,0
-0.5951808787503897,0.4238652413733038,-0.7300759367288954,0.2985179532341634,1.1165051558339036,0
1.282540625650196,-0.6733705075731188,0.9932379933736052,2.717635285815262,0.2356878530877482,2
1.7336114192900962,1.4680022241650237,-0.8920224665256659,0.108074283490495,0.4589446361589357,1
1.382911044191988,1.1707333186361302,0.021988478662653,0.3910491859953671,-0.9197778736226933,1
-0.996791894363792,-1.302545366945915,-0.6014148303745026,-0.2745725032480577,0.7006650705753794,2
-2.0142439964783265,-1.4404506363760177,1.8209071801103816,1.1822890260016026,0.0752690797710171,2
-0.9863940145322264,1.6165109090391203,-1.1980681695723174,-0.7811163659619695,1.360040379081499,1
-1.3566038941981755,1.0255242174773007,-1.2125108584023334,0.6749455275283031,0.4900974026286651,1
0.6527494486988031,0.9742978115920768,-0.679500027846286,0.0752186108359421,0.573481977568704,0
-0.4526659101407826,-1.0335918981502143,-0.1988730035902652,0.0745520542357716,1.435554749709635,1
-1.373231731567924,-0.043163949072562,-0.7908162579379718,0.6709070745162597,-0.4709135196691456,1
-0.6123874477701443,-1.143504729258146,1.3363608695047944,2.4042969483994434,-1.0628488907777418,2
1.213360714927407,0.6606273867607547,0.4371421599638287,-0.0622707441741435,1.3168466348022292,1
-1.3780593662000151,0.2333391956240313,1.3869113785530645,-0.4237314257981414,0.620888462202294,2
2.172336722211094,1.2033380161108036,-0.829472181638731,-0.6862039481112809,0.7050572547659851,2
-0.4758742089236316,1.1707068916483696,0.98357761641105,-0.3912827358301283,-0.64601699222661,0
-0.4848615108091776,1.6303512678760412,1.353221985998314,-1.7542923547940374,2.3990456455964164,2
1.7687553746585165,-1.6444363908932738,-1.299464477187369,-1.29650021885976,-0.8632389151766932,1
0.7446407207369337,0.5306110907351599,1.1580838750552591,1.2989400688000232,-0.9043965317250516,1
-0.0891489450816165,-0.2523322283175895,0.2736866113978835,0.2234647579489726,0.8001625817242848,0
-0.6787892390860761,1.238381965679498,0.1608084310992341,0.061509799196585,0.6693079134504932,0
-1.3813252775332718,0.2379743293457221,2.465515529844109,-0.6108612121498588,-2.3261805074476527,2
0.8292493223745916,0.3919568800065443,1.575129919979056,-0.7300234669526415,0.0326484402161137,1
1.1193005709924544,0.628309801443069,-1.1372339674660694,0.010298548553583,-0.6575004066731333,0
-1.3661110275141477,1.7563745871375658,0.474239275284705,0.3016329674278146,-1.100823571458724,2
-1.1023122530173126,-0.0244700605432683,0.0139961348830713,-0.3557259374500958,0.1493909797081508,0
0.9234236098213614,0.8404634289374555,0.3092224305844278,0.9418674649410018,0.8375830208771134,0
-0.744169195444171,-0.3470756906449717,-0.671575906408183,0.8357820135986274,-1.241659399185714,1
0.6797601290815091,1.1696993863700496,-1.0320581185777569,0.299076886139217,-0.1360450335626415,0
0.6872791021060736,0.7702807945252933,-1.0241575417139437,0.1140227129798815,0.393361571769619,0
0.967912319968291,1.2467459241169574,-1.2307479129753487,-1.3236592531836329,-0.2028347821096665,2
1.527517862188717,-0.8071051710678698,-0.9183618324238672,1.4201900798265703,-0.7712021468955378,1
-0.1744474108475829,0.6964125726111733,-1.0797577216524592,0.0770730889805119,-0.7404093986019223,0
-0.3967553721332853,-1.7046739228022116,0.0859818214136408,-0.0474185907230623,0.2093292532379756,1
1.3021815964695016,-0.3144841954099185,0.5674245390260639,0.6893981570795495,-0.7515949467858668,0
-0.7920092558243711,0.7999809332227602,0.0717302492106073,-0.0125062550677664,0.9124691349659227,2
0.617791160330555,0.9291882293332038,0.4197678352578446,-0.938578610872192,0.8105143964231701,1
-0.8636921845171989,-0.0244558111865353,-0.1043087299933084,-1.0786396289315094,1.1288826956983635,0
1.4194805218240836,1.024070873418221,1.1571735757610804,-1.294628092990083,-0.8762880964355844,1
0.1581333838323103,0.3224684296696869,1.5797521117108526,-1.5205100981316957,-1.027579864141004,2
2.0442675799041985,-0.7445857758902316,-0.7135739410241569,0.9851983496918544,-2.0623997952686834,2
-0.8944198226588037,0.3558667377326383,-0.8145622492380191,-0.700525851406435,-0.8889466677060044,0
-0.1221624829798285,-1.3535265554474991,1.172982827310444,-0.6966839588500722,0.0549451749866821,2
-1.2782994346792191,0.1647935876663134,-0.8548990099595958,-2.1561120314834508,0.6645954302751709,2
-0.3220043943188125,0.5533587092605913,1.1444181427288953,-0.8623948578950701,0.8575860565043587,0
-1.08125737537775,-1.1279698012036965,1.2083515058843315,-1.20487282175298,-1.2978595704499376,1
0.1259665089417072,0.8523340463852949,-1.3922113353320054,0.7529981446194103,-1.4834971028643016,2
0.2002909197610057,0.530464399128561,-0.5129309057778133,0.7539722811470801,0.8634959934370919,1
0.777389880623233,0.8870151512268287,0.0940666284591219,-0.5243120890949299,-0.987617901158787,0
0.7983698773996459,-0.8216212324098598,0.9979314230958568,0.8072407735845255,0.0169786225447792,0
-1.407761200973778,-0.3072800128185858,1.0917315789077355,-0.3308421751230928,-0.8594012332301308,0
1.2181307396608017,1.5500152333804538,1.5848020031251568,-0.8809416942705905,0.5919136590943599,2
-0.4499972319560248,-1.0759665558458755,-0.1370551831437334,-2.3790982579289346,2.6075070457063045,2
-1.411622375843135,0.113522967780372,-0.0054500769962586,-0.9377191559747536,1.070512587617921,0
0.9058651594952442,-0.5016935509934558,1.4572140892112624,1.2884467779760391,-1.0972033341566636,2
1.5342817132721005,0.6663162094285494,-0.5195641405546981,1.0444156648270246,0.5518543791422431,2
1.024875403052208,-0.1910219551414895,-1.0924617136631896,0.3252925999082028,-0.7186523241295055,0
-1.684837979409796,1.653257831792339,-0.5036721697246302,0.186809236449148,-0.9661375073586248,1
-1.587485526356392,0.964715425886274,-0.063205694181844,-0.6868452565372763,-0.5374534509101313,1
1.3588395629081136,-0.2606873951224491,0.9822155163488118,0.6299456524858682,0.9754589253221831,2
-1.505782577141022,0.3949047444317484,-1.0588053798557149,-0.1563916254573309,-0.3997510937628913,1
-1.00973480020506,-1.1890524072070316,0.2293873358726092,0.5186927969244197,-0.5661564412486556,0
-0.4670490384989955,1.556249013039996,1.1560267163182187,-1.7745993319219928,-0.7598920399888278,2
-0.1435498422615021,-0.4478395550392858,0.3316663898549631,0.6865650339608835,1.1098245520113388,1
0.1482408931266154,0.0363052249607676,-0.3049150415780037,-0.9435378114663862,-0.4842426968832006,2
0.1788046463660497,-0.334196521056898,-0.3769805746755872,-0.3614443802195823,0.9648543902550716,1
1.3894259135603166,0.0048790036903917,-0.7202730173483305,-0.3937517076679627,-0.5305958677913936,1
0.9208048773825782,-0.1070185928902951,1.6415041448441772,-0.0020531499376689,-0.7586574069986024,1
1.6051218259949,0.7400883204290392,0.9717196079881562,-0.7798014538241242,-1.0900106735985688,1
-1.3467367485385808,1.1650110138051264,-0.8874653211573434,-1.0932501849516605,-0.3938214906057336,0
-0.1643001101257569,-0.6630594260789886,0.6172914829579792,-0.6636380438566423,-0.7715096945933695,0
0.588392199554983,0.5330697985894812,-0.9217133141626896,0.7191744834602317,1.0954961837328192,1
-0.8528107486342947,-1.2376583832143653,0.2471093709636668,-0.1957550510695269,0.4777012501118504,1
0.1661317470517809,-1.5081810834621094,-0.0402402694771152,-0.787583888670881,-1.158199505929128,1
1.1130281249245035,-0.645862298454362,0.8585302075246193,0.5953931875507612,1.2347373159890214,1
-0.4853628485521606,-0.6824065097612184,-0.6538063175899586,1.290540470656401,-0.8739094032515994,1
-0.0967292657004124,0.4493235186606769,-1.1104092418383409,0.7322243364921791,-1.868089621259185,2
0.956757117804631,-0.8108481523465846,-0.6518997540877072,0.5576924338512955,-0.334374368439955,0
-1.2987740813479849,-1.349641739645046,1.123198269673048,-0.5620256893642099,0.4496844071341357,1
0.776286286275886,-0.6472681824807021,0.4853158451146382,0.7480818958232902,-0.1025979152565245,0
0.7078628251841357,0.0371382816808014,-0.8323450832526649,0.5801370597223786,0.3539169261381735,0
-0.6759204278470826,-0.675656472471209,1.1233441191275306,2.299321952681902,0.5326247292489077,2
-0.1149226100260944,0.2947782074089614,-0.7700846527613717,1.1722272462350187,-0.3739508474085584,1
-1.1234575258529569,-0.7263884051933149,0.5172468624624386,-0.7453070477676472,0.8662622420604349,0
2.2429042801119867,-2.329493043383715,-0.3737537072880817,-0.93063216458912,0.5228017414251485,2
1.4091719080758245,-1.1153295037848865,0.6532112818030247,-0.5274432737216794,-1.4146468914553247,1
0.7239649371802985,-0.6377915028087378,0.6365019562047259,-0.1944915585107863,0.5519441761299074,0
-0.6019620441096489,1.0431938058740426,1.099187180358909,0.7609874069408379,-0.0495574177877667,0
-0.4115304805616507,-0.8138354057766445,-0.9423680095120108,2.0060187924644466,-0.8335938101172852,2
-0.8171199172260808,-0.8056163221355259,-0.983602633154736,-0.0626963401515547,-0.1657302939351091,0
-0.8884181855982264,0.9945972080143386,-0.9456690852773588,-0.1601046061780352,0.364455656275188,1
0.0742562436045133,-1.0426155351353648,-0.6309798944104337,-0.6811658919259832,-0.3532379181838368,0
0.2441590587907241,1.1585930148431662,0.749425309868668,0.2237690879495422,-0.1143270422158446,0
0.6387462010434589,0.9635705346954307,0.2976354425748351,1.9552838915853856,-0.3357041959699351,2
-0.3936964643065534,-0.504013703524504,1.5627762359019328,-0.3427605848354177,-0.9218411400601269,1
-0.3582301676914376,-0.9849350113238088,0.1343600136355103,0.0039724565130673,-0.3301240211019357,1
-0.3459842070762167,1.695102377940633,-1.780058528293403,0.5733535521900699,-0.0594397756334659,2
-0.1533544277179322,-0.3767093070818008,0.5892164158891687,-0.938871301269536,-1.4435507619777943,1
2.1631343096298754,-1.4335708443877118,1.2246540781435975,-1.9702765045974089,-1.0136291902018164,2
0.7880581947850938,-0.9355141214809588,-1.0578731015865752,0.4181585009990946,-2.4170738826795164,2
-0.813181999102729,0.910160484916214,1.586066998964127,-0.5884487007261895,0.3209624836907482,2
1.2761648123183067,-1.2660310731972713,-0.9308039945596154,-0.8253521958756379,0.9719074046919032,0
0.5944613715007924,-0.2268732903593693,0.2683897730943096,-0.4452944414851562,-0.9659059839467689,0
-0.93085735939956,1.13111552375866,0.746364496725514,0.968099935826695,0.482894447044476,0
-1.816575053601153,-1.520038029673233,-1.4828949969170366,1.464895887159102,0.6059436664197615,1
1.162601326105569,0.4305556559909295,0.8831759157730255,-0.6339764986981294,-0.9309947781638278,0
-0.3658281453924282,1.371836682736565,-1.114357490880841,2.0020971137090617,0.6454657394342586,2
0.9749152497749886,-0.8899855498700457,-0.5307696085431594,-0.7207369413058048,1.2618482026830289,1
1.0325033753379866,-0.9395537800184453,-0.4094827321676422,-0.0091056424992026,-0.7773172915682084,0
1.052053246308687,-1.7219514342112456,0.1848067714721163,0.6136229364822705,-1.4672610549527771,1
1.572990343539749,1.4473644168244757,1.556291246484126,0.2736427062875621,-0.1452168936908952,1
-0.7345731639468215,0.1648041651286075,0.4446253043346254,-1.959135756654545,-1.3128907033082695,2
1.343442515015496,-1.3468808357479676,-0.0955649974204022,0.9237756026137453,-0.606473556495994,2
-0.8323930336571211,0.3143194200747919,1.721763644526778,1.5984345796978328,1.6982502108442157,2
-0.3350451129433942,0.0208274581324819,-0.1726007617429404,0.4897216982508744,-0.5081835703305414,1
-0.5307205143061549,0.5479473306633287,0.0447458046116552,0.6866074287347188,1.1211446864888477,0
-0.2134647032930051,-1.2119897036832727,0.2401139182125042,-1.127464231429475,-0.5107401415763145,0
1.1274070197051236,-1.0178848093685222,-0.8199238998906959,0.4358666170971246,1.0183352377563122,0
1.3574632431533886,0.2116867436683525,0.5978173275992108,-0.036364504563124,0.2553134303758848,1
0.2897103739000941,-0.3764397457758674,0.954702566932958,-0.8559227761449474,-1.458105381638957,1
0.6930245539377345,-0.8280766898556661,-0.8507464376792238,1.5823265711702716,0.3423665143940043,1
0.3488414611530265,-0.7354760504122105,-0.0938440458946669,-1.5485519505872043,-1.0163544202980093,2
-1.073825056754785,0.7954775496565473,0.7457778533015436,-0.8528160763721079,-0.0532521749406427,1
-0.6231766682900716,0.8786854988481088,-0.2093896916178621,0.0397195873581647,-1.0214157450285115,0
-0.4948890419805669,-0.1976185869210544,-0.4062396054064568,0.7774257958019506,0.4859505131627128,1
-0.9375415878908252,-1.2779955680560906,-0.950150762932524,-0.8467500900508235,-0.1170815408004067,0
-1.6515566131804014,0.92537151936353,1.1874328496842232,0.788360414039373,0.1043941108401607,1
-0.2579569978222077,-0.455951881362084,-1.497080122463546,0.1740014204183844,-0.0883698619697081,1
-0.010640711377834,0.0204537359737659,1.1936924070183648,-0.4773724307793249,-0.4472258707115353,1
0.6338363141261394,-1.705483843456073,1.591219885789307,0.9214344506226544,-1.8311400542427585,2
1.1667761714298297,-1.1506407133486865,-0.3116762994367336,0.0146342300880184,0.1039749604099699,0
-1.3601927108875216,-0.2989642809660196,-0.7267641824006293,0.1742530218270848,0.734675941946312,0
-0.9856116613494208,-1.2077617521305626,0.6949722975427248,0.1224784483054058,-0.555237912861111,0
-1.4542155289891363,-1.0354812728948355,0.3355203627366652,0.072286686911175,1.565101848971647,1
-1.20630930077664,0.3567062201396567,0.5064080428093249,-0.3629867936467183,-0.2482621680929363,1
-0.494684195795911,-0.3490316229386473,0.1505612827339816,0.8417441824664716,-0.5187057415298306,0
-0.7211419649212272,1.0840151609105555,1.061170694411918,-0.5787916317902706,-0.1399264216058957,0
-1.5926134935974054,-1.258444164827298,0.7260154862414748,1.3152029511831864,0.778207344248084,1
-1.1126428076185837,-0.5829403171059512,-2.263451173599341,2.731330084347966,0.1412331672610388,2
-0.6331861886724075,-2.003538120711477,0.426560121030941,-1.9326324230683145,2.3509980104890174,2
-1.6886574501506244,1.7545978504286848,1.031749638448371,-0.6943883511190906,-1.48194112261109,1
0.0164598752170202,1.0457034140309895,0.9505997622918372,2.525624037405385,0.1276955680615763,2
0.993613163000605,0.2965240116449531,-0.3698693912856879,0.276580375996569,0.2977984805516148,1
0.503363360422387,-0.3945542364268338,-0.878051405332111,-0.347435066983319,2.601565019424488,2
0.9590868083490878,1.4999493719731445,0.2754725188121936,0.0713972012378514,2.2476147685479524,2
-0.5465327192068355,1.0975754661468913,0.6416837346951072,0.4424906073851709,0.6740408532370034,0
1.281927808677552,1.186889365187034,0.9933652227998084,-0.4427774901472933,-0.7087192636474701,0
-1.762542966567275,-0.4887885417977772,-1.5919486970644372,-2.759151186009383,-0.6434203231813038,2
-1.3482272574008554,0.5267113772622193,0.8437815198180071,-0.3199836530780899,0.1088705176197491,0
1.3236317035975138,1.1662354903421124,-0.555251127723494,-0.0873034187695251,-0.154484895512579,0
-0.1097900134399048,-1.6161902479367818,-1.2768090539614576,-0.594069382619026,0.8836518878359746,1
0.385500699038965,-1.2409595911957152,-0.9427707211960624,-1.879182328525092,1.722632163243696,2
2.32051020235246,0.280440663133224,-1.921111657174272,0.1028695979605848,-1.553460510730782,2
-2.253952308297952,-1.5605499251730413,2.484376327533669,-1.487656068353393,-1.4190467943570657,2
-0.9638078194905604,-0.9673803871478872,0.7401745263762076,-1.101801770886344,-0.5804931953985708,0
-0.2670860469593049,-0.1132330274596164,-0.8570040252616618,0.4483690397226783,1.11488084978882,0
1.424831163650631,-1.2320342756977642,-1.4103002776845903,1.4128733183413011,0.9285569314248814,1
-0.6711800694095595,0.8895008471018436,2.551993400834472,-1.7968083735851412,-1.694909944378598,2
-0.2286214653845412,-1.3953217654127446,1.0595474377677414,1.6538993825240142,-0.0772445833890017,1
0.1519991968323686,-0.5821769094325188,-1.2622681149566617,-0.5670264713372318,1.2056067044345573,2
-1.5104766934026843,0.7770456073974661,-1.0605678133827867,1.4202395631397453,-0.5751748043393394,2
0.6584078200414677,1.5559429211029645,0.5302572637358833,0.941915325165667,0.8907811096834344,1
-1.0424329415225322,0.2332821303132478,-0.2828206494065248,-0.3323729354363283,0.2190210691276538,0
-0.2821473417894233,-1.2083245441211972,0.1472408030324486,0.8961058355048231,-0.154603623235794,0
-0.0086804264694648,1.1365236632631033,1.3249200460728088,0.610843843541827,0.6744130941898558,1
0.9215413272015636,-0.4940653699748903,-1.3504805816197,-0.6727431203154952,0.5249176504735694,1
-0.6519291410254531,1.2026801176944972,-1.3796289123635532,0.523680978283841,-0.9895717290517562,2
-0.0562044615296543,0.0083676793234507,0.8188183602942913,0.9659916547843856,-0.5981935182716559,0
-1.0452744207974494,0.2814440675541605,-2.291729206481901,2.6474254831681217,0.0884252257144426,2
0.9056520942961762,-1.509461957069231,2.079119851062256,-1.270531027537049,0.9850388771982532,2
0.2441276023916752,-2.55516411656904,-1.1496919649627273,2.602649057247975,1.3680496889242082,2
1.0047245372593698,0.8728815721325905,1.6252476117137349,-1.6500036060874823,1.7867554342623864,2
1.1938503600425294,1.218100243143904,-0.1992431610406773,0.1688335982941851,-1.0037268360523457,1
-0.2243350687620865,0.1704109617845263,0.4487026295998902,-0.914663531281274,0.905120133873911,0
-0.4002863069015981,1.7439601967000775,-0.4126828267029001,-0.4077722219921081,0.2154977588564722,1
1.832352407800884,-1.0906124473776244,-0.5961834895827048,2.259254046226556,-0.4294714838761923,2
-1.3704418402355043,-0.9723722049581972,-0.1941100662961317,-0.2933769831213253,-0.0086116427897726,0
-0.1322115406504933,0.719643086832121,1.0949174489734894,-0.2691189570064053,0.2121416451029607,0
-0.901706538638156,1.2610457784388054,-0.4494325517985729,0.6682756662529148,0.0288240102261856,0
0.0844016224966478,1.0314922011572425,0.5342644663876303,-0.4564930438172364,-0.9426087565934952,1
-0.4505217716268442,-0.5315961165416228,2.4314613328133783,2.10515605882399,-0.2168908092919025,2
-0.1381665729094021,0.1535398956801482,0.0197543472081353,1.246452257404037,1.0330336537792022,1
-0.5077453118953559,0.4608201766354106,-1.8596207841332824,2.192485772980217,1.953550165920566,2
-0.1965301197149773,-0.5407116324370242,0.6683427781673019,-0.8833885500031474,-0.393504669247569,1
-0.3220137230171727,-0.846583489106223,-0.8620699499475544,1.6651485813918538,0.1542530674697647,1
-1.3379416784848983,-1.8342000030681125,1.6146535714938473,-0.0342677392834128,-2.174884663861242,2
0.985983694867181,0.1391887967256279,-1.0241327116646703,0.9846852625860124,0.7714903541053353,0
0.7525824767479861,0.1833650820329947,-0.8343600650210554,-0.4897721561105049,-1.754542788550789,2
-0.6340808053356239,0.6513143176400685,-1.3854069161810525,1.5865971038323514,0.5713074021592489,1
-0.6394305739448358,0.3412181835134625,-0.1691547807957556,-0.6543375057817679,-0.811194090000206,1
-0.9287451705638268,1.4185059593236125,-1.4347462798606567,2.2023066112395293,-0.2672870567314315,2
0.7933193666609857,0.9242325716165318,0.7488156465473569,0.4195671111363351,-0.5433069371942156,1
0.9162238551225206,-0.1603397116370185,0.8129792843520949,-0.4960390570709147,1.136652588836393,0
1.8764263979251028,0.9173077400166004,-1.981860514588304,-1.715843747064906,-1.5741369983989475,2
-0.3848710837617809,0.5470104373198578,0.7639349960376342,0.8883265895605786,-0.2960795210709984,1
0.5558453260954356,0.4051911508047067,-1.2749064645015986,0.3574536159946199,-0.7970136014671007,1
0.5924418592485097,-1.1253028226847972,-0.8364231160385504,-0.986613089244816,-0.8396026189932236,0
-1.348525127412983,-0.3170549370781718,-0.4650580409798485,0.7836492820342468,-1.347001716532276,2
0.8815783514042982,1.5570962712086536,-0.8577695575230564,1.0087219122672135,0.7108278986596339,2
0.5777257543179235,0.6668583771489784,-0.1356776011607159,-1.1079275453462585,0.6669919969100565,1
-0.6877462492238636,-1.2590088879614036,0.1152316946358836,-0.8775904981379878,0.8240374603960307,0
-1.431646554215105,1.3178674230923917,-1.0088557515859269,-2.1329511026030774,1.0503332974392363,2
0.3216404471483048,0.2512926458796972,-0.6900873788440078,-0.9066515605394324,-0.4139771253476368,0
-0.9800674454833922,-0.691275205536925,-0.4104946973727461,-0.5158320231343864,-0.4969369449817505,0
0.8483729718696179,0.4976600009186496,-2.0176204562536704,0.6286220572298699,1.5331235644219972,2
0.0232053980525309,0.3435267805467237,0.3107879799477629,-1.899872978365437,1.4040105166456571,2
0.8875540175302508,-1.962020506440152,1.6200608905832763,-1.6753514676551853,-2.0886723799103466,2
1.4200446866769298,-0.969372026745655,-1.952471028295713,0.4466480452086449,-1.2987514268121862,2
-0.0241340728981219,1.805660357701504,1.2640556692467686,-0.9604399439395758,-1.1201165045882426,2
1.3149616150670171,0.8474963658434308,0.6096578771645483,-0.5120603965000229,0.6610372166451283,0
1.6932699303752288,1.0595887765211347,0.8762179176780981,0.746006345374447,-0.6353568541614676,1
-0.1197816941664611,1.989205012182636,-1.463452056211249,-2.509065285824241,-1.1825171004180912,2
-0.960364505244796,0.1391156444467411,0.3360049934604648,0.2994110802688499,0.4995313712923264,0
-0.8280281215729305,-0.2786472419024566,-0.2159884402020848,-0.4325578748129409,0.7192261747057126,0
-0.9832043646252006,0.5207233705417096,-0.885165201138675,0.0314399915100913,-0.9664645561207584,0
0.1818508936101789,-1.703000344681911,1.069160929127304,0.7095965975061975,0.5462257550489846,1
-0.9972502751116435,0.9921463767767036,-1.0666931555546304,0.4587085187916702,0.029176217808678,0
0.4884702754043158,0.3280792619195256,0.0312414682692911,0.6145389447639407,-0.2335243125882044,0
0.2943713858512651,-0.3304005524069063,1.4144895111805027,0.9788180949827904,2.467404953741111,2
-0.7123116930241281,1.979771162703044,-0.0714977088760823,1.7810446455104196,-0.2373271548082245,2
0.810249094935998,0.4671387736899971,-0.2304320614141375,0.0143056176595331,-0.1925750211656232,0
-0.9479057904017806,-0.8847153349537616,-1.0495763159005749,-1.4724041055857202,1.5488487966769136,2
-1.2598366958575629,0.522163026557252,-0.8986668847714242,-0.1865200358567326,0.7537416334792327,0
-0.448706265191695,-0.7991123433443963,-1.8566951160920293,1.513228960802976,-1.2931355963122046,2
-1.2868330190702335,0.3763580745143174,0.36106296298272,-1.1285155435083911,0.8332820007825131,0
0.8844082775566724,-1.2148209528828864,0.29271775618027,-0.4277841345055685,-1.0783909633749122,0
2.2705016629945463,0.7371651052642499,-0.4554762028415781,1.6461207539530605,-0.7431834666459352,2
0.6806040534269654,0.805110345679147,-1.1654827851493998,-0.3358595206803774,1.1528864137418071,1
-1.356780764035228,0.2201204811877059,-0.8819467181832388,-1.9346097104228956,0.42690432174368,2
-0.71715802878994,-1.371043068311037,-0.3020250230590341,-0.6986663486006758,-0.8278745178117991,1
0.2867100622434315,-0.3898081672645219,1.1359852290637047,-0.1690069387545556,0.9575505464676332,0
0.4428409510007047,0.9242079070071074,-0.0081805638121856,-0.550342666023717,0.1046904571417688,2
0.5736946323142679,0.222042540931687,0.155188977726252,0.8557303100376785,1.2048666663445158,1
0.3043295151365555,-0.9224021438014688,0.2878348869951215,0.9838955337738536,0.2439574423417736,0
-1.7427148645632684,-0.8861591777509581,0.6440249779706638,-1.854111004407124,0.349859141889015,2
1.2813866387188413,1.133197906793139,-0.6136356736912517,0.4640641815823739,-1.339452947546032,1
0.0724608398629068,0.2638074925345193,1.0869911769207463,-0.1492440696472575,-0.8236309579001845,1
-0.3053187428736241,0.3853896552549283,-0.2404124563828021,-1.5891162276790232,-1.743812337251757,2
-0.0991979965975842,0.9470210079545068,1.5327328622269127,-1.0366166298340485,-0.0941825430841012,2
-1.83918777248106,-1.2334792210225682,1.1338183279627911,-0.6141542919801841,-0.8464099134649623,1
0.3640499340341966,0.8923764751620945,-0.1518724657911228,-0.0304383301709517,-0.5636091666152189,1
0.1808769176124863,-0.6927507328941541,-0.5446804603973454,-0.3109174390850426,0.3123345297337525,0
-1.3634622547608355,-0.1115832789956482,-0.4208289276782945,-0.9961248733509936,-1.0677455285678985,0
-1.1462462100193676,-0.7685281741587543,-1.3184963546261623,-0.6506500877251357,-0.1168928499538703,1
1.107294461641486,-0.5186775175116125,1.4301645118414184,-0.5196996477205397,-0.0600036672721545,1
1.0817692934352745,-1.0303250861735007,-0.3260072527298665,-0.004653191941914,-0.1044970589812175,1
0.4624214459777009,-0.4134731194097806,0.0178705452763284,0.4878974131870264,-0.3361578435598385,0
-0.2330946483956063,1.2513594793610827,0.2310348792959065,-0.1236817677045666,-0.2305321636765258,0
-0.6023834111655253,-0.6289113222216253,1.6093397746595277,1.5846680387300545,0.7644176514072436,1
0.1554793733712831,0.7636188764059206,-0.7489983432501104,-0.9660087597334855,0.8491547722509138,0
-0.193818896111629,0.272266644029133,-1.33507395937112,0.7596078102704997,1.363204518746005,1
-1.143701944982317,-0.6772393053144896,-0.2622408940583891,0.0593315636331132,0.7216918034515721,0
-1.6007357231068111,0.3484152418469258,-0.5878566843653661,1.183508253694633,1.0500345964245648,1
-2.1188857644669064,-0.0770781700939864,2.4717133338045243,-0.9901336413224424,-0.8457475116273812,2
0.2970501596798566,1.0687949888048225,0.578182077989248,0.3803410048455964,0.4737994639925961,0
-0.9514207215284326,1.1297356421843574,-0.5751588101333979,-0.0172117804238686,-0.568638052707881,1
-0.3167253293090178,0.9148296163213324,0.0269152157693526,0.7934643724255177,1.898704764845216,2
-1.171037387716082,-0.4546799551819867,0.8758662294077298,-0.9313670102558398,-1.1388304013633508,1
1.254629934533921,2.269018548950476,-1.4660625708383348,-1.1998560567279732,-2.1442469942712767,2
1.153995721342106,-0.591018045448286,0.3673808398874283,-2.2727824960074736,1.3173163879431928,2
-1.5375667232793349,-0.6853360688542625,0.7086425428833432,0.5760528355562109,-0.9399676088485248,1
-0.7611888588858139,-2.6297789127491056,1.1772297784594632,0.6228993078515056,0.6102893910761704,2
-0.5462215815564662,-0.6571434363134803,-0.2648757663695556,1.513126764803968,2.335739106541475,2
1.5149493274216592,-2.1549340469046925,-1.361958073778084,1.498566631729378,-0.4315748236279607,2
0.6570533158939021,0.6718417864562127,-1.5571722691783525,-1.0704102346183315,-1.5000004092307464,1
0.3908580561324551,0.5571794324740712,0.7413037215612244,-1.0214079005866714,-0.69254758838848,0
0.0534391992625983,1.0240270776807674,0.6206728330837639,-0.1398524150530511,0.023280463596768,0
-0.2745493754069893,0.8890338406896388,0.5124347313056319,0.724989743247639,0.7362717123710806,0
0.3236131396548906,-0.3691537225088672,-0.6116065123979953,-0.3676578378121218,-0.5298752733342021,1
1.4994687643867843,-1.115446486805647,0.8777481177460735,-0.6829024666614925,-1.495298160592622,1
-0.6489347319135735,-0.5304384912746952,0.1859553997590075,0.593491505861239,0.0334617123209441,0
-1.0629783835592097,-0.7965340590371955,-0.1063937758303469,0.0424348745015236,-0.1833260759007263,0
0.7315245162908027,0.8032237590602521,-0.5201998043168445,1.1309829317170743,1.5316702382424852,1
-0.7224629132377022,0.9246479934588566,-0.164653871644872,-0.3583720312061731,-0.4788925529643772,0
-0.716664740051272,0.477095781702324,1.7545234812603023,0.3060954905638883,1.1684321507768958,2
0.9008949613565956,0.660364073208097,0.2560151336596902,1.4957784989555765,0.1381485990212494,1
-0.2716000647122563,1.054044495243053,-0.0575842987265283,1.333844282866017,-0.7343925374666821,1
-0.3206039808447632,-0.5409913972961826,0.2299402671589597,-0.8428387884507613,0.7993822808520666,1
-1.3235260350364422,-1.123769410379262,0.6781301412971033,-0.0595799961990573,0.3086610912721834,0
-0.5425448024586983,0.0701833029950731,0.3045079949620258,0.9948855729738748,-0.0587478367296984,1
1.4073767146869176,-0.4380535995434142,-0.621674045020749,-0.2822085292105512,1.075620479001167,1
1.4382121508521415,-0.2351255264857755,-0.8681293239856197,1.554176225646374,0.4152417559076958,1
1.7051549541004067,2.122729282180144,2.2251693558674845,-2.673619974601091,0.8078874738641765,2
0.3014558789173252,-1.4492062674442077,-1.432990202742544,-0.9045678133682667,0.9891909063698682,1
0.9653468120411808,2.243596236816474,-1.3860943889045652,-0.0704696446434415,-1.3956093974611568,2
0.4116839584376092,0.2090064210924822,-0.6322910518810767,-0.5884562306155102,-0.2955150914357262,1
-0.4736383269580293,0.801359772648736,-1.2626311724575856,1.4663532448206713,0.241254792324638,1
1.2825523420720188,-1.114625922955371,0.0958354709438815,0.6918330054617033,-0.7955277023234903,1
-0.1449810371739097,-0.9836897934883324,-1.009062996444282,0.3699226532939449,0.770106619750439,1
-0.8874545566537717,0.7799365011305036,-0.489816656539299,0.5425944416833378,-0.1499794912716178,0
0.2161331917623084,-0.334658556515958,-0.1970780467374418,-0.7706580981667165,0.654872548701156,1
1.5623266641502132,1.6669255809083183,-1.3546760087087386,1.0298895529840018,1.5620428955526076,1
-0.3450090082757437,-0.3263663954149561,-1.3151828130047671,-1.139353562182476,-0.0791415980548827,2
2.12930242230938,1.2783232405728364,-1.4903931447832584,-0.9218669841296198,1.64136942135435,2
-2.1247815502342955,-0.7686134517571424,-1.7867584062629032,-2.7445720118477075,1.5524569703774378,2
-0.0791493660213314,0.4393761737849617,0.105641804519828,-0.6311277855269878,0.2337758101981395,0
0.1445887212454384,-0.7909760527847594,-0.6634229778702881,0.0148009669949123,1.0010470334911317,0
0.7666651966854382,-1.221267414733409,-0.5778607671353597,0.6240698052614251,-0.2972256166134266,1
-0.6473499124205541,0.8860245524022956,0.7965016624937034,-0.2978702159703386,1.4081554381771344,1
2.065619903676468,1.351850424296334,0.6091480386204362,0.3397482755035895,-0.0955699656089875,2
-0.1492134102909189,-0.6434082079674369,-0.2077340885662595,-1.0447349505754164,0.5468414378785422,0
-0.2765052357527879,-1.4120226787505634,-0.995853562367106,0.1305909353915127,-1.9372388558937488,2
-0.8991479854385749,1.0153950855376734,-1.061050341990614,1.244490133121221,1.003799773817374,1
1.1294894784326424,0.0867544997785645,0.612521087683324,0.0229545986856876,-0.2230546388947145,1
-0.0233636216071003,-0.628060720564287,0.0912351774800469,-0.3738219440010871,-1.1231038720575504,1
-0.3432150449968589,-0.2315732035042429,-0.5570713450440843,-0.4034136737393927,-0.7205950644413581,0
-0.0563311426751622,-1.082122420350348,-1.205123088001611,1.169275012784285,-0.851558141761984,1
1.3295641411004813,1.186120190360961,0.2912473904367714,-0.1966771759139633,1.1323763272336074,0
0.5814748699851952,0.2802627091822467,0.2942142982201971,-0.8944750828944612,1.0291364199109008,0
0.2757597276492833,0.9702138893833104,0.5800032918725188,-0.68278238979263,0.3965672411037022,0
-1.3682620400895202,0.6963095638135295,0.5879536894869954,0.2568822776343414,-0.4631519104713374,1
1.0478029301398537,1.5689638800496644,1.6613341669813275,1.532852234075722,-0.158226439501348,1
-1.3027770307860236,-0.4986099489195073,-0.7069307191421675,0.9102972893164112,-0.9766774801930584,0
0.5163994775817584,-0.4485009980552077,-0.8747687066598728,-0.3867879525855154,-0.0219697937911662,0
0.4204326940020257,-0.5817557678082177,1.1548624439120003,1.46072571039652,0.9632654792206148,1
-0.3362636895183003,1.595992711932344,0.99775711488085,0.0290468623691168,1.1183724453379889,1
-1.5766170559310884,-1.1764050303890363,0.1033243685107975,-0.0201356769650314,-1.022182398929481,1
-1.6663396067628629,0.6664557870553218,-0.1007627779399216,-0.7607089781305291,0.5589597630207085,1
-1.3096667535076432,-0.914416419651296,-0.5734273589452635,0.2836296363279218,0.8739300762082084,0
0.9227769592238014,-0.5781081772417725,0.1613369162450604,-0.7951848422918844,-0.2654540928982491,0
-2.154278370177978,-1.4413733540307891,1.0827234647127335,1.7233739061762676,-1.718065935192111,2
-1.2747297970892209,-0.3275413345790538,0.739473582643971,-0.2839874266843855,-0.2765277960626802,0
1.613129984949834,-1.4279419661891124,-1.5660787001369356,-1.6823994813733183,1.0203299104783483,2
-0.8621180414034147,1.283034421867132,0.2070921676329235,2.6403142290548964,1.1529818940702805,2
-0.2683842739394861,0.5155329401657746,0.13456344726736,-0.2036052487387289,0.9714918712133088,0
-1.7276827393477745,0.4356271262801293,1.5598954305441053,-1.1795011748737765,0.1604290644101176,1
0.0951851211503071,-1.16478597367779,-0.5330236069680678,0.8897976888767056,-0.1597444736625928,1
1.7859948154368523,-0.0514998901628917,0.2224750113237976,1.1797929980845372,-0.1729744835419461,1
-0.3655056370778849,0.7010734255235994,0.9614853590409316,0.0652238748502162,0.3777310051633809,0
0.4879855474081845,-0.268538993780946,0.3327707716839156,0.3816280516797419,0.523616356052874,1
-0.0390617549800853,1.0514406872231457,-0.4812030619875116,0.5598708754035818,0.2606826107738471,0
-1.3914364349100448,0.6274842074673185,-0.9860719686464292,0.9097858773037932,0.9603023240288064,1
-0.7352354651019787,0.1693402800435886,-0.2564668907070581,0.1812306027010834,-0.795711498715606,0
-0.1304773120885328,-1.2575752091185828,0.1027272970971074,-0.8807771564896983,1.3998460669804362,1
-0.0732728163678108,-0.7841508900262479,-0.6837373304673381,-0.3648346769085893,0.3332621150312114,1
1.0874060022822527,1.0364833988468658,0.2222925169400921,0.1736158020822979,1.124220619149772,0
-0.2025088969773094,0.0317849527847301,0.2144641891476318,0.8691368297897625,-0.8774812655250448,0
0.8421315996120282,0.3443808692639632,-0.2050479450894194,-2.442449303403859,-1.2942700721330025,2
-0.9837511163090106,0.5165495330377359,-0.3233558703563041,0.3352812868545073,-0.2255051828182241,0
-1.1726283061973797,-0.078536081389528,0.3398317626313767,0.7745147121607571,-0.0565875265719611,0
-0.5270095769519881,0.2101673994563087,0.807487490672811,-0.8581381797719161,-0.8902125110231303,1
-1.419051946533973,-0.9788491513647348,-0.7449617238709937,-0.1220884270949938,0.4497374165286709,0
-1.3432942864625603,0.8650211839511897,1.6368703822717123,0.4344238039163847,-1.021704113226768,2
-1.0449459669362835,1.6740898299407303,-1.472505962839319,0.6221137745874031,0.2533645613512632,1
0.5858390668520549,1.2264831735668964,-1.0509644116532455,0.7476684726045221,-0.7741181905622889,1
1.228814198731854,0.4896032789867187,0.5725779937499165,-0.496787461828116,0.0717672300586577,1
-0.7610877900454001,-0.8284456831186838,-0.4664912885281636,0.5012039881190453,0.409379932259911,1
-0.0334344056401483,0.3174803029481411,-0.9040963847260636,0.8009367727375473,-0.2456517780539455,1
-0.4940864016201239,0.7214107005236224,1.4087060360758896,0.5916260861339037,1.0641273260359752,1
1.4113610976398832,0.7597581624043586,1.048437950315965,1.1837038659460737,0.7684720636765598,1
1.049179427201373,0.0890178802514264,0.9353559658094176,0.1207389295897217,1.0522875895133346,0
-1.1476078780477377,-0.9432470369607324,1.168818355631709,-0.0445390970477787,-0.7160158268773503,1
-1.844628443205788,0.3606146549010821,-0.2315441208661624,-0.2649508766997741,0.5403220002097282,1
-0.6809608628301237,0.9162332826886764,0.7736267560687584,-0.9496994286913212,0.8732304321126567,0
-1.0764102407323446,0.6971069611829505,0.3257744759887095,-0.499972600569764,0.2086743277887565,1
-0.8926564012182219,0.5759748178526204,0.2256740516731499,-0.0964144476192929,-0.9531243342961342,0
1.6632041986057384,-1.6526015598402657,0.735198811235409,1.3388607704054305,1.0402218955854965,1
0.4179250208748475,0.66153865186146,0.7214094662224974,1.0324132242905086,-0.2068865259556491,1
0.6288539032179922,0.2381898509189853,-0.6915219595217212,-0.4182241018525384,0.4463287211850194,0
0.5780253892752487,-2.276007645988084,-1.0128505352084385,-1.4934005385044138,-0.4159995296467554,2
-0.4303668544380289,-1.0533511514716365,0.3680742169997871,0.7299424022842478,0.6516634223310556,0
0.8140224116208133,-0.944509284633172,-1.4934375620970948,0.9732499981622716,-0.61288175089307,1
1.2041047007070496,0.2566209341741463,-0.3982593530501562,-0.9017563691155764,0.1126455033098358,1
-0.8878602694825022,0.7977709992695146,0.2751445361678639,-0.1663147203594223,-1.0925541490069068,0
0.9696883967673608,0.7772709120855081,-1.1094804746854074,1.5788900104370711,-0.8435935558450438,1
-1.4290262525421351,0.9685683159023926,-1.993231298610554,2.0899255962519754,-1.5946588033713354,2
0.5791209744528001,-1.4775707737915238,0.6548524390518297,1.363804557713422,1.0252924925741913,1
-0.9685492405351916,1.0408460256636811,0.954839361201112,-1.0123026045593206,0.2480116882765116,2
-0.8683480564202201,1.1938693777542388,-0.8542322547301752,-1.1253773044843145,0.7632596320555531,0
0.7047403505107933,-1.738341207213754,-0.4207413569852366,-0.925769770656972,-0.2700790767817221,1
1.354996022593435,0.1687117546065889,-1.7321860590833265,0.8510337480301907,1.4414679307313163,2
-0.837068506265833,0.0327587783466722,-0.8477298367547882,0.71715551043808,0.4017857408627385,1
1.0009945561034002,0.7915795318090044,-1.5798615193681091,2.6973303656637038,-2.444291801452612,2
0.1476147756458292,-1.662385502284739,1.8374459789266555,-1.3426236128199995,-0.2374278827248066,2
-0.7484891882964477,1.0902304605290616,-0.304652865096538,0.662742595745858,0.495147216825078,1
0.3412148603764927,-0.7405884666133463,-0.1307156676838881,-0.5636571975944553,-1.1109335766981911,2
-0.0213113922791452,-0.9062771621841254,0.2975333262666947,-0.6470754844965512,0.7976883123258688,0
0.8147404824899854,-0.7445948632315076,0.757069737869497,0.5094614401835905,-0.1198005929029144,0
-0.3542840659705629,1.2286387768162048,-0.9498236426046044,-0.7107995515972448,-1.2088048074748714,1
1.3545391010427894,-0.1616849074366723,-1.0810017270250754,0.1460136883748067,-0.9207040121587984,0
-0.5724520166068007,0.4727857293067023,-0.5532939746143475,-0.3874121065500477,0.2846475013561991,0
0.5779682797601627,0.7398788093201638,0.6079652332944989,0.1069474975708475,-1.090391288957505,1
0.8544843085968435,1.008373599573182,-0.4634174686421369,0.0750062407729868,-0.9102474652342456,0
-0.3295785456064715,0.7433649304800872,1.8194790950078708,-2.437734458945867,-2.117402480043127,2
-0.9616757343295992,0.9212190099673848,0.3456491358580547,0.1364712123206152,0.7137408366659084,0
-0.080033482775323,0.8926484407288698,-0.0898072928981135,0.616950233003331,-1.1158775695203642,1
-0.8105686068535444,0.171407095836715,0.5678484124053021,0.4695166629427879,-0.3683797561130889,0
1.3221929354304185,0.1672931267931111,0.829470080557646,0.1609806152653883,-1.0222600457381468,1
0.0731217110267051,-1.6795688018559536,-0.7786541076775039,-0.1424343423980185,-0.7119551429031603,1
-0.2572373375754258,-0.4244816150589067,0.186149738344649,-0.4813705285133025,-0.5325092440263635,1
0.2046168239498554,-0.8235307922099889,0.9160600105892702,-0.3343967565668276,1.1044378037153422,0
-0.9319403578916672,-1.6906913108268358,1.909761982214272,-1.4723512772780034,-0.4892993757641591,2
0.3874079682996989,0.4926464936840862,1.2313654732816144,0.8855311758031854,-0.2848677912638354,1
0.0723575741565605,-1.3959304382234126,1.3421672173093813,-0.0014521264695571,0.2521228032767763,1
0.8604634017378289,-0.2041073404422516,2.587844048408336,1.552947606256552,2.5380322662529986,2
1.096938234477352,-0.8877383424216895,-0.1839547691452361,-0.00511787831592,0.2857227374380198,0
1.3032041310682845,1.1608945699031732,0.3694948451515671,0.7400612339283051,-1.177304092903116,1
-0.945338108539406,1.2144221958600576,1.1617092291182485,0.7359613287543615,-0.2724890394304507,0
-1.284875949187709,0.0182558396440592,-0.6139505469362522,0.1776928960721927,-0.7439974477315858,0
2.2082156325379763,1.3703759618777591,0.8489950841787417,-2.220770042258397,0.7424605419075534,2
2.09318423514335,1.686323540083078,1.6911363267341335,1.9261049987507288,-1.1950185051650632,2
1.3730453595162793,1.5518821356604182,1.908679385167961,0.5645972261325141,-2.221378295091604,2
0.6552817563082567,-1.1515901213233066,1.251876226708715,-0.8171584484828064,1.323676578210429,1
0.2225736758843616,0.3446316292972739,-0.9570819449046049,-2.3619689563260997,0.762541431066619,2
1.234605519272475,-1.5399388944695602,-2.2315754879030627,1.6558410731288726,0.9258369069855172,2
1.7307208865888042,1.2686822178750876,1.6291086103779968,0.3876976843269777,1.3072827314597344,1
1.235791860372401,0.1505965853685069,0.006806420098417,-0.8639572560920596,1.127398317037267,0
-0.6280687631410765,-0.5488846137043102,-0.7326914319816575,0.4966930219339258,-0.0378898688285158,0
0.1554820582330046,0.4884711769845205,0.5753052221642792,-1.029435758886272,0.2592135083217906,0
1.3099992940221945,0.7972564723568073,-1.2297515227961957,-1.150189529320554,0.8298235310532901,1
1.007647987728297,-0.9516638223711746,0.3118418400583069,-0.8220173306721097,0.284965127763952,0
-0.75242249283307,-0.8891565854012251,0.9398243315895032,-0.946046623372548,-0.2178214905271973,0
-0.749586721628631,0.4117910636843467,-1.127930901610542,0.4583514675441125,0.6242881028333236,0
-1.313373403219963,0.0863125940541287,-0.6118806375967243,0.5671624474177953,0.6678129029915704,0
-1.190237555940854,-0.7330250668358901,-0.4937918789114053,0.0694811272738477,1.4682751573562258,1
0.3452810818360876,0.5026700483744073,1.6085603411850145,0.1910308898741159,-0.7282728780371894,1
-0.4445623336243295,-0.1968092587305514,-0.0808397765104495,0.4772203247132516,1.1868219318136055,2
1.1781745022001229,0.2025651030520737,-0.5390126852685818,-0.2704288707659287,-0.8561390546941847,0
0.4061144889481418,0.5050664762731228,1.908630796915936,0.5982577800004847,-1.1931980371502495,2
-0.3637359878436195,0.239024666090361,0.5677587812666954,0.4807656651006806,0.460672213353743,0
-0.4803126501246074,-0.4224750537821539,1.9900349528251315,0.0221039334281437,-0.7805236180211961,2
-0.372830606263189,-0.0983873437159837,-1.4829346532899117,0.0255837001282695,-0.0886425881040933,1
0.4178001518736754,0.1116320560707847,-0.002880305523222,0.9777959084580552,0.2402074406254224,1
0.4102804846962843,1.0570803040634864,0.8716757759988857,-0.4267969494893303,0.2064132843339666,0
1.5498639582263596,1.150923713319716,1.9909057282899696,1.905833724012863,-0.8409583771897151,2
0.5788332971861063,-1.0883266464467072,0.5883370985305967,1.1445689586112973,-0.2902033485572627,2
-0.9338143658887263,0.092459579468142,-0.3425117286676407,0.1618983215576727,0.6539107699905892,1
-0.5514435023695835,1.1750865709890277,0.6977776506776406,-0.0999853811344424,0.612411169225964,1
1.4886571551388348,0.4046413436573826,-1.488265979602291,1.2297843077495765,-0.1826134931002135,1
-1.155553733017115,-0.7220446069963546,-0.4801410124501102,-1.029308748781766,-0.0230362942303096,0
0.3343010766065678,-0.7745992458580553,0.2015170643605488,-0.1937440275397118,-0.1764306333272813,0
0.6938912095869433,-0.5434971613409368,0.2572555484881678,0.0024182318454517,-0.1708779467628563,0
-1.0135630624195453,1.121064995004151,0.835279039680329,0.0384601826122489,0.9453274120708516,0
0.7579874840444305,1.2045054089959075,-0.9944226558288854,0.1973327879756377,1.0778684617622836,0
0.5824571342801751,-0.6757027392081236,-0.0027765199087642,-0.3639781836411087,-0.4673008661566576,0
-0.292432421397258,1.7656668663277886,-1.6913341493106635,0.4819375989052306,0.9991207048497368,2
0.3793305890432868,-0.7951317456325585,-0.6535804625310405,0.6130924757656107,0.5593638923881785,0
0.9945826245957092,0.6139318973013392,-0.0771886785698487,0.739460651324103,0.2206770770029223,1
1.6936509675831668,-0.9996193773729743,-1.445492814747323,-1.062089085229463,0.8202108864009771,1
1.6566369099178222,1.20240024506802,0.0254931018099561,1.6129158033035356,0.869859790972694,2
1.2459232042565038,0.4531856396292,0.6697138147451065,0.2166533479739134,-0.6883167646343599,0
-0.6781109731956714,-0.692237364329394,-0.3995207425167582,0.2683496810393262,-0.2766552657314148,0
0.6755551042682711,0.1939428709609929,0.2315007525984966,0.7423486947980132,0.6465826768871383,0
-0.1387380003503943,-0.2610929174019052,-1.3953118584740871,0.6076432589879042,0.4837986000243096,1
1.2014017580503895,-0.0846595088632105,0.1787959646542253,0.0711830674585776,0.0640181916664171,0
-1.0652982265269932,1.3355878829664585,-1.341031351913382,-0.1702972044532545,0.2623172598061657,1
-0.0921942726302957,-0.5410227208902622,1.1469899113518005,-0.7818054609496243,-0.7817923314255077,0
-0.4824153935689638,-0.3506962909303949,0.8317472157784079,-0.220052817518839,0.8934178788528532,0
-0.08386203045536,-1.1121049839128554,0.9825945761776438,0.6992518864727464,-0.1324516356596062,2
0.4167960494730978,-0.6454164921137984,1.0144632367505722,-0.1826028220325652,-0.1823288177935859,0
-0.1721806074869397,-1.5011341881469655,-1.6178641857700853,1.6650299784863931,-0.5551073646014827,2
0.3010214651135908,0.6279678939431095,1.0030852262589989,-0.8207092805403874,-0.5579991765677899,0
-1.1879827605086897,0.3045930875399245,0.3190992251507126,-0.2783585878384894,1.0599548250218849,0
0.3290197915125868,0.4860347572664664,0.3114143851630397,-0.471732965917118,0.9881676302787686,2
0.2249141727192377,-0.9612464274850084,0.0253252319617094,-0.333603042378184,0.0125458734755003,1
1.7183368010396864,1.171030971580584,-0.314596629128023,0.6422766257041695,-1.1494020764598114,1
-0.852778514525496,0.537944059566981,-0.4101202249957818,-0.3940679765354857,0.9893950256019318,0
